date,pool_name,trailing_xirr
2026-09-10,syrupUSDG,0.04979477560360334
2026-09-10,High Yield Secured Lending Maple Pool USDC1,0.05303566928595878
2026-09-10,Syrup USDC,0.04928460505645172
2026-09-10,Syrup USDT,0.04527772762064762
2026-09-09,Syrup USDT,0.045174436559575586
2026-09-09,syrupUSDG,0.049943281871553225
2026-09-09,High Yield Secured Lending Maple Pool USDC1,0.05282659436128151
2026-09-09,Syrup USDC,0.04924853330325697
2026-09-08,syrupUSDG,0.04999433210240477
2026-09-08,High Yield Secured Lending Maple Pool USDC1,0.052716750416059256
2026-09-08,Syrup USDT,0.0450286658745492
2026-09-08,Syrup USDC,0.049202716140659034
2026-09-07,syrupUSDG,0.0497871001389388
2026-09-07,Syrup USDT,0.044966755237995634
2026-09-07,High Yield Secured Lending Maple Pool USDC1,0.052713046439964495
2026-09-07,Syrup USDC,0.0491859288995415
2026-09-06,Syrup USDC,0.04916122114453446
2026-09-06,Syrup USDT,0.04457569529454104
2026-09-06,High Yield Secured Lending Maple Pool USDC1,0.05250722853338429
2026-09-06,syrupUSDG,0.04989691294417224
2026-09-05,syrupUSDG,0.050046912081148705
2026-09-05,High Yield Secured Lending Maple Pool USDC1,0.052407680939018195
2026-09-05,Syrup USDC,0.049051071837580965
2026-09-05,Syrup USDT,0.04444913863680706
2026-09-04,Syrup USDC,0.04901352629678021
2026-09-04,syrupUSDG,0.04978505359301673
2026-09-04,Syrup USDT,0.04437952187695231
2026-09-04,High Yield Secured Lending Maple Pool USDC1,0.052407291875809406
2026-09-03,Syrup USDC,0.0489455010429545
2026-09-03,syrupUSDG,0.04986674309018793
2026-09-03,Syrup USDT,0.043909859547530634
2026-09-03,High Yield Secured Lending Maple Pool USDC1,0.05221749728304748
2026-09-02,Syrup USDT,0.04386631947815396
2026-09-02,Syrup USDC,0.04887831071112475
2026-09-02,syrupUSDG,0.05004904332681088
2026-09-02,High Yield Secured Lending Maple Pool USDC1,0.05207103432507201
2026-09-01,High Yield Secured Lending Maple Pool USDC1,0.05203930572627403
2026-09-01,Syrup USDC,0.048842278518934086
2026-09-01,syrupUSDG,0.04976649630569063
2026-09-01,Syrup USDT,0.04379609572945817
2026-08-31,Syrup USDC,0.0488075265430473
2026-08-31,Syrup USDT,0.04333289967668001
2026-08-31,syrupUSDG,0.050035332350119366
2026-08-31,High Yield Secured Lending Maple Pool USDC1,0.05192872960064828
2026-08-30,Syrup USDC,0.04876517165696677
2026-08-30,High Yield Secured Lending Maple Pool USDC1,0.05171477046177699
2026-08-30,syrupUSDG,0.050074546936510665
2026-08-30,Syrup USDT,0.04322713535531708
2026-08-29,High Yield Secured Lending Maple Pool USDC1,0.051685056221687065
2026-08-29,Syrup USDC,0.04878547019813801
2026-08-29,syrupUSDG,0.049761483901650215
2026-08-29,Syrup USDT,0.043160974353314716
2026-08-28,Syrup USDC,0.048744992572561666
2026-08-28,High Yield Secured Lending Maple Pool USDC1,0.051610168798113025
2026-08-28,syrupUSDG,0.05003478579516528
2026-08-28,Syrup USDT,0.04271616750634923
2026-08-27,High Yield Secured Lending Maple Pool USDC1,0.05137719191838099
2026-08-27,syrupUSDG,0.0500508979663009
2026-08-27,Syrup USDC,0.048780382515770535
2026-08-27,Syrup USDT,0.04261371630763869
2026-08-26,High Yield Secured Lending Maple Pool USDC1,0.05136141229906313
2026-08-26,syrupUSDG,0.049891560011509795
2026-08-26,Syrup USDC,0.0488387609981079
2026-08-26,Syrup USDT,0.04254071365141262
2026-08-25,Syrup USDT,0.042105015629534524
2026-08-25,Syrup USDC,0.048797913213219433
2026-08-25,syrupUSDG,0.050024887444504514
2026-08-25,High Yield Secured Lending Maple Pool USDC1,0.05128755693869603
2026-08-24,Syrup USDT,0.04211302237140337
2026-08-24,Syrup USDC,0.0489051663544073
2026-08-24,High Yield Secured Lending Maple Pool USDC1,0.051005342831143434
2026-08-24,syrupUSDG,0.050048284602411196
2026-08-23,High Yield Secured Lending Maple Pool USDC1,0.05098863360467321
2026-08-23,Syrup USDT,0.042087918728333264
2026-08-23,Syrup USDC,0.049018080549066326
2026-08-23,syrupUSDG,0.04984175262560437
2026-08-22,syrupUSDG,0.05004133531873921
2026-08-22,Syrup USDC,0.049068877904380186
2026-08-22,Syrup USDT,0.04199648927776891
2026-08-22,High Yield Secured Lending Maple Pool USDC1,0.050944692185591105
2026-08-21,High Yield Secured Lending Maple Pool USDC1,0.05074549953090771
2026-08-21,Syrup USDT,0.042159457475225766
2026-08-21,Syrup USDC,0.0490740139337829
2026-08-21,syrupUSDG,0.05008617704529573
2026-08-20,Syrup USDT,0.04202993273443545
2026-08-20,syrupUSDG,0.049847236934986675
2026-08-20,High Yield Secured Lending Maple Pool USDC1,0.05061514993427152
2026-08-20,Syrup USDC,0.04907643898856414
2026-08-19,Syrup USDC,0.049081566836846675
2026-08-19,syrupUSDG,0.05005347959450023
2026-08-19,High Yield Secured Lending Maple Pool USDC1,0.05060612341159761
2026-08-19,Syrup USDT,0.0419289378793669
2026-08-18,Syrup USDT,0.04213012089727151
2026-08-18,High Yield Secured Lending Maple Pool USDC1,0.05040433977354597
2026-08-18,syrupUSDG,0.05008795321931524
2026-08-18,Syrup USDC,0.049094640684092125
2026-08-17,Syrup USDT,0.04195991177819012
2026-08-17,Syrup USDC,0.04907478947244679
2026-08-17,syrupUSDG,0.04984578395185789
2026-08-17,High Yield Secured Lending Maple Pool USDC1,0.050600456268579105
2026-08-16,syrupUSDG,0.05008093164540918
2026-08-16,High Yield Secured Lending Maple Pool USDC1,0.05060919627854809
2026-08-16,Syrup USDC,0.04909455690841025
2026-08-16,Syrup USDT,0.042049938147484256
2026-08-15,Syrup USDC,0.049076403493695006
2026-08-15,Syrup USDT,0.04220449886884694
2026-08-15,syrupUSDG,0.050093162639960026
2026-08-15,High Yield Secured Lending Maple Pool USDC1,0.050481852324695396
2026-08-14,High Yield Secured Lending Maple Pool USDC1,0.05065743195674932
2026-08-14,syrupUSDG,0.0498406181920775
2026-08-14,Syrup USDT,0.04216263977870247
2026-08-14,Syrup USDC,0.04907543594749048
2026-08-13,syrupUSDG,0.05007864293267192
2026-08-13,High Yield Secured Lending Maple Pool USDC1,0.05064609723219897
2026-08-13,Syrup USDC,0.0490907400326659
2026-08-13,Syrup USDT,0.0421778147575589
2026-08-12,Syrup USDC,0.0490913356544726
2026-08-12,syrupUSDG,0.05013104400569604
2026-08-12,Syrup USDT,0.042230838745107455
2026-08-12,High Yield Secured Lending Maple Pool USDC1,0.05041997211411778
2026-08-11,Syrup USDT,0.0421231679856323
2026-08-11,High Yield Secured Lending Maple Pool USDC1,0.05074612180683626
2026-08-11,Syrup USDC,0.04908395629485374
2026-08-11,syrupUSDG,0.050022460270337445
2026-08-10,Syrup USDT,0.04213341184398865
2026-08-10,Syrup USDC,0.04911984805962473
2026-08-10,syrupUSDG,0.05004247027065745
2026-08-10,High Yield Secured Lending Maple Pool USDC1,0.050739871133597715
2026-08-09,High Yield Secured Lending Maple Pool USDC1,0.05051476822765082
2026-08-09,Syrup USDT,0.04219549089743585
2026-08-09,Syrup USDC,0.049111466789050456
2026-08-09,syrupUSDG,0.050096436151665036
2026-08-08,Syrup USDT,0.042109750700356635
2026-08-08,Syrup USDC,0.04908512516534371
2026-08-08,High Yield Secured Lending Maple Pool USDC1,0.05126970773264055
2026-08-08,syrupUSDG,0.05004342316429886
2026-08-07,High Yield Secured Lending Maple Pool USDC1,0.05105594890292575
2026-08-07,Syrup USDT,0.04207278752314354
2026-08-07,syrupUSDG,0.05005457780402427
2026-08-07,Syrup USDC,0.049127106177685675
2026-08-06,Syrup USDC,0.0491817046417465
2026-08-06,High Yield Secured Lending Maple Pool USDC1,0.05074982684100872
2026-08-06,syrupUSDG,0.050155177426455165
2026-08-06,Syrup USDT,0.04210035401736477
2026-08-05,High Yield Secured Lending Maple Pool USDC1,0.050620419048643735
2026-08-05,syrupUSDG,0.050087217965413336
2026-08-05,Syrup USDT,0.042210949050457955
2026-08-05,Syrup USDC,0.049160568004046404
2026-08-04,Syrup USDT,0.04223786493408212
2026-08-04,Syrup USDC,0.04922835277843475
2026-08-04,syrupUSDG,0.05010851137021694
2026-08-04,High Yield Secured Lending Maple Pool USDC1,0.050646587737423164
2026-08-03,syrupUSDG,0.049931849806264986
2026-08-03,Syrup USDT,0.042059470863199125
2026-08-03,Syrup USDC,0.049288217103684855
2026-08-03,High Yield Secured Lending Maple Pool USDC1,0.05053742777296334
2026-08-02,Syrup USDC,0.04924459554651581
2026-08-02,syrupUSDG,0.04991139587882903
2026-08-02,Syrup USDT,0.041855508532745854
2026-08-02,High Yield Secured Lending Maple Pool USDC1,0.050590185195626476
2026-08-01,Syrup USDC,0.04925922104024627
2026-08-01,High Yield Secured Lending Maple Pool USDC1,0.050532697253459005
2026-08-01,Syrup USDT,0.042268379359839646
2026-08-01,syrupUSDG,0.049714534518360734
2026-07-31,Syrup USDC,0.04932506132947606
2026-07-31,High Yield Secured Lending Maple Pool USDC1,0.050488165110440145
2026-07-31,Syrup USDT,0.04205415614743134
2026-07-31,syrupUSDG,0.04971480257760444
2026-07-30,Syrup USDT,0.04174947577338275
2026-07-30,High Yield Secured Lending Maple Pool USDC1,0.05068887184267666
2026-07-30,syrupUSDG,0.049837791612997125
2026-07-30,Syrup USDC,0.049342005474071006
2026-07-29,High Yield Secured Lending Maple Pool USDC1,0.050929086056037416
2026-07-29,syrupUSDG,0.049712082874022456
2026-07-29,Syrup USDC,0.04935863621330842
2026-07-29,Syrup USDT,0.042105571781042885
2026-07-28,High Yield Secured Lending Maple Pool USDC1,0.050824724938950676
2026-07-28,Syrup USDT,0.04188436918161172
2026-07-28,syrupUSDG,0.049646365978212204
2026-07-28,Syrup USDC,0.049374249879494694
2026-07-27,High Yield Secured Lending Maple Pool USDC1,0.0508496599755517
2026-07-27,Syrup USDT,0.04175499610727609
2026-07-27,syrupUSDG,0.04965605164815662
2026-07-27,Syrup USDC,0.049455486847462295
2026-07-26,High Yield Secured Lending Maple Pool USDC1,0.05136180520112699
2026-07-26,Syrup USDT,0.04177377691291439
2026-07-26,Syrup USDC,0.049569704423033316
2026-07-26,syrupUSDG,0.04954878927167464
2026-07-25,Syrup USDT,0.04154144892242892
2026-07-25,Syrup USDC,0.04941065029842148
2026-07-25,High Yield Secured Lending Maple Pool USDC1,0.05087383846580553
2026-07-25,syrupUSDG,0.04955884215761603
2026-07-24,syrupUSDG,0.048214938478663934
2026-07-24,Syrup USDC,0.04951579352155906
2026-07-24,High Yield Secured Lending Maple Pool USDC1,0.05100288082566512
2026-07-24,Syrup USDT,0.04138406893225466
2026-07-23,Syrup USDC,0.04945549687569548
2026-07-23,High Yield Secured Lending Maple Pool USDC1,0.05132589591224486
2026-07-23,syrupUSDG,0.04640341198848293
2026-07-23,Syrup USDT,0.04150535164945293
2026-07-22,syrupUSDG,0.044671943496689084
2026-07-22,High Yield Secured Lending Maple Pool USDC1,0.0511314725859406
2026-07-22,Syrup USDT,0.04124675287144387
2026-07-22,Syrup USDC,0.0494046652282478
2026-07-21,High Yield Secured Lending Maple Pool USDC1,0.051189076505042716
2026-07-21,Syrup USDC,0.04965077188788801
2026-07-21,Syrup USDT,0.04111792720693266
2026-07-21,syrupUSDG,0.04310057198584963
2026-07-20,Syrup USDT,0.041208021023163656
2026-07-20,syrupUSDG,0.041296565778000185
2026-07-20,High Yield Secured Lending Maple Pool USDC1,0.05147870983728062
2026-07-20,Syrup USDC,0.04961430898464397
2026-07-19,High Yield Secured Lending Maple Pool USDC1,0.05137905539408372
2026-07-19,syrupUSDG,0.03957025565958152
2026-07-19,Syrup USDT,0.04092680339581904
2026-07-19,Syrup USDC,0.049592930310666146
2026-07-18,Syrup USDC,0.049879745907129514
2026-07-18,syrupUSDG,0.03801497168612509
2026-07-18,High Yield Secured Lending Maple Pool USDC1,0.05129550319619265
2026-07-18,Syrup USDT,0.040772458228723024
2026-07-17,syrupUSDG,0.03621546224670438
2026-07-17,Syrup USDT,0.04065149049259829
2026-07-17,High Yield Secured Lending Maple Pool USDC1,0.05155743110391699
2026-07-17,Syrup USDC,0.04983751528303822
2026-07-16,Syrup USDC,0.049863384600426164
2026-07-16,High Yield Secured Lending Maple Pool USDC1,0.05145969659170254
2026-07-16,Syrup USDT,0.040624220806562306
2026-07-16,syrupUSDG,0.03448255827741521
2026-07-15,Syrup USDC,0.05010081127790099
2026-07-15,Syrup USDT,0.040504738062294765
2026-07-15,High Yield Secured Lending Maple Pool USDC1,0.05143400350696949
2026-07-15,syrupUSDG,0.032945753594095684
2026-07-14,Syrup USDT,0.040488153914966324
2026-07-14,Syrup USDC,0.05007093014133276
2026-07-14,High Yield Secured Lending Maple Pool USDC1,0.051270011582519356
2026-07-14,syrupUSDG,0.031167796713500142
2026-07-13,High Yield Secured Lending Maple Pool USDC1,0.0516483954774205
2026-07-13,syrupUSDG,0.029447918393111075
2026-07-13,Syrup USDT,0.04055894176180996
2026-07-13,Syrup USDC,0.04999944796967343
2026-07-12,syrupUSDG,0.027907164938943692
2026-07-12,Syrup USDC,0.049933110580829984
2026-07-12,Syrup USDT,0.04061670152092869
2026-07-12,High Yield Secured Lending Maple Pool USDC1,0.05149944064797259
2026-07-11,High Yield Secured Lending Maple Pool USDC1,0.05131171816026726
2026-07-11,Syrup USDC,0.04986499459681029
2026-07-11,Syrup USDT,0.04069487617021025
2026-07-11,syrupUSDG,0.026173499741003557
2026-07-10,syrupUSDG,0.02446082458519076
2026-07-10,High Yield Secured Lending Maple Pool USDC1,0.051681568089082086
2026-07-10,Syrup USDT,0.040793206627326245
2026-07-10,Syrup USDC,0.04985758528145243
2026-07-09,syrupUSDG,0.0228841448868387
2026-07-09,High Yield Secured Lending Maple Pool USDC1,0.051282397077164484
2026-07-09,Syrup USDT,0.04093320971165371
2026-07-09,Syrup USDC,0.049845462260955195
2026-07-08,syrupUSDG,0.021164347107543547
2026-07-08,Syrup USDC,0.04975379191744004
2026-07-08,Syrup USDT,0.04106076990718111
2026-07-08,High Yield Secured Lending Maple Pool USDC1,0.0511691890624067
2026-07-07,Syrup USDC,0.049806109825832945
2026-07-07,High Yield Secured Lending Maple Pool USDC1,0.05125749490048377
2026-07-07,Syrup USDT,0.04116806964714863
2026-07-07,syrupUSDG,0.01941451135209254
2026-07-06,syrupUSDG,0.017854399326483743
2026-07-06,Syrup USDC,0.04977604250460109
2026-07-06,Syrup USDT,0.041093065196350094
2026-07-06,High Yield Secured Lending Maple Pool USDC1,0.051315946217232164
2026-07-05,syrupUSDG,0.01616152101993345
2026-07-05,Syrup USDC,0.04967521441652971
2026-07-05,High Yield Secured Lending Maple Pool USDC1,0.05160275413373987
2026-07-05,Syrup USDT,0.04122013790943719
2026-07-04,Syrup USDT,0.04143300086452132
2026-07-04,syrupUSDG,0.014655156611499234
2026-07-04,Syrup USDC,0.04958125841628873
2026-07-04,High Yield Secured Lending Maple Pool USDC1,0.05152408983724721
2026-07-03,syrupUSDG,0.013083872013381254
2026-07-03,Syrup USDC,0.04955329308844141
2026-07-03,High Yield Secured Lending Maple Pool USDC1,0.05122118051347036
2026-07-03,Syrup USDT,0.04160415917275623
2026-07-02,Syrup USDT,0.04120695430140215
2026-07-02,High Yield Secured Lending Maple Pool USDC1,0.05180110322672341
2026-07-02,syrupUSDG,0.01158093625270784
2026-07-02,Syrup USDC,0.049459599875101255
2026-07-01,Syrup USDT,0.04135496907085273
2026-07-01,syrupUSDG,0.009920852790468468
2026-07-01,High Yield Secured Lending Maple Pool USDC1,0.05157892868493817
2026-07-01,Syrup USDC,0.0492949022159873
2026-06-30,Syrup USDT,0.04153943943325911
2026-06-30,syrupUSDG,0.00822086157392104
2026-06-30,High Yield Secured Lending Maple Pool USDC1,0.05128202736696801
2026-06-30,Syrup USDC,0.04912811603202196
2026-06-29,Syrup USDT,0.04120595386122708
2026-06-29,High Yield Secured Lending Maple Pool USDC1,0.051560176495558864
2026-06-29,Syrup USDC,0.04894322875871685
2026-06-29,syrupUSDG,0.006651101964100437
2026-06-28,Syrup USDT,0.041374746596458296
2026-06-28,Syrup USDC,0.04875541054354133
2026-06-28,syrupUSDG,0.005065367171938404
2026-06-28,High Yield Secured Lending Maple Pool USDC1,0.05139744435400961
2026-06-27,Syrup USDC,0.04849985866444588
2026-06-27,Syrup USDT,0.041382486386467
2026-06-27,syrupUSDG,0.0034819253058457717
2026-06-27,High Yield Secured Lending Maple Pool USDC1,0.05127490640751904
2026-06-26,Syrup USDT,0.04126690371117619
2026-06-26,syrupUSDG,0.0019007733466719183
2026-06-26,Syrup USDC,0.048186860631502106
2026-06-26,High Yield Secured Lending Maple Pool USDC1,0.05094091383014243
2026-06-25,Syrup USDC,0.04820666931478698
2026-06-25,Syrup USDT,0.04144843807935516
2026-06-25,High Yield Secured Lending Maple Pool USDC1,0.05146420148339258
2026-06-25,syrupUSDG,0.0002484113154040169
2026-06-24,syrupUSDG,6.682895454404136e-11
2026-06-24,Syrup USDT,0.041544363198914164
2026-06-24,Syrup USDC,0.0479008286452158
2026-06-24,High Yield Secured Lending Maple Pool USDC1,0.05115729271623883
2026-06-23,High Yield Secured Lending Maple Pool USDC1,0.05110105227194301
2026-06-23,Syrup USDC,0.04779628664358401
2026-06-23,Syrup USDT,0.041357902771553
2026-06-22,High Yield Secured Lending Maple Pool USDC1,0.05138136198777029
2026-06-22,Syrup USDC,0.0478210431919527
2026-06-22,Syrup USDT,0.04153044097842178
2026-06-21,Syrup USDT,0.04163016673
2026-06-21,High Yield Secured Lending Maple Pool USDC1,0.05114270398
2026-06-21,Syrup USDC,0.04752896516
2026-06-20,High Yield Secured Lending Maple Pool USDC1,0.05073497591
2026-06-20,Syrup USDT,0.04146728839
2026-06-20,Syrup USDC,0.04751556323
2026-06-19,Syrup USDT,0.04165984133
2026-06-19,Syrup USDC,0.04752335195
2026-06-19,High Yield Secured Lending Maple Pool USDC1,0.05108392776
2026-06-18,Syrup USDC,0.04722277251
2026-06-18,Syrup USDT,0.04174645982
2026-06-18,High Yield Secured Lending Maple Pool USDC1,0.0511234565
2026-06-17,Syrup USDT,0.04182982779
2026-06-17,Syrup USDC,0.04721299717
2026-06-17,High Yield Secured Lending Maple Pool USDC1,0.0507527212
2026-06-16,Syrup USDT,0.0418174235
2026-06-16,Syrup USDC,0.0471983787
2026-06-16,High Yield Secured Lending Maple Pool USDC1,0.05104329543
2026-06-15,Syrup USDT,0.04198274692
2026-06-15,High Yield Secured Lending Maple Pool USDC1,0.0510321823
2026-06-15,Syrup USDC,0.04692817837
2026-06-14,Syrup USDT,0.0420258712
2026-06-14,Syrup USDC,0.04698821237
2026-06-14,High Yield Secured Lending Maple Pool USDC1,0.05112182508
2026-06-13,Syrup USDC,0.04710157276
2026-06-13,Syrup USDT,0.04198341779
2026-06-13,High Yield Secured Lending Maple Pool USDC1,0.0510185382
2026-06-12,High Yield Secured Lending Maple Pool USDC1,0.05099195771
2026-06-12,Syrup USDC,0.04710592326
2026-06-12,Syrup USDT,0.04201710241
2026-06-11,High Yield Secured Lending Maple Pool USDC1,0.05109999084
2026-06-11,Syrup USDT,0.04209393258
2026-06-11,Syrup USDC,0.04716957747
2026-06-10,Syrup USDC,0.0471129292
2026-06-10,High Yield Secured Lending Maple Pool USDC1,0.05100583957
2026-06-10,Syrup USDT,0.0421248679
2026-06-09,High Yield Secured Lending Maple Pool USDC1,0.05080032286
2026-06-09,Syrup USDT,0.04214089783
2026-06-09,Syrup USDC,0.04713813986
2026-06-08,Syrup USDT,0.04218047647
2026-06-08,High Yield Secured Lending Maple Pool USDC1,0.0510457147
2026-06-08,Syrup USDC,0.04722917948
2026-06-07,High Yield Secured Lending Maple Pool USDC1,0.05095176492
2026-06-07,Syrup USDC,0.0471850086
2026-06-07,Syrup USDT,0.04225207547
2026-06-06,Syrup USDT,0.04225427583
2026-06-06,High Yield Secured Lending Maple Pool USDC1,0.05160413402
2026-06-06,Syrup USDC,0.04723667964
2026-06-05,Syrup USDC,0.0473418462
2026-06-05,Syrup USDT,0.04222610681
2026-06-05,High Yield Secured Lending Maple Pool USDC1,0.05121034959
2026-06-04,Syrup USDC,0.04768042772
2026-06-04,Syrup USDT,0.04222777575
2026-06-04,High Yield Secured Lending Maple Pool USDC1,0.05112208445
2026-06-03,High Yield Secured Lending Maple Pool USDC1,0.05197340349
2026-06-03,Syrup USDT,0.04226435405
2026-06-03,Syrup USDC,0.04774670926
2026-06-02,Syrup USDT,0.04242218699
2026-06-02,High Yield Secured Lending Maple Pool USDC1,0.05136678851
2026-06-02,Syrup USDC,0.04783794653
2026-06-01,High Yield Secured Lending Maple Pool USDC1,0.05135459585
2026-06-01,Syrup USDC,0.04826674515
2026-06-01,Syrup USDT,0.04265661214
2026-05-31,High Yield Secured Lending Maple Pool USDC1,0.05177494326
2026-05-31,Syrup USDT,0.04287898915
2026-05-31,Syrup USDC,0.04855631633
2026-05-30,High Yield Secured Lending Maple Pool USDC1,0.0514655182
2026-05-30,Syrup USDT,0.04299956952
2026-05-30,Syrup USDC,0.04856714582
2026-05-29,Syrup USDC,0.04846267847
2026-05-29,High Yield Secured Lending Maple Pool USDC1,0.05145160969
2026-05-29,Syrup USDT,0.0432094274
2026-05-28,Syrup USDT,0.04330896146
2026-05-28,Syrup USDC,0.04834190922
2026-05-28,High Yield Secured Lending Maple Pool USDC1,0.05186750814
2026-05-27,Syrup USDC,0.04839396417
2026-05-27,Syrup USDT,0.04339674461
2026-05-27,High Yield Secured Lending Maple Pool USDC1,0.05192726756
2026-05-26,High Yield Secured Lending Maple Pool USDC1,0.05158527632
2026-05-26,Syrup USDT,0.0436004729
2026-05-26,Syrup USDC,0.0484325276
2026-05-25,Syrup USDT,0.04377766545
2026-05-25,High Yield Secured Lending Maple Pool USDC1,0.05207810315
2026-05-25,Syrup USDC,0.04853833123
2026-05-24,Syrup USDT,0.04394945707
2026-05-24,Syrup USDC,0.04867456469
2026-05-24,High Yield Secured Lending Maple Pool USDC1,0.05204551148
2026-05-23,Syrup USDT,0.04402659117
2026-05-23,High Yield Secured Lending Maple Pool USDC1,0.05173694105
2026-05-23,Syrup USDC,0.04873417449
2026-05-22,Syrup USDT,0.04404224838
2026-05-22,High Yield Secured Lending Maple Pool USDC1,0.05215889828
2026-05-22,Syrup USDC,0.0488238782
2026-05-21,High Yield Secured Lending Maple Pool USDC1,0.05213436346
2026-05-21,Syrup USDC,0.04897243438
2026-05-21,Syrup USDT,0.04434898844
2026-05-20,High Yield Secured Lending Maple Pool USDC1,0.0517651256
2026-05-20,Syrup USDT,0.04438735532
2026-05-20,Syrup USDC,0.04867699411
2026-05-19,Syrup USDC,0.04869584021
2026-05-19,High Yield Secured Lending Maple Pool USDC1,0.05179184394
2026-05-19,Syrup USDT,0.04428252767
2026-05-18,Syrup USDC,0.0493309894
2026-05-18,Syrup USDT,0.04604791707
2026-05-18,High Yield Secured Lending Maple Pool USDC1,0.05211763873
2026-05-17,Syrup USDT,0.04591566763
2026-05-17,High Yield Secured Lending Maple Pool USDC1,0.0523602836
2026-05-17,Syrup USDC,0.04922831171
2026-05-16,Syrup USDT,0.0458571306
2026-05-16,High Yield Secured Lending Maple Pool USDC1,0.05238584132
2026-05-16,Syrup USDC,0.0491157661
2026-05-15,Syrup USDT,0.04582230592
2026-05-15,High Yield Secured Lending Maple Pool USDC1,0.05252485848
2026-05-15,Syrup USDC,0.04917807892
2026-05-14,Syrup USDT,0.04570235132
2026-05-14,High Yield Secured Lending Maple Pool USDC1,0.0524989568
2026-05-14,Syrup USDC,0.04902382311
2026-05-13,Syrup USDC,0.048917374
2026-05-13,Syrup USDT,0.04543199714
2026-05-13,High Yield Secured Lending Maple Pool USDC1,0.05279287811
2026-05-12,Syrup USDC,0.04869341829
2026-05-12,High Yield Secured Lending Maple Pool USDC1,0.05293738792
2026-05-12,Syrup USDT,0.0451184133
2026-05-11,High Yield Secured Lending Maple Pool USDC1,0.05291120922
2026-05-11,Syrup USDT,0.04485639714
2026-05-11,Syrup USDC,0.04855078543
2026-05-10,Syrup USDC,0.04834779451
2026-05-10,High Yield Secured Lending Maple Pool USDC1,0.05321239833
2026-05-10,Syrup USDT,0.04453389595
2026-05-09,High Yield Secured Lending Maple Pool USDC1,0.05332438104
2026-05-09,Syrup USDC,0.04806508877
2026-05-09,Syrup USDT,0.04425181066
2026-05-08,Syrup USDT,0.0439476555
2026-05-08,High Yield Secured Lending Maple Pool USDC1,0.05362665151
2026-05-08,Syrup USDC,0.04781212157
2026-05-07,Syrup USDC,0.04760505817
2026-05-07,High Yield Secured Lending Maple Pool USDC1,0.05320949825
2026-05-07,Syrup USDT,0.04371253579
2026-05-06,Syrup USDC,0.04733716893
2026-05-06,Syrup USDT,0.04353972405
2026-05-06,High Yield Secured Lending Maple Pool USDC1,0.05336563434
2026-05-05,High Yield Secured Lending Maple Pool USDC1,0.05374879824
2026-05-05,Syrup USDT,0.04325342822
2026-05-05,Syrup USDC,0.04682988231
2026-05-04,Syrup USDT,0.04303453248
2026-05-04,Syrup USDC,0.04662393101
2026-05-04,High Yield Secured Lending Maple Pool USDC1,0.05374799889
2026-05-03,Syrup USDT,0.04276281357
2026-05-03,Syrup USDC,0.04639307622
2026-05-03,High Yield Secured Lending Maple Pool USDC1,0.05390456297
2026-05-02,High Yield Secured Lending Maple Pool USDC1,0.05406035197
2026-05-02,Syrup USDC,0.04583934827
2026-05-02,Syrup USDT,0.04245171614
2026-05-01,Syrup USDT,0.04217106489
2026-05-01,Syrup USDC,0.04552518403
2026-05-01,High Yield Secured Lending Maple Pool USDC1,0.05448218911
2026-04-30,Syrup USDC,0.04552452225
2026-04-30,High Yield Secured Lending Maple Pool USDC1,0.05434262567
2026-04-30,Syrup USDT,0.04196377486
2026-04-29,High Yield Secured Lending Maple Pool USDC1,0.05457129424
2026-04-29,Syrup USDT,0.04166826316
2026-04-29,Syrup USDC,0.04564041393
2026-04-28,High Yield Secured Lending Maple Pool USDC1,0.05498623598
2026-04-28,Syrup USDT,0.0415716923
2026-04-28,Syrup USDC,0.0457737166
2026-04-27,Syrup USDC,0.0457321988
2026-04-27,High Yield Secured Lending Maple Pool USDC1,0.05487401529
2026-04-27,Syrup USDT,0.04139752535
2026-04-26,High Yield Secured Lending Maple Pool USDC1,0.05511350167
2026-04-26,Syrup USDT,0.04103129129
2026-04-26,Syrup USDC,0.04564523514
2026-04-25,Syrup USDT,0.04067397206
2026-04-25,High Yield Secured Lending Maple Pool USDC1,0.05507956077
2026-04-25,Syrup USDC,0.04555747968
2026-04-24,Syrup USDT,0.04038389936
2026-04-24,Syrup USDC,0.04535464994
2026-04-24,High Yield Secured Lending Maple Pool USDC1,0.05537844736
2026-04-23,High Yield Secured Lending Maple Pool USDC1,0.05564096437
2026-04-23,Syrup USDC,0.04510798534
2026-04-23,Syrup USDT,0.04022014018
2026-04-22,High Yield Secured Lending Maple Pool USDC1,0.05561743854
2026-04-22,Syrup USDC,0.04486727876
2026-04-22,Syrup USDT,0.0400747736
2026-04-21,Syrup USDC,0.04452718219
2026-04-21,Syrup USDT,0.03968762329
2026-04-21,High Yield Secured Lending Maple Pool USDC1,0.05580738068
2026-04-20,Syrup USDC,0.044586291
2026-04-20,Syrup USDT,0.03952389537
2026-04-20,High Yield Secured Lending Maple Pool USDC1,0.05590817967
2026-04-19,Syrup USDC,0.04439304103
2026-04-19,Syrup USDT,0.03949807252
2026-04-19,High Yield Secured Lending Maple Pool USDC1,0.05580209046
2026-04-18,Syrup USDC,0.043639992
2026-04-18,Syrup USDT,0.03761606678
2026-04-18,High Yield Secured Lending Maple Pool USDC1,0.05577146396
2026-04-17,Syrup USDT,0.03759192996
2026-04-17,High Yield Secured Lending Maple Pool USDC1,0.05523135697
2026-04-17,Syrup USDC,0.04352912669
2026-04-16,Syrup USDC,0.04346909139
2026-04-16,High Yield Secured Lending Maple Pool USDC1,0.05511665899
2026-04-16,Syrup USDT,0.03749328807
2026-04-15,High Yield Secured Lending Maple Pool USDC1,0.05530876555
2026-04-15,Syrup USDC,0.04319688811
2026-04-15,Syrup USDT,0.03741469554
2026-04-14,Syrup USDT,0.03743901751
2026-04-14,High Yield Secured Lending Maple Pool USDC1,0.05501791319
2026-04-14,Syrup USDC,0.04318077685
2026-04-13,Syrup USDC,0.04317980162
2026-04-13,High Yield Secured Lending Maple Pool USDC1,0.05446812694
2026-04-13,Syrup USDT,0.03754855225
2026-04-12,High Yield Secured Lending Maple Pool USDC1,0.05483829625
2026-04-12,Syrup USDT,0.03759082748
2026-04-12,Syrup USDC,0.04317985546
2026-04-11,Syrup USDC,0.04323470572
2026-04-11,Syrup USDT,0.03766368005
2026-04-11,High Yield Secured Lending Maple Pool USDC1,0.05454541336
2026-04-10,Syrup USDT,0.03775517399
2026-04-10,Syrup USDC,0.04327415291
2026-04-10,High Yield Secured Lending Maple Pool USDC1,0.05399157662
2026-04-09,Syrup USDT,0.03786705945
2026-04-09,Syrup USDC,0.04336653138
2026-04-09,High Yield Secured Lending Maple Pool USDC1,0.05434577493
2026-04-08,High Yield Secured Lending Maple Pool USDC1,0.05406854085
2026-04-08,Syrup USDC,0.04342834528
2026-04-08,Syrup USDT,0.03811228276
2026-04-07,Syrup USDT,0.03824771406
2026-04-07,Syrup USDC,0.0435581891
2026-04-07,High Yield Secured Lending Maple Pool USDC1,0.05383492161
2026-04-06,Syrup USDC,0.04369766708
2026-04-06,Syrup USDT,0.03836492752
2026-04-06,High Yield Secured Lending Maple Pool USDC1,0.0540754134
2026-04-05,High Yield Secured Lending Maple Pool USDC1,0.05377444919
2026-04-05,Syrup USDT,0.03861809732
2026-04-05,Syrup USDC,0.04381115133
2026-04-04,Syrup USDC,0.04391846883
2026-04-04,High Yield Secured Lending Maple Pool USDC1,0.05314102489
2026-04-04,Syrup USDT,0.03881644126
2026-04-03,Syrup USDC,0.04402546399
2026-04-03,High Yield Secured Lending Maple Pool USDC1,0.05340014406
2026-04-03,Syrup USDT,0.03903504693
2026-04-02,High Yield Secured Lending Maple Pool USDC1,0.0533298521
2026-04-02,Syrup USDT,0.03920173414
2026-04-02,Syrup USDC,0.04412229789
2026-04-01,High Yield Secured Lending Maple Pool USDC1,0.05254721358
2026-04-01,Syrup USDT,0.0393067685
2026-04-01,Syrup USDC,0.04410845261
2026-03-31,Syrup USDC,0.04404910246
2026-03-31,Syrup USDT,0.03936132867
2026-03-31,High Yield Secured Lending Maple Pool USDC1,0.05257643353
2026-03-30,Syrup USDT,0.03962633148
2026-03-30,Syrup USDC,0.04403869785
2026-03-30,High Yield Secured Lending Maple Pool USDC1,0.05265988425
2026-03-29,High Yield Secured Lending Maple Pool USDC1,0.05189548849
2026-03-29,Syrup USDT,0.03985837377
2026-03-29,Syrup USDC,0.04406667527
2026-03-28,Syrup USDT,0.0400707029
2026-03-28,Syrup USDC,0.04403343586
2026-03-28,High Yield Secured Lending Maple Pool USDC1,0.05175720747
2026-03-27,High Yield Secured Lending Maple Pool USDC1,0.05187754508
2026-03-27,Syrup USDT,0.04027883634
2026-03-27,Syrup USDC,0.04398093728
2026-03-26,Syrup USDT,0.04047943009
2026-03-26,High Yield Secured Lending Maple Pool USDC1,0.05155860534
2026-03-26,Syrup USDC,0.04397384378
2026-03-25,Syrup USDC,0.04401653412
2026-03-25,High Yield Secured Lending Maple Pool USDC1,0.05100356552
2026-03-25,Syrup USDT,0.04065003098
2026-03-24,High Yield Secured Lending Maple Pool USDC1,0.05122776176
2026-03-24,Syrup USDC,0.0440893917
2026-03-24,Syrup USDT,0.04083142482
2026-03-23,Syrup USDT,0.04106487473
2026-03-23,High Yield Secured Lending Maple Pool USDC1,0.05096840882
2026-03-23,Syrup USDC,0.04423154304
2026-03-22,Syrup USDT,0.04117967027
2026-03-22,High Yield Secured Lending Maple Pool USDC1,0.05091457744
2026-03-22,Syrup USDC,0.04439800305
2026-03-21,High Yield Secured Lending Maple Pool USDC1,0.05135071191
2026-03-21,Syrup USDT,0.04137798053
2026-03-21,Syrup USDC,0.04454484475
2026-03-20,Syrup USDC,0.04464255489
2026-03-20,High Yield Secured Lending Maple Pool USDC1,0.05126119708
2026-03-20,Syrup USDT,0.0416068004
2026-03-19,Syrup USDT,0.0417295519
2026-03-19,Syrup USDC,0.0447085542
2026-03-19,High Yield Secured Lending Maple Pool USDC1,0.05109611661
2026-03-18,Syrup USDC,0.04484618389
2026-03-18,High Yield Secured Lending Maple Pool USDC1,0.05117830268
2026-03-18,Syrup USDT,0.04183599491
2026-03-17,Syrup USDT,0.04188236798
2026-03-17,High Yield Secured Lending Maple Pool USDC1,0.05240921683
2026-03-17,Syrup USDC,0.04497264325
2026-03-16,Syrup USDT,0.04194170828
2026-03-16,High Yield Secured Lending Maple Pool USDC1,0.052199681
2026-03-16,Syrup USDC,0.04505408196
2026-03-15,Syrup USDT,0.04201650739
2026-03-15,Syrup USDC,0.04510838221
2026-03-15,High Yield Secured Lending Maple Pool USDC1,0.05228231001
2026-03-14,High Yield Secured Lending Maple Pool USDC1,0.05236677981
2026-03-14,Syrup USDC,0.04520775587
2026-03-14,Syrup USDT,0.04223813014
2026-03-13,Syrup USDC,0.04531356306
2026-03-13,Syrup USDT,0.04227612076
2026-03-13,High Yield Secured Lending Maple Pool USDC1,0.0531967026
2026-03-12,Syrup USDT,0.0422433308
2026-03-12,High Yield Secured Lending Maple Pool USDC1,0.05312876349
2026-03-12,Syrup USDC,0.04537954701
2026-03-11,Syrup USDC,0.0454601678
2026-03-11,High Yield Secured Lending Maple Pool USDC1,0.05302193346
2026-03-11,Syrup USDT,0.04221721538
2026-03-10,Syrup USDT,0.04222591347
2026-03-10,Syrup USDC,0.04552968903
2026-03-10,High Yield Secured Lending Maple Pool USDC1,0.05291951429
2026-03-09,High Yield Secured Lending Maple Pool USDC1,0.05281503531
2026-03-09,Syrup USDT,0.04213117608
2026-03-09,Syrup USDC,0.04564726204
2026-03-08,Syrup USDT,0.0421371179
2026-03-08,Syrup USDC,0.04570754427
2026-03-08,High Yield Secured Lending Maple Pool USDC1,0.05276650462
2026-03-07,High Yield Secured Lending Maple Pool USDC1,0.0532927775
2026-03-07,Syrup USDT,0.04207719771
2026-03-07,Syrup USDC,0.04576876432
2026-03-06,Syrup USDC,0.04587251389
2026-03-06,Syrup USDT,0.04196664083
2026-03-06,High Yield Secured Lending Maple Pool USDC1,0.05323484691
2026-03-05,Syrup USDC,0.04592232454
2026-03-05,Syrup USDT,0.04189023183
2026-03-05,High Yield Secured Lending Maple Pool USDC1,0.05350163697
2026-03-04,High Yield Secured Lending Maple Pool USDC1,0.05461385554
2026-03-04,Syrup USDT,0.0419472711
2026-03-04,Syrup USDC,0.0461354849
2026-03-03,Syrup USDT,0.04206786086
2026-03-03,Syrup USDC,0.04635514912
2026-03-03,High Yield Secured Lending Maple Pool USDC1,0.05470681868
2026-03-02,High Yield Secured Lending Maple Pool USDC1,0.05522993304
2026-03-02,Syrup USDT,0.04222137874
2026-03-02,Syrup USDC,0.04658729276
2026-03-01,High Yield Secured Lending Maple Pool USDC1,0.05634909001
2026-03-01,Syrup USDC,0.04684192942
2026-03-01,Syrup USDT,0.04239475545
2026-02-28,Syrup USDT,0.04245296857
2026-02-28,High Yield Secured Lending Maple Pool USDC1,0.05663727259
2026-02-28,Syrup USDC,0.04707071476
2026-02-27,Syrup USDT,0.04248776569
2026-02-27,Syrup USDC,0.04728413808
2026-02-27,High Yield Secured Lending Maple Pool USDC1,0.05686508097
2026-02-26,Syrup USDT,0.04250182501
2026-02-26,High Yield Secured Lending Maple Pool USDC1,0.05853832117
2026-02-26,Syrup USDC,0.04757747066
2026-02-25,Syrup USDC,0.04790165289
2026-02-25,High Yield Secured Lending Maple Pool USDC1,0.05924131526
2026-02-25,Syrup USDT,0.04259234422
2026-02-24,High Yield Secured Lending Maple Pool USDC1,0.05946933223
2026-02-24,Syrup USDC,0.04816749621
2026-02-24,Syrup USDT,0.04270475054
2026-02-23,Syrup USDC,0.0484923795
2026-02-23,Syrup USDT,0.04281991162
2026-02-23,High Yield Secured Lending Maple Pool USDC1,0.06050779402
2026-02-22,High Yield Secured Lending Maple Pool USDC1,0.06173498863
2026-02-22,Syrup USDT,0.04292694574
2026-02-22,Syrup USDC,0.04882753798
2026-02-21,High Yield Secured Lending Maple Pool USDC1,0.06188100231
2026-02-21,Syrup USDT,0.04303533792
2026-02-21,Syrup USDC,0.04909201255
2026-02-20,High Yield Secured Lending Maple Pool USDC1,0.06217457023
2026-02-20,Syrup USDT,0.04322130821
2026-02-20,Syrup USDC,0.04936828736
2026-02-19,High Yield Secured Lending Maple Pool USDC1,0.06368411355
2026-02-19,Syrup USDC,0.04959681243
2026-02-19,Syrup USDT,0.04341140014
2026-02-18,Syrup USDC,0.04981508051
2026-02-18,High Yield Secured Lending Maple Pool USDC1,0.06409310583
2026-02-18,Syrup USDT,0.04358462599
2026-02-17,Syrup USDC,0.05001197223
2026-02-17,High Yield Secured Lending Maple Pool USDC1,0.06449838507
2026-02-17,Syrup USDT,0.04380908053
2026-02-16,Syrup USDC,0.05020289223
2026-02-16,Syrup USDT,0.04414642617
2026-02-16,High Yield Secured Lending Maple Pool USDC1,0.06639971357
2026-02-15,High Yield Secured Lending Maple Pool USDC1,0.0654760996
2026-02-15,Syrup USDC,0.05039152538
2026-02-15,Syrup USDT,0.04451017535
2026-02-14,Syrup USDC,0.05059774643
2026-02-14,High Yield Secured Lending Maple Pool USDC1,0.06589655277
2026-02-14,Syrup USDT,0.04487875805
2026-02-13,High Yield Secured Lending Maple Pool USDC1,0.06712469936
2026-02-13,Syrup USDT,0.04522528587
2026-02-13,Syrup USDC,0.05078457652
2026-02-12,High Yield Secured Lending Maple Pool USDC1,0.06809078297
2026-02-12,Syrup USDC,0.05096444867
2026-02-12,Syrup USDT,0.04543843329
2026-02-11,High Yield Secured Lending Maple Pool USDC1,0.06703579196
2026-02-11,Syrup USDC,0.05114348154
2026-02-11,Syrup USDT,0.04585978621
2026-02-10,High Yield Secured Lending Maple Pool USDC1,0.06878762462
2026-02-10,Syrup USDT,0.04618054092
2026-02-10,Syrup USDC,0.05132393104
2026-02-09,High Yield Secured Lending Maple Pool USDC1,0.06995175971
2026-02-09,Syrup USDT,0.04643783278
2026-02-09,Syrup USDC,0.05150541682
2026-02-08,Syrup USDT,0.04658866493
2026-02-08,High Yield Secured Lending Maple Pool USDC1,0.0698939325
2026-02-08,Syrup USDC,0.05167044655
2026-02-07,High Yield Secured Lending Maple Pool USDC1,0.07104666246
2026-02-07,Syrup USDC,0.05176441335
2026-02-07,Syrup USDT,0.04677898794
2026-02-06,High Yield Secured Lending Maple Pool USDC1,0.07276110063
2026-02-06,Syrup USDT,0.04689603657
2026-02-06,Syrup USDC,0.05183974363
2026-02-05,High Yield Secured Lending Maple Pool USDC1,0.07212977143
2026-02-05,Syrup USDC,0.05193053748
2026-02-05,Syrup USDT,0.04709137362
2026-02-04,High Yield Secured Lending Maple Pool USDC1,0.07318026243
2026-02-04,Syrup USDC,0.0519993683
2026-02-04,Syrup USDT,0.04732810735
2026-02-03,High Yield Secured Lending Maple Pool USDC1,0.07416055242
2026-02-03,Syrup USDC,0.05210943405
2026-02-03,Syrup USDT,0.04757779352
2026-02-02,High Yield Secured Lending Maple Pool USDC1,0.07346451965
2026-02-02,Syrup USDT,0.04771217589
2026-02-02,Syrup USDC,0.05206965125
2026-02-01,High Yield Secured Lending Maple Pool USDC1,0.07379558501
2026-02-01,Syrup USDC,0.05204172661
2026-02-01,Syrup USDT,0.04781378995
2026-01-31,Syrup USDT,0.04777177071
2026-01-31,Syrup USDC,0.05222226057
2026-01-31,High Yield Secured Lending Maple Pool USDC1,0.07526382708
2026-01-30,Syrup USDT,0.04786651146
2026-01-30,Syrup USDC,0.05251792481
2026-01-30,High Yield Secured Lending Maple Pool USDC1,0.07479435753
2026-01-29,Syrup USDC,0.05266528453
2026-01-29,Syrup USDT,0.04789434263
2026-01-29,High Yield Secured Lending Maple Pool USDC1,0.0746884681
2026-01-28,Syrup USDC,0.05280861407
2026-01-28,High Yield Secured Lending Maple Pool USDC1,0.07645536642
2026-01-28,Syrup USDT,0.04786843162
2026-01-27,Syrup USDT,0.0480082866
2026-01-27,Syrup USDC,0.05283538341
2026-01-27,High Yield Secured Lending Maple Pool USDC1,0.07538419031
2026-01-26,Syrup USDC,0.05284455565
2026-01-26,Syrup USDT,0.04808796939
2026-01-26,High Yield Secured Lending Maple Pool USDC1,0.074645392
2026-01-25,High Yield Secured Lending Maple Pool USDC1,0.07602518024
2026-01-25,Syrup USDC,0.05291461488
2026-01-25,Syrup USDT,0.04819789431
2026-01-24,Syrup USDT,0.04840116611
2026-01-24,High Yield Secured Lending Maple Pool USDC1,0.0763570913
2026-01-24,Syrup USDC,0.05294717148
2026-01-23,Syrup USDC,0.0529607931
2026-01-23,Syrup USDT,0.04856599852
2026-01-23,High Yield Secured Lending Maple Pool USDC1,0.07495520275
2026-01-22,Syrup USDT,0.04849171116
2026-01-22,High Yield Secured Lending Maple Pool USDC1,0.07634075922
2026-01-22,Syrup USDC,0.05293506775
2026-01-21,Syrup USDT,0.04837225207
2026-01-21,Syrup USDC,0.05278664327
2026-01-21,High Yield Secured Lending Maple Pool USDC1,0.0773855166
2026-01-20,Syrup USDC,0.05269936359
2026-01-20,High Yield Secured Lending Maple Pool USDC1,0.0756382377
2026-01-20,Syrup USDT,0.04820129627
2026-01-19,Syrup USDC,0.05265272117
2026-01-19,High Yield Secured Lending Maple Pool USDC1,0.07660337229
2026-01-19,Syrup USDT,0.04799577249
2026-01-18,Syrup USDC,0.05253503916
2026-01-18,Syrup USDT,0.04781552689
2026-01-18,High Yield Secured Lending Maple Pool USDC1,0.07793420439
2026-01-17,High Yield Secured Lending Maple Pool USDC1,0.07634456983
2026-01-17,Syrup USDT,0.04757545114
2026-01-17,Syrup USDC,0.05242521813
2026-01-16,Syrup USDC,0.05244860917
2026-01-16,Syrup USDT,0.04733695818
2026-01-16,High Yield Secured Lending Maple Pool USDC1,0.0773191757
2026-01-15,Syrup USDT,0.04708887313
2026-01-15,Syrup USDC,0.05246956338
2026-01-15,High Yield Secured Lending Maple Pool USDC1,0.07864697733
2026-01-14,Syrup USDT,0.04694129236
2026-01-14,High Yield Secured Lending Maple Pool USDC1,0.07776285868
2026-01-14,Syrup USDC,0.0525444927
2026-01-13,Syrup USDC,0.05265015421
2026-01-13,High Yield Secured Lending Maple Pool USDC1,0.07817560407
2026-01-13,Syrup USDT,0.04692380192
2026-01-12,Syrup USDT,0.04687711236
2026-01-12,Syrup USDC,0.05275947524
2026-01-12,High Yield Secured Lending Maple Pool USDC1,0.07921894138
2026-01-11,Syrup USDT,0.04695944067
2026-01-11,High Yield Secured Lending Maple Pool USDC1,0.07834201929
2026-01-11,Syrup USDC,0.05286951725
2026-01-10,High Yield Secured Lending Maple Pool USDC1,0.07851692802
2026-01-10,Syrup USDC,0.05293038854
2026-01-10,Syrup USDT,0.04713209887
2026-01-09,Syrup USDT,0.04727318379
2026-01-09,High Yield Secured Lending Maple Pool USDC1,0.08028777864
2026-01-09,Syrup USDC,0.05304147451
2026-01-08,Syrup USDC,0.05318710186
2026-01-08,Syrup USDT,0.04738504523
2026-01-08,High Yield Secured Lending Maple Pool USDC1,0.07990577742
2026-01-07,Syrup USDT,0.04758285642
2026-01-07,High Yield Secured Lending Maple Pool USDC1,0.07882302466
2026-01-07,Syrup USDC,0.05336011617
2026-01-06,Syrup USDC,0.05358551054
2026-01-06,High Yield Secured Lending Maple Pool USDC1,0.08060290493
2026-01-06,Syrup USDT,0.04773977057
2026-01-05,Syrup USDT,0.04785583955
2026-01-05,High Yield Secured Lending Maple Pool USDC1,0.08097916662
2026-01-05,Syrup USDC,0.05383456324
2026-01-04,High Yield Secured Lending Maple Pool USDC1,0.08026959412
2026-01-04,Syrup USDC,0.05407106252
2026-01-04,Syrup USDT,0.0479216763
2026-01-03,High Yield Secured Lending Maple Pool USDC1,0.08149718133
2026-01-03,Syrup USDC,0.05431376023
2026-01-03,Syrup USDT,0.04798183519
2026-01-02,Syrup USDT,0.04804644206
2026-01-02,High Yield Secured Lending Maple Pool USDC1,0.08219799956
2026-01-02,Syrup USDC,0.05451171075
2026-01-01,High Yield Secured Lending Maple Pool USDC1,0.08090500649
2026-01-01,Syrup USDC,0.05450003076
2026-01-01,Syrup USDT,0.04828861438
2025-12-31,High Yield Secured Lending Maple Pool USDC1,0.08215815931
2025-12-31,Syrup USDC,0.05439118818
2025-12-31,Syrup USDT,0.04835549701
2025-12-30,Syrup USDC,0.05445511451
2025-12-30,Syrup USDT,0.04851845052
2025-12-30,High Yield Secured Lending Maple Pool USDC1,0.08296768147
2025-12-29,High Yield Secured Lending Maple Pool USDC1,0.08119553966
2025-12-29,Syrup USDT,0.04870785879
2025-12-29,Syrup USDC,0.05450083601
2025-12-28,Syrup USDC,0.05464355072
2025-12-28,High Yield Secured Lending Maple Pool USDC1,0.08251213517
2025-12-28,Syrup USDT,0.0488343216
2025-12-27,Syrup USDC,0.05480034185
2025-12-27,Syrup USDT,0.04896299088
2025-12-27,High Yield Secured Lending Maple Pool USDC1,0.08413486932
2025-12-26,Syrup USDT,0.04910558314
2025-12-26,Syrup USDC,0.05490578901
2025-12-26,High Yield Secured Lending Maple Pool USDC1,0.0829054929
2025-12-25,High Yield Secured Lending Maple Pool USDC1,0.08339780269
2025-12-25,Syrup USDT,0.04917077816
2025-12-25,Syrup USDC,0.05504159444
2025-12-24,Syrup USDT,0.04922679272
2025-12-24,Syrup USDC,0.05521507045
2025-12-24,High Yield Secured Lending Maple Pool USDC1,0.08500128802
2025-12-23,High Yield Secured Lending Maple Pool USDC1,0.08375355094
2025-12-23,Syrup USDT,0.04956367704
2025-12-23,Syrup USDC,0.05537586422
2025-12-22,Syrup USDC,0.05564958358
2025-12-22,Syrup USDT,0.04995774763
2025-12-22,High Yield Secured Lending Maple Pool USDC1,0.0835828602
2025-12-21,High Yield Secured Lending Maple Pool USDC1,0.08571270162
2025-12-21,Syrup USDT,0.05030947176
2025-12-21,Syrup USDC,0.05592091348
2025-12-20,High Yield Secured Lending Maple Pool USDC1,0.08490359858
2025-12-20,Syrup USDT,0.05055731226
2025-12-20,Syrup USDC,0.05618567182
2025-12-19,Syrup USDT,0.05078680959
2025-12-19,Syrup USDC,0.05652782757
2025-12-19,High Yield Secured Lending Maple Pool USDC1,0.08426428585
2025-12-18,Syrup USDC,0.05688354993
2025-12-18,High Yield Secured Lending Maple Pool USDC1,0.08627560956
2025-12-18,Syrup USDT,0.0511099
2025-12-17,Syrup USDC,0.05715458
2025-12-17,High Yield Secured Lending Maple Pool USDC1,0.0858167061
2025-12-17,Syrup USDT,0.05147281315
2025-12-16,High Yield Secured Lending Maple Pool USDC1,0.08424051622
2025-12-16,Syrup USDC,0.05742313852
2025-12-16,Syrup USDT,0.05177373056
2025-12-15,Syrup USDC,0.05765221334
2025-12-15,Syrup USDT,0.05218651761
2025-12-15,High Yield Secured Lending Maple Pool USDC1,0.08517668096
2025-12-14,Syrup USDT,0.05234820685
2025-12-14,High Yield Secured Lending Maple Pool USDC1,0.08684165052
2025-12-14,Syrup USDC,0.05785812434
2025-12-13,Syrup USDT,0.05268068231
2025-12-13,High Yield Secured Lending Maple Pool USDC1,0.08633709362
2025-12-13,Syrup USDC,0.05807914903
2025-12-12,Syrup USDT,0.0530077491
2025-12-12,High Yield Secured Lending Maple Pool USDC1,0.08667339132
2025-12-12,Syrup USDC,0.05829382735
2025-12-11,High Yield Secured Lending Maple Pool USDC1,0.08884376312
2025-12-11,Syrup USDT,0.05317645886
2025-12-11,Syrup USDC,0.05851417475
2025-12-10,Syrup USDT,0.05352299293
2025-12-10,Syrup USDC,0.05869338526
2025-12-10,High Yield Secured Lending Maple Pool USDC1,0.08761015267
2025-12-09,Syrup USDC,0.05887549456
2025-12-09,Syrup USDT,0.05388690876
2025-12-09,High Yield Secured Lending Maple Pool USDC1,0.08809646401
2025-12-08,High Yield Secured Lending Maple Pool USDC1,0.09017201513
2025-12-08,Syrup USDT,0.05401132214
2025-12-08,Syrup USDC,0.05904190909
2025-12-07,High Yield Secured Lending Maple Pool USDC1,0.08960190363
2025-12-07,Syrup USDT,0.0542019012
2025-12-07,Syrup USDC,0.05914526982
2025-12-06,Syrup USDT,0.05451441842
2025-12-06,High Yield Secured Lending Maple Pool USDC1,0.08933516098
2025-12-06,Syrup USDC,0.05924107784
2025-12-05,Syrup USDC,0.05933280492
2025-12-05,Syrup USDT,0.05470689826
2025-12-05,High Yield Secured Lending Maple Pool USDC1,0.09146778141
2025-12-04,High Yield Secured Lending Maple Pool USDC1,0.09085866998
2025-12-04,Syrup USDC,0.05939355535
2025-12-04,Syrup USDT,0.05486437884
2025-12-03,Syrup USDT,0.05517239871
2025-12-03,High Yield Secured Lending Maple Pool USDC1,0.09087509053
2025-12-03,Syrup USDC,0.05947013856
2025-12-02,High Yield Secured Lending Maple Pool USDC1,0.09285053619
2025-12-02,Syrup USDC,0.05958300611
2025-12-02,Syrup USDT,0.05527309623
2025-12-01,Syrup USDC,0.05967091751
2025-12-01,High Yield Secured Lending Maple Pool USDC1,0.09221902396
2025-12-01,Syrup USDT,0.05542285012
2025-11-30,Syrup USDT,0.05570290846
2025-11-30,Syrup USDC,0.05970993617
2025-11-30,High Yield Secured Lending Maple Pool USDC1,0.09213620415
2025-11-29,High Yield Secured Lending Maple Pool USDC1,0.09373124372
2025-11-29,Syrup USDC,0.05976332479
2025-11-29,Syrup USDT,0.05599225359
2025-11-28,Syrup USDT,0.05608078863
2025-11-28,High Yield Secured Lending Maple Pool USDC1,0.0937739814
2025-11-28,Syrup USDC,0.05982624433
2025-11-27,High Yield Secured Lending Maple Pool USDC1,0.09330125506
2025-11-27,Syrup USDC,0.05988170033
2025-11-27,Syrup USDT,0.05636039993
2025-11-26,Syrup USDC,0.05996371464
2025-11-26,High Yield Secured Lending Maple Pool USDC1,0.09410122979
2025-11-26,Syrup USDT,0.05663977092
2025-11-25,High Yield Secured Lending Maple Pool USDC1,0.09491482197
2025-11-25,Syrup USDC,0.06008153542
2025-11-25,Syrup USDT,0.05675189589
2025-11-24,High Yield Secured Lending Maple Pool USDC1,0.09448655493
2025-11-24,Syrup USDC,0.06017676503
2025-11-24,Syrup USDT,0.05692360104
2025-11-23,High Yield Secured Lending Maple Pool USDC1,0.09530125916
2025-11-23,Syrup USDT,0.05713809219
2025-11-23,Syrup USDC,0.06032239922
2025-11-22,Syrup USDT,0.05714836758
2025-11-22,High Yield Secured Lending Maple Pool USDC1,0.09677389436
2025-11-22,Syrup USDC,0.06048367411
2025-11-21,High Yield Secured Lending Maple Pool USDC1,0.09579927944
2025-11-21,Syrup USDC,0.0606635958
2025-11-21,Syrup USDT,0.05730610631
2025-11-20,Syrup USDT,0.05768597078
2025-11-20,Syrup USDC,0.0608655528
2025-11-20,High Yield Secured Lending Maple Pool USDC1,0.09556889995
2025-11-19,High Yield Secured Lending Maple Pool USDC1,0.09787983664
2025-11-19,Syrup USDT,0.05788115986
2025-11-19,Syrup USDC,0.06109115632
2025-11-18,High Yield Secured Lending Maple Pool USDC1,0.09676724458
2025-11-18,Syrup USDC,0.06130461761
2025-11-18,Syrup USDT,0.05833083792
2025-11-17,Syrup USDC,0.0614755948
2025-11-17,Syrup USDT,0.05855233978
2025-11-17,High Yield Secured Lending Maple Pool USDC1,0.09626881286
2025-11-16,Syrup USDC,0.06164028582
2025-11-16,Syrup USDT,0.05871122447
2025-11-16,High Yield Secured Lending Maple Pool USDC1,0.09871858261
2025-11-15,Syrup USDT,0.05870434195
2025-11-15,High Yield Secured Lending Maple Pool USDC1,0.09951760845
2025-11-15,Syrup USDC,0.06181911224
2025-11-14,Syrup USDT,0.05907996719
2025-11-14,High Yield Secured Lending Maple Pool USDC1,0.09680552299
2025-11-14,Syrup USDC,0.06199360363
2025-11-13,Syrup USDC,0.06218673479
2025-11-13,High Yield Secured Lending Maple Pool USDC1,0.09876219493
2025-11-13,Syrup USDT,0.05934807287
2025-11-12,Syrup USDC,0.06240122034
2025-11-12,Syrup USDT,0.05925271573
2025-11-12,High Yield Secured Lending Maple Pool USDC1,0.09976268573
2025-11-11,Syrup USDT,0.05921816893
2025-11-11,High Yield Secured Lending Maple Pool USDC1,0.09682681586
2025-11-11,Syrup USDC,0.06267130335
2025-11-10,Syrup USDT,0.05887412282
2025-11-10,Syrup USDC,0.06294475982
2025-11-10,High Yield Secured Lending Maple Pool USDC1,0.09876845711
2025-11-09,Syrup USDC,0.06320890809
2025-11-09,Syrup USDT,0.05840743353
2025-11-09,High Yield Secured Lending Maple Pool USDC1,0.09978083119
2025-11-08,Syrup USDT,0.05892045015
2025-11-08,High Yield Secured Lending Maple Pool USDC1,0.09755606119
2025-11-08,Syrup USDC,0.06346397281
2025-11-07,High Yield Secured Lending Maple Pool USDC1,0.09797945527
2025-11-07,Syrup USDT,0.05923050645
2025-11-07,Syrup USDC,0.06373597602
2025-11-06,Syrup USDC,0.06403303573
2025-11-06,High Yield Secured Lending Maple Pool USDC1,0.09914448918
2025-11-06,Syrup USDT,0.05928545246
2025-11-05,Syrup USDC,0.06430599252
2025-11-05,Syrup USDT,0.05938159368
2025-11-05,High Yield Secured Lending Maple Pool USDC1,0.09756185259
2025-11-04,High Yield Secured Lending Maple Pool USDC1,0.09800776986
2025-11-04,Syrup USDC,0.06458857622
2025-11-04,Syrup USDT,0.05948044486
2025-11-03,Syrup USDT,0.05966129604
2025-11-03,Syrup USDC,0.06491682387
2025-11-03,High Yield Secured Lending Maple Pool USDC1,0.09916213577
2025-11-02,Syrup USDT,0.06003187307
2025-11-02,Syrup USDC,0.06518888149
2025-11-02,High Yield Secured Lending Maple Pool USDC1,0.09757940125
2025-11-01,High Yield Secured Lending Maple Pool USDC1,0.09737077604
2025-11-01,Syrup USDC,0.06545683551
2025-11-01,Syrup USDT,0.06044103476
2025-10-31,Syrup USDT,0.06070931812
2025-10-31,Syrup USDC,0.06572804814
2025-10-31,High Yield Secured Lending Maple Pool USDC1,0.09917376553
2025-10-30,High Yield Secured Lending Maple Pool USDC1,0.09850367975
2025-10-30,Syrup USDT,0.06100062808
2025-10-30,Syrup USDC,0.06597634134
2025-10-29,Syrup USDT,0.06124865629
2025-10-29,Syrup USDC,0.06626311449
2025-10-29,High Yield Secured Lending Maple Pool USDC1,0.09689554212
2025-10-28,Syrup USDT,0.06181352792
2025-10-28,Syrup USDC,0.06649116501
2025-10-28,High Yield Secured Lending Maple Pool USDC1,0.09924901303
2025-10-27,Syrup USDC,0.06669462654
2025-10-27,Syrup USDT,0.06182414446
2025-10-27,High Yield Secured Lending Maple Pool USDC1,0.09921228519
2025-10-26,Syrup USDT,0.06197220592
2025-10-26,Syrup USDC,0.06692469557
2025-10-26,High Yield Secured Lending Maple Pool USDC1,0.0969092075
2025-10-25,High Yield Secured Lending Maple Pool USDC1,0.09895589648
2025-10-25,Syrup USDT,0.06259739911
2025-10-25,Syrup USDC,0.0670902913
2025-10-24,Syrup USDT,0.06272289169
2025-10-24,High Yield Secured Lending Maple Pool USDC1,0.0992219893
2025-10-24,Syrup USDC,0.06725921589
2025-10-23,Syrup USDT,0.06286621231
2025-10-23,Syrup USDC,0.06746780545
2025-10-23,High Yield Secured Lending Maple Pool USDC1,0.09691452132
2025-10-22,High Yield Secured Lending Maple Pool USDC1,0.09898375773
2025-10-22,Syrup USDC,0.06769958723
2025-10-22,Syrup USDT,0.06264913367
2025-10-21,Syrup USDC,0.06791053679
2025-10-21,High Yield Secured Lending Maple Pool USDC1,0.1000144145
2025-10-21,Syrup USDT,0.06249509191
2025-10-20,High Yield Secured Lending Maple Pool USDC1,0.0969147611
2025-10-20,Syrup USDT,0.06247612397
2025-10-20,Syrup USDC,0.06808568519
2025-10-19,Syrup USDC,0.06825673733
2025-10-19,High Yield Secured Lending Maple Pool USDC1,0.09831395222
2025-10-19,Syrup USDT,0.06210040763
2025-10-18,Syrup USDC,0.06842591745
2025-10-18,Syrup USDT,0.06188500276
2025-10-18,High Yield Secured Lending Maple Pool USDC1,0.1005446558
2025-10-17,High Yield Secured Lending Maple Pool USDC1,0.09825440854
2025-10-17,Syrup USDT,0.0619444884
2025-10-17,Syrup USDC,0.06858482691
2025-10-16,High Yield Secured Lending Maple Pool USDC1,0.0988258913
2025-10-16,Syrup USDT,0.06216748459
2025-10-16,Syrup USDC,0.06872518776
2025-10-15,Syrup USDT,0.06244564731
2025-10-15,High Yield Secured Lending Maple Pool USDC1,0.1011267591
2025-10-15,Syrup USDC,0.06885815262
2025-10-14,Syrup USDT,0.06246841444
2025-10-14,High Yield Secured Lending Maple Pool USDC1,0.09878451353
2025-10-14,Syrup USDC,0.06895707013
2025-10-13,Syrup USDT,0.0628024893
2025-10-13,High Yield Secured Lending Maple Pool USDC1,0.09856466966
2025-10-13,Syrup USDC,0.06925470434
2025-10-12,Syrup USDC,0.06930985443
2025-10-12,Syrup USDT,0.06323346804
2025-10-12,High Yield Secured Lending Maple Pool USDC1,0.1016492181
2025-10-11,Syrup USDT,0.06382855083
2025-10-11,Syrup USDC,0.06931544679
2025-10-11,High Yield Secured Lending Maple Pool USDC1,0.09931810278
2025-10-10,Syrup USDT,0.06449444824
2025-10-10,High Yield Secured Lending Maple Pool USDC1,0.09837528427
2025-10-10,Syrup USDC,0.06934103028
2025-10-09,Syrup USDT,0.06442471504
2025-10-09,High Yield Secured Lending Maple Pool USDC1,0.1021776729
2025-10-09,Syrup USDC,0.06935421001
2025-10-08,High Yield Secured Lending Maple Pool USDC1,0.1006878952
2025-10-08,Syrup USDC,0.06939705545
2025-10-08,Syrup USDT,0.06450989078
2025-10-07,High Yield Secured Lending Maple Pool USDC1,0.09957589583
2025-10-07,Syrup USDT,0.06483972281
2025-10-07,Syrup USDC,0.06939072876
2025-10-06,Syrup USDC,0.06936809238
2025-10-06,Syrup USDT,0.06510373835
2025-10-06,High Yield Secured Lending Maple Pool USDC1,0.1026999849
2025-10-05,Syrup USDC,0.06935016853
2025-10-05,High Yield Secured Lending Maple Pool USDC1,0.1012287835
2025-10-05,Syrup USDT,0.0653781958
2025-10-04,Syrup USDT,0.06542106212
2025-10-04,High Yield Secured Lending Maple Pool USDC1,0.1001047483
2025-10-04,Syrup USDC,0.06934557635
2025-10-03,Syrup USDT,0.06544850984
2025-10-03,High Yield Secured Lending Maple Pool USDC1,0.1024237954
2025-10-03,Syrup USDC,0.06936388586
2025-10-02,Syrup USDC,0.06936722288
2025-10-02,High Yield Secured Lending Maple Pool USDC1,0.1024044138
2025-10-02,Syrup USDT,0.0653998497
2025-10-01,Syrup USDC,0.069367861
2025-10-01,High Yield Secured Lending Maple Pool USDC1,0.1006327892
2025-10-01,Syrup USDT,0.06545797572
2025-09-30,Syrup USDT,0.06533688193
2025-09-30,High Yield Secured Lending Maple Pool USDC1,0.100055344
2025-09-30,Syrup USDC,0.06937120025
2025-09-29,High Yield Secured Lending Maple Pool USDC1,0.1013670159
2025-09-29,Syrup USDC,0.06933206077
2025-09-29,Syrup USDT,0.06539506732
2025-09-28,Syrup USDT,0.06503106892
2025-09-28,High Yield Secured Lending Maple Pool USDC1,0.1010098724
2025-09-28,Syrup USDC,0.06935336029
2025-09-27,Syrup USDT,0.06521031647
2025-09-27,High Yield Secured Lending Maple Pool USDC1,0.10059685
2025-09-27,Syrup USDC,0.0693673915
2025-09-26,High Yield Secured Lending Maple Pool USDC1,0.1012113754
2025-09-26,Syrup USDC,0.0693157101
2025-09-26,Syrup USDT,0.06537732238
2025-09-25,Syrup USDT,0.06502174354
2025-09-25,High Yield Secured Lending Maple Pool USDC1,0.1010732867
2025-09-25,Syrup USDC,0.06932950401
2025-09-24,High Yield Secured Lending Maple Pool USDC1,0.1009368069
2025-09-24,Syrup USDT,0.06506004439
2025-09-24,Syrup USDC,0.06935265317
2025-09-23,Syrup USDC,0.06936926785
2025-09-23,Syrup USDT,0.06525172871
2025-09-23,High Yield Secured Lending Maple Pool USDC1,0.1017531001
2025-09-22,High Yield Secured Lending Maple Pool USDC1,0.1008292811
2025-09-22,Syrup USDC,0.06936375419
2025-09-22,Syrup USDT,0.06571047606
2025-09-21,Syrup USDC,0.06935873575
2025-09-21,Syrup USDT,0.06601229684
2025-09-21,High Yield Secured Lending Maple Pool USDC1,0.1014965244
2025-09-20,Syrup USDC,0.06935230751
2025-09-20,Syrup USDT,0.0663977432
2025-09-20,High Yield Secured Lending Maple Pool USDC1,0.1016792776
2025-09-19,Syrup USDC,0.06933842483
2025-09-19,Syrup USDT,0.06678764278
2025-09-19,High Yield Secured Lending Maple Pool USDC1,0.102118425
2025-09-18,Syrup USDT,0.06719746096
2025-09-18,Syrup USDC,0.06932275845
2025-09-18,High Yield Secured Lending Maple Pool USDC1,0.1014582587
2025-09-17,Syrup USDC,0.06931517336
2025-09-17,Syrup USDT,0.06747214256
2025-09-17,High Yield Secured Lending Maple Pool USDC1,0.1016812535
2025-09-16,Syrup USDC,0.06932166048
2025-09-16,High Yield Secured Lending Maple Pool USDC1,0.102088382
2025-09-16,Syrup USDT,0.06753805751
2025-09-15,Syrup USDT,0.0676842249
2025-09-15,Syrup USDC,0.0693443054
2025-09-15,High Yield Secured Lending Maple Pool USDC1,0.1014872137
2025-09-14,Syrup USDT,0.06766767935
2025-09-14,Syrup USDC,0.06936906608
2025-09-14,High Yield Secured Lending Maple Pool USDC1,0.1017059205
2025-09-13,Syrup USDT,0.06768215143
2025-09-13,High Yield Secured Lending Maple Pool USDC1,0.1021713554
2025-09-13,Syrup USDC,0.06917622283
2025-09-12,High Yield Secured Lending Maple Pool USDC1,0.1015063235
2025-09-12,Syrup USDT,0.06771981508
2025-09-12,Syrup USDC,0.06913589557
2025-09-11,Syrup USDT,0.06772120727
2025-09-11,Syrup USDC,0.06916118827
2025-09-11,High Yield Secured Lending Maple Pool USDC1,0.1017199875
2025-09-10,Syrup USDT,0.06759678662
2025-09-10,Syrup USDC,0.06915291195
2025-09-10,High Yield Secured Lending Maple Pool USDC1,0.1028989908
2025-09-09,High Yield Secured Lending Maple Pool USDC1,0.1013574849
2025-09-09,Syrup USDT,0.06769504614
2025-09-09,Syrup USDC,0.06928000257
2025-09-08,High Yield Secured Lending Maple Pool USDC1,0.1016323448
2025-09-08,Syrup USDT,0.06761759705
2025-09-08,Syrup USDC,0.06922847517
2025-09-07,Syrup USDC,0.06919511719
2025-09-07,High Yield Secured Lending Maple Pool USDC1,0.1028343383
2025-09-07,Syrup USDT,0.06745711369
2025-09-06,Syrup USDT,0.06762107225
2025-09-06,High Yield Secured Lending Maple Pool USDC1,0.1013586777
2025-09-06,Syrup USDC,0.06920668318
2025-09-05,High Yield Secured Lending Maple Pool USDC1,0.1016410044
2025-09-05,Syrup USDT,0.06760001503
2025-09-05,Syrup USDC,0.06921170387
2025-09-04,High Yield Secured Lending Maple Pool USDC1,0.1020433491
2025-09-04,Syrup USDT,0.06757362498
2025-09-04,Syrup USDC,0.06916377847
2025-09-03,Syrup USDC,0.06916839042
2025-09-03,Syrup USDT,0.06767861544
2025-09-03,High Yield Secured Lending Maple Pool USDC1,0.10211456
2025-09-02,High Yield Secured Lending Maple Pool USDC1,0.1016331301
2025-09-02,Syrup USDC,0.06920176838
2025-09-02,Syrup USDT,0.06766833963
2025-09-01,High Yield Secured Lending Maple Pool USDC1,0.1017269215
2025-09-01,Syrup USDT,0.06753231989
2025-09-01,Syrup USDC,0.06923984368
2025-08-31,Syrup USDC,0.06927779477
2025-08-31,High Yield Secured Lending Maple Pool USDC1,0.1046066227
2025-08-31,Syrup USDT,0.06755706634
2025-08-30,Syrup USDC,0.06930116227
2025-08-30,High Yield Secured Lending Maple Pool USDC1,0.1036110636
2025-08-30,Syrup USDT,0.06758965003
2025-08-29,Syrup USDC,0.06932364065
2025-08-29,High Yield Secured Lending Maple Pool USDC1,0.1014990629
2025-08-29,Syrup USDT,0.06761152055
2025-08-28,High Yield Secured Lending Maple Pool USDC1,0.1037718311
2025-08-28,Syrup USDT,0.06761181582
2025-08-28,Syrup USDC,0.06935024488
2025-08-27,Syrup USDT,0.06762205134
2025-08-27,High Yield Secured Lending Maple Pool USDC1,0.1042435429
2025-08-27,Syrup USDC,0.06938138687
2025-08-26,High Yield Secured Lending Maple Pool USDC1,0.102196209
2025-08-26,Syrup USDT,0.06762407544
2025-08-26,Syrup USDC,0.06951660924
2025-08-25,Syrup USDC,0.06952249414
2025-08-25,High Yield Secured Lending Maple Pool USDC1,0.1031192102
2025-08-25,Syrup USDT,0.06763300319
2025-08-24,Syrup USDT,0.06766168213
2025-08-24,High Yield Secured Lending Maple Pool USDC1,0.1041817394
2025-08-24,Syrup USDC,0.06949441213
2025-08-23,High Yield Secured Lending Maple Pool USDC1,0.1029106392
2025-08-23,Syrup USDT,0.06770549648
2025-08-23,Syrup USDC,0.06946637291
2025-08-22,Syrup USDC,0.06947556548
2025-08-22,High Yield Secured Lending Maple Pool USDC1,0.1030527289
2025-08-22,Syrup USDT,0.06771859714
2025-08-21,Syrup USDC,0.06944714406
2025-08-21,High Yield Secured Lending Maple Pool USDC1,0.1047589867
2025-08-21,Syrup USDT,0.06773067268
2025-08-20,Syrup USDT,0.06774646373
2025-08-20,High Yield Secured Lending Maple Pool USDC1,0.1023028192
2025-08-20,Syrup USDC,0.06943466331
2025-08-19,High Yield Secured Lending Maple Pool USDC1,0.1030529256
2025-08-19,Syrup USDC,0.0694027394
2025-08-19,Syrup USDT,0.06776072334
2025-08-18,Syrup USDT,0.06776714983
2025-08-18,Syrup USDC,0.06936353946
2025-08-18,High Yield Secured Lending Maple Pool USDC1,0.1047125476
2025-08-17,Syrup USDC,0.06931234278
2025-08-17,High Yield Secured Lending Maple Pool USDC1,0.1023016434
2025-08-17,Syrup USDT,0.06777112259
2025-08-16,Syrup USDT,0.0673583144
2025-08-16,Syrup USDC,0.069251523
2025-08-16,High Yield Secured Lending Maple Pool USDC1,0.1022681555
2025-08-15,Syrup USDT,0.06734658288
2025-08-15,Syrup USDC,0.0691104112
2025-08-15,High Yield Secured Lending Maple Pool USDC1,0.104675072
2025-08-14,Syrup USDT,0.06731924926
2025-08-14,High Yield Secured Lending Maple Pool USDC1,0.1030098701
2025-08-14,Syrup USDC,0.06894489648
2025-08-13,Syrup USDT,0.06755684832
2025-08-13,High Yield Secured Lending Maple Pool USDC1,0.101837466
2025-08-13,Syrup USDC,0.06882210978
2025-08-12,Syrup USDC,0.06876626609
2025-08-12,Syrup USDT,0.06754863465
2025-08-12,High Yield Secured Lending Maple Pool USDC1,0.1042303617
2025-08-11,Syrup USDC,0.06862117535
2025-08-11,Syrup USDT,0.06766883802
2025-08-11,High Yield Secured Lending Maple Pool USDC1,0.1025744184
2025-08-10,Syrup USDC,0.06834968769
2025-08-10,High Yield Secured Lending Maple Pool USDC1,0.1011480901
2025-08-10,Syrup USDT,0.06756308637
2025-08-09,Syrup USDC,0.06821897338
2025-08-09,Syrup USDT,0.06761199447
2025-08-09,High Yield Secured Lending Maple Pool USDC1,0.103886683
2025-08-08,High Yield Secured Lending Maple Pool USDC1,0.1022098385
2025-08-08,Syrup USDT,0.06765490402
2025-08-08,Syrup USDC,0.06804172169
2025-08-07,Syrup USDT,0.06751963511
2025-08-07,Syrup USDC,0.06786078097
2025-08-07,High Yield Secured Lending Maple Pool USDC1,0.1007266083
2025-08-06,Syrup USDC,0.0678115582
2025-08-06,Syrup USDT,0.06755538869
2025-08-06,High Yield Secured Lending Maple Pool USDC1,0.1034510243
2025-08-05,High Yield Secured Lending Maple Pool USDC1,0.1025668291
2025-08-05,Syrup USDT,0.06759628678
2025-08-05,Syrup USDC,0.06764789608
2025-08-04,Syrup USDT,0.067511464
2025-08-04,Syrup USDC,0.06743624816
2025-08-04,High Yield Secured Lending Maple Pool USDC1,0.1003433248
2025-08-03,High Yield Secured Lending Maple Pool USDC1,0.1022409014
2025-08-03,Syrup USDC,0.06721280635
2025-08-03,Syrup USDT,0.0675389821
2025-08-02,Syrup USDT,0.06754672105
2025-08-02,Syrup USDC,0.0669931172
2025-08-02,High Yield Secured Lending Maple Pool USDC1,0.1024533127
2025-08-01,Syrup USDT,0.06755819396
2025-08-01,Syrup USDC,0.0666943072
2025-08-01,High Yield Secured Lending Maple Pool USDC1,0.1002851892
2025-07-31,Syrup USDC,0.06656649263
2025-07-31,High Yield Secured Lending Maple Pool USDC1,0.1013974653
2025-07-31,Syrup USDT,0.06756958741
2025-07-30,Syrup USDC,0.06630145965
2025-07-30,High Yield Secured Lending Maple Pool USDC1,0.1023853069
2025-07-30,Syrup USDT,0.06752199469
2025-07-29,Syrup USDC,0.06603687731
2025-07-29,High Yield Secured Lending Maple Pool USDC1,0.1006680514
2025-07-29,Syrup USDT,0.06745980219
2025-07-28,High Yield Secured Lending Maple Pool USDC1,0.1010166767
2025-07-28,Syrup USDC,0.06591415372
2025-07-28,Syrup USDT,0.0674063836
2025-07-27,Syrup USDT,0.06736798722
2025-07-27,Syrup USDC,0.06554605819
2025-07-27,High Yield Secured Lending Maple Pool USDC1,0.1014679355
2025-07-26,High Yield Secured Lending Maple Pool USDC1,0.1004882348
2025-07-26,Syrup USDT,0.06728416423
2025-07-26,Syrup USDC,0.06531250915
2025-07-25,Syrup USDC,0.06522362914
2025-07-25,Syrup USDT,0.06726298685
2025-07-25,High Yield Secured Lending Maple Pool USDC1,0.1006440249
2025-07-24,Syrup USDT,0.06729251202
2025-07-24,High Yield Secured Lending Maple Pool USDC1,0.1010975816
2025-07-24,Syrup USDC,0.0649788644
2025-07-23,High Yield Secured Lending Maple Pool USDC1,0.1001212993
2025-07-23,Syrup USDT,0.06735514195
2025-07-23,Syrup USDC,0.0646881122
2025-07-22,High Yield Secured Lending Maple Pool USDC1,0.1002591592
2025-07-22,Syrup USDC,0.06456709552
2025-07-22,Syrup USDT,0.06739850928
2025-07-21,Syrup USDC,0.06440268668
2025-07-21,Syrup USDT,0.06747330014
2025-07-21,High Yield Secured Lending Maple Pool USDC1,0.1012939842
2025-07-20,Syrup USDT,0.06752832776
2025-07-20,Syrup USDC,0.06424606235
2025-07-20,High Yield Secured Lending Maple Pool USDC1,0.09973797235
2025-07-19,High Yield Secured Lending Maple Pool USDC1,0.0998852317
2025-07-19,Syrup USDT,0.06758308092
2025-07-19,Syrup USDC,0.06406718338
2025-07-18,Syrup USDC,0.06390963214
2025-07-18,Syrup USDT,0.06761121301
2025-07-18,High Yield Secured Lending Maple Pool USDC1,0.1009125642
2025-07-17,Syrup USDT,0.06760815175
2025-07-17,High Yield Secured Lending Maple Pool USDC1,0.1000714489
2025-07-17,Syrup USDC,0.06374701512
2025-07-16,High Yield Secured Lending Maple Pool USDC1,0.09876822747
2025-07-16,Syrup USDC,0.06366450183
2025-07-16,Syrup USDT,0.06762533792
2025-07-15,Syrup USDT,0.06768544847
2025-07-15,Syrup USDC,0.06370812668
2025-07-15,High Yield Secured Lending Maple Pool USDC1,0.1005021106
2025-07-14,High Yield Secured Lending Maple Pool USDC1,0.1000420959
2025-07-14,Syrup USDT,0.06747314446
2025-07-14,Syrup USDC,0.06379410554
2025-07-13,Syrup USDT,0.06754633113
2025-07-13,High Yield Secured Lending Maple Pool USDC1,0.0983396507
2025-07-13,Syrup USDC,0.06379564018
2025-07-12,High Yield Secured Lending Maple Pool USDC1,0.1004911112
2025-07-12,Syrup USDT,0.06750754933
2025-07-12,Syrup USDC,0.06379220999
2025-07-11,Syrup USDC,0.06371822744
2025-07-11,High Yield Secured Lending Maple Pool USDC1,0.1004532274
2025-07-11,Syrup USDT,0.06745065551
2025-07-10,Syrup USDT,0.06741086562
2025-07-10,Syrup USDC,0.06404524603
2025-07-10,High Yield Secured Lending Maple Pool USDC1,0.09834463263
2025-07-09,Syrup USDT,0.06718969981
2025-07-09,Syrup USDC,0.06392060966
2025-07-09,High Yield Secured Lending Maple Pool USDC1,0.09969228796
2025-07-08,Syrup USDC,0.06376652324
2025-07-08,Syrup USDT,0.06706124452
2025-07-08,High Yield Secured Lending Maple Pool USDC1,0.1004558467
2025-07-07,Syrup USDT,0.06672606789
2025-07-07,Syrup USDC,0.063826559
2025-07-07,High Yield Secured Lending Maple Pool USDC1,0.09835192263
2025-07-06,High Yield Secured Lending Maple Pool USDC1,0.09947860999
2025-07-06,Syrup USDC,0.06388703286
2025-07-06,Syrup USDT,0.06638088087
2025-07-05,Syrup USDC,0.06397518447
2025-07-05,Syrup USDT,0.06603836845
2025-07-05,High Yield Secured Lending Maple Pool USDC1,0.09992384787
2025-07-04,Syrup USDC,0.06393862543
2025-07-04,Syrup USDT,0.06603893683
2025-07-04,High Yield Secured Lending Maple Pool USDC1,0.09910093188
2025-07-03,High Yield Secured Lending Maple Pool USDC1,0.09876232246
2025-07-03,Syrup USDT,0.06574603134
2025-07-03,Syrup USDC,0.0639218219
2025-07-02,High Yield Secured Lending Maple Pool USDC1,0.09990199159
2025-07-02,Syrup USDT,0.06544118177
2025-07-02,Syrup USDC,0.06435884544
2025-07-01,Syrup USDT,0.06513003229
2025-07-01,High Yield Secured Lending Maple Pool USDC1,0.09986026939
2025-07-01,Syrup USDC,0.064343428
2025-06-30,Syrup USDC,0.06429954213
2025-06-30,High Yield Secured Lending Maple Pool USDC1,0.09837695473
2025-06-30,Syrup USDT,0.06489926075
2025-06-29,High Yield Secured Lending Maple Pool USDC1,0.09877242365
2025-06-29,Syrup USDC,0.06447211285
2025-06-29,Syrup USDT,0.06467313211
2025-06-28,High Yield Secured Lending Maple Pool USDC1,0.09862146379
2025-06-28,Syrup USDT,0.06443578206
2025-06-28,Syrup USDC,0.06446834437
2025-06-27,Syrup USDT,0.06421255035
2025-06-27,High Yield Secured Lending Maple Pool USDC1,0.09775607825
2025-06-27,Syrup USDC,0.06462681054
2025-06-26,High Yield Secured Lending Maple Pool USDC1,0.09817560968
2025-06-26,Syrup USDT,0.06357688767
2025-06-26,Syrup USDC,0.06478028347
2025-06-25,High Yield Secured Lending Maple Pool USDC1,0.09745313374
2025-06-25,Syrup USDC,0.06478423348
2025-06-25,Syrup USDT,0.0631131515
2025-06-24,Syrup USDC,0.06493709468
2025-06-24,Syrup USDT,0.0625454609
2025-06-24,High Yield Secured Lending Maple Pool USDC1,0.09661723948
2025-06-23,Syrup USDC,0.06513232007
2025-06-23,Syrup USDT,0.06195100843
2025-06-23,High Yield Secured Lending Maple Pool USDC1,0.09703363705
2025-06-22,High Yield Secured Lending Maple Pool USDC1,0.09629883636
2025-06-22,Syrup USDC,0.06520376362
2025-06-22,Syrup USDT,0.06137016125
2025-06-21,Syrup USDC,0.0654171305
2025-06-21,Syrup USDT,0.06076982991
2025-06-21,High Yield Secured Lending Maple Pool USDC1,0.09547806903
2025-06-20,High Yield Secured Lending Maple Pool USDC1,0.09587142113
2025-06-20,Syrup USDC,0.06545500253
2025-06-20,Syrup USDT,0.06017429481
2025-06-19,Syrup USDT,0.0595837361
2025-06-19,Syrup USDC,0.06548067962
2025-06-19,High Yield Secured Lending Maple Pool USDC1,0.09482960327
2025-06-18,Syrup USDC,0.06567361076
2025-06-18,High Yield Secured Lending Maple Pool USDC1,0.09430192377
2025-06-18,Syrup USDT,0.05947671942
2025-06-17,Syrup USDT,0.05945881652
2025-06-17,Syrup USDC,0.06575144392
2025-06-17,High Yield Secured Lending Maple Pool USDC1,0.09472575651
2025-06-16,Syrup USDT,0.05944644025
2025-06-16,High Yield Secured Lending Maple Pool USDC1,0.09438372517
2025-06-16,Syrup USDC,0.06591247137
2025-06-15,High Yield Secured Lending Maple Pool USDC1,0.09293631138
2025-06-15,Syrup USDT,0.05942017818
2025-06-15,Syrup USDC,0.06600722928
2025-06-14,High Yield Secured Lending Maple Pool USDC1,0.09337255841
2025-06-14,Syrup USDC,0.0659873756
2025-06-14,Syrup USDT,0.05940068307
2025-06-13,Syrup USDT,0.05949429775
2025-06-13,High Yield Secured Lending Maple Pool USDC1,0.09336337281
2025-06-13,Syrup USDC,0.06604577858
2025-06-12,High Yield Secured Lending Maple Pool USDC1,0.09157778939
2025-06-12,Syrup USDT,0.0596584393
2025-06-12,Syrup USDC,0.06627063649
2025-06-11,Syrup USDC,0.06638236402
2025-06-11,High Yield Secured Lending Maple Pool USDC1,0.09196848012
2025-06-11,Syrup USDT,0.05979430633
2025-06-10,High Yield Secured Lending Maple Pool USDC1,0.09194394347
2025-06-10,Syrup USDC,0.06618589087
2025-06-10,Syrup USDT,0.05987486325
2025-06-09,High Yield Secured Lending Maple Pool USDC1,0.09095152173
2025-06-09,Syrup USDT,0.06014935352
2025-06-09,Syrup USDC,0.06669435265
2025-06-08,Syrup USDT,0.06035066867
2025-06-08,High Yield Secured Lending Maple Pool USDC1,0.09048701722
2025-06-08,Syrup USDC,0.06701817595
2025-06-07,Syrup USDC,0.06693310274
2025-06-07,High Yield Secured Lending Maple Pool USDC1,0.09047039068
2025-06-07,Syrup USDT,0.06076824417
2025-06-06,Syrup USDC,0.06724369242
2025-06-06,Syrup USDT,0.0611599559
2025-06-06,High Yield Secured Lending Maple Pool USDC1,0.08978438602
2025-06-05,High Yield Secured Lending Maple Pool USDC1,0.08886653582
2025-06-05,Syrup USDT,0.06170717219
2025-06-05,Syrup USDC,0.06735781753
2025-06-04,Syrup USDC,0.06749500065
2025-06-04,High Yield Secured Lending Maple Pool USDC1,0.08873040866
2025-06-04,Syrup USDT,0.06166226638
2025-06-03,High Yield Secured Lending Maple Pool USDC1,0.08952711029
2025-06-03,Syrup USDT,0.06197869965
2025-06-03,Syrup USDC,0.06790598168
2025-06-02,High Yield Secured Lending Maple Pool USDC1,0.08849278851
2025-06-02,Syrup USDT,0.06229757543
2025-06-02,Syrup USDC,0.06770279699
2025-06-01,Syrup USDC,0.06774354087
2025-06-01,High Yield Secured Lending Maple Pool USDC1,0.08737058741
2025-06-01,Syrup USDT,0.06263625215
2025-05-31,Syrup USDC,0.06802240973
2025-05-31,Syrup USDT,0.0629897191
2025-05-31,High Yield Secured Lending Maple Pool USDC1,0.08852059146
2025-05-30,High Yield Secured Lending Maple Pool USDC1,0.08823424014
2025-05-30,Syrup USDT,0.063456913
2025-05-30,Syrup USDC,0.06824144178
2025-05-29,High Yield Secured Lending Maple Pool USDC1,0.08721568137
2025-05-29,Syrup USDC,0.06830773883
2025-05-29,Syrup USDT,0.06382413036
2025-05-28,High Yield Secured Lending Maple Pool USDC1,0.08829877528
2025-05-28,Syrup USDC,0.06833484918
2025-05-28,Syrup USDT,0.06403572755
2025-05-27,Syrup USDT,0.06478153393
2025-05-27,Syrup USDC,0.06858451513
2025-05-27,High Yield Secured Lending Maple Pool USDC1,0.08804353287
2025-05-26,Syrup USDC,0.06863054667
2025-05-26,High Yield Secured Lending Maple Pool USDC1,0.08701369691
2025-05-26,Syrup USDT,0.06537617765
2025-05-25,High Yield Secured Lending Maple Pool USDC1,0.08808945312
2025-05-25,Syrup USDC,0.06868458047
2025-05-25,Syrup USDT,0.06603191883
2025-05-24,Syrup USDC,0.06871472563
2025-05-24,High Yield Secured Lending Maple Pool USDC1,0.08781974721
2025-05-24,Syrup USDT,0.06664750899
2025-05-23,Syrup USDT,0.06731273691
2025-05-23,High Yield Secured Lending Maple Pool USDC1,0.08680852652
2025-05-23,Syrup USDC,0.06883492092
2025-05-22,Syrup USDT,0.06808198532
2025-05-22,High Yield Secured Lending Maple Pool USDC1,0.08701411059
2025-05-22,Syrup USDC,0.06903077677
2025-05-21,Syrup USDC,0.06910011197
2025-05-21,High Yield Secured Lending Maple Pool USDC1,0.08751051744
2025-05-21,Syrup USDT,0.06888689876
2025-05-20,Syrup USDC,0.06904893229
2025-05-20,High Yield Secured Lending Maple Pool USDC1,0.08689910556
2025-05-20,Syrup USDT,0.06977514899
2025-05-19,Syrup USDC,0.06885293052
2025-05-19,Syrup USDT,0.07019216043
2025-05-19,High Yield Secured Lending Maple Pool USDC1,0.08683107121
2025-05-18,High Yield Secured Lending Maple Pool USDC1,0.08720801323
2025-05-18,Syrup USDT,0.0705605931
2025-05-18,Syrup USDC,0.06878589675
2025-05-17,High Yield Secured Lending Maple Pool USDC1,0.08667316032
2025-05-17,Syrup USDT,0.07088068188
2025-05-17,Syrup USDC,0.06864278396
2025-05-16,Syrup USDT,0.0712009054
2025-05-16,Syrup USDC,0.06848892061
2025-05-16,High Yield Secured Lending Maple Pool USDC1,0.08683070212
2025-05-15,Syrup USDT,0.07154027724
2025-05-15,High Yield Secured Lending Maple Pool USDC1,0.08718812817
2025-05-15,Syrup USDC,0.06846783162
2025-05-14,Syrup USDT,0.07171110719
2025-05-14,High Yield Secured Lending Maple Pool USDC1,0.08674287448
2025-05-14,Syrup USDC,0.06831966088
2025-05-13,Syrup USDC,0.06808344335
2025-05-13,High Yield Secured Lending Maple Pool USDC1,0.08683703696
2025-05-13,Syrup USDT,0.0718848208
2025-05-12,High Yield Secured Lending Maple Pool USDC1,0.08668826128
2025-05-12,Syrup USDT,0.07211762698
2025-05-12,Syrup USDC,0.06804660189
2025-05-11,High Yield Secured Lending Maple Pool USDC1,0.08681223375
2025-05-11,Syrup USDT,0.0724311869
2025-05-11,Syrup USDC,0.06792381518
2025-05-10,Syrup USDT,0.07274642838
2025-05-10,Syrup USDC,0.06759428571
2025-05-10,High Yield Secured Lending Maple Pool USDC1,0.08691111139
2025-05-09,Syrup USDC,0.06755733777
2025-05-09,Syrup USDT,0.07306292766
2025-05-09,High Yield Secured Lending Maple Pool USDC1,0.08682802572
2025-05-08,Syrup USDT,0.07345308547
2025-05-08,High Yield Secured Lending Maple Pool USDC1,0.08703714389
2025-05-08,Syrup USDC,0.06750832942
2025-05-07,High Yield Secured Lending Maple Pool USDC1,0.08702184922
2025-05-07,Syrup USDC,0.0672459874
2025-05-07,Syrup USDT,0.07385701383
2025-05-06,Syrup USDT,0.07374932913
2025-05-06,High Yield Secured Lending Maple Pool USDC1,0.08755807412
2025-05-06,Syrup USDC,0.06727641306
2025-05-05,Syrup USDT,0.07393610773
2025-05-05,High Yield Secured Lending Maple Pool USDC1,0.08744582701
2025-05-05,Syrup USDC,0.06743140955
2025-05-04,Syrup USDC,0.06728580287
2025-05-04,High Yield Secured Lending Maple Pool USDC1,0.08656752887
2025-05-04,Syrup USDT,0.07406037689
2025-05-03,High Yield Secured Lending Maple Pool USDC1,0.08764020317
2025-05-03,Syrup USDC,0.06736212413
2025-05-03,Syrup USDT,0.07417287083
2025-05-02,High Yield Secured Lending Maple Pool USDC1,0.08890572052
2025-05-02,Syrup USDT,0.07428419328
2025-05-02,Syrup USDC,0.06751897196
2025-05-01,High Yield Secured Lending Maple Pool USDC1,0.08828201038
2025-05-01,Syrup USDC,0.06760609875
2025-05-01,Syrup USDT,0.0743845213
2025-04-30,High Yield Secured Lending Maple Pool USDC1,0.08933804273
2025-04-30,Syrup USDC,0.06751313537
2025-04-30,Syrup USDT,0.07459423432
2025-04-29,Syrup USDC,0.06810846058
2025-04-29,High Yield Secured Lending Maple Pool USDC1,0.09112989082
2025-04-29,Syrup USDT,0.07485190027
2025-04-28,High Yield Secured Lending Maple Pool USDC1,0.08997202258
2025-04-28,Syrup USDT,0.07521560059
2025-04-28,Syrup USDC,0.06839947656
2025-04-27,Syrup USDT,0.07563102278
2025-04-27,High Yield Secured Lending Maple Pool USDC1,0.0904620906
2025-04-27,Syrup USDC,0.06830707302
2025-04-26,Syrup USDC,0.06840557903
2025-04-26,Syrup USDT,0.07597445482
2025-04-26,High Yield Secured Lending Maple Pool USDC1,0.09268448445
2025-04-25,Syrup USDC,0.06849442311
2025-04-25,High Yield Secured Lending Maple Pool USDC1,0.09210620044
2025-04-25,Syrup USDT,0.07632936119
2025-04-24,Syrup USDC,0.06860881256
2025-04-24,High Yield Secured Lending Maple Pool USDC1,0.09267260745
2025-04-24,Syrup USDT,0.07674305908
2025-04-23,Syrup USDC,0.06863656732
2025-04-23,Syrup USDT,0.07709142888
2025-04-23,High Yield Secured Lending Maple Pool USDC1,0.09422313245
2025-04-22,High Yield Secured Lending Maple Pool USDC1,0.09512519833
2025-04-22,Syrup USDT,0.07731352463
2025-04-22,Syrup USDC,0.06845363314
2025-04-21,Syrup USDT,0.07747226465
2025-04-21,High Yield Secured Lending Maple Pool USDC1,0.09496901275
2025-04-21,Syrup USDC,0.06858817815
2025-04-20,High Yield Secured Lending Maple Pool USDC1,0.09633499745
2025-04-20,Syrup USDT,0.07755733649
2025-04-20,Syrup USDC,0.06936304253
2025-04-19,Syrup USDC,0.06938616926
2025-04-19,Syrup USDT,0.07767375774
2025-04-19,High Yield Secured Lending Maple Pool USDC1,0.09733573753
2025-04-18,Syrup USDC,0.06952393484
2025-04-18,High Yield Secured Lending Maple Pool USDC1,0.09721653959
2025-04-18,Syrup USDT,0.07756522918
2025-04-17,Syrup USDT,0.07735963944
2025-04-17,Syrup USDC,0.07031854301
2025-04-17,High Yield Secured Lending Maple Pool USDC1,0.09792109661
2025-04-16,Syrup USDT,0.07724125473
2025-04-16,High Yield Secured Lending Maple Pool USDC1,0.09957731673
2025-04-16,Syrup USDC,0.0699854773
2025-04-15,Syrup USDC,0.06990020333
2025-04-15,Syrup USDT,0.07707457786
2025-04-15,High Yield Secured Lending Maple Pool USDC1,0.09915739336
2025-04-14,High Yield Secured Lending Maple Pool USDC1,0.09973062797
2025-04-14,Syrup USDT,0.07695055897
2025-04-14,Syrup USDC,0.07022337465
2025-04-13,Syrup USDC,0.07053133379
2025-04-13,Syrup USDT,0.07685577509
2025-04-13,High Yield Secured Lending Maple Pool USDC1,0.1017664147
2025-04-12,Syrup USDC,0.07039630314
2025-04-12,Syrup USDT,0.07711791353
2025-04-12,High Yield Secured Lending Maple Pool USDC1,0.1019547214
2025-04-11,High Yield Secured Lending Maple Pool USDC1,0.1019674061
2025-04-11,Syrup USDC,0.07082291451
2025-04-11,Syrup USDT,0.07692146939
2025-04-10,Syrup USDC,0.07205042142
2025-04-10,High Yield Secured Lending Maple Pool USDC1,0.1039848215
2025-04-10,Syrup USDT,0.0768075831
2025-04-09,High Yield Secured Lending Maple Pool USDC1,0.104166799
2025-04-09,Syrup USDC,0.0717418172
2025-04-09,Syrup USDT,0.07736131982
2025-04-08,Syrup USDC,0.07216682398
2025-04-08,High Yield Secured Lending Maple Pool USDC1,0.1040939317
2025-04-08,Syrup USDT,0.07757657368
2025-04-07,High Yield Secured Lending Maple Pool USDC1,0.1055716983
2025-04-07,Syrup USDC,0.07376779968
2025-04-07,Syrup USDT,0.07788776604
2025-04-06,Syrup USDT,0.07860937773
2025-04-06,High Yield Secured Lending Maple Pool USDC1,0.1077464312
2025-04-06,Syrup USDC,0.07432227548
2025-04-05,Syrup USDT,0.07981212434
2025-04-05,Syrup USDC,0.07441692742
2025-04-05,High Yield Secured Lending Maple Pool USDC1,0.1076460662
2025-04-04,High Yield Secured Lending Maple Pool USDC1,0.1085907819
2025-04-04,Syrup USDC,0.07596479081
2025-04-04,Syrup USDT,0.08052164368
2025-04-03,High Yield Secured Lending Maple Pool USDC1,0.1101551953
2025-04-03,Syrup USDC,0.07655680926
2025-04-03,Syrup USDT,0.08125412194
2025-04-02,Syrup USDT,0.08264239667
2025-04-02,High Yield Secured Lending Maple Pool USDC1,0.1100486936
2025-04-02,Syrup USDC,0.07729991233
2025-04-01,Syrup USDT,0.08322909293
2025-04-01,Syrup USDC,0.07813916975
2025-04-01,High Yield Secured Lending Maple Pool USDC1,0.1102303774
2025-03-31,High Yield Secured Lending Maple Pool USDC1,0.1124184559
2025-03-31,Syrup USDT,0.08360256833
2025-03-31,Syrup USDC,0.07907539408
2025-03-30,High Yield Secured Lending Maple Pool USDC1,0.1119092441
2025-03-30,Syrup USDT,0.08401839894
2025-03-30,Syrup USDC,0.0787242592
2025-03-29,Syrup USDC,0.07937764868
2025-03-29,Syrup USDT,0.08535495412
2025-03-29,High Yield Secured Lending Maple Pool USDC1,0.1125592511
2025-03-28,High Yield Secured Lending Maple Pool USDC1,0.1154277828
2025-03-28,Syrup USDC,0.08082068318
2025-03-28,Syrup USDT,0.08545905797
2025-03-27,Syrup USDT,0.08578047857
2025-03-27,High Yield Secured Lending Maple Pool USDC1,0.1143700263
2025-03-27,Syrup USDC,0.08122466446
2025-03-26,Syrup USDT,0.08644194821
2025-03-26,High Yield Secured Lending Maple Pool USDC1,0.1141410101
2025-03-26,Syrup USDC,0.08047250421
2025-03-25,Syrup USDC,0.08271923119
2025-03-25,High Yield Secured Lending Maple Pool USDC1,0.1160647209
2025-03-25,Syrup USDT,0.08743775812
2025-03-24,Syrup USDT,0.08842936293
2025-03-24,High Yield Secured Lending Maple Pool USDC1,0.1163842475
2025-03-24,Syrup USDC,0.08407984166
2025-03-23,High Yield Secured Lending Maple Pool USDC1,0.1162081309
2025-03-23,Syrup USDC,0.08329640784
2025-03-23,Syrup USDT,0.08943939018
2025-03-22,Syrup USDC,0.08555186592
2025-03-22,High Yield Secured Lending Maple Pool USDC1,0.1178831208
2025-03-22,Syrup USDT,0.09045001859
2025-03-21,Syrup USDC,0.08591452148
2025-03-21,High Yield Secured Lending Maple Pool USDC1,0.1183629735
2025-03-21,Syrup USDT,0.09151470918
2025-03-20,High Yield Secured Lending Maple Pool USDC1,0.1181948497
2025-03-20,Syrup USDC,0.08568743982
2025-03-20,Syrup USDT,0.09247679342
2025-03-19,High Yield Secured Lending Maple Pool USDC1,0.1192211903
2025-03-19,Syrup USDC,0.08748071401
2025-03-19,Syrup USDT,0.09377302902
2025-03-18,Syrup USDT,0.09518321841
2025-03-18,Syrup USDC,0.0884615787
2025-03-18,High Yield Secured Lending Maple Pool USDC1,0.1209039625
2025-03-17,High Yield Secured Lending Maple Pool USDC1,0.120776714
2025-03-17,Syrup USDC,0.08925334811
2025-03-17,Syrup USDT,0.09648985201
2025-03-16,Syrup USDC,0.0915836234
2025-03-16,High Yield Secured Lending Maple Pool USDC1,0.1225115238
2025-03-16,Syrup USDT,0.09781000969
2025-03-15,Syrup USDC,0.09338599674
2025-03-15,High Yield Secured Lending Maple Pool USDC1,0.1241047514
2025-03-15,Syrup USDT,0.0991265442
2025-03-14,High Yield Secured Lending Maple Pool USDC1,0.1237969595
2025-03-14,Syrup USDC,0.09355890855
2025-03-14,Syrup USDT,0.1004497159
2025-03-13,Syrup USDT,0.1013722502
2025-03-13,High Yield Secured Lending Maple Pool USDC1,0.1247007713
2025-03-13,Syrup USDC,0.09527745403
2025-03-12,High Yield Secured Lending Maple Pool USDC1,0.1263862349
2025-03-12,Syrup USDC,0.09897010425
2025-03-12,Syrup USDT,0.1026452658
2025-03-11,Syrup USDT,0.1041256146
2025-03-11,High Yield Secured Lending Maple Pool USDC1,0.1255235749
2025-03-11,Syrup USDC,0.09768492772
2025-03-10,High Yield Secured Lending Maple Pool USDC1,0.1272029098
2025-03-10,Syrup USDC,0.09915021034
2025-03-10,Syrup USDT,0.1044383655
2025-03-09,High Yield Secured Lending Maple Pool USDC1,0.1288875549
2025-03-09,Syrup USDT,0.104979704
2025-03-09,Syrup USDC,0.1048318366
2025-03-08,Syrup USDC,0.1033222078
2025-03-08,High Yield Secured Lending Maple Pool USDC1,0.1285040047
2025-03-08,Syrup USDT,0.1059737906
2025-03-07,Syrup USDC,0.103574119
2025-03-07,High Yield Secured Lending Maple Pool USDC1,0.1277144847
2025-03-07,Syrup USDT,0.1072099075
2025-03-06,High Yield Secured Lending Maple Pool USDC1,0.1299973842
2025-03-06,Syrup USDT,0.1079518581
2025-03-06,Syrup USDC,0.1084050968
2025-03-05,Syrup USDT,0.1092132679
2025-03-05,High Yield Secured Lending Maple Pool USDC1,0.1297641729
2025-03-05,Syrup USDC,0.1079929808
2025-03-04,High Yield Secured Lending Maple Pool USDC1,0.1289968156
2025-03-04,Syrup USDC,0.1082021654
2025-03-04,Syrup USDT,0.1105714182
2025-03-03,Syrup USDT,0.1108927782
2025-03-03,High Yield Secured Lending Maple Pool USDC1,0.1306541049
2025-03-03,Syrup USDC,0.1117039055
2025-03-02,Syrup USDC,0.1126295759
2025-03-02,High Yield Secured Lending Maple Pool USDC1,0.1311501013
2025-03-02,Syrup USDT,0.1120369893
2025-03-01,High Yield Secured Lending Maple Pool USDC1,0.1306775486
2025-03-01,Syrup USDC,0.1121874375
2025-03-01,Syrup USDT,0.1135827138
2025-02-28,Syrup USDC,0.1158960553
2025-02-28,Syrup USDT,0.115187302
2025-02-28,High Yield Secured Lending Maple Pool USDC1,0.1311736564
2025-02-27,Syrup USDT,0.1159239857
2025-02-27,Syrup USDC,0.117720024
2025-02-27,High Yield Secured Lending Maple Pool USDC1,0.1333020153
2025-02-26,Syrup USDT,0.1177514619
2025-02-26,Syrup USDC,0.11666856
2025-02-26,High Yield Secured Lending Maple Pool USDC1,0.1331081837
2025-02-25,Syrup USDC,0.1164734466
2025-02-25,High Yield Secured Lending Maple Pool USDC1,0.1337532678
2025-02-25,Syrup USDT,0.1193196696
2025-02-24,High Yield Secured Lending Maple Pool USDC1,0.1351619737
2025-02-24,Syrup USDT,0.1204985318
2025-02-24,Syrup USDC,0.1209284152
2025-02-23,Syrup USDT,0.1213733751
2025-02-23,Syrup USDC,0.1231317045
2025-02-23,High Yield Secured Lending Maple Pool USDC1,0.1338130691
2025-02-22,High Yield Secured Lending Maple Pool USDC1,0.1360399411
2025-02-22,Syrup USDT,0.1223016045
2025-02-22,Syrup USDC,0.1244176291
2025-02-21,Syrup USDT,0.123223012
2025-02-21,High Yield Secured Lending Maple Pool USDC1,0.1364911109
2025-02-21,Syrup USDC,0.1298110954
2025-02-20,Syrup USDT,0.1241848811
2025-02-20,Syrup USDC,0.1286044204
2025-02-20,High Yield Secured Lending Maple Pool USDC1,0.1363470228
2025-02-19,Syrup USDC,0.1280470653
2025-02-19,High Yield Secured Lending Maple Pool USDC1,0.1383463651
2025-02-19,Syrup USDT,0.1250764018
2025-02-18,Syrup USDT,0.1260064213
2025-02-18,Syrup USDC,0.1300807377
2025-02-18,High Yield Secured Lending Maple Pool USDC1,0.1388866283
2025-02-17,High Yield Secured Lending Maple Pool USDC1,0.1384629025
2025-02-17,Syrup USDT,0.1267664084
2025-02-17,Syrup USDC,0.1311190662
2025-02-16,High Yield Secured Lending Maple Pool USDC1,0.1377168177
2025-02-16,Syrup USDC,0.1350270278
2025-02-16,Syrup USDT,0.1275404181
2025-02-15,High Yield Secured Lending Maple Pool USDC1,0.1398353644
2025-02-15,Syrup USDT,0.128348711
2025-02-15,Syrup USDC,0.1368703442
2025-02-14,High Yield Secured Lending Maple Pool USDC1,0.1388406645
2025-02-14,Syrup USDT,0.1292219447
2025-02-14,Syrup USDC,0.1369779131
2025-02-13,Syrup USDC,0.1366767299
2025-02-13,Syrup USDT,0.1301029654
2025-02-13,High Yield Secured Lending Maple Pool USDC1,0.1394360733
2025-02-12,Syrup USDC,0.1374375521
2025-02-12,High Yield Secured Lending Maple Pool USDC1,0.1389288894
2025-02-12,Syrup USDT,0.1309613505
2025-02-11,Syrup USDC,0.1371250028
2025-02-11,Syrup USDT,0.1317760242
2025-02-11,High Yield Secured Lending Maple Pool USDC1,0.1406512711
2025-02-10,Syrup USDT,0.132662684
2025-02-10,High Yield Secured Lending Maple Pool USDC1,0.1400176941
2025-02-10,Syrup USDC,0.1355793509
2025-02-09,High Yield Secured Lending Maple Pool USDC1,0.140145412
2025-02-09,Syrup USDC,0.139054346
2025-02-09,Syrup USDT,0.1332747557
2025-02-08,High Yield Secured Lending Maple Pool USDC1,0.1417024897
2025-02-08,Syrup USDT,0.1343844455
2025-02-08,Syrup USDC,0.1411821665
2025-02-07,High Yield Secured Lending Maple Pool USDC1,0.1411094222
2025-02-07,Syrup USDT,0.1354667677
2025-02-07,Syrup USDC,0.137553627
2025-02-06,Syrup USDC,0.1393583088
2025-02-06,Syrup USDT,0.1360382049
2025-02-06,High Yield Secured Lending Maple Pool USDC1,0.1414159661
2025-02-05,Syrup USDC,0.1396271743
2025-02-05,Syrup USDT,0.1362887068
2025-02-05,High Yield Secured Lending Maple Pool USDC1,0.1411999639
2025-02-04,Syrup USDC,0.1355876113
2025-02-04,Syrup USDT,0.1364467175
2025-02-04,High Yield Secured Lending Maple Pool USDC1,0.1415936231
2025-02-03,High Yield Secured Lending Maple Pool USDC1,0.1423750153
2025-02-03,Syrup USDT,0.1365399443
2025-02-03,Syrup USDC,0.1346721894
2025-02-02,High Yield Secured Lending Maple Pool USDC1,0.1416071336
2025-02-02,Syrup USDT,0.136512513
2025-02-02,Syrup USDC,0.134177928
2025-02-01,Syrup USDT,0.1368498236
2025-02-01,Syrup USDC,0.1343175095
2025-02-01,High Yield Secured Lending Maple Pool USDC1,0.140558542
2025-01-31,High Yield Secured Lending Maple Pool USDC1,0.1409510051
2025-01-31,Syrup USDC,0.1368301096
2025-01-31,Syrup USDT,0.1371030398
2025-01-30,High Yield Secured Lending Maple Pool USDC1,0.1390802177
2025-01-30,Syrup USDT,0.1369337228
2025-01-30,Syrup USDC,0.1365848614
2025-01-29,High Yield Secured Lending Maple Pool USDC1,0.1391010913
2025-01-29,Syrup USDC,0.1365264561
2025-01-29,Syrup USDT,0.1367125825
2025-01-28,High Yield Secured Lending Maple Pool USDC1,0.1380031557
2025-01-28,Syrup USDT,0.1364081658
2025-01-28,Syrup USDC,0.1385624872
2025-01-27,Syrup USDC,0.1408405289
2025-01-27,High Yield Secured Lending Maple Pool USDC1,0.1358263104
2025-01-27,Syrup USDT,0.1361288741
2025-01-26,Syrup USDT,0.1358431512
2025-01-26,High Yield Secured Lending Maple Pool USDC1,0.1357936832
2025-01-26,Syrup USDC,0.1415347878
2025-01-25,Syrup USDC,0.1387112258
2025-01-25,High Yield Secured Lending Maple Pool USDC1,0.1356857957
2025-01-25,Syrup USDT,0.1355439349
2025-01-24,Syrup USDC,0.1361247897
2025-01-24,High Yield Secured Lending Maple Pool USDC1,0.135579874
2025-01-24,Syrup USDT,0.1351755211
2025-01-23,Syrup USDT,0.1347678776
2025-01-23,Syrup USDC,0.1344429108
2025-01-23,High Yield Secured Lending Maple Pool USDC1,0.1358360089
2025-01-22,High Yield Secured Lending Maple Pool USDC1,0.1385835303
2025-01-22,Syrup USDT,0.1343560923
2025-01-22,Syrup USDC,0.130149094
2025-01-21,High Yield Secured Lending Maple Pool USDC1,0.1426977322
2025-01-21,Syrup USDT,0.1339728677
2025-01-21,Syrup USDC,0.1301255891
2025-01-20,Syrup USDT,0.1364950469
2025-01-20,Syrup USDC,0.1300750209
2025-01-20,High Yield Secured Lending Maple Pool USDC1,0.1431575439
2025-01-19,Syrup USDC,0.1300404649
2025-01-19,Syrup USDT,0.1382937608
2025-01-19,High Yield Secured Lending Maple Pool USDC1,0.1457214107
2025-01-18,Syrup USDC,0.130378045
2025-01-18,High Yield Secured Lending Maple Pool USDC1,0.1482635578
2025-01-18,Syrup USDT,0.1383902057
2025-01-17,Syrup USDT,0.138473093
2025-01-17,Syrup USDC,0.130115937
2025-01-17,High Yield Secured Lending Maple Pool USDC1,0.1504900833
2025-01-16,High Yield Secured Lending Maple Pool USDC1,0.1502249877
2025-01-16,Syrup USDC,0.1330216113
2025-01-16,Syrup USDT,0.1385587472
2025-01-15,Syrup USDC,0.1357783016
2025-01-15,Syrup USDT,0.1386268048
2025-01-15,High Yield Secured Lending Maple Pool USDC1,0.1498610024
2025-01-14,Syrup USDC,0.1347220599
2025-01-14,Syrup USDT,0.1386706839
2025-01-14,High Yield Secured Lending Maple Pool USDC1,0.1482800265
2025-01-13,High Yield Secured Lending Maple Pool USDC1,0.1478658026
2025-01-13,Syrup USDT,0.1386242059
2025-01-13,Syrup USDC,0.1343345855
2025-01-12,Syrup USDC,0.1338733153
2025-01-12,Syrup USDT,0.1386354506
2025-01-12,High Yield Secured Lending Maple Pool USDC1,0.1455459186
2025-01-11,Syrup USDT,0.1381827885
2025-01-11,High Yield Secured Lending Maple Pool USDC1,0.1450628236
2025-01-11,Syrup USDC,0.1319993272
2025-01-10,Syrup USDC,0.1293446107
2025-01-10,High Yield Secured Lending Maple Pool USDC1,0.1443974519
2025-01-10,Syrup USDT,0.1378391641
2025-01-09,Syrup USDT,0.1374581365
2025-01-09,High Yield Secured Lending Maple Pool USDC1,0.1414489733
2025-01-09,Syrup USDC,0.1267394904
2025-01-08,Syrup USDC,0.1247602594
2025-01-08,High Yield Secured Lending Maple Pool USDC1,0.1408466422
2025-01-08,Syrup USDT,0.1371285417
2025-01-07,Syrup USDT,0.1367746655
2025-01-07,Syrup USDC,0.1235512746
2025-01-07,High Yield Secured Lending Maple Pool USDC1,0.1404095213
2025-01-06,Syrup USDC,0.1229933606
2025-01-06,Syrup USDT,0.136450877
2025-01-06,High Yield Secured Lending Maple Pool USDC1,0.1399976009
2025-01-05,Syrup USDC,0.1225127948
2025-01-05,High Yield Secured Lending Maple Pool USDC1,0.1380298807
2025-01-05,Syrup USDT,0.1395183158
2025-01-04,Syrup USDT,0.1391085964
2025-01-04,High Yield Secured Lending Maple Pool USDC1,0.1463265361
2025-01-04,Syrup USDC,0.1286468577
2025-01-03,Syrup USDT,0.1383045898
2025-01-03,High Yield Secured Lending Maple Pool USDC1,0.1455932932
2025-01-03,Syrup USDC,0.1348853341
2025-01-02,High Yield Secured Lending Maple Pool USDC1,0.1449795435
2025-01-02,Syrup USDC,0.1348795704
2025-01-02,Syrup USDT,0.1408884846
2025-01-01,Syrup USDC,0.1350430955
2025-01-01,Syrup USDT,0.145443741
2025-01-01,High Yield Secured Lending Maple Pool USDC1,0.14441648
2024-12-31,High Yield Secured Lending Maple Pool USDC1,0.1438788213
2024-12-31,Syrup USDT,0.1446405693
2024-12-31,Syrup USDC,0.1355973882
2024-12-30,Syrup USDC,0.1325565911
2024-12-30,High Yield Secured Lending Maple Pool USDC1,0.1432652161
2024-12-30,Syrup USDT,0.1438323586
2024-12-29,Syrup USDC,0.1307609171
2024-12-29,Syrup USDT,0.1430602681
2024-12-29,High Yield Secured Lending Maple Pool USDC1,0.1426588563
2024-12-28,Syrup USDT,0.1423071149
2024-12-28,High Yield Secured Lending Maple Pool USDC1,0.1420672317
2024-12-28,Syrup USDC,0.1327858725
2024-12-27,Syrup USDT,0.1415826862
2024-12-27,High Yield Secured Lending Maple Pool USDC1,0.1414825448
2024-12-27,Syrup USDC,0.1346346726
2024-12-26,Syrup USDC,0.1346449398
2024-12-26,Syrup USDT,0.1404794243
2024-12-26,High Yield Secured Lending Maple Pool USDC1,0.1408835688
2024-12-25,High Yield Secured Lending Maple Pool USDC1,0.1402223762
2024-12-25,Syrup USDT,0.1392747195
2024-12-25,Syrup USDC,0.1336103203
2024-12-24,High Yield Secured Lending Maple Pool USDC1,0.1369891259
2024-12-24,Syrup USDC,0.1343384078
2024-12-24,Syrup USDT,0.1377644651
2024-12-23,Syrup USDT,0.1362370181
2024-12-23,High Yield Secured Lending Maple Pool USDC1,0.1348400584
2024-12-23,Syrup USDC,0.134736063
2024-12-22,High Yield Secured Lending Maple Pool USDC1,0.1290204698
2024-12-22,Syrup USDT,0.1347340054
2024-12-22,Syrup USDC,0.1343189841
2024-12-21,High Yield Secured Lending Maple Pool USDC1,0.1298676568
2024-12-21,Syrup USDC,0.1347897648
2024-12-21,Syrup USDT,0.1353847226
2024-12-20,Syrup USDT,0.1374835026
2024-12-20,Syrup USDC,0.1347937531
2024-12-20,High Yield Secured Lending Maple Pool USDC1,0.1307125201
2024-12-19,Syrup USDC,0.1324081697
2024-12-19,High Yield Secured Lending Maple Pool USDC1,0.131562652
2024-12-19,Syrup USDT,0.140691945
2024-12-18,Syrup USDC,0.1280239416
2024-12-18,Syrup USDT,0.1389128403
2024-12-18,High Yield Secured Lending Maple Pool USDC1,0.1287088342
2024-12-17,High Yield Secured Lending Maple Pool USDC1,0.1287320865
2024-12-17,Syrup USDT,0.1385475009
2024-12-17,Syrup USDC,0.123912534
2024-12-16,Syrup USDC,0.1198084143
2024-12-16,Syrup USDT,0.1364594933
2024-12-16,High Yield Secured Lending Maple Pool USDC1,0.1283921117
2024-12-15,High Yield Secured Lending Maple Pool USDC1,0.1294848584
2024-12-15,Syrup USDC,0.1199900828
2024-12-15,Syrup USDT,0.1343924966
2024-12-14,High Yield Secured Lending Maple Pool USDC1,0.1333293195
2024-12-14,Syrup USDC,0.1201701705
2024-12-14,Syrup USDT,0.1322581428
2024-12-13,Syrup USDT,0.1299999792
2024-12-13,Syrup USDC,0.1203739191
2024-12-13,High Yield Secured Lending Maple Pool USDC1,0.1330855244
2024-12-12,High Yield Secured Lending Maple Pool USDC1,0.1356785299
2024-12-12,Syrup USDT,0.1282391343
2024-12-12,Syrup USDC,0.1205177483
2024-12-11,Syrup USDC,0.1206677529
2024-12-11,High Yield Secured Lending Maple Pool USDC1,0.139112727
2024-12-11,Syrup USDT,0.1262940495
2024-12-10,High Yield Secured Lending Maple Pool USDC1,0.1396114051
2024-12-10,Syrup USDC,0.1208580323
2024-12-10,Syrup USDT,0.1244691071
2024-12-09,Syrup USDC,0.1210945255
2024-12-09,Syrup USDT,0.1227001266
2024-12-09,High Yield Secured Lending Maple Pool USDC1,0.1397870649
2024-12-08,Syrup USDT,0.120872354
2024-12-08,High Yield Secured Lending Maple Pool USDC1,0.1387744849
2024-12-08,Syrup USDC,0.121107522
2024-12-07,High Yield Secured Lending Maple Pool USDC1,0.1377523139
2024-12-07,Syrup USDT,0.1190446546
2024-12-07,Syrup USDC,0.1210063842
2024-12-06,High Yield Secured Lending Maple Pool USDC1,0.1376056908
2024-12-06,Syrup USDC,0.1211900136
2024-12-06,Syrup USDT,0.1138274284
2024-12-05,High Yield Secured Lending Maple Pool USDC1,0.1280142008
2024-12-05,Syrup USDC,0.1155434568
2024-12-05,Syrup USDT,0.1120526111
2024-12-04,Syrup USDC,0.1098218202
2024-12-04,Syrup USDT,0.1111182583
2024-12-04,High Yield Secured Lending Maple Pool USDC1,0.1273835903
2024-12-03,High Yield Secured Lending Maple Pool USDC1,0.1277578375
2024-12-03,Syrup USDT,0.1064753436
2024-12-03,Syrup USDC,0.1062017577
2024-12-02,High Yield Secured Lending Maple Pool USDC1,0.127156421
2024-12-02,Syrup USDC,0.1024371257
2024-12-02,Syrup USDT,0.1020963873
2024-12-01,Syrup USDT,0.1029558536
2024-12-01,Syrup USDC,0.1024386743
2024-12-01,High Yield Secured Lending Maple Pool USDC1,0.1265365409
2024-11-30,Syrup USDC,0.10239562
2024-11-30,Syrup USDT,0.1038419938
2024-11-30,High Yield Secured Lending Maple Pool USDC1,0.128687804
2024-11-29,Syrup USDT,0.1047111405
2024-11-29,Syrup USDC,0.1003486343
2024-11-29,High Yield Secured Lending Maple Pool USDC1,0.1280374932
2024-11-28,High Yield Secured Lending Maple Pool USDC1,0.1273944075
2024-11-28,Syrup USDT,0.1054495552
2024-11-28,Syrup USDC,0.0964380335
2024-11-27,Syrup USDT,0.1039996195
2024-11-27,High Yield Secured Lending Maple Pool USDC1,0.1267476831
2024-11-27,Syrup USDC,0.09449069123
2024-11-26,High Yield Secured Lending Maple Pool USDC1,0.1261150938
2024-11-26,Syrup USDC,0.09427939259
2024-11-26,Syrup USDT,0.1029770941
2024-11-25,Syrup USDC,0.09399540413
2024-11-25,High Yield Secured Lending Maple Pool USDC1,0.1255419308
2024-11-25,Syrup USDT,0.1022053805
2024-11-24,High Yield Secured Lending Maple Pool USDC1,0.1249747339
2024-11-24,Syrup USDT,0.1040441089
2024-11-24,Syrup USDC,0.09379553825
2024-11-23,Syrup USDC,0.09383118131
2024-11-23,High Yield Secured Lending Maple Pool USDC1,0.1246562357
2024-11-23,Syrup USDT,0.1035112219
2024-11-22,Syrup USDC,0.09389814781
2024-11-22,High Yield Secured Lending Maple Pool USDC1,0.1241991235
2024-11-22,Syrup USDT,0.1028991975
2024-11-21,Syrup USDC,0.09395660545
2024-11-21,Syrup USDT,0.0974934968
2024-11-21,High Yield Secured Lending Maple Pool USDC1,0.119681935
2024-11-20,Syrup USDT,0.094404927
2024-11-20,High Yield Secured Lending Maple Pool USDC1,0.1193878602
2024-11-20,Syrup USDC,0.09470669521
2024-11-19,Syrup USDT,0.08872594738
2024-11-19,High Yield Secured Lending Maple Pool USDC1,0.1147992213
2024-11-19,Syrup USDC,0.09434483304
2024-11-18,Syrup USDC,0.09399768424
2024-11-18,High Yield Secured Lending Maple Pool USDC1,0.1142605758
2024-11-18,Syrup USDT,0.08784937055
2024-11-17,Syrup USDT,0.08560722102
2024-11-17,Syrup USDC,0.09373915151
2024-11-17,High Yield Secured Lending Maple Pool USDC1,0.1110087995
2024-11-16,Syrup USDC,0.09556665923
2024-11-16,High Yield Secured Lending Maple Pool USDC1,0.1140741648
2024-11-16,Syrup USDT,0.08776689411
2024-11-15,High Yield Secured Lending Maple Pool USDC1,0.1124162539
2024-11-15,Syrup USDT,0.08723176235
2024-11-15,Syrup USDC,0.09551075837
2024-11-14,High Yield Secured Lending Maple Pool USDC1,0.1080035612
2024-11-14,Syrup USDT,0.08687371817
2024-11-14,Syrup USDC,0.09538562234
2024-11-13,Syrup USDT,0.08896635078
2024-11-13,High Yield Secured Lending Maple Pool USDC1,0.1138018444
2024-11-13,Syrup USDC,0.09713339732
2024-11-12,Syrup USDT,0.08855598436
2024-11-12,Syrup USDC,0.09688226792
2024-11-12,High Yield Secured Lending Maple Pool USDC1,0.110739086
2024-11-11,High Yield Secured Lending Maple Pool USDC1,0.1070741421
2024-11-11,Syrup USDC,0.09675669564
2024-11-11,Syrup USDT,0.08821108681
2024-11-10,Syrup USDC,0.09660750617
2024-11-10,Syrup USDT,0.08777020843
2024-11-10,High Yield Secured Lending Maple Pool USDC1,0.106097987
2024-11-09,High Yield Secured Lending Maple Pool USDC1,0.1130806337
2024-11-09,Syrup USDC,0.09790953679
2024-11-09,Syrup USDT,0.08919218248
2024-11-08,Syrup USDT,0.08884657358
2024-11-08,Syrup USDC,0.09794687059
2024-11-08,High Yield Secured Lending Maple Pool USDC1,0.1134505854
2024-11-07,High Yield Secured Lending Maple Pool USDC1,0.1137972121
2024-11-07,Syrup USDT,0.08849953607
2024-11-07,Syrup USDC,0.09957945401
2024-11-06,High Yield Secured Lending Maple Pool USDC1,0.1132823959
2024-11-06,Syrup USDT,0.09300193918
2024-11-06,Syrup USDC,0.09899678784
2024-11-05,High Yield Secured Lending Maple Pool USDC1,0.1135621936
2024-11-05,Syrup USDC,0.09852505642
2024-11-05,Syrup USDT,0.09258368217
2024-11-04,Syrup USDC,0.09812629799
2024-11-04,Syrup USDT,0.09173720149
2024-11-04,High Yield Secured Lending Maple Pool USDC1,0.1138466184
2024-11-03,Syrup USDT,0.09135376971
2024-11-03,Syrup USDC,0.09767126651
2024-11-03,High Yield Secured Lending Maple Pool USDC1,0.1131400438
2024-11-02,Syrup USDC,0.09736053483
2024-11-02,Syrup USDT,0.08896326253
2024-11-02,High Yield Secured Lending Maple Pool USDC1,0.1134115334
2024-11-01,Syrup USDC,0.09687472183
2024-11-01,High Yield Secured Lending Maple Pool USDC1,0.1136834469
2024-11-01,Syrup USDT,0.0865263884
2024-10-31,Syrup USDT,0.08822641692
2024-10-31,Syrup USDC,0.0984744681
2024-10-31,High Yield Secured Lending Maple Pool USDC1,0.1218545014
2024-10-30,Syrup USDT,0.08561096743
2024-10-30,High Yield Secured Lending Maple Pool USDC1,0.1221290202
2024-10-30,Syrup USDC,0.09797046434
2024-10-29,Syrup USDC,0.09754968852
2024-10-29,Syrup USDT,0.08312716379
2024-10-29,High Yield Secured Lending Maple Pool USDC1,0.1223187765
2024-10-28,High Yield Secured Lending Maple Pool USDC1,0.1225288397
2024-10-28,Syrup USDT,0.08278763412
2024-10-28,Syrup USDC,0.09710563524
2024-10-27,Syrup USDC,0.0967430328
2024-10-27,Syrup USDT,0.08242409123
2024-10-27,High Yield Secured Lending Maple Pool USDC1,0.1227383679
2024-10-26,Syrup USDC,0.09909628564
2024-10-26,Syrup USDT,0.08738813263
2024-10-26,High Yield Secured Lending Maple Pool USDC1,0.1291290961
2024-10-25,High Yield Secured Lending Maple Pool USDC1,0.1293495292
2024-10-25,Syrup USDC,0.09776053261
2024-10-25,Syrup USDT,0.08455233852
2024-10-24,High Yield Secured Lending Maple Pool USDC1,0.1351376449
2024-10-24,Syrup USDC,0.09983611057
2024-10-24,Syrup USDT,0.08406701443
2024-10-23,Syrup USDC,0.09949373053
2024-10-23,Syrup USDT,0.08897983516
2024-10-23,High Yield Secured Lending Maple Pool USDC1,0.1352650061
2024-10-22,Syrup USDT,0.08840531432
2024-10-22,High Yield Secured Lending Maple Pool USDC1,0.1411109491
2024-10-22,Syrup USDC,0.09913764248
2024-10-21,Syrup USDC,0.09736011878
2024-10-21,High Yield Secured Lending Maple Pool USDC1,0.1369545408
2024-10-21,Syrup USDT,0.08493370069
2024-10-20,Syrup USDT,0.08455636527
2024-10-20,Syrup USDC,0.09747903501
2024-10-20,High Yield Secured Lending Maple Pool USDC1,0.1371748904
2024-10-19,High Yield Secured Lending Maple Pool USDC1,0.1373958688
2024-10-19,Syrup USDC,0.09958698058
2024-10-19,Syrup USDT,0.08911915563
2024-10-18,Syrup USDT,0.08860492253
2024-10-18,High Yield Secured Lending Maple Pool USDC1,0.1376195634
2024-10-18,Syrup USDC,0.09955640345
2024-10-17,Syrup USDT,0.08532291294
2024-10-17,Syrup USDC,0.09743786125
2024-10-17,High Yield Secured Lending Maple Pool USDC1,0.1342710719
2024-10-16,Syrup USDT,0.09031821653
2024-10-16,High Yield Secured Lending Maple Pool USDC1,0.1372924105
2024-10-16,Syrup USDC,0.09969870871
2024-10-15,Syrup USDT,0.08964320774
2024-10-15,Syrup USDC,0.09968432727
2024-10-15,High Yield Secured Lending Maple Pool USDC1,0.1374137788
2024-10-14,High Yield Secured Lending Maple Pool USDC1,0.1312254906
2024-10-14,Syrup USDC,0.09785195148
2024-10-14,Syrup USDT,0.08665748456
2024-10-13,Syrup USDT,0.08618464128
2024-10-13,Syrup USDC,0.09810449444
2024-10-13,High Yield Secured Lending Maple Pool USDC1,0.1312724062
2024-10-12,Syrup USDT,0.09362398575
2024-10-12,Syrup USDC,0.0998211086
2024-10-12,High Yield Secured Lending Maple Pool USDC1,0.1375266537
2024-10-11,Syrup USDT,0.09249523012
2024-10-11,Syrup USDC,0.1000158233
2024-10-11,High Yield Secured Lending Maple Pool USDC1,0.137549995
2024-10-10,High Yield Secured Lending Maple Pool USDC1,0.129846567
2024-10-10,Syrup USDC,0.09878652129
2024-10-10,Syrup USDT,0.094838265
2024-10-09,High Yield Secured Lending Maple Pool USDC1,0.141896913
2024-10-09,Syrup USDC,0.1081015125
2024-10-09,Syrup USDT,0.09394302525
2024-10-08,Syrup USDT,0.09311568728
2024-10-08,High Yield Secured Lending Maple Pool USDC1,0.1418033477
2024-10-08,Syrup USDC,0.106703785
2024-10-07,Syrup USDT,0.08756212206
2024-10-07,Syrup USDC,0.1073187926
2024-10-07,High Yield Secured Lending Maple Pool USDC1,0.1417589041
2024-10-06,High Yield Secured Lending Maple Pool USDC1,0.1417100608
2024-10-06,Syrup USDT,0.08694325531
2024-10-06,Syrup USDC,0.1078491488
2024-10-05,High Yield Secured Lending Maple Pool USDC1,0.1415713682
2024-10-05,Syrup USDT,0.08501829591
2024-10-05,Syrup USDC,0.1083145635
2024-10-04,High Yield Secured Lending Maple Pool USDC1,0.145203977
2024-10-04,Syrup USDC,0.1100921456
2024-10-03,Syrup USDC,0.111541047
2024-10-03,High Yield Secured Lending Maple Pool USDC1,0.1520871879
2024-10-02,Syrup USDC,0.1118189543
2024-10-02,High Yield Secured Lending Maple Pool USDC1,0.1521339772
2024-10-01,Syrup USDC,0.1100700856
2024-10-01,High Yield Secured Lending Maple Pool USDC1,0.1412197732
2024-09-30,High Yield Secured Lending Maple Pool USDC1,0.1412480542
2024-09-30,Syrup USDC,0.1104435859
2024-09-29,Syrup USDC,0.1108702543
2024-09-29,High Yield Secured Lending Maple Pool USDC1,0.1413536742
2024-09-28,High Yield Secured Lending Maple Pool USDC1,0.1476877939
2024-09-28,Syrup USDC,0.1122194279
2024-09-27,Syrup USDC,0.1127047898
2024-09-27,High Yield Secured Lending Maple Pool USDC1,0.1477978989
2024-09-26,High Yield Secured Lending Maple Pool USDC1,0.1416415707
2024-09-26,Syrup USDC,0.1105474049
2024-09-25,High Yield Secured Lending Maple Pool USDC1,0.1508218656
2024-09-25,Syrup USDC,0.1127131783
2024-09-24,Syrup USDC,0.1105908907
2024-09-24,High Yield Secured Lending Maple Pool USDC1,0.143871275
2024-09-23,Syrup USDC,0.1108888212
2024-09-23,High Yield Secured Lending Maple Pool USDC1,0.1439089795
2024-09-22,Syrup USDC,0.1111978157
2024-09-22,High Yield Secured Lending Maple Pool USDC1,0.138212214
2024-09-21,Syrup USDC,0.1132042295
2024-09-21,High Yield Secured Lending Maple Pool USDC1,0.142934596
2024-09-20,Syrup USDC,0.1131106747
2024-09-20,High Yield Secured Lending Maple Pool USDC1,0.1430003915
2024-09-19,High Yield Secured Lending Maple Pool USDC1,0.15187684
2024-09-19,Syrup USDC,0.1146247306
2024-09-18,High Yield Secured Lending Maple Pool USDC1,0.1519699159
2024-09-18,Syrup USDC,0.1145021258
2024-09-17,High Yield Secured Lending Maple Pool USDC1,0.1520718813
2024-09-17,Syrup USDC,0.1144185141
2024-09-16,High Yield Secured Lending Maple Pool USDC1,0.1491270963
2024-09-16,Syrup USDC,0.1118728991
2024-09-15,High Yield Secured Lending Maple Pool USDC1,0.1492169433
2024-09-15,Syrup USDC,0.1117531427
2024-09-14,High Yield Secured Lending Maple Pool USDC1,0.1582557179
2024-09-14,Syrup USDC,0.1147827152
2024-09-13,Syrup USDC,0.1149328954
2024-09-13,High Yield Secured Lending Maple Pool USDC1,0.1582716424
2024-09-12,Syrup USDC,0.1128362193
2024-09-12,High Yield Secured Lending Maple Pool USDC1,0.151907343
2024-09-11,High Yield Secured Lending Maple Pool USDC1,0.1630758491
2024-09-11,Syrup USDC,0.1208206351
2024-09-10,High Yield Secured Lending Maple Pool USDC1,0.163138303
2024-09-10,Syrup USDC,0.1201839074
2024-09-09,Syrup USDC,0.1103559758
2024-09-09,High Yield Secured Lending Maple Pool USDC1,0.1509698431
2024-09-08,High Yield Secured Lending Maple Pool USDC1,0.1511716759
2024-09-08,Syrup USDC,0.1098361197
2024-09-07,High Yield Secured Lending Maple Pool USDC1,0.1590968318
2024-09-07,Syrup USDC,0.1092366136
2024-09-06,High Yield Secured Lending Maple Pool USDC1,0.1592481375
2024-09-06,Syrup USDC,0.1086194699
2024-09-05,High Yield Secured Lending Maple Pool USDC1,0.1594851487
2024-09-05,Syrup USDC,0.1084606191
2024-09-04,High Yield Secured Lending Maple Pool USDC1,0.1617772211
2024-09-04,Syrup USDC,0.1112547867
2024-09-03,Syrup USDC,0.1098762281
2024-09-03,High Yield Secured Lending Maple Pool USDC1,0.1549267411
2024-09-02,Syrup USDC,0.1100190869
2024-09-02,High Yield Secured Lending Maple Pool USDC1,0.1549740011
2024-09-01,High Yield Secured Lending Maple Pool USDC1,0.1550416328
2024-09-01,Syrup USDC,0.1101780913
2024-08-31,Syrup USDC,0.114202721
2024-08-31,High Yield Secured Lending Maple Pool USDC1,0.1685092505
2024-08-30,Syrup USDC,0.1142833151
2024-08-30,High Yield Secured Lending Maple Pool USDC1,0.1685876118
2024-08-29,Syrup USDC,0.11352112
2024-08-29,High Yield Secured Lending Maple Pool USDC1,0.1623157696
2024-08-28,High Yield Secured Lending Maple Pool USDC1,0.1766187456
2024-08-28,Syrup USDC,0.1244360112
2024-08-27,Syrup USDC,0.1244238684
2024-08-27,High Yield Secured Lending Maple Pool USDC1,0.1766729283
2024-08-26,High Yield Secured Lending Maple Pool USDC1,0.1674602886
2024-08-26,Syrup USDC,0.1229848157
2024-08-25,High Yield Secured Lending Maple Pool USDC1,0.1675806851
2024-08-25,Syrup USDC,0.1232426095
2024-08-24,Syrup USDC,0.1297481817
2024-08-24,High Yield Secured Lending Maple Pool USDC1,0.1752698836
2024-08-23,Syrup USDC,0.129781595
2024-08-23,High Yield Secured Lending Maple Pool USDC1,0.1753427089
2024-08-22,High Yield Secured Lending Maple Pool USDC1,0.1844173708
2024-08-22,Syrup USDC,0.1384915304
2024-08-21,High Yield Secured Lending Maple Pool USDC1,0.1844645919
2024-08-21,Syrup USDC,0.1388278067
2024-08-20,Syrup USDC,0.1352275852
2024-08-20,High Yield Secured Lending Maple Pool USDC1,0.175421942
2024-08-19,High Yield Secured Lending Maple Pool USDC1,0.1754001428
2024-08-19,Syrup USDC,0.1354428832
2024-08-18,Syrup USDC,0.1356548018
2024-08-18,High Yield Secured Lending Maple Pool USDC1,0.1753904764
2024-08-17,High Yield Secured Lending Maple Pool USDC1,0.1802970965
2024-08-17,Syrup USDC,0.141343304
2024-08-16,High Yield Secured Lending Maple Pool USDC1,0.1802180136
2024-08-16,Syrup USDC,0.1415362239
2024-08-15,High Yield Secured Lending Maple Pool USDC1,0.1710012683
2024-08-15,Syrup USDC,0.1383104721
2024-08-14,High Yield Secured Lending Maple Pool USDC1,0.1854705636
2024-08-14,Syrup USDC,0.1536629299
2024-08-13,Syrup USDC,0.1542007494
2024-08-13,High Yield Secured Lending Maple Pool USDC1,0.1855618214
2024-08-12,High Yield Secured Lending Maple Pool USDC1,0.1742712306
2024-08-12,Syrup USDC,0.1459929437
2024-08-11,Syrup USDC,0.1468067827
2024-08-11,High Yield Secured Lending Maple Pool USDC1,0.1742959075
2024-08-10,Syrup USDC,0.1542678034
2024-08-10,High Yield Secured Lending Maple Pool USDC1,0.1895452778
2024-08-09,High Yield Secured Lending Maple Pool USDC1,0.1895971242
2024-08-09,Syrup USDC,0.1547689208
2024-08-08,Syrup USDC,0.1558139588
2024-08-08,High Yield Secured Lending Maple Pool USDC1,0.1816796675
2024-08-07,Syrup USDC,0.1688921355
2024-08-07,High Yield Secured Lending Maple Pool USDC1,0.1940590202
2024-08-06,High Yield Secured Lending Maple Pool USDC1,0.1937902242
2024-08-06,Syrup USDC,0.1692143975
2024-08-05,High Yield Secured Lending Maple Pool USDC1,0.1875124429
2024-08-05,Syrup USDC,0.1650403313
2024-08-04,Syrup USDC,0.1656909307
2024-08-04,High Yield Secured Lending Maple Pool USDC1,0.187273244
2024-08-03,Syrup USDC,0.1661980411
2024-08-03,High Yield Secured Lending Maple Pool USDC1,0.1870291655
2024-08-02,Syrup USDC,0.1666596732
2024-08-02,High Yield Secured Lending Maple Pool USDC1,0.1867850199
