month,maple_management_fee,maple_service_fee
2023-06-01 00:00:00.000 UTC,30.728107,0
2023-06-01 00:00:00.000 UTC,24.620087,0
2023-06-01 00:00:00.000 UTC,25.293307,0
2023-06-01 00:00:00.000 UTC,89.459854,0
2023-06-01 00:00:00.000 UTC,33.328528,0
2023-07-01 00:00:00.000 UTC,238.297963,0
2023-07-01 00:00:00.000 UTC,45.421032,0
2023-07-01 00:00:00.000 UTC,537.921442,0
2023-07-01 00:00:00.000 UTC,140.572209,0
2023-07-01 00:00:00.000 UTC,44.41448,0
2023-07-01 00:00:00.000 UTC,96.329412,0
2023-07-01 00:00:00.000 UTC,112.837727,0
2023-07-01 00:00:00.000 UTC,40.829537,0
2023-07-01 00:00:00.000 UTC,616.836707,0
2023-08-01 00:00:00.000 UTC,297.056795,0
2023-08-01 00:00:00.000 UTC,100.489012,0
2023-08-01 00:00:00.000 UTC,327.345076,0
2023-08-01 00:00:00.000 UTC,81.099314,0
2023-08-01 00:00:00.000 UTC,291.486356,0
2023-08-01 00:00:00.000 UTC,157.649481,0
2023-08-01 00:00:00.000 UTC,756.593061,0
2023-08-01 00:00:00.000 UTC,13.715967,0
2023-08-01 00:00:00.000 UTC,91.635748,0
2023-08-01 00:00:00.000 UTC,266.39836,0
2023-09-01 00:00:00.000 UTC,71.999619,35.121765
2023-09-01 00:00:00.000 UTC,800.587277,0
2023-09-01 00:00:00.000 UTC,39.759951,14.919306
2023-09-01 00:00:00.000 UTC,461.878845,752.691452
2023-09-01 00:00:00.000 UTC,350.000788,0
2023-09-01 00:00:00.000 UTC,416.766854,679.175614
2023-09-01 00:00:00.000 UTC,452.322733,0
2023-09-01 00:00:00.000 UTC,109.905715,0
2023-09-01 00:00:00.000 UTC,17.75321,8.660102
2023-09-01 00:00:00.000 UTC,89.788514,0
2023-09-01 00:00:00.000 UTC,126.898477,0
2023-09-01 00:00:00.000 UTC,478.716277,0
2023-09-01 00:00:00.000 UTC,1187.686527,0
2023-09-01 00:00:00.000 UTC,889.15314,1448.990303
2023-10-01 00:00:00.000 UTC,121.567595,0
2023-10-01 00:00:00.000 UTC,5.549409,0
2023-10-01 00:00:00.000 UTC,62.459289,0
2023-10-01 00:00:00.000 UTC,804.815087,1311.550513
2023-10-01 00:00:00.000 UTC,80.823557,0
2023-10-01 00:00:00.000 UTC,1023.381853,0
2023-10-01 00:00:00.000 UTC,42.844695,69.820986
2023-10-01 00:00:00.000 UTC,723.930753,0
2023-10-01 00:00:00.000 UTC,139.014203,0
2023-10-01 00:00:00.000 UTC,154.834082,0
2023-10-01 00:00:00.000 UTC,420.353252,685.020115
2023-10-01 00:00:00.000 UTC,486.592687,0
2023-10-01 00:00:00.000 UTC,93.283763,0
2023-10-01 00:00:00.000 UTC,337.921714,0
2023-10-01 00:00:00.000 UTC,424.231484,691.340196
2023-10-01 00:00:00.000 UTC,22.780235,37.123346
2023-10-01 00:00:00.000 UTC,509.586486,0
2023-10-01 00:00:00.000 UTC,1.528022,2.49011
2023-10-01 00:00:00.000 UTC,0.06589,0.107376
2023-10-01 00:00:00.000 UTC,3225.458143,1573.394216
2023-10-01 00:00:00.000 UTC,214.302291,349.233363
2023-10-01 00:00:00.000 UTC,257.775871,0
2023-10-01 00:00:00.000 UTC,29.83132,14.551863
2023-10-01 00:00:00.000 UTC,14.953389,24.368485
2023-10-01 00:00:00.000 UTC,118.585397,0
2023-10-01 00:00:00.000 UTC,189.139377,308.227134
2023-10-01 00:00:00.000 UTC,351.730636,573.190666
2023-10-01 00:00:00.000 UTC,146.76767,0
2023-10-01 00:00:00.000 UTC,519.327459,0
2023-11-01 00:00:00.000 UTC,1.044279,0
2023-11-01 00:00:00.000 UTC,884.670691,1441.68557
2023-11-01 00:00:00.000 UTC,3.316315,0
2023-11-01 00:00:00.000 UTC,28.464042,13.884898
2023-11-01 00:00:00.000 UTC,755.319826,0
2023-11-01 00:00:00.000 UTC,180.495281,0
2023-11-01 00:00:00.000 UTC,0.670716,0
2023-11-01 00:00:00.000 UTC,140.709504,229.304378
2023-11-01 00:00:00.000 UTC,2034.804414,992.587519
2023-11-01 00:00:00.000 UTC,92.41413,0
2023-11-01 00:00:00.000 UTC,865.800855,1410.934727
2023-11-01 00:00:00.000 UTC,442.894069,0
2023-11-01 00:00:00.000 UTC,0,941.885094
2023-11-01 00:00:00.000 UTC,1505.121906,2452.791254
2023-11-01 00:00:00.000 UTC,463.577595,0
2023-11-01 00:00:00.000 UTC,816.248259,1330.182349
2023-11-01 00:00:00.000 UTC,233.507619,0
2023-11-01 00:00:00.000 UTC,2982.207094,4859.893042
2023-11-01 00:00:00.000 UTC,3247.939497,1584.36073
2023-11-01 00:00:00.000 UTC,77.490394,0
2023-11-01 00:00:00.000 UTC,400.151487,652.098721
2023-11-01 00:00:00.000 UTC,188.845094,0
2023-11-01 00:00:00.000 UTC,738.563356,335.710616
2023-11-01 00:00:00.000 UTC,78.904885,128.585739
2023-11-01 00:00:00.000 UTC,345.397998,0
2023-11-01 00:00:00.000 UTC,304.316944,0
2023-12-01 00:00:00.000 UTC,360.1123,0
2023-12-01 00:00:00.000 UTC,153.218425,0
2023-12-01 00:00:00.000 UTC,892.539266,1454.508434
2023-12-01 00:00:00.000 UTC,4018.672945,1826.66952
2023-12-01 00:00:00.000 UTC,849.316871,1384.071938
2023-12-01 00:00:00.000 UTC,2123.982842,3461.305372
2023-12-01 00:00:00.000 UTC,329.630418,0
2023-12-01 00:00:00.000 UTC,340.394655,0
2023-12-01 00:00:00.000 UTC,428.135755,0
2023-12-01 00:00:00.000 UTC,1650.979452,750.445205
2023-12-01 00:00:00.000 UTC,27.19886,13.267736
2023-12-01 00:00:00.000 UTC,0,41.124397
2023-12-01 00:00:00.000 UTC,1553.082191,690.258751
2023-12-01 00:00:00.000 UTC,586.619458,286.155833
2023-12-01 00:00:00.000 UTC,254.197063,0
2023-12-01 00:00:00.000 UTC,0,916.983913
2023-12-01 00:00:00.000 UTC,447.044802,728.517456
2023-12-01 00:00:00.000 UTC,27.808037,13.564896
2023-12-01 00:00:00.000 UTC,909.536601,1482.207794
2023-12-01 00:00:00.000 UTC,344.573009,0
2023-12-01 00:00:00.000 UTC,268.665145,437.824681
2024-01-01 00:00:00.000 UTC,0,867.567134
2024-01-01 00:00:00.000 UTC,2703.26534,4405.321294
2024-01-01 00:00:00.000 UTC,477.394406,381.915525
2024-01-01 00:00:00.000 UTC,529.708904,423.767123
2024-01-01 00:00:00.000 UTC,449.86066,0
2024-01-01 00:00:00.000 UTC,62.851684,0
2024-01-01 00:00:00.000 UTC,245.317045,0
2024-01-01 00:00:00.000 UTC,60.434415,0
2024-01-01 00:00:00.000 UTC,1789.452133,813.387333
2024-01-01 00:00:00.000 UTC,125.551473,0
2024-01-01 00:00:00.000 UTC,55.014881,0
2024-01-01 00:00:00.000 UTC,332.508533,0
2024-01-01 00:00:00.000 UTC,4907.876712,2181.278538
2024-01-01 00:00:00.000 UTC,0,107.220936
2024-01-01 00:00:00.000 UTC,794.780971,1295.19862
2024-01-01 00:00:00.000 UTC,411.881031,671.213533
2024-01-01 00:00:00.000 UTC,1465.219003,666.008637
2024-01-01 00:00:00.000 UTC,48.146853,0
2024-01-01 00:00:00.000 UTC,914.459017,1490.22951
2024-01-01 00:00:00.000 UTC,346.024629,0
2024-01-01 00:00:00.000 UTC,526.504509,0
2024-01-01 00:00:00.000 UTC,13.361325,6.517719
2024-02-01 00:00:00.000 UTC,4635.231164,2060.102739
2024-02-01 00:00:00.000 UTC,533.496923,242.498601
2024-02-01 00:00:00.000 UTC,4389.403141,7153.101416
2024-02-01 00:00:00.000 UTC,1034.17674,1685.325059
2024-02-01 00:00:00.000 UTC,297.817141,0
2024-02-01 00:00:00.000 UTC,0,941.388566
2024-02-01 00:00:00.000 UTC,942.701723,1536.25466
2024-02-01 00:00:00.000 UTC,113.530677,0
2024-02-01 00:00:00.000 UTC,124.610414,0
2024-02-01 00:00:00.000 UTC,1058.103356,1724.316581
2024-02-01 00:00:00.000 UTC,65.628704,0
2024-02-01 00:00:00.000 UTC,3122.131849,1486.729452
2024-02-01 00:00:00.000 UTC,1524.562713,2484.47257
2024-02-01 00:00:00.000 UTC,1.703378,2.775876
2024-02-01 00:00:00.000 UTC,133.305334,0
2024-02-01 00:00:00.000 UTC,0,421.520029
2024-02-01 00:00:00.000 UTC,246.720887,0
2024-02-01 00:00:00.000 UTC,964.297976,771.43838
2024-02-01 00:00:00.000 UTC,892.517077,1454.472273
2024-03-01 00:00:00.000 UTC,338.870024,0
2024-03-01 00:00:00.000 UTC,1149.028543,919.222834
2024-03-01 00:00:00.000 UTC,1046.102991,0
2024-03-01 00:00:00.000 UTC,151.988105,69.085502
2024-03-01 00:00:00.000 UTC,184.561857,0
2024-03-01 00:00:00.000 UTC,586.917808,0
2024-03-01 00:00:00.000 UTC,1023.253847,1667.524788
2024-03-01 00:00:00.000 UTC,386.17301,0
2024-03-01 00:00:00.000 UTC,10.125845,0
2024-03-01 00:00:00.000 UTC,0.220988,0.217936
2024-03-01 00:00:00.000 UTC,4017.166095,1785.407153
2024-03-01 00:00:00.000 UTC,2063.391594,1179.080911
2024-03-01 00:00:00.000 UTC,71.41825,0
2024-03-01 00:00:00.000 UTC,847.938403,1381.825545
2024-03-01 00:00:00.000 UTC,913.049375,1487.932315
2024-03-01 00:00:00.000 UTC,1111.256509,505.116595
2024-03-01 00:00:00.000 UTC,815.9195,0
2024-03-01 00:00:00.000 UTC,2038.237834,3321.572767
2024-03-01 00:00:00.000 UTC,830.235439,1352.976272
2024-03-01 00:00:00.000 UTC,1006.927188,1640.918381
2024-03-01 00:00:00.000 UTC,4483.775684,1992.789193
2024-03-01 00:00:00.000 UTC,893.950522,1456.808258
2024-04-01 00:00:00.000 UTC,95.912123,156.301239
2024-04-01 00:00:00.000 UTC,48.894973,50.720927
2024-04-01 00:00:00.000 UTC,3004.876712,1036.164383
2024-04-01 00:00:00.000 UTC,966.609905,1575.216141
2024-04-01 00:00:00.000 UTC,0.023524656820776257,0.014257367770167428
2024-04-01 00:00:00.000 UTC,653.165553,0
2024-04-01 00:00:00.000 UTC,962.028117,769.622493
2024-04-01 00:00:00.000 UTC,0,5.764365
2024-04-01 00:00:00.000 UTC,5028.404272,1596.318816
2024-04-01 00:00:00.000 UTC,977.489521,1592.945886
2024-04-01 00:00:00.000 UTC,782.379066,347.724029
2024-04-01 00:00:00.000 UTC,957.070924,1559.671136
2024-04-01 00:00:00.000 UTC,1352.091187,0
2024-04-01 00:00:00.000 UTC,0.050947368007990865,0.030877192732115675
2024-04-01 00:00:00.000 UTC,97.908953,159.555331
2024-04-01 00:00:00.000 UTC,0,754.809109
2024-04-01 00:00:00.000 UTC,979.251635,1595.81748
2024-04-01 00:00:00.000 UTC,0.354814,0
2024-04-01 00:00:00.000 UTC,1250.243375,0
2024-04-01 00:00:00.000 UTC,985.190444,1605.495539
2024-04-01 00:00:00.000 UTC,993.984394,1619.82642
2024-04-01 00:00:00.000 UTC,1011.334439,1648.100567
2024-04-01 00:00:00.000 UTC,0.001638,0.001703
2024-04-01 00:00:00.000 UTC,2.913668,3.028761
2024-04-01 00:00:00.000 UTC,0,62.961613
2024-05-01 00:00:00.000 UTC,10.733076,11.157044
2024-05-01 00:00:00.000 UTC,23.472651,24.399846
2024-05-01 00:00:00.000 UTC,33.211695,10.378654
2024-05-01 00:00:00.000 UTC,78.706949,30.271903
2024-05-01 00:00:00.000 UTC,5077.982851,1612.058047
2024-05-01 00:00:00.000 UTC,2572.090696,1169.132134
2024-05-01 00:00:00.000 UTC,1453.030821,0
2024-05-01 00:00:00.000 UTC,0.002268,0.002357
2024-05-01 00:00:00.000 UTC,2.24019,2.323848
2024-05-01 00:00:00.000 UTC,661.128097,0
2024-05-01 00:00:00.000 UTC,29.294743,23.435795
2024-05-01 00:00:00.000 UTC,1064.591556,1544.242696
2024-05-01 00:00:00.000 UTC,360.905319,375.161454
2024-05-01 00:00:00.000 UTC,1091.1564,1582.776317
2024-05-01 00:00:00.000 UTC,193.79941,0
2024-05-01 00:00:00.000 UTC,1069.531122,1551.407781
2024-05-01 00:00:00.000 UTC,170.391112,177.121738
2024-05-01 00:00:00.000 UTC,8.822272,9.170761
2024-05-01 00:00:00.000 UTC,0.06451340988627283,0.03909903629471081
2024-05-01 00:00:00.000 UTC,710.081281,0
2024-05-01 00:00:00.000 UTC,600.15331,285.78729
2024-05-01 00:00:00.000 UTC,838.662689,0
2024-05-01 00:00:00.000 UTC,536.205422,243.729737
2024-05-01 00:00:00.000 UTC,0.002293,0.002368
2024-05-01 00:00:00.000 UTC,81.174677,0
2024-05-01 00:00:00.000 UTC,2928.935619,0
2024-05-01 00:00:00.000 UTC,1181.556497,945.245197
2024-05-01 00:00:00.000 UTC,14.72015,15.269865
2024-05-01 00:00:00.000 UTC,0.002305,0.002396
2024-05-01 00:00:00.000 UTC,1069.177952,1550.895491
2024-05-01 00:00:00.000 UTC,10.253704,10.658736
2024-05-01 00:00:00.000 UTC,5945.854109,2050.29452
2024-06-01 00:00:00.000 UTC,1026.275258,1488.663011
2024-06-01 00:00:00.000 UTC,0.021440362307933787,0.012994158974505328
2024-06-01 00:00:00.000 UTC,477.948178,183.826222
2024-06-01 00:00:00.000 UTC,0.00234,0.002412
2024-06-01 00:00:00.000 UTC,128.564169,0
2024-06-01 00:00:00.000 UTC,2153.811102,3124.20951
2024-06-01 00:00:00.000 UTC,10.995982,11.406621
2024-06-01 00:00:00.000 UTC,2667.536415,1212.516552
2024-06-01 00:00:00.000 UTC,1352.449845,0
2024-06-01 00:00:00.000 UTC,1373.913812,1099.13105
2024-06-01 00:00:00.000 UTC,4884.897919,1550.761244
2024-06-01 00:00:00.000 UTC,0.007579,0.007862
2024-06-01 00:00:00.000 UTC,208.311879,99.196132
2024-06-01 00:00:00.000 UTC,5804.082401,2001.407724
2024-06-01 00:00:00.000 UTC,235.987017,134.849724
2024-06-01 00:00:00.000 UTC,1113.860734,1615.710075
2024-06-01 00:00:00.000 UTC,1048.037226,1520.229822
2024-06-01 00:00:00.000 UTC,950.885227,1379.306043
2024-06-01 00:00:00.000 UTC,2199.766618,3190.870259
2024-06-01 00:00:00.000 UTC,29.960149,31.014647
2024-06-01 00:00:00.000 UTC,0.06692313780907534,0.040559477460045665
2024-06-01 00:00:00.000 UTC,530.839779,0
2024-06-01 00:00:00.000 UTC,1922.169315,915.318721
2024-06-01 00:00:00.000 UTC,33.114421,18.922526
2024-06-01 00:00:00.000 UTC,329.542568,0
2024-06-01 00:00:00.000 UTC,2591.429223,1295.714611
2024-06-01 00:00:00.000 UTC,2826.95958,0
2024-06-01 00:00:00.000 UTC,11.713825,12.15127
2024-06-01 00:00:00.000 UTC,6.658243,6.92125
2024-06-01 00:00:00.000 UTC,49.39022,28.222983
2024-06-01 00:00:00.000 UTC,503.867463,0
2024-07-01 00:00:00.000 UTC,1853.443683,926.721841
2024-07-01 00:00:00.000 UTC,16.513105,17.094311
2024-07-01 00:00:00.000 UTC,56.9595,58.721134
2024-07-01 00:00:00.000 UTC,0.11888753878779966,0.07205305381078768
2024-07-01 00:00:00.000 UTC,3616.411458,1722.100694
2024-07-01 00:00:00.000 UTC,999.943994,1450.468212
2024-07-01 00:00:00.000 UTC,1414.71718,1131.773744
2024-07-01 00:00:00.000 UTC,1026.110329,1488.423774
2024-07-01 00:00:00.000 UTC,42.527574,43.933444
2024-07-01 00:00:00.000 UTC,1149.618766,1667.578869
2024-07-01 00:00:00.000 UTC,5250.879345,1666.945823
2024-07-01 00:00:00.000 UTC,613.016742,197.747336
2024-07-01 00:00:00.000 UTC,5936.754476,2047.156716
2024-07-01 00:00:00.000 UTC,2911.922648,0
2024-07-01 00:00:00.000 UTC,35.900774,37.087577
2024-07-01 00:00:00.000 UTC,459.361991,0
2024-07-01 00:00:00.000 UTC,891.105403,445.552701
2024-07-01 00:00:00.000 UTC,527.927069,203.048872
2024-07-01 00:00:00.000 UTC,5.760613,5.963367
2024-07-01 00:00:00.000 UTC,1604.49405,916.853743
2024-07-01 00:00:00.000 UTC,0.004885,0.005047
2024-07-01 00:00:00.000 UTC,1.052966,1.087774
2024-07-01 00:00:00.000 UTC,1.930842,1.994672
2024-07-01 00:00:00.000 UTC,0.000314,0.000323
2024-07-01 00:00:00.000 UTC,25.391645,26.231038
2024-07-01 00:00:00.000 UTC,282.196347,122.694063
2024-07-01 00:00:00.000 UTC,806.853097,0
2024-07-01 00:00:00.000 UTC,223.465772,0
2024-07-01 00:00:00.000 UTC,2798.847031,1399.423515
2024-07-01 00:00:00.000 UTC,692.31659,346.158295
2024-07-01 00:00:00.000 UTC,776.496575,369.760273
2024-07-01 00:00:00.000 UTC,200.537184,95.493897
2024-07-01 00:00:00.000 UTC,0.000948,0.000984
2024-07-01 00:00:00.000 UTC,2783.315182,1265.143264
2024-07-01 00:00:00.000 UTC,0.001319,0.001363
2024-07-01 00:00:00.000 UTC,0.005947,0.006182
2024-07-01 00:00:00.000 UTC,1240.515135,0
2024-07-01 00:00:00.000 UTC,96.003694,38.401477
2024-07-01 00:00:00.000 UTC,0.97368,1.005868
2024-07-01 00:00:00.000 UTC,831.897138,0
2024-07-01 00:00:00.000 UTC,1086.479858,344.91424
2024-07-01 00:00:00.000 UTC,2037.285325,2955.183109
2024-07-01 00:00:00.000 UTC,8.243419,8.411652
2024-07-01 00:00:00.000 UTC,15.055926,15.553643
2024-07-01 00:00:00.000 UTC,2.886191,2.981602
2024-08-01 00:00:00.000 UTC,2928.310356,0
2024-08-01 00:00:00.000 UTC,273.873787,165.984113
2024-08-01 00:00:00.000 UTC,14.966201,15.460952
2024-08-01 00:00:00.000 UTC,181.439906,106.729356
2024-08-01 00:00:00.000 UTC,927.335188,441.588184
2024-08-01 00:00:00.000 UTC,848.070005,0
2024-08-01 00:00:00.000 UTC,529.323963,203.586139
2024-08-01 00:00:00.000 UTC,289.322735,419.676934
2024-08-01 00:00:00.000 UTC,3550.599222,1690.761534
2024-08-01 00:00:00.000 UTC,283.915323,411.833216
2024-08-01 00:00:00.000 UTC,543.91098,788.969774
2024-08-01 00:00:00.000 UTC,138.547683,0
2024-08-01 00:00:00.000 UTC,3054.438996,0
2024-08-01 00:00:00.000 UTC,0.11508288572634133,0.0697472034705099
2024-08-01 00:00:00.000 UTC,0.01855,0.009512
2024-08-01 00:00:00.000 UTC,518.373573,296.21347
2024-08-01 00:00:00.000 UTC,782.21199,0
2024-08-01 00:00:00.000 UTC,4008.264697,2166.629566
2024-08-01 00:00:00.000 UTC,3703.185587,1763.421708
2024-08-01 00:00:00.000 UTC,288.126143,417.941219
2024-08-01 00:00:00.000 UTC,12.205628,12.583122
2024-08-01 00:00:00.000 UTC,117.70624,58.85312
2024-08-01 00:00:00.000 UTC,116.109429,0
2024-08-01 00:00:00.000 UTC,1478.336073,703.969558
2024-08-01 00:00:00.000 UTC,225.17933,0
2024-08-01 00:00:00.000 UTC,1529.306221,873.889269
2024-08-01 00:00:00.000 UTC,5997.342627,2068.049181
2024-08-01 00:00:00.000 UTC,0.109842,0.113239
2024-08-01 00:00:00.000 UTC,6.102247,3.698331
2024-08-01 00:00:00.000 UTC,13.502261,14.006495
2024-08-01 00:00:00.000 UTC,13.01369,13.443895
2024-08-01 00:00:00.000 UTC,1006.801369,457.636986
2024-08-01 00:00:00.000 UTC,5.984899,6.208402
2024-08-01 00:00:00.000 UTC,530.819729,204.161434
2024-08-01 00:00:00.000 UTC,776.603702,360.696109
2024-08-01 00:00:00.000 UTC,725.6499,0
2024-08-01 00:00:00.000 UTC,177.399923,88.699961
2024-08-01 00:00:00.000 UTC,1369.584522,1986.650076
2024-08-01 00:00:00.000 UTC,599.256659,193.308599
2024-08-01 00:00:00.000 UTC,0.29571,0.302981
2024-08-01 00:00:00.000 UTC,98.744257,102.431802
2024-08-01 00:00:00.000 UTC,1411.293378,1129.034703
2024-08-01 00:00:00.000 UTC,43.149587,44.854041
2024-08-01 00:00:00.000 UTC,522.1935,0
2024-08-01 00:00:00.000 UTC,584.9375,278.541666
2024-08-01 00:00:00.000 UTC,143.383732,62.340753
2024-08-01 00:00:00.000 UTC,0.000973,0.001005
2024-08-01 00:00:00.000 UTC,2338.287071,1113.470034
2024-08-01 00:00:00.000 UTC,3.451138,3.565225
2024-08-01 00:00:00.000 UTC,19.542665,11.167237
2024-08-01 00:00:00.000 UTC,2598.643264,1181.201484
2024-08-01 00:00:00.000 UTC,0.001324,0.00137
2024-08-01 00:00:00.000 UTC,0.001324,0.001371
2024-08-01 00:00:00.000 UTC,513.104724,744.283776
2024-08-01 00:00:00.000 UTC,5.084443,5.274318
2024-08-01 00:00:00.000 UTC,24.988222,25.814279
2024-08-01 00:00:00.000 UTC,98.343047,39.337218
2024-08-01 00:00:00.000 UTC,5.048696,5.237237
2024-08-01 00:00:00.000 UTC,2801.835616,1400.917808
2024-08-01 00:00:00.000 UTC,793.163242,406.75038
2024-08-01 00:00:00.000 UTC,18.852913,19.476149
2024-08-01 00:00:00.000 UTC,11.302757,11.700577
2024-08-01 00:00:00.000 UTC,15.607487,16.090192
2024-08-01 00:00:00.000 UTC,2.485644,3.60555
2024-09-01 00:00:00.000 UTC,599.237557,285.351217
2024-09-01 00:00:00.000 UTC,1375.17166,1100.137328
2024-09-01 00:00:00.000 UTC,1595.995355,911.997345
2024-09-01 00:00:00.000 UTC,1292.47479,497.105688
2024-09-01 00:00:00.000 UTC,99.352285,86.393292
2024-09-01 00:00:00.000 UTC,4080.857267,1407.192161
2024-09-01 00:00:00.000 UTC,891.092173,0
2024-09-01 00:00:00.000 UTC,1995.021404,1023.087899
2024-09-01 00:00:00.000 UTC,366.537084,0
2024-09-01 00:00:00.000 UTC,79.21347,39.606735
2024-09-01 00:00:00.000 UTC,0.003322,0.003432
2024-09-01 00:00:00.000 UTC,263.766118,229.361842
2024-09-01 00:00:00.000 UTC,762.537328,448.551369
2024-09-01 00:00:00.000 UTC,242.961139,88.349505
2024-09-01 00:00:00.000 UTC,2776.5375,1262.0625
2024-09-01 00:00:00.000 UTC,2.827302,2.458523
2024-09-01 00:00:00.000 UTC,29.602988,34.183589
2024-09-01 00:00:00.000 UTC,67.798714,27.119485
2024-09-01 00:00:00.000 UTC,1511.374229,889.043664
2024-09-01 00:00:00.000 UTC,13.969663,14.461349
2024-09-01 00:00:00.000 UTC,224.04136,0
2024-09-01 00:00:00.000 UTC,1342.198858,639.142313
2024-09-01 00:00:00.000 UTC,114.551464,99.609969
2024-09-01 00:00:00.000 UTC,0.000999,0.001033
2024-09-01 00:00:00.000 UTC,442.939861,192.582548
2024-09-01 00:00:00.000 UTC,14.387513,12.51088
2024-09-01 00:00:00.000 UTC,1026.435616,466.561643
2024-09-01 00:00:00.000 UTC,3061.418677,0
2024-09-01 00:00:00.000 UTC,368.640978,0
2024-09-01 00:00:00.000 UTC,114.533675,36.946347
2024-09-01 00:00:00.000 UTC,4314.61815,2332.226027
2024-09-01 00:00:00.000 UTC,2202.967422,1049.032106
2024-09-01 00:00:00.000 UTC,1463.661149,791.168188
2024-09-01 00:00:00.000 UTC,255.575117,370.724346
2024-09-01 00:00:00.000 UTC,919.354109,437.787671
2024-09-01 00:00:00.000 UTC,11.11477,9.665017
2024-09-01 00:00:00.000 UTC,536.163408,249.378329
2024-09-01 00:00:00.000 UTC,253.526852,220.458132
2024-09-01 00:00:00.000 UTC,600.414321,261.049705
2024-09-01 00:00:00.000 UTC,73.06967,75.329556
2024-09-01 00:00:00.000 UTC,1006.890981,592.288812
2024-09-01 00:00:00.000 UTC,35.805698,31.135389
2024-09-01 00:00:00.000 UTC,2637.450913,1318.725456
2024-09-01 00:00:00.000 UTC,45.927072,39.936584
2024-09-01 00:00:00.000 UTC,53.759493,55.081448
2024-09-01 00:00:00.000 UTC,64.19597,66.181413
2024-09-01 00:00:00.000 UTC,514.783471,746.718881
2024-09-01 00:00:00.000 UTC,9.804631,10.170779
2024-09-01 00:00:00.000 UTC,609.648972,196.660958
2024-09-01 00:00:00.000 UTC,3711.524507,1767.392622
2024-09-01 00:00:00.000 UTC,2.699852,2.347697
2024-09-01 00:00:00.000 UTC,31.904513,27.743055
2024-09-01 00:00:00.000 UTC,168.357724,146.398021
2024-09-01 00:00:00.000 UTC,13.461187,5.608828
2024-09-01 00:00:00.000 UTC,0.11860217690756278,0.07188010721670472
2024-09-01 00:00:00.000 UTC,16.105912,16.707377
2024-09-01 00:00:00.000 UTC,34.694182,30.168854
2024-09-01 00:00:00.000 UTC,97.450562,84.739619
2024-09-01 00:00:00.000 UTC,995.354394,0
2024-09-01 00:00:00.000 UTC,513.816157,197.621599
2024-09-01 00:00:00.000 UTC,0.002418,0.002102
2024-09-01 00:00:00.000 UTC,144.400872,125.565976
2024-09-01 00:00:00.000 UTC,845.057454,0
2024-09-01 00:00:00.000 UTC,1128.638544,644.93631
2024-10-01 00:00:00.000 UTC,2902.892686,0
2024-10-01 00:00:00.000 UTC,3.291167,3.791667
2024-10-01 00:00:00.000 UTC,0.007951,0.00636
2024-10-01 00:00:00.000 UTC,121.289011,105.468705
2024-10-01 00:00:00.000 UTC,0.170614,0.136491
2024-10-01 00:00:00.000 UTC,3503.2807,1668.228905
2024-10-01 00:00:00.000 UTC,1762.626369,839.34589
2024-10-01 00:00:00.000 UTC,1017.564236,550.034722
2024-10-01 00:00:00.000 UTC,156.057876,124.8463
2024-10-01 00:00:00.000 UTC,144.025204,208.915681
2024-10-01 00:00:00.000 UTC,35.158312,28.12665
2024-10-01 00:00:00.000 UTC,65.840953,0
2024-10-01 00:00:00.000 UTC,1166.276826,613.829908
2024-10-01 00:00:00.000 UTC,242.869163,156.689783
2024-10-01 00:00:00.000 UTC,1476.666141,703.174353
2024-10-01 00:00:00.000 UTC,1132.025256,646.871575
2024-10-01 00:00:00.000 UTC,267.783732,172.763698
2024-10-01 00:00:00.000 UTC,10.747762,8.956468
2024-10-01 00:00:00.000 UTC,90.477198,0
2024-10-01 00:00:00.000 UTC,0.391434,0.326195
2024-10-01 00:00:00.000 UTC,1121.180821,723.342465
2024-10-01 00:00:00.000 UTC,20.546839,17.866816
2024-10-01 00:00:00.000 UTC,70.415103,56.332082
2024-10-01 00:00:00.000 UTC,8.04576,9.312223
2024-10-01 00:00:00.000 UTC,60.67832,50.565267
2024-10-01 00:00:00.000 UTC,1991.849315,1021.461187
2024-10-01 00:00:00.000 UTC,2509.730136,1195.109589
2024-10-01 00:00:00.000 UTC,21.762509,25.24653
2024-10-01 00:00:00.000 UTC,614.562864,0
2024-10-01 00:00:00.000 UTC,148.765791,95.977929
2024-10-01 00:00:00.000 UTC,968.605222,461.240582
2024-10-01 00:00:00.000 UTC,641.221936,291.464516
2024-10-01 00:00:00.000 UTC,448.598158,0
2024-10-01 00:00:00.000 UTC,3908.438356,1628.515981
2024-10-01 00:00:00.000 UTC,558.002949,360.001902
2024-10-01 00:00:00.000 UTC,1409.796232,1127.836986
2024-10-01 00:00:00.000 UTC,0,675.671137
2024-10-01 00:00:00.000 UTC,589.859874,280.885654
2024-10-01 00:00:00.000 UTC,71.561215,36.698059
2024-10-01 00:00:00.000 UTC,213.962751,0
2024-10-01 00:00:00.000 UTC,313.589729,272.686721
2024-10-01 00:00:00.000 UTC,2107.485694,3057.012215
2024-10-01 00:00:00.000 UTC,43.485754,20.225932
2024-10-01 00:00:00.000 UTC,87.153755,72.628129
2024-10-01 00:00:00.000 UTC,383.857455,247.649971
2024-10-01 00:00:00.000 UTC,843.837694,401.827473
2024-10-01 00:00:00.000 UTC,1482.897288,872.292522
2024-10-01 00:00:00.000 UTC,22.373877,12.093987
2024-10-01 00:00:00.000 UTC,7.8098,9.039121
2024-10-01 00:00:00.000 UTC,0.011612,0.011996
2024-10-01 00:00:00.000 UTC,1473.336044,950.539383
2024-10-01 00:00:00.000 UTC,13481.818484,17982.226839
2024-10-01 00:00:00.000 UTC,1023.226312,601.897831
2024-10-01 00:00:00.000 UTC,157.34036,0
2024-10-01 00:00:00.000 UTC,92.844082,80.733984
2024-10-01 00:00:00.000 UTC,2818.021689,1409.010844
2024-10-01 00:00:00.000 UTC,0.581421,0.465136
2024-10-01 00:00:00.000 UTC,752.459094,289.407343
2024-10-01 00:00:00.000 UTC,1600.309724,914.462699
2024-10-01 00:00:00.000 UTC,436.339183,235.859018
2024-10-01 00:00:00.000 UTC,225.101341,107.191114
2024-10-01 00:00:00.000 UTC,91.987301,36.79492
2024-10-01 00:00:00.000 UTC,1992.719634,1285.62557
2024-10-01 00:00:00.000 UTC,1267.956621,818.036529
2024-10-01 00:00:00.000 UTC,408.841629,0
2024-10-01 00:00:00.000 UTC,767.582343,451.519025
2024-10-01 00:00:00.000 UTC,9.503312,10.898293
2024-10-01 00:00:00.000 UTC,476.041095,307.123287
2024-10-01 00:00:00.000 UTC,1484.202625,802.271689
2024-10-01 00:00:00.000 UTC,6.769553,5.415642
2024-10-01 00:00:00.000 UTC,32.582455,37.798672
2024-10-01 00:00:00.000 UTC,49.520768,0
2024-10-01 00:00:00.000 UTC,273.491038,130.233828
2024-10-01 00:00:00.000 UTC,507.465487,195.179033
2024-10-01 00:00:00.000 UTC,86.435502,42.510464
2024-10-01 00:00:00.000 UTC,997.619634,453.46347
2024-10-01 00:00:00.000 UTC,836.336472,539.571917
2024-10-01 00:00:00.000 UTC,2681.782838,1218.992199
2024-10-01 00:00:00.000 UTC,558.690663,319.251807
2024-10-01 00:00:00.000 UTC,318.002218,276.523668
2024-10-01 00:00:00.000 UTC,3934.507562,2126.760844
2024-11-01 00:00:00.000 UTC,2976.495433,1526.407914
2024-11-01 00:00:00.000 UTC,0,12.463984
2024-11-01 00:00:00.000 UTC,117.34825,0
2024-11-01 00:00:00.000 UTC,2131.069967,1070.666856
2024-11-01 00:00:00.000 UTC,839.362585,430.442351
2024-11-01 00:00:00.000 UTC,394.895892,213.457239
2024-11-01 00:00:00.000 UTC,2029.719606,1040.881849
2024-11-01 00:00:00.000 UTC,0.200342,0.102739
2024-11-01 00:00:00.000 UTC,4.29131,4.768122
2024-11-01 00:00:00.000 UTC,18.927321,21.030357
2024-11-01 00:00:00.000 UTC,0.000318,0.000366
2024-11-01 00:00:00.000 UTC,0,50.989345
2024-11-01 00:00:00.000 UTC,746.463013,439.09589
2024-11-01 00:00:00.000 UTC,61.623972,51.35331
2024-11-01 00:00:00.000 UTC,705.806506,361.952054
2024-11-01 00:00:00.000 UTC,0,69.30936
2024-11-01 00:00:00.000 UTC,1370.134132,1096.107305
2024-11-01 00:00:00.000 UTC,1380.957704,789.118688
2024-11-01 00:00:00.000 UTC,1404.290239,826.053082
2024-11-01 00:00:00.000 UTC,1947.933125,1052.936824
2024-11-01 00:00:00.000 UTC,3732.458904,1736.027397
2024-11-01 00:00:00.000 UTC,0,46.914954
2024-11-01 00:00:00.000 UTC,494.962994,267.547564
2024-11-01 00:00:00.000 UTC,0,43.325057
2024-11-01 00:00:00.000 UTC,1136.101312,597.948059
2024-11-01 00:00:00.000 UTC,1013.667579,460.75799
2024-11-01 00:00:00.000 UTC,0.004192,0.004818
2024-11-01 00:00:00.000 UTC,201.507213,292.296177
2024-11-01 00:00:00.000 UTC,3477.848744,1783.512176
2024-11-01 00:00:00.000 UTC,479.254423,147.462899
2024-11-01 00:00:00.000 UTC,2574.109589,1197.260273
2024-11-01 00:00:00.000 UTC,21.350454,24.711173
2024-11-01 00:00:00.000 UTC,642.126141,366.929223
2024-11-01 00:00:00.000 UTC,1644.981354,715.209284
2024-11-01 00:00:00.000 UTC,359.284779,211.343987
2024-11-01 00:00:00.000 UTC,0,66.378988
2024-11-01 00:00:00.000 UTC,5474.514426,7941.053893
2024-11-01 00:00:00.000 UTC,744.333143,425.087519
2024-11-01 00:00:00.000 UTC,905.220462,369.477739
2024-11-01 00:00:00.000 UTC,1230.940639,794.155251
2024-11-01 00:00:00.000 UTC,211.989726,114.589041
2024-11-01 00:00:00.000 UTC,300.897564,115.729832
2024-11-01 00:00:00.000 UTC,0.002033,0.001694
2024-11-01 00:00:00.000 UTC,0,7.892418
2024-11-01 00:00:00.000 UTC,144.701055,74.205669
2024-11-01 00:00:00.000 UTC,1414.672754,764.687975
2024-11-01 00:00:00.000 UTC,1062.808361,607.319063
2024-11-01 00:00:00.000 UTC,730.180936,471.084474
2024-11-01 00:00:00.000 UTC,2359.3972,1275.349838
2024-11-01 00:00:00.000 UTC,909.620243,395.487062
2024-11-01 00:00:00.000 UTC,1166.554152,752.615582
2024-11-01 00:00:00.000 UTC,628.891179,912.237754
2024-11-01 00:00:00.000 UTC,0.004778,0.00548
2024-11-01 00:00:00.000 UTC,385.671589,179.382134
2024-11-01 00:00:00.000 UTC,41.908024,34.923353
2024-11-01 00:00:00.000 UTC,0,20.83368
2024-11-01 00:00:00.000 UTC,639.075342,355.041856
2024-11-01 00:00:00.000 UTC,1898.217943,2753.458995
2024-11-01 00:00:00.000 UTC,513.473554,277.553272
2024-11-01 00:00:00.000 UTC,19.965813,23.10858
2024-11-01 00:00:00.000 UTC,3574.823266,1932.3369
2024-11-01 00:00:00.000 UTC,2354.557172,1023.720509
2024-11-01 00:00:00.000 UTC,180.832572,97.747336
2024-11-01 00:00:00.000 UTC,0,522.053367
2024-11-01 00:00:00.000 UTC,230.590953,334.48358
2024-11-01 00:00:00.000 UTC,3934.26484,1639.277016
2024-11-01 00:00:00.000 UTC,238.776255,140.456621
2024-11-01 00:00:00.000 UTC,450.614726,290.719178
2024-11-01 00:00:00.000 UTC,975.146974,573.615867
2024-11-01 00:00:00.000 UTC,1487.312621,803.952768
2024-11-01 00:00:00.000 UTC,1574.31269,850.979832
2024-11-01 00:00:00.000 UTC,342.007943,273.606354
2024-11-01 00:00:00.000 UTC,1391.815068,897.945205
2024-11-01 00:00:00.000 UTC,59.13242,768.455098
2024-11-01 00:00:00.000 UTC,0.1085181202910959,0.08038379280821918
2024-11-01 00:00:00.000 UTC,2.535525,2.81725
2024-11-01 00:00:00.000 UTC,13.992498,15.900566
2024-11-01 00:00:00.000 UTC,0,0.000128
2024-11-01 00:00:00.000 UTC,84.093607,41.729832
2024-11-01 00:00:00.000 UTC,3758.424657,1927.39726
2024-11-01 00:00:00.000 UTC,2782.497716,1391.248858
2024-11-01 00:00:00.000 UTC,381.251712,195.513698
2024-11-01 00:00:00.000 UTC,2006.704337,1029.079147
2024-11-01 00:00:00.000 UTC,206.099043,121.234731
2024-11-01 00:00:00.000 UTC,0.054223,0.028538
2024-11-01 00:00:00.000 UTC,2089.806649,1194.175228
2024-11-01 00:00:00.000 UTC,0.11881787539931507,0.07201083357534246
2024-11-01 00:00:00.000 UTC,11.515907,13.086258
2024-11-01 00:00:00.000 UTC,1.7e-05,1.4e-05
2024-12-01 00:00:00.000 UTC,450.456363,653.40923
2024-12-01 00:00:00.000 UTC,595.915334,313.639649
2024-12-01 00:00:00.000 UTC,0.000842,0.000701
2024-12-01 00:00:00.000 UTC,3761.315639,2426.655251
2024-12-01 00:00:00.000 UTC,0.11985757243150685,0.08878338698630138
2024-12-01 00:00:00.000 UTC,1834.032534,733.613013
2024-12-01 00:00:00.000 UTC,13.939061,11.615884
2024-12-01 00:00:00.000 UTC,1995.117865,1023.137366
2024-12-01 00:00:00.000 UTC,598.186001,265.860445
2024-12-01 00:00:00.000 UTC,1929.381421,989.426369
2024-12-01 00:00:00.000 UTC,3827.591609,1417.626522
2024-12-01 00:00:00.000 UTC,940.293521,606.640981
2024-12-01 00:00:00.000 UTC,0,1510.23592
2024-12-01 00:00:00.000 UTC,21.490658,17.908881
2024-12-01 00:00:00.000 UTC,361.819634,180.909817
2024-12-01 00:00:00.000 UTC,952.499543,432.954337
2024-12-01 00:00:00.000 UTC,2430.182648,810.060882
2024-12-01 00:00:00.000 UTC,5930.445205,1976.815068
2024-12-01 00:00:00.000 UTC,799.45322,470.2666
2024-12-01 00:00:00.000 UTC,644.992865,208.062214
2024-12-01 00:00:00.000 UTC,20.568916,17.140763
2024-12-01 00:00:00.000 UTC,381.04785,217.741628
2024-12-01 00:00:00.000 UTC,34.529631,28.774693
2024-12-01 00:00:00.000 UTC,0.002098,0.001748
2024-12-01 00:00:00.000 UTC,0.001609,0.001341
2024-12-01 00:00:00.000 UTC,3172.329777,1268.931911
2024-12-01 00:00:00.000 UTC,607.311023,209.417594
2024-12-01 00:00:00.000 UTC,0.1188787663611016,0.07204773718854643
2024-12-01 00:00:00.000 UTC,1340.561738,582.852929
2024-12-01 00:00:00.000 UTC,45.741811,38.118175
2024-12-01 00:00:00.000 UTC,226.204147,133.061263
2024-12-01 00:00:00.000 UTC,1255.971033,644.087709
2024-12-01 00:00:00.000 UTC,3.139469,2.616224
2024-12-01 00:00:00.000 UTC,39.878424,14.769786
2024-12-01 00:00:00.000 UTC,2625.433789,1312.716894
2024-12-01 00:00:00.000 UTC,2228.296232,1782.636986
2024-12-01 00:00:00.000 UTC,948.367579,197.576579
2024-12-01 00:00:00.000 UTC,402.026256,583.158965
2024-12-01 00:00:00.000 UTC,1553.364184,887.636677
2024-12-01 00:00:00.000 UTC,38.94952,32.457933
2024-12-01 00:00:00.000 UTC,3801.109589,2452.328767
2024-12-01 00:00:00.000 UTC,0.073059,0.030441
2024-12-01 00:00:00.000 UTC,265.120719,80.339611
2024-12-01 00:00:00.000 UTC,14.224401,11.853667
2024-12-01 00:00:00.000 UTC,1003.162328,303.988584
2024-12-01 00:00:00.000 UTC,2873.964611,1473.828006
2024-12-01 00:00:00.000 UTC,509.378995,299.634703
2024-12-01 00:00:00.000 UTC,47.203362,39.336135
2024-12-01 00:00:00.000 UTC,0.01219,0.013544
2024-12-01 00:00:00.000 UTC,1238.894549,991.115639
2024-12-01 00:00:00.000 UTC,0.642565,0.36718
2024-12-01 00:00:00.000 UTC,0.00584,0.006489
2024-12-01 00:00:00.000 UTC,973.734289,324.578096
2024-12-01 00:00:00.000 UTC,0.120576,0.061834
2024-12-01 00:00:00.000 UTC,3708.036529,1545.01522
2024-12-01 00:00:00.000 UTC,1038.719558,451.617199
2024-12-01 00:00:00.000 UTC,1400.146875,518.572916
2024-12-01 00:00:00.000 UTC,1422.246004,729.356925
2024-12-01 00:00:00.000 UTC,950.162385,613.00799
2024-12-01 00:00:00.000 UTC,2210.059681,1194.626855
2024-12-01 00:00:00.000 UTC,454.010059,221.468321
2024-12-01 00:00:00.000 UTC,1438.232971,821.847412
2024-12-01 00:00:00.000 UTC,962.8496,385.13984
2024-12-01 00:00:00.000 UTC,605.010273,263.047945
2024-12-01 00:00:00.000 UTC,0,869.656107
2024-12-01 00:00:00.000 UTC,14.615979,12.179982
2024-12-01 00:00:00.000 UTC,538.815743,207.236824
2024-12-01 00:00:00.000 UTC,87.146118,42.747336
2024-12-01 00:00:00.000 UTC,96.084969,106.761077
2024-12-01 00:00:00.000 UTC,440.370826,135.498715
2024-12-01 00:00:00.000 UTC,1331.04452,554.601883
2025-01-01 00:00:00.000 UTC,0,0
2025-01-01 00:00:00.000 UTC,2292.934432,1348.78496
2025-01-01 00:00:00.000 UTC,240.373619,184.902783
2025-01-01 00:00:00.000 UTC,29.016833,22.320641
2025-01-01 00:00:00.000 UTC,90.996235,69.997104
2025-01-01 00:00:00.000 UTC,501.707001,264.056316
2025-01-01 00:00:00.000 UTC,1651.7242,516.163812
2025-01-01 00:00:00.000 UTC,125.616121,96.627785
2025-01-01 00:00:00.000 UTC,4976.556316,1914.060121
2025-01-01 00:00:00.000 UTC,3786.671232,2443.013698
2025-01-01 00:00:00.000 UTC,0.001703,0.001419
2025-01-01 00:00:00.000 UTC,2035.169425,598.579242
2025-01-01 00:00:00.000 UTC,843.832069,255.706687
2025-01-01 00:00:00.000 UTC,2306.518264,480.524638
2025-01-01 00:00:00.000 UTC,29.410273,22.623287
2025-01-01 00:00:00.000 UTC,0.000455,0.000379
2025-01-01 00:00:00.000 UTC,3148.745291,1399.442351
2025-01-01 00:00:00.000 UTC,69.952791,53.809839
2025-01-01 00:00:00.000 UTC,11.361046,8.739266
2025-01-01 00:00:00.000 UTC,1970.468274,788.187309
2025-01-01 00:00:00.000 UTC,1941.071632,647.023877
2025-01-01 00:00:00.000 UTC,19.415305,14.93485
2025-01-01 00:00:00.000 UTC,0.11508494982674086,0.06974845444044901
2025-01-01 00:00:00.000 UTC,3585.99315,1195.33105
2025-01-01 00:00:00.000 UTC,13.595797,11.329831
2025-01-01 00:00:00.000 UTC,6344.870624,1982.77207
2025-01-01 00:00:00.000 UTC,5e-06,8e-06
2025-01-01 00:00:00.000 UTC,0.000818,0.000681
2025-01-01 00:00:00.000 UTC,12.908379,9.929522
2025-01-01 00:00:00.000 UTC,72.457213,55.736317
2025-01-01 00:00:00.000 UTC,1856.448344,618.816114
2025-01-01 00:00:00.000 UTC,55.193226,42.456328
2025-01-01 00:00:00.000 UTC,1950.840468,650.280156
2025-01-01 00:00:00.000 UTC,5519.878234,2112.024353
2025-01-01 00:00:00.000 UTC,111.239263,85.568664
2025-01-01 00:00:00.000 UTC,4662.908632,1554.302877
2025-01-01 00:00:00.000 UTC,0.10943042694063926,0.09119202245053272
2025-01-01 00:00:00.000 UTC,85.202642,65.540494
2025-01-01 00:00:00.000 UTC,1736.49554,2518.872652
2025-01-01 00:00:00.000 UTC,6900.81391,10009.971825
2025-01-01 00:00:00.000 UTC,165.267063,127.12851
2025-01-01 00:00:00.000 UTC,3968.133561,1189.4121
2025-01-01 00:00:00.000 UTC,13.571272,11.309393
2025-01-01 00:00:00.000 UTC,0,0.019206
2025-01-01 00:00:00.000 UTC,114.123323,35.114868
2025-01-01 00:00:00.000 UTC,566.052968,257.296803
2025-01-01 00:00:00.000 UTC,946.698772,610.773401
2025-01-01 00:00:00.000 UTC,235.604077,181.233906
2025-01-01 00:00:00.000 UTC,2489.621147,1928.416095
2025-01-01 00:00:00.000 UTC,3417.962328,1139.320776
2025-01-01 00:00:00.000 UTC,1244.521118,995.616894
2025-01-01 00:00:00.000 UTC,4.662157,3.885131
2025-01-01 00:00:00.000 UTC,6.941971,5.339978
2025-01-01 00:00:00.000 UTC,31.42928,24.176369
2025-01-01 00:00:00.000 UTC,0,0
2025-01-01 00:00:00.000 UTC,22.93613,19.113441
2025-01-01 00:00:00.000 UTC,3755.479452,1247.089041
2025-01-01 00:00:00.000 UTC,4.364569,3.637141
2025-01-01 00:00:00.000 UTC,83.143835,41.413242
2025-01-01 00:00:00.000 UTC,20.795172,15.996286
2025-01-01 00:00:00.000 UTC,41.773211,1171.910197
2025-01-01 00:00:00.000 UTC,280.792598,215.994306
2025-01-01 00:00:00.000 UTC,2.613727,2.010559
2025-01-01 00:00:00.000 UTC,0.12207959316019787,0.08987881259512938
2025-01-01 00:00:00.000 UTC,75.716547,58.243498
2025-01-01 00:00:00.000 UTC,0,0
2025-01-01 00:00:00.000 UTC,70.006518,53.851167
2025-01-01 00:00:00.000 UTC,65.226653,50.174348
2025-01-01 00:00:00.000 UTC,113.475328,34.386463
2025-01-01 00:00:00.000 UTC,77.700837,59.769874
2025-01-01 00:00:00.000 UTC,546.682541,164.892265
2025-01-01 00:00:00.000 UTC,1505.565924,501.855308
2025-01-01 00:00:00.000 UTC,0.000823,0.000633
2025-01-01 00:00:00.000 UTC,5047.082857,1999.753614
2025-01-01 00:00:00.000 UTC,2325.162671,704.594748
2025-01-01 00:00:00.000 UTC,0.002105,0.001754
2025-01-01 00:00:00.000 UTC,3755.616438,1247.123287
2025-01-01 00:00:00.000 UTC,12.201294,10.167745
2025-01-01 00:00:00.000 UTC,33.355833,37.062036
2025-01-01 00:00:00.000 UTC,69.495687,57.913072
2025-01-01 00:00:00.000 UTC,0.009161,0.007634
2025-01-01 00:00:00.000 UTC,5.720062,9.533437
2025-01-01 00:00:00.000 UTC,8.28378,6.372139
2025-01-01 00:00:00.000 UTC,93.263806,71.741389
2025-01-01 00:00:00.000 UTC,36.453433,30.377861
2025-01-01 00:00:00.000 UTC,0.002779,0.002316
2025-01-01 00:00:00.000 UTC,69.090996,53.14692
2025-01-01 00:00:00.000 UTC,69.343226,53.340943
2025-01-01 00:00:00.000 UTC,2.090204,1.741837
2025-01-01 00:00:00.000 UTC,52.819063,40.630048
2025-01-01 00:00:00.000 UTC,0.000484,0.000403
2025-01-01 00:00:00.000 UTC,1548.664383,516.221461
2025-01-01 00:00:00.000 UTC,66.153319,50.887168
2025-02-01 00:00:00.000 UTC,0,1098.210616
2025-02-01 00:00:00.000 UTC,68.050119,37.805622
2025-02-01 00:00:00.000 UTC,3305.844748,1033.076484
2025-02-01 00:00:00.000 UTC,117.649333,90.499486
2025-02-01 00:00:00.000 UTC,4611.731963,1537.243987
2025-02-01 00:00:00.000 UTC,2489.126712,829.708904
2025-02-01 00:00:00.000 UTC,239.356164,79.785388
2025-02-01 00:00:00.000 UTC,1428.808192,420.237703
2025-02-01 00:00:00.000 UTC,60.608349,75.760437
2025-02-01 00:00:00.000 UTC,1455.35203,2111.060088
2025-02-01 00:00:00.000 UTC,86.855736,26.31992
2025-02-01 00:00:00.000 UTC,948.012557,611.621004
2025-02-01 00:00:00.000 UTC,1146.545205,337.219178
2025-02-01 00:00:00.000 UTC,33.682225,28.068521
2025-02-01 00:00:00.000 UTC,3623.955479,1207.985159
2025-02-01 00:00:00.000 UTC,0.009091,0.007575
2025-02-01 00:00:00.000 UTC,1681.452054,525.453767
2025-02-01 00:00:00.000 UTC,1096.017574,843.090442
2025-02-01 00:00:00.000 UTC,10.208899,8.507416
2025-02-01 00:00:00.000 UTC,2246.179366,1796.943493
2025-02-01 00:00:00.000 UTC,713.333735,148.611194
2025-02-01 00:00:00.000 UTC,451.780821,564.726027
2025-02-01 00:00:00.000 UTC,2542.483304,1129.992579
2025-02-01 00:00:00.000 UTC,1416.169086,416.520319
2025-02-01 00:00:00.000 UTC,4.286923,5.358654
2025-02-01 00:00:00.000 UTC,142.87245,44.64764
2025-02-01 00:00:00.000 UTC,17.951099,22.438873
2025-02-01 00:00:00.000 UTC,0.11692561135803368,0.07086400688365678
2025-02-01 00:00:00.000 UTC,1761.075342,765.684931
2025-02-01 00:00:00.000 UTC,1921.04452,640.348173
2025-02-01 00:00:00.000 UTC,59.481036,49.56753
2025-02-01 00:00:00.000 UTC,82.238584,41.111491
2025-02-01 00:00:00.000 UTC,1139.677511,542.703576
2025-02-01 00:00:00.000 UTC,81.749494,62.884226
2025-02-01 00:00:00.000 UTC,45.925157,57.406446
2025-02-01 00:00:00.000 UTC,0.645547,0.496575
2025-02-01 00:00:00.000 UTC,0.028282,0.030742
2025-02-01 00:00:00.000 UTC,3161.202435,987.875761
2025-02-01 00:00:00.000 UTC,3791.908675,2446.392694
2025-02-01 00:00:00.000 UTC,341.79719,262.920916
2025-02-01 00:00:00.000 UTC,303.186073,89.172374
2025-02-01 00:00:00.000 UTC,999.797184,207.806316
2025-02-01 00:00:00.000 UTC,5002.254566,1923.944063
2025-02-01 00:00:00.000 UTC,173.240689,288.734482
2025-02-01 00:00:00.000 UTC,119.966141,92.281647
2025-02-01 00:00:00.000 UTC,148.04557,123.371308
2025-02-01 00:00:00.000 UTC,0.11156041232876712,0.08263734246575342
2025-02-01 00:00:00.000 UTC,27.134607,13.567303
2025-02-01 00:00:00.000 UTC,77.084149,64.236791
2025-02-01 00:00:00.000 UTC,0.381849,0.212138
2025-02-01 00:00:00.000 UTC,23.793759,9.151445
2025-02-01 00:00:00.000 UTC,0,15.943187
2025-02-01 00:00:00.000 UTC,511.336591,393.335839
2025-02-01 00:00:00.000 UTC,44.079711,36.733093
2025-02-01 00:00:00.000 UTC,0.00377,0.003142
2025-02-01 00:00:00.000 UTC,53.499215,66.874019
2025-02-01 00:00:00.000 UTC,6464.748858,2020.234018
2025-02-01 00:00:00.000 UTC,2290.771974,694.173325
2025-02-01 00:00:00.000 UTC,63.532402,79.415502
2025-02-01 00:00:00.000 UTC,2.065068,3.44178
2025-02-01 00:00:00.000 UTC,406.913463,123.30711
2025-02-01 00:00:00.000 UTC,89.659182,68.968601
2025-02-01 00:00:00.000 UTC,181.879874,151.566561
2025-02-01 00:00:00.000 UTC,0.25713,0.151253
2025-02-01 00:00:00.000 UTC,0,0.030754
2025-02-01 00:00:00.000 UTC,108.120524,88.261652
2025-02-01 00:00:00.000 UTC,6.366952,5.305793
2025-02-01 00:00:00.000 UTC,0.063456,0.018663
2025-02-01 00:00:00.000 UTC,1406.789668,1125.431735
2025-02-01 00:00:00.000 UTC,737.5,245.833333
2025-02-01 00:00:00.000 UTC,1015.709189,338.569729
2025-02-01 00:00:00.000 UTC,0,0.003148
2025-02-01 00:00:00.000 UTC,62.260273,20.753424
2025-02-01 00:00:00.000 UTC,227.974997,175.365383
2025-02-01 00:00:00.000 UTC,103.703935,86.419946
2025-02-01 00:00:00.000 UTC,0.2802005167808219,0.23350043065068493
2025-02-01 00:00:00.000 UTC,144.336296,180.420371
2025-02-01 00:00:00.000 UTC,7.39944,6.1662
2025-02-01 00:00:00.000 UTC,0.002616,0.002843
2025-02-01 00:00:00.000 UTC,0,66.372045
2025-02-01 00:00:00.000 UTC,399.556107,307.350851
2025-02-01 00:00:00.000 UTC,113.381101,87.216231
2025-02-01 00:00:00.000 UTC,1269.589041,264.497716
2025-02-01 00:00:00.000 UTC,832.64091,396.495671
2025-02-01 00:00:00.000 UTC,33.115202,16.557601
2025-02-01 00:00:00.000 UTC,288.831325,222.177943
2025-02-01 00:00:00.000 UTC,1561.539383,557.692636
2025-02-01 00:00:00.000 UTC,340.082072,200.048278
2025-02-01 00:00:00.000 UTC,855.362496,285.120832
2025-02-01 00:00:00.000 UTC,646.947678,190.278729
2025-02-01 00:00:00.000 UTC,4373.365859,6343.783444
2025-02-01 00:00:00.000 UTC,20.598173,25.747716
2025-02-01 00:00:00.000 UTC,0.001586,0.00122
2025-02-01 00:00:00.000 UTC,859.440487,268.575152
2025-02-01 00:00:00.000 UTC,86.868481,66.821908
2025-02-01 00:00:00.000 UTC,0.001702,0.001418
2025-02-01 00:00:00.000 UTC,109.90259,91.585492
2025-02-01 00:00:00.000 UTC,2501.32753,519.832096
2025-02-01 00:00:00.000 UTC,717.423266,551.86405
2025-02-01 00:00:00.000 UTC,1449.869863,483.289954
2025-02-01 00:00:00.000 UTC,36.211244,39.360048
2025-02-01 00:00:00.000 UTC,1547.946061,515.98202
2025-02-01 00:00:00.000 UTC,1117.488584,349.215182
2025-02-01 00:00:00.000 UTC,15.902553,13.252127
2025-02-01 00:00:00.000 UTC,13.742984,11.452486
2025-02-01 00:00:00.000 UTC,192.877435,241.096794
2025-02-01 00:00:00.000 UTC,28.040815,32.989194
2025-02-01 00:00:00.000 UTC,896.697203,426.998668
2025-02-01 00:00:00.000 UTC,0.078079,0.065066
2025-02-01 00:00:00.000 UTC,2007.435787,669.145262
2025-03-01 00:00:00.000 UTC,0,0.173135
2025-03-01 00:00:00.000 UTC,64.361301,117.020547
2025-03-01 00:00:00.000 UTC,496.819178,146.123287
2025-03-01 00:00:00.000 UTC,1320.096318,1056.077054
2025-03-01 00:00:00.000 UTC,69.273811,115.456352
2025-03-01 00:00:00.000 UTC,937.589497,390.66229
2025-03-01 00:00:00.000 UTC,1.647498,1.372915
2025-03-01 00:00:00.000 UTC,250.257889,208.548241
2025-03-01 00:00:00.000 UTC,18.767598,1148.904585
2025-03-01 00:00:00.000 UTC,0.18488,0.073952
2025-03-01 00:00:00.000 UTC,11.521927,14.402409
2025-03-01 00:00:00.000 UTC,3.197781,4.63854
2025-03-01 00:00:00.000 UTC,10.786986,17.97831
2025-03-01 00:00:00.000 UTC,0.005628,0.00469
2025-03-01 00:00:00.000 UTC,229.086843,80.381348
2025-03-01 00:00:00.000 UTC,3.641637,4.552047
2025-03-01 00:00:00.000 UTC,292.210045,121.754185
2025-03-01 00:00:00.000 UTC,9.9e-05,8.2e-05
2025-03-01 00:00:00.000 UTC,87.071176,108.83897
2025-03-01 00:00:00.000 UTC,307.314768,64.02391
2025-03-01 00:00:00.000 UTC,1727.377235,3140.685882
2025-03-01 00:00:00.000 UTC,24.921961,31.152452
2025-03-01 00:00:00.000 UTC,244.86339,204.052825
2025-03-01 00:00:00.000 UTC,318.901327,127.56053
2025-03-01 00:00:00.000 UTC,2.215729,2.769662
2025-03-01 00:00:00.000 UTC,0.001311,0.002185
2025-03-01 00:00:00.000 UTC,37.259436,7.762382
2025-03-01 00:00:00.000 UTC,17.908035,22.385043
2025-03-01 00:00:00.000 UTC,40.336414,8.403419
2025-03-01 00:00:00.000 UTC,55.014659,11.461387
2025-03-01 00:00:00.000 UTC,100.449654,40.179861
2025-03-01 00:00:00.000 UTC,87.440894,109.301118
2025-03-01 00:00:00.000 UTC,51.634684,28.685936
2025-03-01 00:00:00.000 UTC,60.33272,21.169375
2025-03-01 00:00:00.000 UTC,0.002772,0.003465
2025-03-01 00:00:00.000 UTC,28.334694,5.903061
2025-03-01 00:00:00.000 UTC,2657.039928,1128.527185
2025-03-01 00:00:00.000 UTC,0.02225,0.018542
2025-03-01 00:00:00.000 UTC,407.218541,84.837196
2025-03-01 00:00:00.000 UTC,2297.808219,957.420091
2025-03-01 00:00:00.000 UTC,818.116509,467.495148
2025-03-01 00:00:00.000 UTC,114.515867,47.714944
2025-03-01 00:00:00.000 UTC,0.11799273313356165,0.08740202454337899
2025-03-01 00:00:00.000 UTC,89.525536,105.32416
2025-03-01 00:00:00.000 UTC,77.768645,38.884322
2025-03-01 00:00:00.000 UTC,898.905847,749.088206
2025-03-01 00:00:00.000 UTC,59.823092,149.557732
2025-03-01 00:00:00.000 UTC,7.344545,9.180681
2025-03-01 00:00:00.000 UTC,92.739412,32.540144
2025-03-01 00:00:00.000 UTC,42.994859,17.197943
2025-03-01 00:00:00.000 UTC,19.028166,6.676549
2025-03-01 00:00:00.000 UTC,1201.616267,775.236301
2025-03-01 00:00:00.000 UTC,133.013252,110.844377
2025-03-01 00:00:00.000 UTC,70.951504,14.781563
2025-03-01 00:00:00.000 UTC,8.013945,2.81191
2025-03-01 00:00:00.000 UTC,243.131331,50.65236
2025-03-01 00:00:00.000 UTC,2380.010702,1879.700342
2025-03-01 00:00:00.000 UTC,254.676797,203.741438
2025-03-01 00:00:00.000 UTC,3229.619482,2018.512176
2025-03-01 00:00:00.000 UTC,31.65096,39.5637
2025-03-01 00:00:00.000 UTC,333.825057,215.371004
2025-03-01 00:00:00.000 UTC,0.11751749214760274,0.07122272251369863
2025-03-01 00:00:00.000 UTC,3851.90985,5587.385717
2025-03-01 00:00:00.000 UTC,19.21299,6.7414
2025-03-01 00:00:00.000 UTC,0.415274,0.166109
2025-03-01 00:00:00.000 UTC,5.302794,2.121117
2025-03-01 00:00:00.000 UTC,1237.157564,432.351902
2025-03-01 00:00:00.000 UTC,83.773301,24.639206
2025-03-01 00:00:00.000 UTC,1328.099958,1106.749965
2025-03-01 00:00:00.000 UTC,1379.017614,2000.333243
2025-03-01 00:00:00.000 UTC,237.146984,131.748324
2025-03-01 00:00:00.000 UTC,1228.385067,491.354026
2025-03-01 00:00:00.000 UTC,0.001911,0.002389
2025-03-01 00:00:00.000 UTC,443.778495,369.815413
2025-03-01 00:00:00.000 UTC,3994.99315,1479.627092
2025-03-01 00:00:00.000 UTC,11.288998,2.351874
2025-03-01 00:00:00.000 UTC,5271.780821,1952.511415
2025-03-01 00:00:00.000 UTC,688.216438,241.479452
2025-03-01 00:00:00.000 UTC,1.307539,0.523015
2025-03-01 00:00:00.000 UTC,131.329393,164.161742
2025-03-01 00:00:00.000 UTC,0.007685,0.009606
2025-03-01 00:00:00.000 UTC,3956.115677,1521.582952
2025-03-01 00:00:00.000 UTC,0,6597.673135
2025-03-01 00:00:00.000 UTC,67.827364,84.784206
2025-03-01 00:00:00.000 UTC,248.447533,207.03961
2025-03-01 00:00:00.000 UTC,0.2844938921232877,0.23707824343607306
2025-03-01 00:00:00.000 UTC,301.619006,88.711472
2025-03-01 00:00:00.000 UTC,354.083818,295.069848
2025-03-01 00:00:00.000 UTC,601.990487,1094.528158
2025-03-01 00:00:00.000 UTC,2650.348173,929.946727
2025-03-01 00:00:00.000 UTC,337.197393,99.175703
2025-03-01 00:00:00.000 UTC,87.394353,56.383453
2025-03-01 00:00:00.000 UTC,375.995421,268.568158
2025-03-01 00:00:00.000 UTC,678.223458,1233.133561
2025-03-01 00:00:00.000 UTC,40.797273,50.996591
2025-03-01 00:00:00.000 UTC,216.784086,76.064591
2025-03-01 00:00:00.000 UTC,1654.925048,973.485322
2025-03-01 00:00:00.000 UTC,170.020146,141.683455
2025-03-01 00:00:00.000 UTC,435.218234,362.681862
2025-03-01 00:00:00.000 UTC,0.00445,0.005563
2025-03-01 00:00:00.000 UTC,1206.632087,2193.876522
2025-03-01 00:00:00.000 UTC,953.106164,280.325342
2025-03-01 00:00:00.000 UTC,1334.840182,861.187214
2025-04-01 00:00:00.000 UTC,21.399196,26.748996
2025-04-01 00:00:00.000 UTC,0.11087572140410959,0.08213016400304414
2025-04-01 00:00:00.000 UTC,1284.315068,1427.016742
2025-04-01 00:00:00.000 UTC,386.735178,351.577435
2025-04-01 00:00:00.000 UTC,0.192237,0.240296
2025-04-01 00:00:00.000 UTC,109.891552,274.728881
2025-04-01 00:00:00.000 UTC,2209.633416,3205.182538
2025-04-01 00:00:00.000 UTC,86.49315,42.52968
2025-04-01 00:00:00.000 UTC,3070.238666,1980.799139
2025-04-01 00:00:00.000 UTC,3661.099695,2198.420852
2025-04-01 00:00:00.000 UTC,112.845068,72.80327
2025-04-01 00:00:00.000 UTC,0.004823566695205479,0.003573012366818873
2025-04-01 00:00:00.000 UTC,0.07619585719178082,0.06349654765981735
2025-04-01 00:00:00.000 UTC,775.295419,337.084965
2025-04-01 00:00:00.000 UTC,56.53003,70.662537
2025-04-01 00:00:00.000 UTC,1752.635743,1027.85715
2025-04-01 00:00:00.000 UTC,5.835849,22.445573
2025-04-01 00:00:00.000 UTC,678.337795,983.962515
2025-04-01 00:00:00.000 UTC,1930.704195,1430.151255
2025-04-01 00:00:00.000 UTC,310.315581,108.88266
2025-04-01 00:00:00.000 UTC,0.018724,0.023405
2025-04-01 00:00:00.000 UTC,24.615,27.35
2025-04-01 00:00:00.000 UTC,48.550462,32.366974
2025-04-01 00:00:00.000 UTC,1640.795757,1426.778919
2025-04-01 00:00:00.000 UTC,4209.01541,2319.929604
2025-04-01 00:00:00.000 UTC,17.30638,66.563002
2025-04-01 00:00:00.000 UTC,3.075751,2.796137
2025-04-01 00:00:00.000 UTC,1093.318588,1987.851978
2025-04-01 00:00:00.000 UTC,925.754851,1683.190639
2025-04-01 00:00:00.000 UTC,336.054033,98.839421
2025-04-01 00:00:00.000 UTC,217.380136,241.533485
2025-04-01 00:00:00.000 UTC,148.411815,98.94121
2025-04-01 00:00:00.000 UTC,0.007119,0.008899
2025-04-01 00:00:00.000 UTC,340.291095,100.085616
2025-04-01 00:00:00.000 UTC,1599.526541,1777.251712
2025-04-01 00:00:00.000 UTC,829.114185,1202.671126
2025-04-01 00:00:00.000 UTC,2759.74315,2044.254185
2025-04-01 00:00:00.000 UTC,5176.51541,1917.227929
2025-04-01 00:00:00.000 UTC,3592.408675,1436.96347
2025-04-01 00:00:00.000 UTC,24.8549,31.068626
2025-04-01 00:00:00.000 UTC,1080.555936,315.630707
2025-04-01 00:00:00.000 UTC,0,0
2025-04-01 00:00:00.000 UTC,297.554678,212.539056
2025-04-01 00:00:00.000 UTC,232.105616,257.895129
2025-04-01 00:00:00.000 UTC,2.997956,4.348684
2025-04-01 00:00:00.000 UTC,17.292392,21.61549
2025-04-01 00:00:00.000 UTC,2302.328767,959.303652
2025-04-01 00:00:00.000 UTC,0.005569,0.006962
2025-04-01 00:00:00.000 UTC,914.528158,1143.160197
2025-04-01 00:00:00.000 UTC,70.686431,45.604149
2025-04-01 00:00:00.000 UTC,1283.508276,1026.806621
2025-04-01 00:00:00.000 UTC,0.004615328493378995,0.002797168783866057
2025-04-01 00:00:00.000 UTC,61.243356,76.554195
2025-04-01 00:00:00.000 UTC,308.464611,560.844748
2025-04-01 00:00:00.000 UTC,2883.782343,2101.52207
2025-04-01 00:00:00.000 UTC,80.072298,200.180745
2025-04-01 00:00:00.000 UTC,1577.975918,2288.932102
2025-04-01 00:00:00.000 UTC,0.11461897916154395,0.0694660479766933
2025-04-01 00:00:00.000 UTC,1437.519025,552.891933
2025-04-01 00:00:00.000 UTC,1173.264052,756.94455
2025-04-01 00:00:00.000 UTC,3280.520833,5964.583333
2025-04-01 00:00:00.000 UTC,4287.821917,1588.082191
2025-04-01 00:00:00.000 UTC,2210.063261,1921.79414
2025-05-01 00:00:00.000 UTC,2104.556155,1158.198043
2025-05-01 00:00:00.000 UTC,1034.011415,304.121004
2025-05-01 00:00:00.000 UTC,789.372146,1973.430365
2025-05-01 00:00:00.000 UTC,454.826769,413.478881
2025-05-01 00:00:00.000 UTC,3193.394216,1596.697108
2025-05-01 00:00:00.000 UTC,1255.966609,598.079337
2025-05-01 00:00:00.000 UTC,2534.048706,1583.780441
2025-05-01 00:00:00.000 UTC,3390.552226,6164.64041
2025-05-01 00:00:00.000 UTC,5897.671232,3686.04452
2025-05-01 00:00:00.000 UTC,5025.513698,1861.301369
2025-05-01 00:00:00.000 UTC,910.684371,363.856513
2025-05-01 00:00:00.000 UTC,80.363078,32.145231
2025-05-01 00:00:00.000 UTC,157.541009,92.671182
2025-05-01 00:00:00.000 UTC,13971.569634,8467.61796
2025-05-01 00:00:00.000 UTC,236.954908,157.969939
2025-05-01 00:00:00.000 UTC,635.714897,470.899923
2025-05-01 00:00:00.000 UTC,13.232876,4.901065
2025-05-01 00:00:00.000 UTC,0.250454,0.313068
2025-05-01 00:00:00.000 UTC,1580.425879,2292.48589
2025-05-01 00:00:00.000 UTC,2834.94863,1718.150684
2025-05-01 00:00:00.000 UTC,8.719094,10.898868
2025-05-01 00:00:00.000 UTC,538.75428,399.077245
2025-05-01 00:00:00.000 UTC,2.688273,3.899473
2025-05-01 00:00:00.000 UTC,1130.330574,2055.146499
2025-05-01 00:00:00.000 UTC,2233.59589,930.664954
2025-05-01 00:00:00.000 UTC,402.277783,160.911113
2025-05-01 00:00:00.000 UTC,56.159823,70.199779
2025-05-01 00:00:00.000 UTC,5304.807363,3831.25
2025-05-01 00:00:00.000 UTC,2703.621575,2002.682648
2025-05-01 00:00:00.000 UTC,1394.320004,1070.182516
2025-05-01 00:00:00.000 UTC,8552.099386,4957.738774
2025-05-01 00:00:00.000 UTC,1373.251141,1098.600913
2025-05-01 00:00:00.000 UTC,628.754851,571.595319
2025-05-01 00:00:00.000 UTC,1681.317636,1858.227739
2025-05-01 00:00:00.000 UTC,11.047374,7.890981
2025-05-01 00:00:00.000 UTC,80.929604,40.464802
2025-05-01 00:00:00.000 UTC,338.41191,99.532914
2025-05-01 00:00:00.000 UTC,9.801341,12.251676
2025-05-01 00:00:00.000 UTC,87.893456,109.86682
2025-05-01 00:00:00.000 UTC,4.90004,7.107751
2025-05-01 00:00:00.000 UTC,0.270395,0.245814
2025-05-01 00:00:00.000 UTC,914.824486,653.446061
2025-05-01 00:00:00.000 UTC,322.370909,94.814973
2025-05-01 00:00:00.000 UTC,144.684931,128.608828
2025-05-01 00:00:00.000 UTC,615.204268,473.234052
2025-05-01 00:00:00.000 UTC,662.482689,736.091877
2025-05-01 00:00:00.000 UTC,4220.79452,2637.996575
2025-05-01 00:00:00.000 UTC,368.797945,327.820395
2025-05-01 00:00:00.000 UTC,5248.442161,1862.777777
2025-05-01 00:00:00.000 UTC,2703.672945,2002.7207
2025-05-01 00:00:00.000 UTC,3146.662385,1907.068112
2025-05-01 00:00:00.000 UTC,7.732115,4.832572
2025-05-01 00:00:00.000 UTC,3.703386,1.089231
2025-05-01 00:00:00.000 UTC,3128.683718,4538.310449
2025-05-01 00:00:00.000 UTC,3353.246765,1972.498097
2025-05-01 00:00:00.000 UTC,3549.043628,1419.617451
2025-05-01 00:00:00.000 UTC,1428.072113,2071.489219
2025-05-01 00:00:00.000 UTC,0,0
2025-05-01 00:00:00.000 UTC,19645.418569,12278.386605
2025-05-01 00:00:00.000 UTC,0.40688538213470316,0.38750988774733636
2025-05-01 00:00:00.000 UTC,2900.363698,1812.727311
2025-05-01 00:00:00.000 UTC,5387.873004,2142.37709
2025-06-01 00:00:00.000 UTC,336.264269,98.901255
2025-06-01 00:00:00.000 UTC,328.29081,156.328957
2025-06-01 00:00:00.000 UTC,3621.659817,1574.634703
2025-06-01 00:00:00.000 UTC,8336.433361,4832.714992
2025-06-01 00:00:00.000 UTC,3264.734589,3627.482876
2025-06-01 00:00:00.000 UTC,5607.76541,1967.636986
2025-06-01 00:00:00.000 UTC,669.643835,304.383561
2025-06-01 00:00:00.000 UTC,108.206335,72.137557
2025-06-01 00:00:00.000 UTC,0,7.201293
2025-06-01 00:00:00.000 UTC,1240.216609,590.579337
2025-06-01 00:00:00.000 UTC,2716.470462,1810.980308
2025-06-01 00:00:00.000 UTC,2008.747336,1545.190258
2025-06-01 00:00:00.000 UTC,3502.043378,6367.351598
2025-06-01 00:00:00.000 UTC,3066.423135,1533.211567
2025-06-01 00:00:00.000 UTC,5163.042237,3442.028158
2025-06-01 00:00:00.000 UTC,1879.182648,1339.499619
2025-06-01 00:00:00.000 UTC,562.169451,255.531568
2025-06-01 00:00:00.000 UTC,874.679808,583.119872
2025-06-01 00:00:00.000 UTC,2.985873,2.211757
2025-06-01 00:00:00.000 UTC,674.93115,1227.147545
2025-06-01 00:00:00.000 UTC,1072.937928,794.768835
2025-06-01 00:00:00.000 UTC,664.306924,590.495043
2025-06-01 00:00:00.000 UTC,2946.914003,2128.386605
2025-06-01 00:00:00.000 UTC,2368.504566,986.876902
2025-06-01 00:00:00.000 UTC,1996.798439,2896.454879
2025-06-01 00:00:00.000 UTC,1527.717679,611.087071
2025-06-01 00:00:00.000 UTC,1104.372288,883.497831
2025-06-01 00:00:00.000 UTC,857.039668,252.07049
2025-06-01 00:00:00.000 UTC,3.942399,7.167998
2025-06-01 00:00:00.000 UTC,389.646118,708.447488
2025-06-01 00:00:00.000 UTC,8178.348554,5111.467846
2025-06-01 00:00:00.000 UTC,2601.164383,963.394216
2025-06-01 00:00:00.000 UTC,780.401445,1418.911719
2025-06-01 00:00:00.000 UTC,6643.94121,3851.560121
2025-06-01 00:00:00.000 UTC,363.402682,259.573344
2025-06-01 00:00:00.000 UTC,2684.74315,1988.69863
2025-06-01 00:00:00.000 UTC,0.4003179068207763,0.38125514935312027
2025-06-01 00:00:00.000 UTC,338.04452,250.403348
2025-06-01 00:00:00.000 UTC,3182.497146,1928.786149
2025-06-01 00:00:00.000 UTC,1.624571,1.203386
2025-06-01 00:00:00.000 UTC,19639.025875,12274.391171
2025-06-01 00:00:00.000 UTC,3.326198,2.46385
2025-06-01 00:00:00.000 UTC,1619.984589,1799.982876
2025-06-01 00:00:00.000 UTC,1184.674993,1718.42966
2025-06-01 00:00:00.000 UTC,3697.825342,1540.760559
2025-06-01 00:00:00.000 UTC,74.538753,108.122148
2025-06-01 00:00:00.000 UTC,945.784646,429.902111
2025-06-01 00:00:00.000 UTC,140.076251,175.095314
2025-06-01 00:00:00.000 UTC,0.018264,0.011415
2025-06-01 00:00:00.000 UTC,4843.679794,3587.910958
2025-06-01 00:00:00.000 UTC,3481.402682,1054.970509
2025-06-01 00:00:00.000 UTC,1447.787885,2632.341609
2025-06-01 00:00:00.000 UTC,690.776969,767.529965
2025-06-01 00:00:00.000 UTC,2684.614726,1988.6035
2025-06-01 00:00:00.000 UTC,14.307017,17.883772
2025-06-01 00:00:00.000 UTC,2.585339,3.750163
2025-06-01 00:00:00.000 UTC,479.156559,273.803748
2025-06-01 00:00:00.000 UTC,320.643287,94.306849
2025-06-01 00:00:00.000 UTC,1985.354832,1167.855783
2025-06-01 00:00:00.000 UTC,10584.627568,6136.015981
2025-06-01 00:00:00.000 UTC,84.005136,41.700342
2025-06-01 00:00:00.000 UTC,2946.936358,2128.396118
2025-06-01 00:00:00.000 UTC,16876.462614,9643.692922
2025-06-01 00:00:00.000 UTC,5530.849315,3456.780821
2025-07-01 00:00:00.000 UTC,3505.813356,6371.404109
2025-07-01 00:00:00.000 UTC,5295.069349,3827.106164
2025-07-01 00:00:00.000 UTC,0.008634,0.033208
2025-07-01 00:00:00.000 UTC,8.010586,11.619752
2025-07-01 00:00:00.000 UTC,9935.980308,5759.988584
2025-07-01 00:00:00.000 UTC,6855.857591,3974.410197
2025-07-01 00:00:00.000 UTC,4450.605593,2871.358447
2025-07-01 00:00:00.000 UTC,1187.496194,848.211567
2025-07-01 00:00:00.000 UTC,699.801931,622.046161
2025-07-01 00:00:00.000 UTC,19815.867579,10557.83866
2025-07-01 00:00:00.000 UTC,119.569254,35.167427
2025-07-01 00:00:00.000 UTC,593.424657,439.57382
2025-07-01 00:00:00.000 UTC,2.890867,1.806792
2025-07-01 00:00:00.000 UTC,0.014322,0.017903
2025-07-01 00:00:00.000 UTC,2917.628424,2115.924657
2025-07-01 00:00:00.000 UTC,6073.589041,3795.99315
2025-07-01 00:00:00.000 UTC,6076.650494,4334.570015
2025-07-01 00:00:00.000 UTC,687.638413,458.425608
2025-07-01 00:00:00.000 UTC,3255.575057,2259.731735
2025-07-01 00:00:00.000 UTC,6317.8125,3662.5
2025-07-01 00:00:00.000 UTC,1325.546699,883.697799
2025-07-01 00:00:00.000 UTC,1108.300703,325.970795
2025-07-01 00:00:00.000 UTC,2522.842465,1911.244292
2025-07-01 00:00:00.000 UTC,3263.668188,1631.834094
2025-07-01 00:00:00.000 UTC,205.59422,182.750418
2025-07-01 00:00:00.000 UTC,1932.226027,1096.156773
2025-07-01 00:00:00.000 UTC,569.193607,302.762557
2025-07-01 00:00:00.000 UTC,0.05790537442922374,0.05514797564687976
2025-07-01 00:00:00.000 UTC,338.020547,99.417808
2025-07-01 00:00:00.000 UTC,2917.65078,2115.93417
2025-07-01 00:00:00.000 UTC,4577.310692,1990.135083
2025-07-01 00:00:00.000 UTC,0,194.109589
2025-07-01 00:00:00.000 UTC,8684.917808,6433.27245
2025-07-01 00:00:00.000 UTC,162.985692,81.492846
2025-07-01 00:00:00.000 UTC,18100.761035,11312.975646
2025-07-01 00:00:00.000 UTC,176.172816,90.345034
2025-07-01 00:00:00.000 UTC,4075.011415,2383.961187
2025-07-01 00:00:00.000 UTC,439.911529,208.190639
2025-07-01 00:00:00.000 UTC,3396.093036,2058.238203
2025-07-01 00:00:00.000 UTC,3478.136584,5045.209112
2025-07-01 00:00:00.000 UTC,8502.500713,4928.98592
2025-07-01 00:00:00.000 UTC,81.746955,40.873477
2025-07-01 00:00:00.000 UTC,1055.248394,422.099357
2025-07-01 00:00:00.000 UTC,3495.545091,1059.256088
2025-07-01 00:00:00.000 UTC,406.72089,451.9121
2025-07-01 00:00:00.000 UTC,0.4241343200627854,0.4039374476788432
2025-07-01 00:00:00.000 UTC,813.984018,339.160007
2025-07-01 00:00:00.000 UTC,1783.963184,1912.251712
2025-07-01 00:00:00.000 UTC,4213.362823,1831.896879
2025-07-01 00:00:00.000 UTC,3254.703196,2259.36073
2025-07-01 00:00:00.000 UTC,362.24441,258.746007
2025-07-01 00:00:00.000 UTC,3015.251141,1507.62557
2025-07-01 00:00:00.000 UTC,1.051983,0.539478
2025-07-01 00:00:00.000 UTC,222.004138,145.576484
2025-07-01 00:00:00.000 UTC,3601.568207,2401.045471
2025-07-01 00:00:00.000 UTC,1164.287005,2116.885464
2025-07-01 00:00:00.000 UTC,259.850264,376.925658
2025-07-01 00:00:00.000 UTC,15932.177511,10278.8242
2025-07-01 00:00:00.000 UTC,1319.93807,624.637557
2025-07-01 00:00:00.000 UTC,5.614916,3.302891
2025-07-01 00:00:00.000 UTC,14731.366533,9659.91248
2025-07-01 00:00:00.000 UTC,0.024749,0.030937
2025-07-01 00:00:00.000 UTC,5464.858732,1917.494292
2025-07-01 00:00:00.000 UTC,193.775342,138.410958
2025-07-01 00:00:00.000 UTC,3136.655726,2118.959284
2025-07-01 00:00:00.000 UTC,15.582857,11.130612
2025-07-01 00:00:00.000 UTC,284.164573,202.974695
2025-07-01 00:00:00.000 UTC,5272.201769,1849.895357
2025-07-01 00:00:00.000 UTC,506.023635,361.445453
2025-07-01 00:00:00.000 UTC,1.240011,2.254566
2025-07-01 00:00:00.000 UTC,2305.605022,960.668759
2025-07-01 00:00:00.000 UTC,1217.123535,869.373953
2025-07-01 00:00:00.000 UTC,17999.857305,10281.392694
2025-07-01 00:00:00.000 UTC,1536.179604,960.112252
2025-07-01 00:00:00.000 UTC,0.408105,0.742009
2025-07-01 00:00:00.000 UTC,12153.210616,9002.378234
2025-07-01 00:00:00.000 UTC,1317.910616,1013.777397
2025-07-01 00:00:00.000 UTC,1379.352929,985.252092
2025-07-01 00:00:00.000 UTC,466.427796,274.369292
2025-07-01 00:00:00.000 UTC,3661.743531,1592.062404
2025-07-01 00:00:00.000 UTC,0.024713,0.030892
2025-07-01 00:00:00.000 UTC,726.764505,386.576864
2025-07-01 00:00:00.000 UTC,324.153515,95.339269
2025-07-01 00:00:00.000 UTC,2046.246432,3720.448059
2025-07-01 00:00:00.000 UTC,485.098458,538.998287
2025-07-01 00:00:00.000 UTC,1045.8369,1162.041
2025-07-01 00:00:00.000 UTC,702.290239,520.214992
2025-07-01 00:00:00.000 UTC,7663.28006,4789.550038
2025-07-01 00:00:00.000 UTC,1579.81659,1215.243531
2025-07-01 00:00:00.000 UTC,105.653553,58.696418
2025-07-01 00:00:00.000 UTC,835.55351,668.442808
2025-07-01 00:00:00.000 UTC,3529.39726,1534.520547
2025-07-01 00:00:00.000 UTC,642.134703,493.949771
2025-07-01 00:00:00.000 UTC,989.917995,618.698747
2025-08-01 00:00:00.000 UTC,18652.069063,14347.745433
2025-08-01 00:00:00.000 UTC,1346.115162,747.841757
2025-08-01 00:00:00.000 UTC,870.774973,1263.102159
2025-08-01 00:00:00.000 UTC,2698.076484,2043.997336
2025-08-01 00:00:00.000 UTC,1354.037528,773.73573
2025-08-01 00:00:00.000 UTC,1473.950035,755.871813
2025-08-01 00:00:00.000 UTC,12.901651,6.450825
2025-08-01 00:00:00.000 UTC,1164.998573,2118.179223
2025-08-01 00:00:00.000 UTC,624.377035,430.604851
2025-08-01 00:00:00.000 UTC,878.454015,488.030008
2025-08-01 00:00:00.000 UTC,1728.172564,751.379375
2025-08-01 00:00:00.000 UTC,691.289621,493.7783
2025-08-01 00:00:00.000 UTC,19057.684075,10291.80936
2025-08-01 00:00:00.000 UTC,5292.775684,3826.130136
2025-08-01 00:00:00.000 UTC,5644.398972,3762.932648
2025-08-01 00:00:00.000 UTC,229.104832,130.917047
2025-08-01 00:00:00.000 UTC,2.546575,1.543378
2025-08-01 00:00:00.000 UTC,3025.844748,1512.922374
2025-08-01 00:00:00.000 UTC,1.248573,0.71347
2025-08-01 00:00:00.000 UTC,1070.895163,669.309476
2025-08-01 00:00:00.000 UTC,2988.634893,2058.542617
2025-08-01 00:00:00.000 UTC,14313.318112,9234.398782
2025-08-01 00:00:00.000 UTC,81.930365,40.965182
2025-08-01 00:00:00.000 UTC,11811.841229,10271.166286
2025-08-01 00:00:00.000 UTC,2500.505136,1852.226027
2025-08-01 00:00:00.000 UTC,2515.92694,1093.881278
2025-08-01 00:00:00.000 UTC,4600.66971,5750.837138
2025-08-01 00:00:00.000 UTC,1342.533158,839.083224
2025-08-01 00:00:00.000 UTC,2009.833047,1124.900114
2025-08-01 00:00:00.000 UTC,0.2680230479452055,0.2552600456621004
2025-08-01 00:00:00.000 UTC,224.063261,160.045186
2025-08-01 00:00:00.000 UTC,17364.488203,9922.564687
2025-08-01 00:00:00.000 UTC,469.743864,276.31992
2025-08-01 00:00:00.000 UTC,5914.328767,3696.455479
2025-08-01 00:00:00.000 UTC,5494.546232,1927.910958
2025-08-01 00:00:00.000 UTC,7980.586472,4626.42694
2025-08-01 00:00:00.000 UTC,7463.061215,5528.193493
2025-08-01 00:00:00.000 UTC,325.764079,101.801274
2025-08-01 00:00:00.000 UTC,1731.894783,2512.199025
2025-08-01 00:00:00.000 UTC,2.560302,1.312975
2025-08-01 00:00:00.000 UTC,313.900475,156.950237
2025-08-01 00:00:00.000 UTC,780.9375,520.625
2025-08-01 00:00:00.000 UTC,55.382681,69.228351
2025-08-01 00:00:00.000 UTC,348.027932,240.019263
2025-08-01 00:00:00.000 UTC,0.001047,0.000634
2025-08-01 00:00:00.000 UTC,872.896641,698.317313
2025-08-01 00:00:00.000 UTC,0.115582,0.085616
2025-08-01 00:00:00.000 UTC,1620.374571,1038.341894
2025-08-01 00:00:00.000 UTC,436.319409,242.399671
2025-08-01 00:00:00.000 UTC,16.470462,12.200342
2025-08-01 00:00:00.000 UTC,7134.097935,4920.067541
2025-08-01 00:00:00.000 UTC,5.413563,3.093464
2025-08-01 00:00:00.000 UTC,1.081763,0.61815
2025-08-01 00:00:00.000 UTC,1185.592808,348.703767
2025-08-01 00:00:00.000 UTC,20.014726,12.130136
2025-08-01 00:00:00.000 UTC,0.001434,0.001024
2025-08-01 00:00:00.000 UTC,2037.117698,3703.850361
2025-08-01 00:00:00.000 UTC,6183.645833,3584.722222
2025-08-01 00:00:00.000 UTC,8932.552083,5955.034722
2025-08-01 00:00:00.000 UTC,1244.088184,921.546803
2025-08-01 00:00:00.000 UTC,5667.048373,3285.245433
2025-08-01 00:00:00.000 UTC,7390.030441,4618.769025
2025-08-01 00:00:00.000 UTC,14701.372241,10627.806316
2025-08-01 00:00:00.000 UTC,9968.619434,5778.909817
2025-08-01 00:00:00.000 UTC,382.233607,109.287214
2025-08-01 00:00:00.000 UTC,526.534246,309.726027
2025-08-01 00:00:00.000 UTC,1197.95291,570.453767
2025-08-01 00:00:00.000 UTC,7955.013698,5892.602739
2025-08-01 00:00:00.000 UTC,83.667651,42.906487
2025-08-01 00:00:00.000 UTC,438.618386,224.932505
2025-08-01 00:00:00.000 UTC,3499.249429,1060.378614
2025-08-01 00:00:00.000 UTC,399.297659,190.141742
2025-08-01 00:00:00.000 UTC,3494.823059,6354.223744
2025-08-01 00:00:00.000 UTC,2775.693968,2055.527016
2025-08-01 00:00:00.000 UTC,386.617675,253.519786
2025-08-01 00:00:00.000 UTC,5977.587756,3465.268264
2025-08-01 00:00:00.000 UTC,1.120719,0.64041
2025-08-01 00:00:00.000 UTC,2776.476407,2055.859969
2025-08-01 00:00:00.000 UTC,362.21757,213.069159
2025-08-01 00:00:00.000 UTC,2500.505136,1852.226027
2025-08-01 00:00:00.000 UTC,3369.362157,2042.037671
2025-08-01 00:00:00.000 UTC,13376.445966,10289.57382
2025-08-01 00:00:00.000 UTC,995.075107,884.511206
2025-08-01 00:00:00.000 UTC,4023.871955,2596.046423
2025-08-01 00:00:00.000 UTC,4211.270452,2406.440258
2025-08-01 00:00:00.000 UTC,1361.121575,1008.238203
2025-09-01 00:00:00.000 UTC,1794.615677,1025.494672
2025-09-01 00:00:00.000 UTC,636.374014,353.541119
2025-09-01 00:00:00.000 UTC,11870.176346,7752.734969
2025-09-01 00:00:00.000 UTC,2682.367294,1986.938736
2025-09-01 00:00:00.000 UTC,13872.657439,10275.161719
2025-09-01 00:00:00.000 UTC,15391.845034,9930.222602
2025-09-01 00:00:00.000 UTC,5431.294235,1905.717275
2025-09-01 00:00:00.000 UTC,0.2662389648972603,0.2535609189497717
2025-09-01 00:00:00.000 UTC,2698.183504,1860.81621
2025-09-01 00:00:00.000 UTC,14876.06307,9597.460045
2025-09-01 00:00:00.000 UTC,7437.920947,4798.658675
2025-09-01 00:00:00.000 UTC,0.70869,0.404965
2025-09-01 00:00:00.000 UTC,8926.655251,5759.13242
2025-09-01 00:00:00.000 UTC,547.650256,331.909246
2025-09-01 00:00:00.000 UTC,1085.648592,775.46328
2025-09-01 00:00:00.000 UTC,3078.203957,1539.101978
2025-09-01 00:00:00.000 UTC,61.258561,45.376712
2025-09-01 00:00:00.000 UTC,609.026695,420.01841
2025-09-01 00:00:00.000 UTC,0.022524,0.013651
2025-09-01 00:00:00.000 UTC,5952.194634,3840.12557
2025-09-01 00:00:00.000 UTC,2253.413926,1408.383703
2025-09-01 00:00:00.000 UTC,6737.010083,4646.21385
2025-09-01 00:00:00.000 UTC,1.383287,0.838356
2025-09-01 00:00:00.000 UTC,1169.659246,556.980593
2025-09-01 00:00:00.000 UTC,1016.866438,753.234398
2025-09-01 00:00:00.000 UTC,4018.005479,2232.225266
2025-09-01 00:00:00.000 UTC,37.419285,21.382448
2025-09-01 00:00:00.000 UTC,1976.366295,3593.393264
2025-09-01 00:00:00.000 UTC,3146.036529,1966.272831
2025-09-01 00:00:00.000 UTC,4302.801179,2776.000761
2025-09-01 00:00:00.000 UTC,1694.938641,1027.23554
2025-09-01 00:00:00.000 UTC,0.179794,0.133181
2025-09-01 00:00:00.000 UTC,3108.314307,1776.179604
2025-09-01 00:00:00.000 UTC,934.859303,549.917237
2025-09-01 00:00:00.000 UTC,385.986151,266.197345
2025-09-01 00:00:00.000 UTC,2853.293245,4138.842949
2025-09-01 00:00:00.000 UTC,13747.526636,8786.681887
2025-09-01 00:00:00.000 UTC,23423.808504,15359.874429
2025-09-01 00:00:00.000 UTC,1275.477311,773.016552
2025-09-01 00:00:00.000 UTC,0.128424,0.095129
2025-09-01 00:00:00.000 UTC,1215.47246,691.2871
2025-09-01 00:00:00.000 UTC,3164.60331,958.9707
2025-09-01 00:00:00.000 UTC,3626.026255,2132.956621
2025-09-01 00:00:00.000 UTC,2790.940353,2062.01484
2025-09-01 00:00:00.000 UTC,1154.251484,339.48573
2025-09-01 00:00:00.000 UTC,389.902397,185.667808
2025-09-01 00:00:00.000 UTC,213.366299,189.658932
2025-09-01 00:00:00.000 UTC,0.989369,0.565353
2025-09-01 00:00:00.000 UTC,3373.524353,2339.792617
2025-09-01 00:00:00.000 UTC,17.880476,12.771768
2025-09-01 00:00:00.000 UTC,1413.232258,911.762747
2025-09-01 00:00:00.000 UTC,4506.580003,2650.929414
2025-09-01 00:00:00.000 UTC,0.852625,0.487214
2025-09-01 00:00:00.000 UTC,3114.92342,1779.95624
2025-09-01 00:00:00.000 UTC,0.192636,0.142694
2025-09-01 00:00:00.000 UTC,1735.182172,1020.695395
2025-09-01 00:00:00.000 UTC,1129.33124,2053.329528
2025-09-01 00:00:00.000 UTC,322.569254,100.802891
2025-09-01 00:00:00.000 UTC,2729.994006,1572.962328
2025-09-01 00:00:00.000 UTC,2682.521404,1987.052891
2025-09-01 00:00:00.000 UTC,4767.095034,3531.181506
2025-09-01 00:00:00.000 UTC,0.410958,0.304414
2025-09-01 00:00:00.000 UTC,3825.964611,1594.151921
2025-09-01 00:00:00.000 UTC,523.562642,307.978025
2025-09-01 00:00:00.000 UTC,7950.989345,4969.36834
2025-09-01 00:00:00.000 UTC,1793.666761,1024.952435
2025-09-01 00:00:00.000 UTC,833.798706,667.038964
2025-09-01 00:00:00.000 UTC,1195.825009,683.328576
2025-09-01 00:00:00.000 UTC,2790.873287,2061.986301
2025-09-01 00:00:00.000 UTC,3388.134988,6160.245433
2025-09-01 00:00:00.000 UTC,3697.945205,2465.296803
2025-09-01 00:00:00.000 UTC,11814.248002,10273.259132
2025-09-01 00:00:00.000 UTC,7350.097602,3769.280821
2025-09-01 00:00:00.000 UTC,8849.983376,6257.935216
2025-09-01 00:00:00.000 UTC,847.578339,484.330479
2025-09-01 00:00:00.000 UTC,14612.880517,7128.234398
2025-09-01 00:00:00.000 UTC,82.607876,41.234589
2025-09-01 00:00:00.000 UTC,3169.861586,1921.128234
2025-09-01 00:00:00.000 UTC,5718.410958,3574.006849
2025-09-01 00:00:00.000 UTC,17214.57382,9305.175038
2025-09-01 00:00:00.000 UTC,60.01522,75.019025
2025-09-01 00:00:00.000 UTC,10.159817,12.699771
2025-09-01 00:00:00.000 UTC,8931.152206,6598.508371
2025-09-01 00:00:00.000 UTC,6078.045053,3286.190258
2025-09-01 00:00:00.000 UTC,0.188356,0.142694
2025-10-01 00:00:00.000 UTC,11787.224124,5357.829147
2025-10-01 00:00:00.000 UTC,6648.693524,7387.437249
2025-10-01 00:00:00.000 UTC,2890.482305,1993.436073
2025-10-01 00:00:00.000 UTC,400.016837,190.484208
2025-10-01 00:00:00.000 UTC,5475.947488,1921.385083
2025-10-01 00:00:00.000 UTC,1880.289193,1213.089802
2025-10-01 00:00:00.000 UTC,0.28822,0.198772
2025-10-01 00:00:00.000 UTC,16341.729452,7971.575342
2025-10-01 00:00:00.000 UTC,6734.070585,4810.050418
2025-10-01 00:00:00.000 UTC,18436.55584,9965.705859
2025-10-01 00:00:00.000 UTC,196.423135,982.115677
2025-10-01 00:00:00.000 UTC,236.57665,155.132229
2025-10-01 00:00:00.000 UTC,17550.192636,13000.142694
2025-10-01 00:00:00.000 UTC,1184.795528,348.469273
2025-10-01 00:00:00.000 UTC,0.007253,0.004756
2025-10-01 00:00:00.000 UTC,7843.004566,5602.146118
2025-10-01 00:00:00.000 UTC,3138.73202,1609.606164
2025-10-01 00:00:00.000 UTC,2668.563546,1906.116818
2025-10-01 00:00:00.000 UTC,0.262557,0.109398
2025-10-01 00:00:00.000 UTC,1661.842808,1230.994672
2025-10-01 00:00:00.000 UTC,262.699771,140.106544
2025-10-01 00:00:00.000 UTC,2052.811429,3732.384417
2025-10-01 00:00:00.000 UTC,6304.23416,4669.803082
2025-10-01 00:00:00.000 UTC,0.008072,0.031049
2025-10-01 00:00:00.000 UTC,3156.526541,1854.01541
2025-10-01 00:00:00.000 UTC,1184.741676,846.244054
2025-10-01 00:00:00.000 UTC,3.785009,5.490342
2025-10-01 00:00:00.000 UTC,309.117199,1545.585996
2025-10-01 00:00:00.000 UTC,6115.039003,3945.186453
2025-10-01 00:00:00.000 UTC,0.024722,0.030903
2025-10-01 00:00:00.000 UTC,106.683789,44.451579
2025-10-01 00:00:00.000 UTC,0,0
2025-10-01 00:00:00.000 UTC,469.744101,308.028919
2025-10-01 00:00:00.000 UTC,9463.138555,6205.336757
2025-10-01 00:00:00.000 UTC,2239.916286,2799.895357
2025-10-01 00:00:00.000 UTC,1001.330821,1251.663527
2025-10-01 00:00:00.000 UTC,877.899543,438.949771
2025-10-01 00:00:00.000 UTC,1595.372907,797.686453
2025-10-01 00:00:00.000 UTC,598.296232,284.902968
2025-10-01 00:00:00.000 UTC,14923.026065,9627.758751
2025-10-01 00:00:00.000 UTC,26.572988,18.326198
2025-10-01 00:00:00.000 UTC,8882.914764,4441.457382
2025-10-01 00:00:00.000 UTC,1370.028595,1217.803196
2025-10-01 00:00:00.000 UTC,3647.443992,2391.766552
2025-10-01 00:00:00.000 UTC,1584.870624,792.435312
2025-10-01 00:00:00.000 UTC,7.058321,5.228386
2025-10-01 00:00:00.000 UTC,161.179794,94.811643
2025-10-01 00:00:00.000 UTC,20352.420091,15655.707762
2025-10-01 00:00:00.000 UTC,1338.696727,956.211948
2025-10-01 00:00:00.000 UTC,4239.42694,2735.114155
2025-10-01 00:00:00.000 UTC,1428.522878,921.627663
2025-10-01 00:00:00.000 UTC,0.004645,0.002322
2025-10-01 00:00:00.000 UTC,11.007213,8.153491
2025-10-01 00:00:00.000 UTC,5976.986301,4202.739726
2025-10-01 00:00:00.000 UTC,315.928462,98.727644
2025-10-01 00:00:00.000 UTC,15132.184646,9762.699771
2025-10-01 00:00:00.000 UTC,390.62851,269.398972
2025-10-01 00:00:00.000 UTC,4.576835,3.520643
2025-10-01 00:00:00.000 UTC,11243.317161,7469.929604
2025-10-01 00:00:00.000 UTC,10343.013698,6895.342465
2025-10-01 00:00:00.000 UTC,813.458761,650.767009
2025-10-01 00:00:00.000 UTC,3289.404965,996.789383
2025-10-01 00:00:00.000 UTC,1605.171232,668.821347
2025-10-01 00:00:00.000 UTC,0.015256,0.009246
2025-10-01 00:00:00.000 UTC,16324.550989,20405.688736
2025-10-01 00:00:00.000 UTC,2632.227168,1994.111491
2025-10-01 00:00:00.000 UTC,8542.898021,6102.070015
2025-10-01 00:00:00.000 UTC,3169.741248,1584.870624
2025-10-01 00:00:00.000 UTC,5145.910958,3675.650684
2025-10-01 00:00:00.000 UTC,949.731667,844.205926
2025-10-01 00:00:00.000 UTC,612.24054,422.234855
2025-10-01 00:00:00.000 UTC,1173.113584,2132.933789
2025-10-01 00:00:00.000 UTC,1771.682362,1036.696156
2025-10-01 00:00:00.000 UTC,3053.347602,1850.513698
2025-10-01 00:00:00.000 UTC,0.021067,0.026334
2025-10-01 00:00:00.000 UTC,1442.389649,1311.263318
2025-10-01 00:00:00.000 UTC,953.291476,433.314307
2025-10-01 00:00:00.000 UTC,1055.871235,1531.59344
2025-10-01 00:00:00.000 UTC,2682.367294,1986.938736
2025-10-01 00:00:00.000 UTC,301.240212,158.54748
2025-10-01 00:00:00.000 UTC,81.144977,40.572488
2025-10-01 00:00:00.000 UTC,3519.042522,6398.259132
2025-10-01 00:00:00.000 UTC,248.974315,146.455479
2025-10-01 00:00:00.000 UTC,3818.136415,2314.02207
2025-10-01 00:00:00.000 UTC,523.158818,275.346746
2025-10-01 00:00:00.000 UTC,629.095666,449.354047
2025-10-01 00:00:00.000 UTC,3601.445966,4501.807458
2025-10-01 00:00:00.000 UTC,107.230189,70.314878
2025-10-01 00:00:00.000 UTC,9184.192351,5925.285388
2025-10-01 00:00:00.000 UTC,2130.496702,1183.609279
2025-10-01 00:00:00.000 UTC,1405.479452,878.424657
2025-10-01 00:00:00.000 UTC,174.066994,89.265125
2025-10-01 00:00:00.000 UTC,3163.161149,1860.683028
2025-10-01 00:00:00.000 UTC,15921.192446,10271.737062
2025-10-01 00:00:00.000 UTC,1936.541095,1269.863013
2025-10-01 00:00:00.000 UTC,52.856925,33.035578
2025-10-01 00:00:00.000 UTC,70.719178,353.59589
2025-10-01 00:00:00.000 UTC,1012.895738,723.496955
2025-10-01 00:00:00.000 UTC,1857.643835,1161.027397
2025-10-01 00:00:00.000 UTC,0,0
2025-10-01 00:00:00.000 UTC,0.928462,0.608828
2025-10-01 00:00:00.000 UTC,0.537956,0.371004
2025-10-01 00:00:00.000 UTC,3709.917808,2318.69863
2025-10-01 00:00:00.000 UTC,473.247597,310.326293
2025-10-01 00:00:00.000 UTC,2669.642313,1906.887366
2025-10-01 00:00:00.000 UTC,580.063736,414.33124
2025-10-01 00:00:00.000 UTC,1627.568493,868.036529
2025-10-01 00:00:00.000 UTC,75.523936,52.085473
2025-10-01 00:00:00.000 UTC,0.2938266900684931,0.27983494292237443
2025-10-01 00:00:00.000 UTC,1098.085045,963.232496
2025-10-01 00:00:00.000 UTC,13.05236,6.869663
2025-10-01 00:00:00.000 UTC,1463.462471,836.264269
2025-10-01 00:00:00.000 UTC,2682.251712,1986.85312
2025-10-01 00:00:00.000 UTC,1200.020547,571.438356
2025-10-01 00:00:00.000 UTC,895.557505,511.747146
2025-10-01 00:00:00.000 UTC,0.018684,0.023355
2025-10-01 00:00:00.000 UTC,14921.182933,9626.569634
2025-10-01 00:00:00.000 UTC,32.69863,23.356164
2025-10-01 00:00:00.000 UTC,13849.571917,9892.551369
2025-10-01 00:00:00.000 UTC,1911.159817,1194.474885
2025-10-01 00:00:00.000 UTC,8423.904109,5809.589041
2025-10-01 00:00:00.000 UTC,7456.697108,4660.435692
2025-10-01 00:00:00.000 UTC,33.248002,23.748573
2025-10-01 00:00:00.000 UTC,3459.931506,4324.914383
2025-10-01 00:00:00.000 UTC,8076.769406,5769.121004
2025-10-01 00:00:00.000 UTC,948.5117,557.948059
2025-10-01 00:00:00.000 UTC,4408.219178,5510.273972
2025-10-01 00:00:00.000 UTC,15298.066495,9869.720319
2025-10-01 00:00:00.000 UTC,7646.231687,4933.052701
2025-10-01 00:00:00.000 UTC,686.446442,473.411339
2025-10-01 00:00:00.000 UTC,4784.14003,5980.175038
2025-10-01 00:00:00.000 UTC,2623.188606,3805.064791
2025-10-01 00:00:00.000 UTC,4179.974885,2696.75799
2025-10-01 00:00:00.000 UTC,0.072536,0.047564
2025-10-01 00:00:00.000 UTC,348.011082,278.408866
2025-10-01 00:00:00.000 UTC,5628.986301,3518.116438
2025-10-01 00:00:00.000 UTC,1186.104166,348.854166
2025-10-01 00:00:00.000 UTC,7563.529299,4088.394216
2025-10-01 00:00:00.000 UTC,7226.688546,4983.923135
2025-11-01 00:00:00.000 UTC,1304.074506,815.046566
2025-11-01 00:00:00.000 UTC,2380.272545,721.29471
2025-11-01 00:00:00.000 UTC,30.888698,22.063356
2025-11-01 00:00:00.000 UTC,182.261301,130.186643
2025-11-01 00:00:00.000 UTC,233.352311,111.120148
2025-11-01 00:00:00.000 UTC,81.585045,28.626331
2025-11-01 00:00:00.000 UTC,1764.554794,1307.077625
2025-11-01 00:00:00.000 UTC,0.806697,0.403348
2025-11-01 00:00:00.000 UTC,1445.585996,996.955859
2025-11-01 00:00:00.000 UTC,3485.783866,4357.229832
2025-11-01 00:00:00.000 UTC,3547.567351,2446.598173
2025-11-01 00:00:00.000 UTC,26.550191,16.593869
2025-11-01 00:00:00.000 UTC,1747.538527,1027.753995
2025-11-01 00:00:00.000 UTC,8640.907534,5959.246575
2025-11-01 00:00:00.000 UTC,1255.235445,597.731164
2025-11-01 00:00:00.000 UTC,2312.225571,3353.997531
2025-11-01 00:00:00.000 UTC,4065.988869,3011.843607
2025-11-01 00:00:00.000 UTC,6478.824961,4627.732115
2025-11-01 00:00:00.000 UTC,14871.934455,9594.796423
2025-11-01 00:00:00.000 UTC,4.665995,2.916247
2025-11-01 00:00:00.000 UTC,26619.863013,21267.884322
2025-11-01 00:00:00.000 UTC,0.194063,0.114155
2025-11-01 00:00:00.000 UTC,3.124908,4.532834
2025-11-01 00:00:00.000 UTC,3376.906392,1986.415525
2025-11-01 00:00:00.000 UTC,8.994482,5.802891
2025-11-01 00:00:00.000 UTC,1.217774,2.214136
2025-11-01 00:00:00.000 UTC,0.281582,0.140791
2025-11-01 00:00:00.000 UTC,6958.780441,4970.557458
2025-11-01 00:00:00.000 UTC,99.517808,62.19863
2025-11-01 00:00:00.000 UTC,1040.851883,365.211187
2025-11-01 00:00:00.000 UTC,1515.19952,946.9997
2025-11-01 00:00:00.000 UTC,3698.133085,2385.892313
2025-11-01 00:00:00.000 UTC,526.27968,398.696727
2025-11-01 00:00:00.000 UTC,30291.226455,19863.099315
2025-11-01 00:00:00.000 UTC,17868.512176,22335.64022
2025-11-01 00:00:00.000 UTC,285.340943,89.169044
2025-11-01 00:00:00.000 UTC,13.444438,9.60317
2025-11-01 00:00:00.000 UTC,7603.498858,4109.855403
2025-11-01 00:00:00.000 UTC,23.827548,19.85629
2025-11-01 00:00:00.000 UTC,2024.486301,1446.061643
2025-11-01 00:00:00.000 UTC,3458.559659,4323.199573
2025-11-01 00:00:00.000 UTC,409.210426,255.756516
2025-11-01 00:00:00.000 UTC,1686.106354,1204.361681
2025-11-01 00:00:00.000 UTC,5482.551369,4061.149162
2025-11-01 00:00:00.000 UTC,23413.959046,16056.578196
2025-11-01 00:00:00.000 UTC,155.56621,74.079147
2025-11-01 00:00:00.000 UTC,441.326401,275.829001
2025-11-01 00:00:00.000 UTC,5650.791952,1982.734018
2025-11-01 00:00:00.000 UTC,83.211757,41.435882
2025-11-01 00:00:00.000 UTC,2752.389649,1376.194824
2025-11-01 00:00:00.000 UTC,93.633448,64.574791
2025-11-01 00:00:00.000 UTC,1747.076198,1204.880136
2025-11-01 00:00:00.000 UTC,11124.315068,13905.393835
2025-11-01 00:00:00.000 UTC,0.060882,0.030441
2025-11-01 00:00:00.000 UTC,2933.321917,1892.465753
2025-11-01 00:00:00.000 UTC,161.922089,86.358447
2025-11-01 00:00:00.000 UTC,627.590753,298.852739
2025-11-01 00:00:00.000 UTC,1764.464897,1307.011035
2025-11-01 00:00:00.000 UTC,2813.287671,5115.068493
2025-11-01 00:00:00.000 UTC,140.334855,175.418569
2025-11-01 00:00:00.000 UTC,16609.429223,12776.484018
2025-11-01 00:00:00.000 UTC,7201.48045,4966.538242
2025-11-01 00:00:00.000 UTC,2024.179984,1445.842846
2025-11-01 00:00:00.000 UTC,12972.674086,10378.139269
2025-11-01 00:00:00.000 UTC,230.784246,164.84589
2025-11-01 00:00:00.000 UTC,1313.558599,1641.948249
2025-11-01 00:00:00.000 UTC,4.858447,3.470319
2025-11-01 00:00:00.000 UTC,605.64672,417.687393
2025-11-01 00:00:00.000 UTC,3096.442294,2293.660958
2025-11-01 00:00:00.000 UTC,1948.290239,1146.053082
2025-11-01 00:00:00.000 UTC,8183.600599,6061.926369
2025-11-01 00:00:00.000 UTC,5678.245476,2907.299372
2025-11-01 00:00:00.000 UTC,20.829861,14.878472
2025-11-01 00:00:00.000 UTC,0.068493,0.034246
2025-11-01 00:00:00.000 UTC,0.273972,0.136986
2025-11-01 00:00:00.000 UTC,16292.117579,7947.374429
2025-11-01 00:00:00.000 UTC,1641.514816,2984.572393
2025-11-01 00:00:00.000 UTC,0.2011179469178082,0.19154090182648403
2025-11-01 00:00:00.000 UTC,5715.381733,3572.113583
2025-11-01 00:00:00.000 UTC,1375.89041,687.945205
2025-11-01 00:00:00.000 UTC,11.296613,9.03729
2025-11-01 00:00:00.000 UTC,5022.260273,3587.328767
2025-11-01 00:00:00.000 UTC,367.84627,262.747336
2025-11-01 00:00:00.000 UTC,14883.951674,9602.549467
2025-11-01 00:00:00.000 UTC,753.896598,471.185373
2025-11-01 00:00:00.000 UTC,937.91952,1705.308219
2025-11-01 00:00:00.000 UTC,1836.297688,1360.220509
2025-11-01 00:00:00.000 UTC,1111.170909,326.814973
2025-11-01 00:00:00.000 UTC,3758.113584,2277.644596
2025-11-01 00:00:00.000 UTC,5390.410958,4492.009132
2025-11-01 00:00:00.000 UTC,20109.95291,14896.261415
2025-11-01 00:00:00.000 UTC,4845.786857,3589.471746
2025-11-01 00:00:00.000 UTC,4170.293283,2690.511796
2025-11-01 00:00:00.000 UTC,6693.929794,4318.664383
2025-11-01 00:00:00.000 UTC,0.002333,0.001228
2025-11-01 00:00:00.000 UTC,1008.42656,661.263318
2025-11-01 00:00:00.000 UTC,726.859424,454.28714
2025-11-01 00:00:00.000 UTC,1009.568949,611.859969
2025-11-01 00:00:00.000 UTC,473.380993,225.41952
2025-11-01 00:00:00.000 UTC,641.36463,420.566971
2025-11-01 00:00:00.000 UTC,16526.27949,8933.124048
2025-11-01 00:00:00.000 UTC,3531.556487,3923.951653
2025-11-01 00:00:00.000 UTC,418.411815,199.243721
2025-11-01 00:00:00.000 UTC,1394.959094,996.399353
2025-11-01 00:00:00.000 UTC,13917.028158,9940.734398
2025-11-01 00:00:00.000 UTC,2621.905251,1986.291856
2025-11-01 00:00:00.000 UTC,5510.906773,4239.159056
2025-11-01 00:00:00.000 UTC,2902.894977,1814.30936
2025-11-01 00:00:00.000 UTC,1594.818778,1028.320015
2025-11-01 00:00:00.000 UTC,0.2683819837328767,0.2556018892694064
2025-11-01 00:00:00.000 UTC,6805.622146,4537.08143
2025-11-01 00:00:00.000 UTC,1274.233019,878.781392
2025-12-01 00:00:00.000 UTC,1620.611681,953.300989
2025-12-01 00:00:00.000 UTC,13645.616438,17057.020547
2025-12-01 00:00:00.000 UTC,2997.209359,1763.064329
2025-12-01 00:00:00.000 UTC,7672.907153,4795.566971
2025-12-01 00:00:00.000 UTC,6660.532724,4162.832952
2025-12-01 00:00:00.000 UTC,2690.578386,1921.841704
2025-12-01 00:00:00.000 UTC,21513.92694,14342.61796
2025-12-01 00:00:00.000 UTC,3798.835045,2556.974885
2025-12-01 00:00:00.000 UTC,10973.932172,7079.95624
2025-12-01 00:00:00.000 UTC,1150.778253,590.142694
2025-12-01 00:00:00.000 UTC,2219.589041,1109.79452
2025-12-01 00:00:00.000 UTC,938.219178,694.977168
2025-12-01 00:00:00.000 UTC,1312.163479,889.602359
2025-12-01 00:00:00.000 UTC,1345.056126,960.754375
2025-12-01 00:00:00.000 UTC,3012.699771,2008.466514
2025-12-01 00:00:00.000 UTC,783.968321,418.116438
2025-12-01 00:00:00.000 UTC,6726.484018,4204.052511
2025-12-01 00:00:00.000 UTC,1735.275756,925.480403
2025-12-01 00:00:00.000 UTC,4931.803652,2465.901826
2025-12-01 00:00:00.000 UTC,8086.301369,5390.867579
2025-12-01 00:00:00.000 UTC,16807.737823,8198.896499
2025-12-01 00:00:00.000 UTC,13456.953957,9612.109969
2025-12-01 00:00:00.000 UTC,26892.265981,17928.177321
2025-12-01 00:00:00.000 UTC,5796.083047,4636.866438
2025-12-01 00:00:00.000 UTC,4312.151476,2211.359731
2025-12-01 00:00:00.000 UTC,14922.436263,9627.378234
2025-12-01 00:00:00.000 UTC,802.978738,518.050799
2025-12-01 00:00:00.000 UTC,4057.359208,2535.849505
2025-12-01 00:00:00.000 UTC,7567.94794,13759.905346
2025-12-01 00:00:00.000 UTC,3485.829052,2112.623668
2025-12-01 00:00:00.000 UTC,173.749429,124.106735
2025-12-01 00:00:00.000 UTC,3548.872716,2839.098173
2025-12-01 00:00:00.000 UTC,99.352007,60.213337
2025-12-01 00:00:00.000 UTC,2676.739726,1672.962328
2025-12-01 00:00:00.000 UTC,295.80213,92.438165
2025-12-01 00:00:00.000 UTC,28045.626426,19013.984018
2025-12-01 00:00:00.000 UTC,6786.415525,8483.019406
2025-12-01 00:00:00.000 UTC,5476.322678,3911.659056
2025-12-01 00:00:00.000 UTC,13333.458904,10256.506849
2025-12-01 00:00:00.000 UTC,14893.535958,9608.732876
2025-12-01 00:00:00.000 UTC,1083.894596,528.729071
2025-12-01 00:00:00.000 UTC,421.920205,301.371575
2025-12-01 00:00:00.000 UTC,1006.390032,1459.818509
2025-12-01 00:00:00.000 UTC,8607.421613,6148.158295
2025-12-01 00:00:00.000 UTC,1187.714041,766.267123
2025-12-01 00:00:00.000 UTC,2144.79452,2680.99315
2025-12-01 00:00:00.000 UTC,4842.417808,3458.869863
2025-12-01 00:00:00.000 UTC,23231.188165,18584.950532
2025-12-01 00:00:00.000 UTC,36.094834,22.559271
2025-12-01 00:00:00.000 UTC,4122.40487,5153.006088
2025-12-01 00:00:00.000 UTC,5764.453767,4434.195205
2025-12-01 00:00:00.000 UTC,4370.11815,2362.226027
2025-12-01 00:00:00.000 UTC,18659.665144,11662.290715
2025-12-01 00:00:00.000 UTC,3408.64393,2726.915144
2025-12-01 00:00:00.000 UTC,8143.359969,5816.685692
2025-12-01 00:00:00.000 UTC,5371.926369,3979.204718
2025-12-01 00:00:00.000 UTC,14.321917,8.951198
2025-12-01 00:00:00.000 UTC,1052.93105,638.14003
2025-12-01 00:00:00.000 UTC,6106.381278,10177.30213
2025-12-01 00:00:00.000 UTC,13638.891861,10911.113489
2025-12-01 00:00:00.000 UTC,1265.753424,2109.589041
2025-12-01 00:00:00.000 UTC,21.813998,17.451198
2025-12-01 00:00:00.000 UTC,8026.932077,4258.428462
2025-12-01 00:00:00.000 UTC,81.906392,58.504566
2025-12-01 00:00:00.000 UTC,1154.883808,339.671708
2025-12-01 00:00:00.000 UTC,2285.362666,3315.03156
2025-12-01 00:00:00.000 UTC,81.452054,40.726027
2025-12-01 00:00:00.000 UTC,10515.456621,17525.761035
2025-12-01 00:00:00.000 UTC,1480.301369,925.188356
2025-12-01 00:00:00.000 UTC,1.846817,1.191495
2025-12-01 00:00:00.000 UTC,2692.070015,1922.907153
2025-12-01 00:00:00.000 UTC,1896.421946,1011.425038
2025-12-01 00:00:00.000 UTC,3053.007515,1969.682267
2026-01-01 00:00:00.000 UTC,10522.260273,7014.840182
2026-01-01 00:00:00.000 UTC,2851.834094,2037.024353
2026-01-01 00:00:00.000 UTC,13073.416095,10376.617199
2026-01-01 00:00:00.000 UTC,1163.477739,596.655251
2026-01-01 00:00:00.000 UTC,24748.177083,17067.708333
2026-01-01 00:00:00.000 UTC,1815.567565,1230.893264
2026-01-01 00:00:00.000 UTC,16997.800777,10623.625485
2026-01-01 00:00:00.000 UTC,793.767836,423.342846
2026-01-01 00:00:00.000 UTC,15758.554509,10166.80936
2026-01-01 00:00:00.000 UTC,20.394025,14.567161
2026-01-01 00:00:00.000 UTC,20763.634309,13395.893103
2026-01-01 00:00:00.000 UTC,17464.410941,10915.256838
2026-01-01 00:00:00.000 UTC,0.024959,0.031199
2026-01-01 00:00:00.000 UTC,17432.778487,10895.486554
2026-01-01 00:00:00.000 UTC,13943.065068,11154.452054
2026-01-01 00:00:00.000 UTC,5134.931506,3667.808219
2026-01-01 00:00:00.000 UTC,1233.961187,616.980593
2026-01-01 00:00:00.000 UTC,44.332191,22.166095
2026-01-01 00:00:00.000 UTC,36370.845224,24658.200152
2026-01-01 00:00:00.000 UTC,5423.515981,27117.579908
2026-01-01 00:00:00.000 UTC,39327.768264,34198.05936
2026-01-01 00:00:00.000 UTC,0,0
2026-01-01 00:00:00.000 UTC,531.693788,322.238659
2026-01-01 00:00:00.000 UTC,28.121194,20.086567
2026-01-01 00:00:00.000 UTC,14984.760273,24974.600456
2026-01-01 00:00:00.000 UTC,3066.43376,1803.784565
2026-01-01 00:00:00.000 UTC,1949.704623,1102.630327
2026-01-01 00:00:00.000 UTC,3514.914383,2130.251141
2026-01-01 00:00:00.000 UTC,2048.687214,1707.239345
2026-01-01 00:00:00.000 UTC,1426.429794,1018.878424
2026-01-01 00:00:00.000 UTC,6609.859113,4997.139459
2026-01-01 00:00:00.000 UTC,2495.172184,9980.688736
2026-01-01 00:00:00.000 UTC,1984.919021,1058.623477
2026-01-01 00:00:00.000 UTC,731.14041,522.24315
2026-01-01 00:00:00.000 UTC,599.075342,427.910958
2026-01-01 00:00:00.000 UTC,1185.345376,348.630993
2026-01-01 00:00:00.000 UTC,8963.812785,14939.687975
2026-01-01 00:00:00.000 UTC,7208.841324,5545.262557
2026-01-01 00:00:00.000 UTC,3577.999429,2466.837899
2026-01-01 00:00:00.000 UTC,69.930496,55.944396
2026-01-01 00:00:00.000 UTC,5207.945205,2603.972602
2026-01-01 00:00:00.000 UTC,7618.085045,4114.973363
2026-01-01 00:00:00.000 UTC,2949.200913,1966.133942
2026-01-01 00:00:00.000 UTC,1401.606735,4672.02245
2026-01-01 00:00:00.000 UTC,5369.161386,3579.440924
2026-01-01 00:00:00.000 UTC,2498.282962,1722.953767
2026-01-01 00:00:00.000 UTC,21326.222412,17060.977929
2026-01-01 00:00:00.000 UTC,1040.96955,1509.977809
2026-01-01 00:00:00.000 UTC,315.44901,98.577815
2026-01-01 00:00:00.000 UTC,85.727625,61.234018
2026-01-01 00:00:00.000 UTC,2851.687595,2036.91971
2026-01-01 00:00:00.000 UTC,3056.642535,1798.02502
2026-01-01 00:00:00.000 UTC,3156.392694,5260.65449
2026-01-01 00:00:00.000 UTC,24424.571837,15757.788282
2026-02-01 00:00:00.000 UTC,812.942351,650.353881
2026-02-01 00:00:00.000 UTC,11147.773972,9289.811643
2026-02-01 00:00:00.000 UTC,7569.090563,4091.400304
2026-02-01 00:00:00.000 UTC,3813.022226,2460.014339
2026-02-01 00:00:00.000 UTC,1951.033818,4335.630707
2026-02-01 00:00:00.000 UTC,25185.68065,17369.434931
2026-02-01 00:00:00.000 UTC,22303.082191,18585.901826
2026-02-01 00:00:00.000 UTC,1949.937571,3545.341038
2026-02-01 00:00:00.000 UTC,12076.198077,7791.095533
2026-02-01 00:00:00.000 UTC,873.287671,727.739726
2026-02-01 00:00:00.000 UTC,2912.374429,2069.653729
2026-02-01 00:00:00.000 UTC,3160.030441,15800.152207
2026-02-01 00:00:00.000 UTC,1697.694063,848.847031
2026-02-01 00:00:00.000 UTC,2926.07089,6502.379756
2026-02-01 00:00:00.000 UTC,4458.225212,6460.290333
2026-02-01 00:00:00.000 UTC,1823.244862,1055.793378
2026-02-01 00:00:00.000 UTC,11532.762557,9610.635464
2026-02-01 00:00:00.000 UTC,239.69863,74.905821
2026-02-01 00:00:00.000 UTC,2623.703862,3086.710426
2026-02-01 00:00:00.000 UTC,11049.574296,8839.659436
2026-02-01 00:00:00.000 UTC,1885.771404,4190.60312
2026-02-01 00:00:00.000 UTC,40664.058219,33886.715182
2026-02-01 00:00:00.000 UTC,1205.230993,2678.291095
2026-02-01 00:00:00.000 UTC,63.763095,45.545068
2026-02-01 00:00:00.000 UTC,1203.295804,617.074771
2026-02-01 00:00:00.000 UTC,1448.691019,1034.779299
2026-02-01 00:00:00.000 UTC,246.965202,159.332388
2026-02-01 00:00:00.000 UTC,6.39745,5.11796
2026-02-01 00:00:00.000 UTC,10172.67694,9164.57382
2026-02-01 00:00:00.000 UTC,1866.96454,995.714421
2026-02-01 00:00:00.000 UTC,459.932685,296.730765
2026-02-01 00:00:00.000 UTC,0.179556,0.718226
2026-02-01 00:00:00.000 UTC,1111.232876,2469.406392
2026-02-01 00:00:00.000 UTC,2387.228881,2808.504566
2026-02-01 00:00:00.000 UTC,27581.88261,18699.58143
2026-02-01 00:00:00.000 UTC,269.667351,79.313926
2026-02-01 00:00:00.000 UTC,4347.082619,9660.183599
2026-02-01 00:00:00.000 UTC,2369.533628,1692.52402
2026-02-01 00:00:00.000 UTC,1610.671137,1695.443302
2026-02-01 00:00:00.000 UTC,268.324707,191.660505
2026-02-01 00:00:00.000 UTC,480.462328,400.385273
2026-02-01 00:00:00.000 UTC,27420.42318,17690.5956
2026-02-01 00:00:00.000 UTC,5620.188356,9366.980593
2026-02-01 00:00:00.000 UTC,747.042665,398.422754
2026-02-01 00:00:00.000 UTC,3559.286529,2454.680365
2026-02-01 00:00:00.000 UTC,0.004631,0.005789
2026-02-01 00:00:00.000 UTC,6480.293949,6171.708523
2026-02-01 00:00:00.000 UTC,116.139677,74.928824
2026-02-01 00:00:00.000 UTC,2581.90625,1780.625
2026-02-01 00:00:00.000 UTC,702.558904,1561.242009
2026-02-01 00:00:00.000 UTC,7363.432386,13388.058885
2026-02-01 00:00:00.000 UTC,110.767808,246.150684
2026-02-01 00:00:00.000 UTC,5131.720243,3665.514459
2026-02-01 00:00:00.000 UTC,5644.931506,9408.219178
2026-02-01 00:00:00.000 UTC,8.011111,5.722222
2026-02-01 00:00:00.000 UTC,1645.038051,8225.190258
2026-02-01 00:00:00.000 UTC,638.599352,425.732901
2026-02-01 00:00:00.000 UTC,3.116438,2.226027
2026-02-01 00:00:00.000 UTC,313.581229,202.31047
2026-02-01 00:00:00.000 UTC,3024.704278,1951.422115
2026-02-01 00:00:00.000 UTC,13103.731449,10919.776208
2026-02-01 00:00:00.000 UTC,425.342465,354.452054
2026-02-01 00:00:00.000 UTC,482.936073,333.05936
2026-02-01 00:00:00.000 UTC,596.244292,1987.480974
2026-02-01 00:00:00.000 UTC,0,0
2026-02-01 00:00:00.000 UTC,7975.188356,6134.760273
2026-02-01 00:00:00.000 UTC,9057.340182,15095.566971
2026-02-01 00:00:00.000 UTC,11071.386986,18452.311643
2026-02-01 00:00:00.000 UTC,358.040758,230.994037
2026-02-01 00:00:00.000 UTC,210.226407,150.161719
2026-02-01 00:00:00.000 UTC,1197.585616,2661.301369
2026-02-01 00:00:00.000 UTC,210.213089,150.152207
2026-02-01 00:00:00.000 UTC,2001.759893,2107.115677
2026-02-01 00:00:00.000 UTC,2912.465753,2069.69178
2026-02-01 00:00:00.000 UTC,97.071809,28.550532
2026-02-01 00:00:00.000 UTC,1317.79521,850.190458
2026-02-01 00:00:00.000 UTC,5240.534627,6165.334855
2026-02-01 00:00:00.000 UTC,3628.242009,2198.93455
2026-02-01 00:00:00.000 UTC,3566.618332,2377.745554
2026-02-01 00:00:00.000 UTC,34.151445,34.151445
2026-02-01 00:00:00.000 UTC,1381.205883,936.410768
2026-02-01 00:00:00.000 UTC,738.59375,509.375
2026-02-01 00:00:00.000 UTC,7371.575342,9214.469178
2026-02-01 00:00:00.000 UTC,928.66248,3714.649923
2026-02-01 00:00:00.000 UTC,12731.446442,7623.620624
2026-02-01 00:00:00.000 UTC,3299.950818,2538.423706
2026-02-01 00:00:00.000 UTC,16114.840182,10348.554033
2026-02-01 00:00:00.000 UTC,606.996232,1348.880517
2026-03-01 00:00:00.000 UTC,1925.103453,1026.721841
2026-03-01 00:00:00.000 UTC,17.851027,23.801369
2026-03-01 00:00:00.000 UTC,4635.911339,2505.898021
2026-03-01 00:00:00.000 UTC,443.482277,985.516171
2026-03-01 00:00:00.000 UTC,3837.051369,8526.780821
2026-03-01 00:00:00.000 UTC,28127.991818,19069.824961
2026-03-01 00:00:00.000 UTC,1244.006849,2073.344748
2026-03-01 00:00:00.000 UTC,1367.568493,3039.041095
2026-03-01 00:00:00.000 UTC,5.128424,11.396499
2026-03-01 00:00:00.000 UTC,21511.265406,13878.235746
2026-03-01 00:00:00.000 UTC,213.521689,1067.608447
2026-03-01 00:00:00.000 UTC,2709.848744,1642.332572
2026-03-01 00:00:00.000 UTC,3802.142789,3041.714231
2026-03-01 00:00:00.000 UTC,319.746575,163.972602
2026-03-01 00:00:00.000 UTC,18707.200038,12069.161314
2026-03-01 00:00:00.000 UTC,721.659467,515.471048
2026-03-01 00:00:00.000 UTC,18738.242009,31230.403348
2026-03-01 00:00:00.000 UTC,1063.934075,2364.297945
2026-03-01 00:00:00.000 UTC,1977.545057,2868.526896
2026-03-01 00:00:00.000 UTC,14474.413351,9338.331194
2026-03-01 00:00:00.000 UTC,2200.136558,2095.36815
2026-03-01 00:00:00.000 UTC,5823.915525,9706.525875
2026-03-01 00:00:00.000 UTC,766.152047,1111.341431
2026-03-01 00:00:00.000 UTC,15422.219843,9949.819254
2026-03-01 00:00:00.000 UTC,958.395911,2129.768692
2026-03-01 00:00:00.000 UTC,59.427321,237.709284
2026-03-01 00:00:00.000 UTC,3268.403253,1980.850456
2026-03-01 00:00:00.000 UTC,1309.954337,6549.771689
2026-03-01 00:00:00.000 UTC,322.646147,716.991438
2026-03-01 00:00:00.000 UTC,114.816953,35.880297
2026-03-01 00:00:00.000 UTC,167.55794,372.350979
2026-03-01 00:00:00.000 UTC,213.130232,852.520928
2026-03-01 00:00:00.000 UTC,16862.788741,10879.218543
2026-03-01 00:00:00.000 UTC,18456.805479,12304.536986
2026-03-01 00:00:00.000 UTC,3046.841274,2176.315196
2026-03-01 00:00:00.000 UTC,347.664573,278.131659
2026-03-01 00:00:00.000 UTC,739.643023,528.316445
2026-03-01 00:00:00.000 UTC,1164.585045,612.939497
2026-03-01 00:00:00.000 UTC,32.735207,130.940829
2026-03-01 00:00:00.000 UTC,50.189069,200.756278
2026-03-01 00:00:00.000 UTC,1407.241485,954.062024
2026-03-01 00:00:00.000 UTC,3836.181506,1918.090753
2026-03-01 00:00:00.000 UTC,2581.018835,5735.597412
2026-03-01 00:00:00.000 UTC,5306.335616,4151.369863
2026-03-01 00:00:00.000 UTC,781.709332,1737.131849
2026-03-01 00:00:00.000 UTC,950.770547,2112.823439
2026-03-01 00:00:00.000 UTC,2790.821917,1395.410958
2026-03-01 00:00:00.000 UTC,40324.56621,33603.805175
2026-03-01 00:00:00.000 UTC,4079.452054,6799.086757
2026-03-01 00:00:00.000 UTC,25498.419663,17585.117009
2026-03-01 00:00:00.000 UTC,1073.243142,2384.98476
2026-03-01 00:00:00.000 UTC,480.628424,1068.063165
2026-03-01 00:00:00.000 UTC,693.185086,1540.411303
2026-03-01 00:00:00.000 UTC,3221.799657,2386.518264
2026-03-01 00:00:00.000 UTC,7216.817922,5551.398401
2026-03-01 00:00:00.000 UTC,5696.549657,12658.999238
2026-03-01 00:00:00.000 UTC,11745.513698,16313.21347
2026-03-01 00:00:00.000 UTC,1851.485445,1066.252853
2026-03-01 00:00:00.000 UTC,6844.401636,3699.67656
2026-03-01 00:00:00.000 UTC,9250,18500
2026-03-01 00:00:00.000 UTC,2973.345498,2123.818213
2026-03-01 00:00:00.000 UTC,446.135369,1784.541476
2026-03-01 00:00:00.000 UTC,11459.936301,17630.671232
2026-03-01 00:00:00.000 UTC,2634.392694,2195.327245
2026-03-01 00:00:00.000 UTC,15813.331557,10542.221038
2026-03-01 00:00:00.000 UTC,14388.640218,9282.993689
2026-03-01 00:00:00.000 UTC,540.336044,2161.344178
2026-03-01 00:00:00.000 UTC,12437.382834,8024.117958
2026-03-01 00:00:00.000 UTC,306.758942,1227.035768
2026-03-01 00:00:00.000 UTC,770.080622,410.709665
2026-03-01 00:00:00.000 UTC,4174.10702,9275.793378
2026-03-01 00:00:00.000 UTC,7442.123287,4801.369863
2026-03-01 00:00:00.000 UTC,5949.965753,4958.304794
2026-03-01 00:00:00.000 UTC,986.964897,2193.255327
2026-03-01 00:00:00.000 UTC,546.789041,1215.086757
2026-03-01 00:00:00.000 UTC,3134.664236,6965.920525
2026-04-01 00:00:00.000 UTC,1234.14003,1542.675038
2026-04-01 00:00:00.000 UTC,11175.742009,9313.11834
2026-04-01 00:00:00.000 UTC,3.461421,4.07226
2026-04-01 00:00:00.000 UTC,11.986301,23.972602
2026-04-01 00:00:00.000 UTC,7838.423706,12059.113394
2026-04-01 00:00:00.000 UTC,30243.954528,20504.375951
2026-04-01 00:00:00.000 UTC,53.541459,82.371476
2026-04-01 00:00:00.000 UTC,1062.920947,559.432077
2026-04-01 00:00:00.000 UTC,22.639288,34.829674
2026-04-01 00:00:00.000 UTC,0.146404,0.077054
2026-04-01 00:00:00.000 UTC,0.000274,0.000457
2026-04-01 00:00:00.000 UTC,1631.289383,3625.087519
2026-04-01 00:00:00.000 UTC,160.376721,267.294535
2026-04-01 00:00:00.000 UTC,0.000142,0.000236
2026-04-01 00:00:00.000 UTC,1.456499,2.240768
2026-04-01 00:00:00.000 UTC,4162.557077,6937.595129
2026-04-01 00:00:00.000 UTC,2064.718892,2429.08105
2026-04-01 00:00:00.000 UTC,19756.031202,23242.389649
2026-04-01 00:00:00.000 UTC,2101.531582,3002.187975
2026-04-01 00:00:00.000 UTC,16915.425228,11665.810502
2026-04-01 00:00:00.000 UTC,583.243736,416.602668
2026-04-01 00:00:00.000 UTC,803.794925,574.139232
2026-04-01 00:00:00.000 UTC,654.53734,467.526671
2026-04-01 00:00:00.000 UTC,1512.288931,1025.280631
2026-04-01 00:00:00.000 UTC,205.263032,241.48592
2026-04-01 00:00:00.000 UTC,2637.005327,3102.359208
2026-04-01 00:00:00.000 UTC,152.345915,253.909859
2026-04-01 00:00:00.000 UTC,4451.055936,8902.111872
2026-04-01 00:00:00.000 UTC,1722.654041,2650.236986
2026-04-01 00:00:00.000 UTC,6665.650684,5554.708904
2026-04-01 00:00:00.000 UTC,616.263274,948.097345
2026-04-01 00:00:00.000 UTC,127.583504,39.869845
2026-04-01 00:00:00.000 UTC,97.868864,115.13984
2026-04-01 00:00:00.000 UTC,17382.678843,15115.372907
2026-04-01 00:00:00.000 UTC,877.996575,1254.280821
2026-04-01 00:00:00.000 UTC,2e-05,3.4e-05
2026-04-01 00:00:00.000 UTC,424.777539,606.825057
2026-04-01 00:00:00.000 UTC,797.791753,1772.870564
2026-04-01 00:00:00.000 UTC,137.046946,548.187785
2026-04-01 00:00:00.000 UTC,54.874667,219.498668
2026-04-01 00:00:00.000 UTC,43.766362,218.831811
2026-04-01 00:00:00.000 UTC,876.864535,4384.322678
2026-04-01 00:00:00.000 UTC,72.78408,291.13632
2026-04-01 00:00:00.000 UTC,6312.123287,5260.102739
2026-04-01 00:00:00.000 UTC,1979.434218,1055.698249
2026-04-01 00:00:00.000 UTC,791.777254,422.281202
2026-04-01 00:00:00.000 UTC,4389.394929,4109.093417
2026-04-01 00:00:00.000 UTC,3436.173043,5726.955072
2026-04-01 00:00:00.000 UTC,293.150684,488.584474
2026-04-01 00:00:00.000 UTC,11085.901826,9238.251522
2026-04-01 00:00:00.000 UTC,8100.22831,10125.285388
2026-04-01 00:00:00.000 UTC,6.849315,8.561643
2026-04-01 00:00:00.000 UTC,161.733162,154.031582
2026-04-01 00:00:00.000 UTC,4001.036753,6155.441158
2026-04-01 00:00:00.000 UTC,1542.770167,1928.462709
2026-04-01 00:00:00.000 UTC,829.12343,1184.462043
2026-04-01 00:00:00.000 UTC,127.871747,39.959921
2026-04-01 00:00:00.000 UTC,180.399686,189.894406
2026-04-01 00:00:00.000 UTC,19179.235647,12786.157098
2026-04-01 00:00:00.000 UTC,3.095272,3.258181
2026-04-01 00:00:00.000 UTC,14952.015863,9646.461847
2026-04-01 00:00:00.000 UTC,22358.342962,14424.737395
2026-04-01 00:00:00.000 UTC,3396.312785,2058.371385
2026-04-01 00:00:00.000 UTC,17527.711154,11308.200744
2026-04-01 00:00:00.000 UTC,7488.840753,16641.86834
2026-04-01 00:00:00.000 UTC,4172.549467,3793.226788
2026-04-01 00:00:00.000 UTC,9892.166095,11637.842465
2026-04-01 00:00:00.000 UTC,4966.472602,2759.151445
2026-04-01 00:00:00.000 UTC,7248.167808,5575.513698
2026-04-01 00:00:00.000 UTC,822.164383,513.852739
2026-04-01 00:00:00.000 UTC,12.734283,7.958926
2026-04-01 00:00:00.000 UTC,37.219,23.261875
2026-04-01 00:00:00.000 UTC,1468.760273,1631.955859
2026-04-01 00:00:00.000 UTC,1.356858,0.848036
2026-04-01 00:00:00.000 UTC,1.130415,0.706509
2026-04-01 00:00:00.000 UTC,8053.094178,17895.76484
2026-04-01 00:00:00.000 UTC,41617.151826,34680.959855
2026-04-01 00:00:00.000 UTC,2904.303082,2151.335616
2026-04-01 00:00:00.000 UTC,1547.395119,3438.655821
2026-04-01 00:00:00.000 UTC,131.373287,291.940639
2026-04-01 00:00:00.000 UTC,2444.884682,3546.426132
2026-04-01 00:00:00.000 UTC,603.778217,875.810161
2026-04-01 00:00:00.000 UTC,3512.840087,4132.753044
2026-04-01 00:00:00.000 UTC,3497.234113,4114.393074
2026-04-01 00:00:00.000 UTC,17589.89726,35179.79452
2026-04-01 00:00:00.000 UTC,1441.671232,3203.71385
2026-04-01 00:00:00.000 UTC,1498.399828,3329.777397
2026-04-01 00:00:00.000 UTC,1749.785958,1028.586377
2026-04-01 00:00:00.000 UTC,1336.382705,2969.739345
2026-04-01 00:00:00.000 UTC,505.232115,1010.464231
2026-04-01 00:00:00.000 UTC,101.868578,226.374619
2026-04-01 00:00:00.000 UTC,5587.851978,11175.703957
2026-04-01 00:00:00.000 UTC,158.035958,351.191019
2026-04-01 00:00:00.000 UTC,1111.132705,2469.183789
2026-04-01 00:00:00.000 UTC,10071.109208,11848.363774
2026-04-01 00:00:00.000 UTC,32580.077625,50123.196347
2026-04-01 00:00:00.000 UTC,16.412833,25.250512
2026-04-01 00:00:00.000 UTC,245.047973,288.291733
2026-04-01 00:00:00.000 UTC,2.793216,4.297256
2026-04-01 00:00:00.000 UTC,867.842067,1928.537928
2026-04-01 00:00:00.000 UTC,30.20475,35.535
2026-04-01 00:00:00.000 UTC,33.138704,73.641565
2026-04-01 00:00:00.000 UTC,7.040718,15.646041
2026-04-01 00:00:00.000 UTC,5.949093,13.220208
2026-04-01 00:00:00.000 UTC,1745.200722,2053.177321
2026-04-01 00:00:00.000 UTC,11.031073,24.513495
2026-05-01 00:00:00.000 UTC,1250.410958,2084.018264
2026-05-01 00:00:00.000 UTC,29243.783295,19826.293759
2026-05-01 00:00:00.000 UTC,1462.020785,991.200532
2026-05-01 00:00:00.000 UTC,584.002901,834.289859
2026-05-01 00:00:00.000 UTC,715.701103,2862.804414
2026-05-01 00:00:00.000 UTC,179.129804,716.519216
2026-05-01 00:00:00.000 UTC,4.226598,16.906392
2026-05-01 00:00:00.000 UTC,4.237478,16.949914
2026-05-01 00:00:00.000 UTC,3.38789,16.93945
2026-05-01 00:00:00.000 UTC,821.234779,2346.385083
2026-05-01 00:00:00.000 UTC,6949.32363,5345.633561
2026-05-01 00:00:00.000 UTC,2350.004994,1382.355878
2026-05-01 00:00:00.000 UTC,130.493721,869.958143
2026-05-01 00:00:00.000 UTC,20045.90468,17431.221461
2026-05-01 00:00:00.000 UTC,0,810.660673
2026-05-01 00:00:00.000 UTC,419.119863,2794.13242
2026-05-01 00:00:00.000 UTC,12.083333,80.555555
2026-05-01 00:00:00.000 UTC,0,190.841419
2026-05-01 00:00:00.000 UTC,0.000644,0.002249
2026-05-01 00:00:00.000 UTC,586.419092,3909.460616
2026-05-01 00:00:00.000 UTC,3098.034246,2294.840182
2026-05-01 00:00:00.000 UTC,211.8496,1412.330669
2026-05-01 00:00:00.000 UTC,384.36073,591.3242
2026-05-01 00:00:00.000 UTC,928.774733,1160.968417
2026-05-01 00:00:00.000 UTC,0,323.977834
2026-05-01 00:00:00.000 UTC,6224.486301,5187.071917
2026-05-01 00:00:00.000 UTC,2e-05,0.000206
2026-05-01 00:00:00.000 UTC,465.349315,3102.328767
2026-05-01 00:00:00.000 UTC,0,6.4e-05
2026-05-01 00:00:00.000 UTC,559.315848,860.48592
2026-05-01 00:00:00.000 UTC,0,7.2e-05
2026-05-01 00:00:00.000 UTC,1742.685977,1025.109398
2026-05-01 00:00:00.000 UTC,41420.011415,34516.676179
2026-05-01 00:00:00.000 UTC,801.940068,5346.267123
2026-05-01 00:00:00.000 UTC,402.804604,619.699391
2026-05-01 00:00:00.000 UTC,0,686.635382
2026-05-01 00:00:00.000 UTC,1223.888413,719.93436
2026-05-01 00:00:00.000 UTC,158.291952,1055.27968
2026-05-01 00:00:00.000 UTC,7293.673896,6630.612633
2026-05-01 00:00:00.000 UTC,183.427725,1222.851503
2026-05-01 00:00:00.000 UTC,0,265.824839
2026-05-01 00:00:00.000 UTC,11649.667442,7515.914479
2026-05-01 00:00:00.000 UTC,409.721118,630.340182
2026-05-01 00:00:00.000 UTC,6205.664954,5155.75057
2026-05-01 00:00:00.000 UTC,5690.539383,5155.964611
2026-05-01 00:00:00.000 UTC,5949.360254,5156.440258
2026-05-01 00:00:00.000 UTC,6466.98416,5157.320205
2026-05-01 00:00:00.000 UTC,1323.647707,2036.381088
2026-05-01 00:00:00.000 UTC,209.691352,1397.942351
2026-05-01 00:00:00.000 UTC,0,438.527464
2026-05-01 00:00:00.000 UTC,6580.99315,5484.160958
2026-05-01 00:00:00.000 UTC,477.72938,3184.862538
2026-05-01 00:00:00.000 UTC,18405.769489,28316.568445
2026-05-01 00:00:00.000 UTC,3096.542123,4763.910958
2026-05-01 00:00:00.000 UTC,4149.604261,5187.005327
2026-05-01 00:00:00.000 UTC,2329.130136,2587.922374
2026-05-01 00:00:00.000 UTC,232.847488,291.05936
2026-05-01 00:00:00.000 UTC,0,1033.61128
2026-05-01 00:00:00.000 UTC,8.657534,19.238964
2026-05-01 00:00:00.000 UTC,468.700054,1041.555677
2026-05-01 00:00:00.000 UTC,123.486898,38.589655
2026-05-01 00:00:00.000 UTC,790.271832,421.47831
2026-05-01 00:00:00.000 UTC,1975.831192,1053.776636
2026-05-01 00:00:00.000 UTC,5061.165667,5327.542808
2026-05-01 00:00:00.000 UTC,0,591.814186
2026-05-01 00:00:00.000 UTC,861.5132,1914.473778
2026-05-01 00:00:00.000 UTC,1.6e-05,0.000107
2026-05-01 00:00:00.000 UTC,18468.772114,12312.514742
2026-05-01 00:00:00.000 UTC,21525.419525,13887.367436
2026-05-01 00:00:00.000 UTC,14400.525489,9290.661605
2026-05-01 00:00:00.000 UTC,3270.412385,1982.068112
2026-05-01 00:00:00.000 UTC,29772.474315,37183.338089
2026-06-01 00:00:00.000 UTC,107.027175,237.838166
2026-06-01 00:00:00.000 UTC,81.67861,544.524069
2026-06-01 00:00:00.000 UTC,101.513389,225.585309
2026-06-01 00:00:00.000 UTC,973.276821,2162.83738
2026-06-01 00:00:00.000 UTC,119.626712,265.837138
2026-06-01 00:00:00.000 UTC,0,1553.996965
2026-06-01 00:00:00.000 UTC,17.866914,25.524162
2026-06-01 00:00:00.000 UTC,1173.230593,1173.230593
2026-06-01 00:00:00.000 UTC,44.823713,99.608252
2026-06-01 00:00:00.000 UTC,5e-06,3.6e-05
2026-06-01 00:00:00.000 UTC,0,727.203957
2026-06-01 00:00:00.000 UTC,708.644691,745.94178
2026-06-01 00:00:00.000 UTC,27743.099315,22555.365296
2026-06-01 00:00:00.000 UTC,4268.433219,3880.393835
2026-06-01 00:00:00.000 UTC,7999.600456,6153.538812
2026-06-01 00:00:00.000 UTC,0,953.413026
2026-06-01 00:00:00.000 UTC,1392.356021,1131.996765
2026-06-01 00:00:00.000 UTC,173.906568,183.059546
2026-06-01 00:00:00.000 UTC,25.282616,168.550777
2026-06-01 00:00:00.000 UTC,1157.120956,2571.379902
2026-06-01 00:00:00.000 UTC,0,337.685921
2026-06-01 00:00:00.000 UTC,4886.890534,3152.832602
2026-06-01 00:00:00.000 UTC,12572.982278,8111.601469
2026-06-01 00:00:00.000 UTC,515.482305,274.923896
2026-06-01 00:00:00.000 UTC,349.786631,777.303625
2026-06-01 00:00:00.000 UTC,4793.856925,4358.05175
2026-06-01 00:00:00.000 UTC,4e-06,3.1e-05
2026-06-01 00:00:00.000 UTC,530.61073,408.1621
2026-06-01 00:00:00.000 UTC,215.809075,196.190068
2026-06-01 00:00:00.000 UTC,205.486586,109.592846
2026-06-01 00:00:00.000 UTC,0,210.182445
2026-06-01 00:00:00.000 UTC,1232.05527,724.738394
2026-06-01 00:00:00.000 UTC,63536.09589,51450.913242
2026-06-01 00:00:00.000 UTC,55.850443,372.336287
2026-06-01 00:00:00.000 UTC,921.200738,2047.112751
2026-06-01 00:00:00.000 UTC,0,453.39132
2026-06-01 00:00:00.000 UTC,2.557287,17.048585
2026-06-01 00:00:00.000 UTC,62.644006,139.208904
2026-06-01 00:00:00.000 UTC,20.247065,44.993478
2026-06-01 00:00:00.000 UTC,165.580977,367.957728
2026-06-01 00:00:00.000 UTC,1192.708904,2650.464231
2026-06-01 00:00:00.000 UTC,8184.696061,6529.575722
2026-06-01 00:00:00.000 UTC,284.492722,227.594178
2026-06-01 00:00:00.000 UTC,277.288582,616.196849
2026-06-01 00:00:00.000 UTC,40.332251,89.627226
2026-06-01 00:00:00.000 UTC,0,198.236939
2026-06-01 00:00:00.000 UTC,7.687397,17.083105
2026-06-01 00:00:00.000 UTC,73.724952,163.833226
2026-06-01 00:00:00.000 UTC,3351.784246,2475.547945
2026-06-01 00:00:00.000 UTC,48.590228,43.384132
2026-06-01 00:00:00.000 UTC,20630.668521,17939.711757
2026-06-01 00:00:00.000 UTC,41.647885,92.550856
2026-06-01 00:00:00.000 UTC,238.127907,529.173127
2026-06-01 00:00:00.000 UTC,0,145.58482
2026-06-01 00:00:00.000 UTC,133.319933,296.266518
2026-06-01 00:00:00.000 UTC,155.231659,138.599695
2026-06-01 00:00:00.000 UTC,1963.829723,1785.299748
2026-06-01 00:00:00.000 UTC,0.0002,0.00149
2026-06-01 00:00:00.000 UTC,0.001988,0.001238
2026-06-01 00:00:00.000 UTC,0,4.3e-05
2026-06-01 00:00:00.000 UTC,0,386.494565
2026-06-01 00:00:00.000 UTC,3.5e-05,0.000234
2026-06-01 00:00:00.000 UTC,0,1080.812404
2026-06-01 00:00:00.000 UTC,10319.484503,22932.187785
2026-06-01 00:00:00.000 UTC,2.656963,17.713092
2026-06-01 00:00:00.000 UTC,120.397842,267.550761
2026-06-01 00:00:00.000 UTC,7058.153538,8303.710045
2026-06-01 00:00:00.000 UTC,72.437938,60.872217
2026-06-01 00:00:00.000 UTC,1161.892739,1664.705252
2026-06-01 00:00:00.000 UTC,175.157653,206.067827
2026-06-01 00:00:00.000 UTC,631.849315,468.036529
2026-06-01 00:00:00.000 UTC,138.921614,308.714699
2026-06-01 00:00:00.000 UTC,2739.077917,2106.983013
2026-06-01 00:00:00.000 UTC,21.537465,47.861035
2026-06-01 00:00:00.000 UTC,32.576844,27.375499
2026-06-01 00:00:00.000 UTC,64.387205,429.248034
2026-06-01 00:00:00.000 UTC,3669.075342,18345.376712
2026-06-01 00:00:00.000 UTC,5326.883561,4439.069634
2026-06-01 00:00:00.000 UTC,4882.714992,4438.831811
2026-06-01 00:00:00.000 UTC,5104.519834,4438.712899
2026-06-01 00:00:00.000 UTC,5548.30194,4438.641552
2026-06-01 00:00:00.000 UTC,7.648296,16.996213
2026-06-01 00:00:00.000 UTC,4.454897,9.899771
2026-06-01 00:00:00.000 UTC,11.034414,9.272617
2026-06-01 00:00:00.000 UTC,34.628002,76.951116
2026-06-01 00:00:00.000 UTC,10.887457,24.194349
2026-06-01 00:00:00.000 UTC,58.098535,48.822298
2026-06-01 00:00:00.000 UTC,148.437591,989.583944
2026-06-01 00:00:00.000 UTC,6166.061643,5138.384703
2026-06-01 00:00:00.000 UTC,0,1261.405117
2026-06-01 00:00:00.000 UTC,8075.194063,9500.22831
2026-06-01 00:00:00.000 UTC,1141.129452,2535.843226
2026-06-01 00:00:00.000 UTC,92.939982,619.599885
2026-06-01 00:00:00.000 UTC,0,626.478223
2026-06-01 00:00:00.000 UTC,107.133387,238.074195
2026-06-01 00:00:00.000 UTC,145.261686,968.411244
2026-06-01 00:00:00.000 UTC,1524.926124,1386.296476
2026-06-01 00:00:00.000 UTC,40713.715753,33928.096461
2026-06-01 00:00:00.000 UTC,0,2218.161036
2026-06-01 00:00:00.000 UTC,406.054366,2707.029109
2026-06-01 00:00:00.000 UTC,1060.360958,2356.357686
2026-06-01 00:00:00.000 UTC,139.07968,927.197869
2026-06-01 00:00:00.000 UTC,1e-06,1e-06
2026-06-01 00:00:00.000 UTC,1e-06,2e-06
2026-06-01 00:00:00.000 UTC,1.437999,1.652872
2026-06-01 00:00:00.000 UTC,0,0
2026-06-01 00:00:00.000 UTC,0,0
2026-06-01 00:00:00.000 UTC,12928.133948,8340.731579
2026-06-01 00:00:00.000 UTC,166.819977,1112.133181
2026-06-01 00:00:00.000 UTC,464.231354,371.385083
2026-06-01 00:00:00.000 UTC,492.496147,1094.435882
2026-06-01 00:00:00.000 UTC,301.371052,241.096841
2026-06-01 00:00:00.000 UTC,553.561643,442.849315
2026-06-01 00:00:00.000 UTC,0,1920.461764
2026-06-01 00:00:00.000 UTC,77.138984,61.711187
2026-06-01 00:00:00.000 UTC,2.624797,2.099838
2026-06-01 00:00:00.000 UTC,173.218702,138.574961
2026-06-01 00:00:00.000 UTC,81.315996,65.052796
2026-06-01 00:00:00.000 UTC,277.156078,615.902397
2026-06-01 00:00:00.000 UTC,75.486564,167.747921
2026-06-01 00:00:00.000 UTC,0,652.218472
2026-06-01 00:00:00.000 UTC,113.589041,757.260273
2026-06-01 00:00:00.000 UTC,374.143204,831.429343
2026-06-01 00:00:00.000 UTC,738.527397,1641.171993
2026-06-01 00:00:00.000 UTC,1274.940068,6374.700342
2026-06-01 00:00:00.000 UTC,124.253711,38.829284
2026-06-01 00:00:00.000 UTC,2120.078386,1843.546423
2026-06-01 00:00:00.000 UTC,193.901398,170.088945
2026-06-01 00:00:00.000 UTC,65.68192,145.959824
2026-06-01 00:00:00.000 UTC,235.177397,522.616438
2026-06-01 00:00:00.000 UTC,17818.93953,11879.29302
2026-06-01 00:00:00.000 UTC,8.469986,12.09998
2026-06-01 00:00:00.000 UTC,0.155655,0.222364
2026-06-01 00:00:00.000 UTC,49.957191,111.015981
2026-06-01 00:00:00.000 UTC,17.21366,15.648782
2026-06-01 00:00:00.000 UTC,60.552226,134.560502
2026-06-01 00:00:00.000 UTC,410.068153,911.262562
2026-06-01 00:00:00.000 UTC,400.079908,666.799847
2026-06-01 00:00:00.000 UTC,0,2662.290715
2026-06-01 00:00:00.000 UTC,1285.39478,1117.734591
2026-06-01 00:00:00.000 UTC,7495.76757,6518.058756
