date,block_number,timestamp,pool_name,pool_id,total_principal_out,loan_value_usd,liquidity_loans_value_usd,net_loan_value_usd,collateral_value_usd,tvl,total_assets,cumulative_originations,cumulative_originations_usd,exch_rate,utilization,xirr_7day,xirr_30day
2026-06-26,25405251,1782518399,High Yield Secured Lending Maple Pool USDC1,0xc39a5a616f0ad1ff45077fa2de3f79ab8eb8b8b9,193403036,193403036,18152000,175251036,228585997.8149099,422195146.84287703,193609149.02798817,1456958301.41,1456958301.41,1.283705245431074,0.9996718485816526,0.05026984680946092,0.05094091383014243
2026-06-26,25405251,1782518399,Syrup USDC,0x80ac24aa929eaf5013f6436cda2a7ba190f5cc0b,1269502117.5,1269502117.5,76500005,1193002112.5,1667417872.023951,2959809654.742346,1292391782.7184143,22319921271.91,22319921271.91,1.1706997373414545,0.984156669356991,0.049902588540598904,0.048186860631502106
2026-06-26,25405251,1782518399,Syrup USDT,0x356b8d89c1e1239cbbb9de4815c39a1474d5ba7d,463781199.248,463781199.248,134250005,329531194.248,424178848.37606436,915768771.8349649,491589923.45891047,6735398623.48,6735398623.48,1.1326570201795472,0.9447470001161193,0.039960232668333,0.04126690371117619
2026-06-28,25419597,1782691199,Syrup USDC,0x80ac24aa929eaf5013f6436cda2a7ba190f5cc0b,1266827803.26,1266827803.26,73825690.75999999,1193002112.5,1640894552.611241,2930919200.232581,1290024647.62136,22319921271.91,22319921271.91,1.1710412937874422,0.9841593786594597,0.051916861242944354,0.04875541054354133
2026-06-28,25419597,1782691199,Syrup USDT,0x356b8d89c1e1239cbbb9de4815c39a1474d5ba7d,463781199.248,463781199.248,134250005,329531194.248,417724817.7258796,905432838.6350231,487708020.90915346,6735398623.4800005,6735398623.4800005,1.132912275840515,0.9524493775587388,0.04017521403124387,0.041374746596458296
2026-06-28,25419597,1782691199,High Yield Secured Lending Maple Pool USDC1,0xc39a5a616f0ad1ff45077fa2de3f79ab8eb8b8b9,193403036,193403036,18152000,175251036,224838053.91694772,418518973.3674227,193680919.450496,1456958301.41,1456958301.41,1.2840927279612449,0.9995671340707669,0.0516519028905677,0.05139744435400961
2026-06-25,25398082,1782431999,Syrup USDT,0x356b8d89c1e1239cbbb9de4815c39a1474d5ba7d,463031199.248,463031199.248,133500005,329531194.248,422397075.85256153,905956589.866659,483559514.0141075,6735398623.48,6735398623.48,1.1325461581495577,0.9594674566284451,0.04038133360580752,0.04144843807935516
2026-06-25,25398082,1782431999,High Yield Secured Lending Maple Pool USDC1,0xc39a5a616f0ad1ff45077fa2de3f79ab8eb8b8b9,93403036,93403036,18152000,75251036,102318102.57112992,195906650.94979683,93588548.3786879,1356958301.41,1356958301.41,1.28356942717566,0.9994092306168044,0.052208878303850244,0.05146420148339258
2026-06-25,25398082,1782431999,Syrup USDC,0x80ac24aa929eaf5013f6436cda2a7ba190f5cc0b,1155321117.5,1155321117.5,123819005,1031502112.5,1455074683.308168,2746168718.0543694,1291094034.7462215,9634412771.91,9634412771.91,1.1705512535138758,0.8964356041116939,0.051120201519729576,0.04820666931478698
2026-06-24,25390910,1782345599,Syrup USDT,0x356b8d89c1e1239cbbb9de4815c39a1474d5ba7d,463031199.248,463031199.248,136275010,326756189.248,426681823.1816846,904843883.0673085,478162059.8856339,6732623618.48,6732623618.48,1.132428316295555,0.9702304752784598,0.04058999538172345,0.041544363198914164
2026-06-24,25390910,1782345599,Syrup USDC,0x80ac24aa929eaf5013f6436cda2a7ba190f5cc0b,1280521112.5,1280521112.5,239019000,1041502112.5,1482792437.3044682,2774509185.7242136,1291716748.419766,9626812771.91,9626812771.91,1.1703787662243583,0.9930274267015474,0.049991179778694605,0.0479008286452158
2026-06-24,25390910,1782345599,High Yield Secured Lending Maple Pool USDC1,0xc39a5a616f0ad1ff45077fa2de3f79ab8eb8b8b9,93403036,93403036,18152000,75251036,104027565.85929662,197609613.1751045,93582047.31582889,1356958301.41,1356958301.41,1.2833886465809043,0.9996138092182546,0.0527907514158479,0.05115729271623883
2026-06-23,25383756,1782259199,High Yield Secured Lending Maple Pool USDC1,0xc39a5a616f0ad1ff45077fa2de3f79ab8eb8b8b9,93403036,93403036,18152000,75251036,107010260.57822222,200566911.44312128,93556650.86492006,1356958301.41,1356958301.41,1.2831909022745425,0.9997631822546333,0.051301672438588075,0.05110105227194301
2026-06-23,25383756,1782259199,Syrup USDC,0x80ac24aa929eaf5013f6436cda2a7ba190f5cc0b,1285777817.19,1335777817.19,289019000,1046758817.1899999,1523903676.141272,2866398133.381089,1292494457.239837,9566849319.51,9566849319.51,1.1702270910211392,0.9965910156669213,0.04997207776246973,0.04779628664358401
2026-06-23,25383756,1782259199,Syrup USDT,0x356b8d89c1e1239cbbb9de4815c39a1474d5ba7d,463031199.248,463031199.248,136275010,326756189.248,439479108.5096479,910634355.341671,471155246.83203304,6732623618.48,6732623618.48,1.1322855740318967,0.9845984373356089,0.0399508479347291,0.041357902771553
2026-06-22,25376588,1782172799,Syrup USDT,0x356b8d89c1e1239cbbb9de4815c39a1474d5ba7d,463031199.248,463031199.248,136275010,326756189.248,448617417.4177546,919982345.680377,471364928.2626324,6732623618.48,6732623618.48,1.132174864227473,0.9840708818158863,0.04030441833088788,0.04153044097842178
2026-06-22,25376588,1782172799,High Yield Secured Lending Maple Pool USDC1,0xc39a5a616f0ad1ff45077fa2de3f79ab8eb8b8b9,93403036,93403036,18152000,75251036,109354975.65349032,202900190.65886557,93545215.00539623,1356958301.41,1356958301.41,1.2830340519516097,0.9997631822546333,0.05257854315897587,0.05138136198777029
2026-06-22,25376588,1782172799,Syrup USDC,0x80ac24aa929eaf5013f6436cda2a7ba190f5cc0b,1265777817.19,1315777817.19,294019000,1021758817.19,1506937740.933911,2849002337.723569,1292064596.7896779,9529349299.51,9529349299.51,1.1700791155087138,0.9812938668887762,0.051102822610623364,0.0478210431919527
2026-06-29,25426766,1782777599,Syrup USDT,0x356b8d89c1e1239cbbb9de4815c39a1474d5ba7d,479781199.248,479781199.248,150250005,329531194.248,426780320.15354455,915005665.3715312,488225345.2179968,6738173628.48,6738173628.48,1.1330173591731205,0.9843366023205264,0.03954911894343538,0.04120595386122708
2026-06-29,25426766,1782777599,Syrup USDC,0x80ac24aa929eaf5013f6436cda2a7ba190f5cc0b,1268427803.26,1268427803.26,65425690.76,1203002112.5,1679387236.422648,2968542823.7072115,1289155587.2845836,22329921271.91,22329921271.91,1.1712028745617953,0.9860753497333613,0.05132853822302061,0.04894322875871685
2026-06-29,25426766,1782777599,High Yield Secured Lending Maple Pool USDC1,0xc39a5a616f0ad1ff45077fa2de3f79ab8eb8b8b9,293403036,293403036,18152000,275251036,356926841.148681,650644824.9026548,293717983.75399476,1556958301.41,1556958301.41,1.2842670429377867,0.9996825313597479,0.051360491080816466,0.051560176495558864
2026-06-27,25412424,1782604799,Syrup USDT,0x356b8d89c1e1239cbbb9de4815c39a1474d5ba7d,463781199.248,463781199.248,134250005,329531194.248,425601952.6248209,916493624.3750265,490891671.7502155,6735398623.48,6735398623.48,1.1327941562030979,0.9461776324828494,0.04132183021750973,0.041382486386467
2026-06-27,25412424,1782604799,Syrup USDC,0x80ac24aa929eaf5013f6436cda2a7ba190f5cc0b,1266827803.26,1266827803.26,73825690.75999999,1193002112.5,1672096380.1016731,2962953497.18769,1290857117.0860367,22319921271.91,22319921271.91,1.1708732601146694,0.9833878428303839,0.051012758570824344,0.04849985866444588
2026-06-27,25412424,1782604799,High Yield Secured Lending Maple Pool USDC1,0xc39a5a616f0ad1ff45077fa2de3f79ab8eb8b8b9,193403036,193403036,18152000,175251036,229265283.57402194,422907122.44593203,193641838.87193108,1456958301.41,1456958301.41,1.2839219920277742,0.9996359980907981,0.052822069664921895,0.05127490640751904
2026-06-21,25369413,1782086399,High Yield Secured Lending Maple Pool USDC1,0xc39a5a616f0ad1ff45077fa2de3f79ab8eb8b8b9,93403036,93403036,18152000,75251036,109099108.962966,202631129.852715,93532020.8897704,1356958301.41,1356958301.41,1.282853086,0.9997819981,0.05115890272,0.05114270398
2026-06-21,25369413,1782086399,Syrup USDC,0x80ac24aa929eaf5013f6436cda2a7ba190f5cc0b,1274277817.19,1324277817.19,302519000,1021758817.19,1503548329.52435,2852611876.29155,1299063546.76722,9529349299.51,9529349299.51,1.169905138,0.9824488816,0.04996460691,0.04752896516
2026-06-21,25369413,1782086399,Syrup USDT,0x356b8d89c1e1239cbbb9de4815c39a1474d5ba7d,450031199.248,450031199.248,123275010,326756189.248,448097880.75545,924846705.727499,476748824.972059,6732623618.48,6732623618.48,1.132056787,0.9455378629,0.04058446512,0.04163016673
2026-06-20,25362242,1781999999,Syrup USDT,0x356b8d89c1e1239cbbb9de4815c39a1474d5ba7d,450031199.248,450031199.248,123275010,326756189.248,452680099.635254,935860585.683967,483180486.048722,6732623618.48,6732623618.48,1.13191484,0.9328488915,0.0400328099,0.04146728839
2026-06-20,25362242,1781999999,High Yield Secured Lending Maple Pool USDC1,0xc39a5a616f0ad1ff45077fa2de3f79ab8eb8b8b9,93403036,93403036,18152000,75251036,109945132.843457,203462722.984554,93517590.1411176,1356958301.41,1356958301.41,1.282655159,0.9998140493,0.05133913566,0.05073497591
2026-06-20,25362242,1781999999,Syrup USDC,0x80ac24aa929eaf5013f6436cda2a7ba190f5cc0b,1274277817.19,1324277817.19,302519000,1021758817.19,1517726964.09781,2868094513.04442,1300367548.94663,9529349299.51,9529349299.51,1.169756557,0.9819030137,0.04973009505,0.04751556323
2026-06-19,25355071,1781913599,High Yield Secured Lending Maple Pool USDC1,0xc39a5a616f0ad1ff45077fa2de3f79ab8eb8b8b9,93403036,93403036,18152000,75251036,108355996.858561,201951345.106781,93595348.2482408,1356958301.41,1356958301.41,1.282498322,0.9988603784,0.05268210746,0.05108392776
2026-06-19,25355071,1781913599,Syrup USDC,0x80ac24aa929eaf5013f6436cda2a7ba190f5cc0b,1274277817.19,1324277817.19,302519000,1021758817.19,1495377844.0907,2844127785.37972,1298749941.28905,9529349299.51,9529349299.51,1.169606905,0.9830044383,0.04944860459,0.04752335195
2026-06-19,25355071,1781913599,Syrup USDT,0x356b8d89c1e1239cbbb9de4815c39a1474d5ba7d,450031199.248,450031199.248,123275010,326756189.248,446018742.948435,903710271.789142,457691528.840718,6732623618.48,6732623618.48,1.131806211,0.9847937386,0.041003716,0.04165984133
2026-06-18,25347893,1781827199,Syrup USDT,0x356b8d89c1e1239cbbb9de4815c39a1474d5ba7d,436781199.248,436781199.248,110025010,326756189.248,444343287.623619,888551382.301524,444208094.677915,6732623618.48,6732623618.48,1.131686646,0.9847635992,0.04154584697,0.04174645982
2026-06-18,25347893,1781827199,Syrup USDC,0x80ac24aa929eaf5013f6436cda2a7ba190f5cc0b,1291277817.19,1341277817.19,319519000,1021758817.19,1495231885.17599,2849139000.57205,1303907115.39608,9505239903.51,9505239903.51,1.169432564,0.9920711183,0.04822225698,0.04722277251
2026-06-18,25347893,1781827199,High Yield Secured Lending Maple Pool USDC1,0xc39a5a616f0ad1ff45077fa2de3f79ab8eb8b8b9,93403036,93403036,18152000,75251036,107529041.527922,201111176.758585,93582135.2306839,1356958301.41,1356958301.41,1.282317269,0.9988793622,0.05115665824,0.0511234565
2026-06-17,25340718,1781740799,Syrup USDC,0x80ac24aa929eaf5013f6436cda2a7ba190f5cc0b,1266777817.19,1316777817.19,318519000,998258817.19,1498341219.48746,2848725186.17905,1300383966.6916,9421739903.51,9421739903.51,1.169284341,0.9759809331,0.04832314079,0.04721299717
2026-06-17,25340718,1781740799,Syrup USDT,0x356b8d89c1e1239cbbb9de4815c39a1474d5ba7d,400781199.248,400781199.248,74025010,326756189.248,455647289.8521,869268458.022735,413621168.170645,6732623618.48,6732623618.48,1.131564541,0.9704271649,0.0420595643,0.04182982779
2026-06-17,25340718,1781740799,High Yield Secured Lending Maple Pool USDC1,0xc39a5a616f0ad1ff45077fa2de3f79ab8eb8b8b9,93403036,93403036,18152000,75251036,110047270.943894,203615233.804665,93567962.8607921,1356958301.41,1356958301.41,1.282123071,0.9989085953,0.05145909029,0.0507527212
2026-06-16,25333536,1781654399,Syrup USDC,0x80ac24aa929eaf5013f6436cda2a7ba190f5cc0b,1285152822.19,1335152822.19,336894005,998258817.19,1534879385.73365,2896605309.90396,1311725924.17033,9421739903.51,9421739903.51,1.169133216,0.9814410826,0.04819470812,0.0471983787
2026-06-16,25333536,1781654399,High Yield Secured Lending Maple Pool USDC1,0xc39a5a616f0ad1ff45077fa2de3f79ab8eb8b8b9,93403036,93403036,19777000,73626036,110296763.486118,203852848.946575,93556085.4604775,1346958301.41,1346958301.41,1.28196032,0.9989280668,0.0532827158,0.05104329543
2026-06-16,25333536,1781654399,Syrup USDT,0x356b8d89c1e1239cbbb9de4815c39a1474d5ba7d,400781199.248,400781199.248,74025010,326756189.248,467059063.418368,876847979.005825,409788915.587467,6732623618.48,6732623618.48,1.131435239,0.9794147626,0.04232919393,0.0418174235
2026-06-15,25326350,1781567999,Syrup USDT,0x356b8d89c1e1239cbbb9de4815c39a1474d5ba7d,400781199.248,400781199.248,74025010,326756189.248,471011828.675377,879146462.733595,408134634.058228,6720623618.48,6720623618.48,1.131317237,0.9833154687,0.04308957358,0.04198274692
2026-06-15,25326350,1781567999,High Yield Secured Lending Maple Pool USDC1,0xc39a5a616f0ad1ff45077fa2de3f79ab8eb8b8b9,93403036,93403036,23277000,70126036,105080468.743118,198622940.828539,93542472.0854421,1332208301.41,1332208301.41,1.281773782,0.9989692778,0.05094773707,0.0510321823
2026-06-15,25326350,1781567999,Syrup USDC,0x80ac24aa929eaf5013f6436cda2a7ba190f5cc0b,1275167606.19,1325167606.19,287394005,1037773601.19,1628675229.42208,2994722185.62965,1316046956.2076,9391739903.51,9391739903.51,1.168961248,0.97086569,0.04702587024,0.04692817837
2026-06-14,25319172,1781481599,High Yield Secured Lending Maple Pool USDC1,0xc39a5a616f0ad1ff45077fa2de3f79ab8eb8b8b9,92803036,92803036,24677000,68126036,100038538.764636,193570238.012468,93531699.2478537,1327333301.41,1327333301.41,1.281626166,0.9925896572,0.05173470236,0.05112182508
2026-06-14,25319172,1781481599,Syrup USDT,0x356b8d89c1e1239cbbb9de4815c39a1474d5ba7d,354781199.248,354781199.248,28025010,326756189.248,461131559.969898,838364419.581586,377232859.611698,6720623618.48,6720623618.48,1.131193411,0.9417575404,0.04351872839,0.0420258712
2026-06-14,25319172,1781481599,Syrup USDC,0x80ac24aa929eaf5013f6436cda2a7ba190f5cc0b,1271767606.19,1321767606.19,265294005,1056473601.19,1600844079.04711,2967615256.83448,1316771177.78739,9281739903.51,9281739903.51,1.168811723,0.9678570962,0.04747833226,0.04698821237
2026-06-13,25312002,1781395199,Syrup USDT,0x356b8d89c1e1239cbbb9de4815c39a1474d5ba7d,354781199.248,354781199.248,28025010,326756189.248,453841118.541405,831991302.807381,378150184.265986,6720623618.48,6720623618.48,1.131063075,0.939363679,0.04363124183,0.04198341779
2026-06-13,25312002,1781395199,High Yield Secured Lending Maple Pool USDC1,0xc39a5a616f0ad1ff45077fa2de3f79ab8eb8b8b9,92803043,92803043,24677000,68126043,98552405.1676108,192069366.230788,93516961.0631977,1327333301.41,1327333301.41,1.281424215,0.9926321818,0.05006952674,0.0510185382
2026-06-13,25312002,1781395199,Syrup USDC,0x80ac24aa929eaf5013f6436cda2a7ba190f5cc0b,1271767607.4,1321767607.4,265294006,1056473601.4,1577198474.26539,2952679131.19505,1325480656.92968,9281739903.51,9281739903.51,1.168668287,0.9613658826,0.04760857703,0.04710157276
2026-06-12,25304829,1781308799,High Yield Secured Lending Maple Pool USDC1,0xc39a5a616f0ad1ff45077fa2de3f79ab8eb8b8b9,92803043,92803043,24677000,68126043,97074466.681296,190277727.533372,93203260.8520966,1327333301.41,1327333301.41,1.28123616,0.995859263,0.05041221631,0.05099195771
2026-06-12,25304829,1781308799,Syrup USDT,0x356b8d89c1e1239cbbb9de4815c39a1474d5ba7d,354781199.248,354781199.248,28025010,326756189.248,446848076.084361,820578423.205158,373730347.120808,6720623618.48,6720623618.48,1.130934288,0.9503780259,0.04384316536,0.04201710241
2026-06-12,25304829,1781308799,Syrup USDC,0x80ac24aa929eaf5013f6436cda2a7ba190f5cc0b,1293307607.04,1343307607.04,265294006,1078013601.04,1581268490.49382,2956468590.41237,1325200099.91857,9246401678.87,9246401678.87,1.168524785,0.9777622006,0.04769011666,0.04710592326
2026-06-11,25297657,1781222399,Syrup USDC,0x80ac24aa929eaf5013f6436cda2a7ba190f5cc0b,1293307607.04,1293307607.04,265294006,1028013601.04,1498745425.3546,2819039011.14823,1320293585.79365,9196401678.87,9196401678.87,1.168376805,0.98127992,0.04757594191,0.04716957747
2026-06-11,25297657,1781222399,High Yield Secured Lending Maple Pool USDC1,0xc39a5a616f0ad1ff45077fa2de3f79ab8eb8b8b9,36478043,36478043,24677000,11801043,19426580.3914323,62621446.8019889,43194866.4105776,1259408301.41,1259408301.41,1.281090914,0.8447245735,0.05127829345,0.05109999084
2026-06-11,25297657,1781222399,Syrup USDT,0x356b8d89c1e1239cbbb9de4815c39a1474d5ba7d,354781199.248,354781199.248,28025010,326756189.248,447476005.071472,808442928.125655,360966923.054193,6720623618.48,6720623618.48,1.130803524,0.9839054876,0.04382522421,0.04209393258
2026-06-10,25290492,1781135999,Syrup USDT,0x356b8d89c1e1239cbbb9de4815c39a1474d5ba7d,359781199.248,359781199.248,33025010,326756189.248,431878065.875595,797946503.965504,366068438.089919,6720623618.48,6720623618.48,1.130670823,0.9847559698,0.04352616723,0.0421248679
2026-06-10,25290492,1781135999,High Yield Secured Lending Maple Pool USDC1,0xc39a5a616f0ad1ff45077fa2de3f79ab8eb8b8b9,37178043,37178043,31177000,6001043,18784118.59251,61972205.1686396,43188086.5761507,1247808301.41,1247808301.41,1.280889835,0.8610360865,0.04879756958,0.05100583957
2026-06-10,25290492,1781135999,Syrup USDC,0x80ac24aa929eaf5013f6436cda2a7ba190f5cc0b,1313307607.04,1313307607.04,285294006,1028013601.04,1447866788.72178,2771525377.69808,1323658588.97632,9196401678.87,9196401678.87,1.16822656,0.9937928397,0.04736627562,0.0471129292
2026-06-09,25283318,1781049599,Syrup USDC,0x80ac24aa929eaf5013f6436cda2a7ba190f5cc0b,1303787607.04,1303787607.04,293374006,1010413601.04,1432349520.69491,2767468671.82341,1335119151.12851,9178801678.87,9178801678.87,1.168078315,0.9779875557,0.04724873992,0.04713813986
2026-06-09,25283318,1781049599,High Yield Secured Lending Maple Pool USDC1,0xc39a5a616f0ad1ff45077fa2de3f79ab8eb8b8b9,34098043,34098043,28097000,6001043,403107.64851855,43807796.4811905,43404688.8326929,1247808301.41,1247808301.41,1.280684678,0.7857327996,0.04930411066,0.05080032286
2026-06-09,25283318,1781049599,Syrup USDT,0x356b8d89c1e1239cbbb9de4815c39a1474d5ba7d,354781199.248,354781199.248,28025010,326756189.248,437396217.799354,794860000.918722,357463783.119378,6708623618.48,6708623618.48,1.130536014,0.9945442979,0.04283113523,0.04214089783
2026-06-08,25276141,1780963199,Syrup USDC,0x80ac24aa929eaf5013f6436cda2a7ba190f5cc0b,1288727607.04,1288727607.04,278314006,1010413601.04,1474374584.21784,2805495652.02979,1331121067.81197,9167801678.87,9167801678.87,1.167931493,0.9695919121,0.04713918509,0.04722917948
2026-06-08,25276141,1780963199,High Yield Secured Lending Maple Pool USDC1,0xc39a5a616f0ad1ff45077fa2de3f79ab8eb8b8b9,43358043,43358043,43157000,201043,417863.9190246,43805404.4428993,43387540.5238957,1242008301.41,1242008301.41,1.280552828,0.9999612738,0.05040581076,0.0510457147
2026-06-08,25276141,1780963199,Syrup USDT,0x356b8d89c1e1239cbbb9de4815c39a1474d5ba7d,354781199.248,354781199.248,28025010,326756189.248,450484939.876074,813351199.911339,362866260.035275,6708623618.48,6708623618.48,1.130402296,0.9795915393,0.04210111955,0.04218047647
2026-06-07,25268963,1780876799,Syrup USDC,0x80ac24aa929eaf5013f6436cda2a7ba190f5cc0b,1320404607.04,1320404607.04,319991006,1000413601.04,1439715026.18258,2766128948.552,1326413922.36944,9157801678.87,9157801678.87,1.167772424,0.9977100498,0.04644134731,0.0471850086
2026-06-07,25268963,1780876799,High Yield Secured Lending Maple Pool USDC1,0xc39a5a616f0ad1ff45077fa2de3f79ab8eb8b8b9,37881043,37881043,37680000,201043,409251.64392835,43791172.6611234,43381921.017216,1242008301.41,1242008301.41,1.280386972,0.8737367564,0.05006723688,0.05095176492
2026-06-07,25268963,1780876799,Syrup USDT,0x356b8d89c1e1239cbbb9de4815c39a1474d5ba7d,362481199.248,362481199.248,35725010,326756189.248,445075645.122874,809246014.229076,364170369.106212,6708623618.48,6708623618.48,1.130269653,0.9971440214,0.0414459338,0.04225207547
2026-06-06,25261799,1780790399,Syrup USDC,0x80ac24aa929eaf5013f6436cda2a7ba190f5cc0b,1320404607.04,1320404607.04,319991006,1000413601.04,1382624105.69576,2723111249.64032,1340487143.94458,9157801678.87,9157801678.87,1.167626331,0.9870888577,0.04635332274,0.04723667964
2026-06-06,25261799,1780790399,Syrup USDT,0x356b8d89c1e1239cbbb9de4815c39a1474d5ba7d,362481199.248,362481199.248,35725010,326756189.248,426847621.970565,790929835.459222,364082213.488667,6708623618.48,6708623618.48,1.130137087,0.9972686966,0.04115744878,0.04225427583
2026-06-06,25261799,1780790399,High Yield Secured Lending Maple Pool USDC1,0xc39a5a616f0ad1ff45077fa2de3f79ab8eb8b8b9,37881043,37881043,37680000,201043,385776.47238875,43762179.7220965,43376403.2497288,1242008301.41,1242008301.41,1.280224119,0.8738034221,0.05238321442,0.05160413402
2026-06-05,25254619,1780703999,Syrup USDC,0x80ac24aa929eaf5013f6436cda2a7ba190f5cc0b,1320404607.04,1320404607.04,319991006,1000413601.04,1408168894.0541,2756472553.26754,1348303659.21346,9157801678.87,9157801678.87,1.167481214,0.9812325941,0.04629665383,0.0473418462
2026-06-05,25254619,1780703999,Syrup USDT,0x356b8d89c1e1239cbbb9de4815c39a1474d5ba7d,364845140.248,364845140.248,35725010,329120130.248,437206787.332358,806683001.701243,369476214.368895,6708623618.48,6708623618.48,1.130004006,0.989038994,0.04052304339,0.04222610681
2026-06-05,25254619,1780703999,High Yield Secured Lending Maple Pool USDC1,0xc39a5a616f0ad1ff45077fa2de3f79ab8eb8b8b9,37881043,37881043,37680000,201043,393661.02276695,44063426.6833244,43669765.6605785,1242008301.41,1242008301.41,1.28002823,0.8678861908,0.05073811109,0.05121034959
2026-06-04,25247461,1780617599,Syrup USDC,0x80ac24aa929eaf5013f6436cda2a7ba190f5cc0b,1342145757.32,1342145757.32,334391006,1007754751.32,1393289674.99192,2754539028.49061,1361249353.49872,8992634288.5,8992634288.5,1.167335807,0.9879158431,0.04623744807,0.04768042772
2026-06-04,25247461,1780617599,High Yield Secured Lending Maple Pool USDC1,0xc39a5a616f0ad1ff45077fa2de3f79ab8eb8b8b9,49036043,49036043,37680000,11356043,13230649.5209848,62522458.0533555,49291808.5323917,1242008301.41,1242008301.41,1.279862891,0.9998555035,0.05042119895,0.05112208445
2026-06-04,25247461,1780617599,Syrup USDT,0x356b8d89c1e1239cbbb9de4815c39a1474d5ba7d,372845140.248,372845140.248,43725010,329120130.248,445906824.129833,823829368.790182,377922544.660359,6708623618.48,6708623618.48,1.129873722,0.9879883484,0.03995765107,0.04222777575
2026-06-03,25240302,1780531199,Syrup USDC,0x80ac24aa929eaf5013f6436cda2a7ba190f5cc0b,1339220757.32,1339220757.32,332466006,1006754751.32,1410102648.9045,2775757195.68443,1365654546.77996,8991634288.5,8991634288.5,1.167190175,0.9824699812,0.04617787844,0.04774670926
2026-06-03,25240302,1780531199,Syrup USDT,0x356b8d89c1e1239cbbb9de4815c39a1474d5ba7d,386270140.248,386270140.248,57150010,329120130.248,447996574.448112,837991154.364027,389994579.915924,6708623618.48,6708623618.48,1.129747338,0.9917246759,0.03996204733,0.04226435405
2026-06-03,25240302,1780531199,High Yield Secured Lending Maple Pool USDC1,0xc39a5a616f0ad1ff45077fa2de3f79ab8eb8b8b9,49036043,49036043,37680000,11356043,13299747.6145477,62586052.3744241,49286304.7598974,1242008301.41,1242008301.41,1.279719986,0.9998783888,0.05212326878,0.05197340349
2026-06-02,25233136,1780444799,Syrup USDC,0x80ac24aa929eaf5013f6436cda2a7ba190f5cc0b,1346220757.32,1346220757.32,332466006,1013754751.32,1429070807.60304,2805831434.75395,1376760627.15092,8827619288.5,8827619288.5,1.167044575,0.9800458091,0.04637658257,0.04783794653
2026-06-02,25233136,1780444799,High Yield Secured Lending Maple Pool USDC1,0xc39a5a616f0ad1ff45077fa2de3f79ab8eb8b8b9,49036043,49036043,37680000,11356043,13582292.9273904,62860247.3100874,49277954.382718,1242008301.41,1242008301.41,1.279503168,0.9999593183,0.05087768473,0.05136678851
2026-06-02,25233136,1780444799,Syrup USDT,0x356b8d89c1e1239cbbb9de4815c39a1474d5ba7d,410470140.248,410470140.248,81350010,329120130.248,450626423.363745,862165904.215145,411539480.85141,6708623618.48,6708623618.48,1.129627073,0.99851295,0.04027401534,0.04242218699
2026-06-01,25225970,1780358399,Syrup USDC,0x80ac24aa929eaf5013f6436cda2a7ba190f5cc0b,1337705757.32,1337705757.32,320966006,1016739751.32,1463561532.56126,2843033091.37648,1379471558.81524,8773619288.5,8773619288.5,1.166900224,0.9718174859,0.04635937342,0.04826674515
2026-06-01,25225970,1780358399,High Yield Secured Lending Maple Pool USDC1,0xc39a5a616f0ad1ff45077fa2de3f79ab8eb8b8b9,49036043,49036043,37680000,11356043,14621709.4112439,63893351.1462016,49271641.7349787,1242008301.41,1242008301.41,1.279345692,0.9999987036,0.05053658277,0.05135459585
2026-06-01,25225970,1780358399,Syrup USDT,0x356b8d89c1e1239cbbb9de4815c39a1474d5ba7d,410470140.248,410470140.248,81350010,329120130.248,464242337.999285,880861815.221297,416619477.222023,6708623618.48,6708623618.48,1.129508632,0.9862218999,0.04064136286,0.04265661214
2026-05-31,25218797,1780271999,Syrup USDT,0x356b8d89c1e1239cbbb9de4815c39a1474d5ba7d,416870140.248,416870140.248,87750010,329120130.248,480124489.09794,898140973.729892,418016484.631962,6708623618.48,6708623618.48,1.129389716,0.9981450006,0.04096997022,0.04287898915
2026-05-31,25218797,1780271999,Syrup USDC,0x80ac24aa929eaf5013f6436cda2a7ba190f5cc0b,1359505757.32,1359505757.32,342766006,1016739751.32,1511305070.03271,2897600048.78625,1386294978.75357,8763619288.5,8763619288.5,1.166756212,0.9826907804,0.04624923345,0.04855631633
2026-05-31,25218797,1780271999,High Yield Secured Lending Maple Pool USDC1,0xc39a5a616f0ad1ff45077fa2de3f79ab8eb8b8b9,49036043,49036043,37680000,11356043,15144275.3457771,64427438.0583425,49283162.7125863,1242008301.41,1242008301.41,1.279187901,0.9996745124,0.05198093959,0.05177494326
2026-05-30,25211628,1780185599,High Yield Secured Lending Maple Pool USDC1,0xc39a5a616f0ad1ff45077fa2de3f79ab8eb8b8b9,49036043,49036043,37680000,11356043,15126318.1285593,64401130.5045543,49274812.376016,1242008301.41,1242008301.41,1.27897116,0.9997554081,0.05059450274,0.0514655182
2026-05-30,25211628,1780185599,Syrup USDT,0x356b8d89c1e1239cbbb9de4815c39a1474d5ba7d,416870140.248,416870140.248,87750010,329120130.248,480016116.877821,897771361.649221,417755244.771411,6708623618.48,6708623618.48,1.129263252,0.9986663402,0.04093827615,0.04299956952
2026-05-30,25211628,1780185599,Syrup USDC,0x80ac24aa929eaf5013f6436cda2a7ba190f5cc0b,1359505757.32,1359505757.32,342766006,1016739751.32,1510451836.43696,2907541585.20768,1397089748.77074,8763619288.5,8763619288.5,1.166612128,0.9749630013,0.04651670007,0.04856714582
2026-05-29,25204464,1780099199,Syrup USDT,0x356b8d89c1e1239cbbb9de4815c39a1474d5ba7d,416870140.248,416870140.248,87750010,329120130.248,476178606.641165,902346878.717043,426168272.075888,6708623618.48,6708623618.48,1.129143473,0.9800921214,0.0412690515,0.0432094274
2026-05-29,25204464,1780099199,Syrup USDC,0x80ac24aa929eaf5013f6436cda2a7ba190f5cc0b,1359505757.32,1359505757.32,342766006,1016739751.32,1499974122.72624,2894261520.02488,1394287397.29866,8763619288.5,8763619288.5,1.166468349,0.9768064433,0.04665494169,0.04846267847
2026-05-29,25204464,1780099199,High Yield Secured Lending Maple Pool USDC1,0xc39a5a616f0ad1ff45077fa2de3f79ab8eb8b8b9,49036043,49036043,37680000,11356043,15035577.0726302,64304328.0390769,49268750.9664676,1242008301.41,1242008301.41,1.278813831,0.9997896559,0.0505603288,0.05145160969
2026-05-28,25197290,1780012799,Syrup USDC,0x80ac24aa929eaf5013f6436cda2a7ba190f5cc0b,1363305757.32,1363305757.32,346566006,1016739751.32,1499922248.45227,2893605479.4394,1393683230.98715,8736619288.5,8736619288.5,1.166324333,0.9804240907,0.04679075629,0.04834190922
2026-05-28,25197290,1780012799,Syrup USDT,0x356b8d89c1e1239cbbb9de4815c39a1474d5ba7d,384870140.248,384870140.248,55750010,329120130.248,475954080.704649,877854459.044396,401900378.339757,6708623618.48,6708623618.48,1.129025057,0.9603161166,0.04168529484,0.04330896146
2026-05-28,25197290,1780012799,High Yield Secured Lending Maple Pool USDC1,0xc39a5a616f0ad1ff45077fa2de3f79ab8eb8b8b9,49036043,49036043,37680000,11356043,15043830.1761204,64306502.1810046,49262672.0049053,1242008301.41,1242008301.41,1.278656046,0.9998242639,0.05050663089,0.05186750814
2026-05-27,25190113,1779926399,Syrup USDC,0x80ac24aa929eaf5013f6436cda2a7ba190f5cc0b,1361305757.32,1361305757.32,346566006,1014739751.32,1501686791.9229,2886977209.62176,1385290417.69888,8734619288.5,8734619288.5,1.166180102,0.9848442356,0.04705728592,0.04839396417
2026-05-27,25190113,1779926399,High Yield Secured Lending Maple Pool USDC1,0xc39a5a616f0ad1ff45077fa2de3f79ab8eb8b8b9,49036043,49036043,37680000,11356043,15214368.4209529,64470010.4746245,49255642.0536925,1242008301.41,1242008301.41,1.278473578,0.999924424,0.05088250922,0.05192726756
2026-05-27,25190113,1779926399,Syrup USDT,0x356b8d89c1e1239cbbb9de4815c39a1474d5ba7d,384870140.248,384870140.248,55750010,329120130.248,470948444.699727,871160029.455762,400211584.756045,6708623618.48,6708623618.48,1.128898676,0.9642754304,0.04164318081,0.04339674461
2026-05-26,25182942,1779839999,Syrup USDC,0x80ac24aa929eaf5013f6436cda2a7ba190f5cc0b,1371785757.32,1371785757.32,357046006,1014739751.32,1524311832.13815,2914056186.53103,1389744354.39289,8734619288.5,8734619288.5,1.16603038,0.9891217927,0.04689829629,0.0484325276
2026-05-26,25182942,1779839999,Syrup USDT,0x356b8d89c1e1239cbbb9de4815c39a1474d5ba7d,372870140.248,372870140.248,43750010,329120130.248,474768643.027255,862711287.851467,387942644.824223,6708623618.48,6708623618.48,1.128772009,0.9637299886,0.04165786092,0.0436004729
2026-05-26,25182942,1779839999,High Yield Secured Lending Maple Pool USDC1,0xc39a5a616f0ad1ff45077fa2de3f79ab8eb8b8b9,50556043,50556043,39200000,11356043,15491290.2872633,66489698.4752794,50998408.188037,1242008301.41,1242008301.41,1.278286011,0.9954563216,0.05074828623,0.05158527632
2026-05-25,25175762,1779753599,High Yield Secured Lending Maple Pool USDC1,0xc39a5a616f0ad1ff45077fa2de3f79ab8eb8b8b9,50556043,50556043,39200000,11356043,15778658.899444,66663416.0012424,50884757.1018194,1242008301.41,1242008301.41,1.278136642,0.9999998406,0.05105527683,0.05207810315
2026-05-25,25175762,1779753599,Syrup USDC,0x80ac24aa929eaf5013f6436cda2a7ba190f5cc0b,1369285752.32,1369285752.32,474546001,894739751.32,1401814975.91233,2798751492.98353,1396936517.07123,8614619288.5,8614619288.5,1.165886522,0.9823881967,0.04704063383,0.04853833123
2026-05-25,25175762,1779753599,Syrup USDT,0x356b8d89c1e1239cbbb9de4815c39a1474d5ba7d,372870140.248,372870140.248,43750010,329120130.248,483170502.868239,870354173.419622,387183670.551393,6708623618.48,6708623618.48,1.128646015,0.9655161667,0.04181284453,0.04377766545
2026-05-24,25168596,1779667199,High Yield Secured Lending Maple Pool USDC1,0xc39a5a616f0ad1ff45077fa2de3f79ab8eb8b8b9,50556043,50556043,39200000,11356043,15719306.5979377,67124626.6408079,51405320.0428912,1242008301.41,1242008301.41,1.277945327,0.9896861481,0.05105411823,0.05204551148
2026-05-24,25168596,1779667199,Syrup USDC,0x80ac24aa929eaf5013f6436cda2a7ba190f5cc0b,1368985752.32,1368985752.32,474546001,894439751.32,1397178028.85155,2795885763.66807,1398707734.81654,8614319288.5,8614319288.5,1.165744988,0.9808071449,0.04740670027,0.04867456469
2026-05-24,25168596,1779667199,Syrup USDT,0x356b8d89c1e1239cbbb9de4815c39a1474d5ba7d,372870140.248,372870140.248,43750010,329120130.248,481778176.666396,870241307.762314,388463131.095928,6708623618.48,6708623618.48,1.128520357,0.9622206032,0.04191898777,0.04394945707
2026-05-23,25161418,1779580799,Syrup USDT,0x356b8d89c1e1239cbbb9de4815c39a1474d5ba7d,372870140.248,372870140.248,43750010,329120130.248,480930942.589589,867623018.059575,386692075.469997,6708623618.48,6708623618.48,1.12839465,0.966530197,0.04224197237,0.04402659117
2026-05-23,25161418,1779580799,High Yield Secured Lending Maple Pool USDC1,0xc39a5a616f0ad1ff45077fa2de3f79ab8eb8b8b9,50556043,50556043,39200000,11356043,15661918.5745291,67059828.6524152,51397910.077907,1242008301.41,1242008301.41,1.277761114,0.9897078369,0.05108117201,0.05173694105
2026-05-23,25161418,1779580799,Syrup USDC,0x80ac24aa929eaf5013f6436cda2a7ba190f5cc0b,1368985752.32,1368985752.32,474546001,894439751.32,1394054716.03485,2791860339.16474,1397805623.12991,8614319288.5,8614319288.5,1.165595316,0.9814069237,0.04726964437,0.04873417449
2026-05-22,25154243,1779494399,Syrup USDC,0x80ac24aa929eaf5013f6436cda2a7ba190f5cc0b,1368985752.32,1368985752.32,474546001,894439751.32,1376937994.9574,2777847208.69682,1400909213.73943,8614319288.5,8614319288.5,1.16544871,0.9791093326,0.04764367566,0.0488238782
2026-05-22,25154243,1779494399,Syrup USDT,0x356b8d89c1e1239cbbb9de4815c39a1474d5ba7d,372870140.248,372870140.248,43750010,329120130.248,475878253.18683,858217083.305336,382338830.118516,6708623618.48,6708623618.48,1.128268088,0.977450457,0.04227969656,0.04404224838
2026-05-22,25154243,1779494399,High Yield Secured Lending Maple Pool USDC1,0xc39a5a616f0ad1ff45077fa2de3f79ab8eb8b8b9,50556043,50556043,39200000,11356043,15501468.6406265,66893088.2018194,51391619.5612138,1242008301.41,1242008301.41,1.277604731,0.9897078369,0.05106942326,0.05215889828
2026-05-21,25147071,1779407999,High Yield Secured Lending Maple Pool USDC1,0xc39a5a616f0ad1ff45077fa2de3f79ab8eb8b8b9,50556043,50556043,39200000,11356043,15887247.4146702,67272576.4591698,51385329.0445206,1242008301.41,1242008301.41,1.277448347,0.9897078369,0.05255564059,0.05213436346
2026-05-21,25147071,1779407999,Syrup USDT,0x356b8d89c1e1239cbbb9de4815c39a1474d5ba7d,374870140.248,374870140.248,45750010,329120130.248,487484618.203563,873438495.499835,385953877.296282,6708623618.48,6708623618.48,1.128141116,0.9733589357,0.04224354543,0.04434898844
2026-05-21,25147071,1779407999,Syrup USDC,0x80ac24aa929eaf5013f6436cda2a7ba190f5cc0b,1350985752.32,1350985752.32,456546001,894439751.32,1410968205.07497,2810462658.69705,1399494453.62211,8614319288.5,8614319288.5,1.16530192,0.9671164071,0.04795325332,0.04897243438
2026-05-20,25139893,1779321599,Syrup USDT,0x356b8d89c1e1239cbbb9de4815c39a1474d5ba7d,374870140.248,374870140.248,45750010,329120130.248,486286155.179287,876034710.127151,389748554.947875,6708623618.48,6708623618.48,1.128015709,0.9637549494,0.04253473284,0.04438735532
2026-05-20,25139893,1779321599,High Yield Secured Lending Maple Pool USDC1,0xc39a5a616f0ad1ff45077fa2de3f79ab8eb8b8b9,50556043,50556043,39200000,11356043,15859334.3823137,67236978.0712641,51377643.6889714,1242008301.41,1242008301.41,1.277257288,0.9897348625,0.05228740754,0.0517651256
2026-05-20,25139893,1779321599,Syrup USDC,0x80ac24aa929eaf5013f6436cda2a7ba190f5cc0b,1350985752.32,1350985752.32,456546001,894439751.32,1404459727.257,2800093281.198,1395633553.94101,8539319288.5,8539319288.5,1.165152126,0.9699883016,0.0476575095,0.04867699411
2026-05-19,25132717,1779235199,Syrup USDT,0x356b8d89c1e1239cbbb9de4815c39a1474d5ba7d,361870140.248,361870140.248,32750010,329120130.248,481704588.399737,862851236.229724,381146647.829997,6708623618.48,6708623618.48,1.127888836,0.9512644205,0.04303554524,0.04428252767
2026-05-19,25132717,1779235199,High Yield Secured Lending Maple Pool USDC1,0xc39a5a616f0ad1ff45077fa2de3f79ab8eb8b8b9,50556043,50556043,39200000,11356043,15692356.7537746,67062588.5872468,51370231.8334932,1242008301.41,1242008301.41,1.277073028,0.9897565901,0.05105609166,0.05179184394
2026-05-19,25132717,1779235199,Syrup USDC,0x80ac24aa929eaf5013f6436cda2a7ba190f5cc0b,1353912194.53,1353912194.53,404546001,949366193.53,1489814607.32337,2887656495.82845,1397841888.5051,8539319288.5,8539319288.5,1.165005929,0.9705882195,0.04799407965,0.04869584021
2026-05-18,25125536,1779148799,Syrup USDC,0x80ac24aa929eaf5013f6436cda2a7ba190f5cc0b,1333112194.53,1333112194.53,385546001,947566193.53,1504384182.4183,2907766149.38982,1403381966.97154,8537519288.5,8537519288.5,1.164859161,0.9518734998,0.04789389081,0.0493309894
2026-05-18,25125536,1779148799,High Yield Secured Lending Maple Pool USDC1,0xc39a5a616f0ad1ff45077fa2de3f79ab8eb8b8b9,50556043,50556043,39200000,11356043,15789823.9776199,67137919.1186689,51348095.14107,1242008301.41,1242008301.41,1.276916647,0.9900637348,0.05254504226,0.05211763873
2026-05-18,25125536,1779148799,Syrup USDT,0x356b8d89c1e1239cbbb9de4815c39a1474d5ba7d,361870140.248,361870140.248,32750010,329120130.248,486639621.3686,860093418.167807,373453796.799217,6708623618.48,6708623618.48,1.127759723,0.9707859022,0.04332488929,0.04604791707
2026-05-17,25118358,1779062399,Syrup USDT,0x356b8d89c1e1239cbbb9de4815c39a1474d5ba7d,373870140.248,373870140.248,44750010,329120130.248,492480481.615355,883171853.885493,390691372.270148,6708623618.48,6708623618.48,1.12763196,0.9585411644,0.04371690116,0.04591566763
2026-05-17,25118358,1779062399,High Yield Secured Lending Maple Pool USDC1,0xc39a5a616f0ad1ff45077fa2de3f79ab8eb8b8b9,50556043,50556043,39200000,11356043,15971315.4153847,67311835.7238565,51340520.3084928,1242008301.41,1242008301.41,1.276725541,0.9900886369,0.05223958234,0.0523602836
2026-05-17,25118358,1779062399,Syrup USDC,0x80ac24aa929eaf5013f6436cda2a7ba190f5cc0b,1377162194.53,1377162194.53,423046001,954116193.53,1536968909.51255,2923461425.41972,1386492515.90719,8529069288.5,8529069288.5,1.164709944,0.9957843752,0.04793632046,0.04922831171
2026-05-16,25111182,1778975999,High Yield Secured Lending Maple Pool USDC1,0xc39a5a616f0ad1ff45077fa2de3f79ab8eb8b8b9,50556043,50556043,39200000,11356043,16022086.5913402,67510169.5119477,51488082.9206286,1242008301.41,1242008301.41,1.276540874,0.987114405,0.05100572961,0.05238584132
2026-05-16,25111182,1778975999,Syrup USDC,0x80ac24aa929eaf5013f6436cda2a7ba190f5cc0b,1377162194.53,1377162194.53,423046001,954116193.53,1539637693.57848,2923601171.86516,1383963478.2867,8529069288.5,8529069288.5,1.164563327,0.9974844072,0.0483166049,0.0491157661
2026-05-16,25111182,1778975999,Syrup USDT,0x356b8d89c1e1239cbbb9de4815c39a1474d5ba7d,373870140.248,373870140.248,44750010,329120130.248,493892440.965977,883849318.782694,389956877.816727,6708623618.48,6708623618.48,1.12749965,0.96024303,0.04393815057,0.0458571306
2026-05-15,25103999,1778889599,High Yield Secured Lending Maple Pool USDC1,0xc39a5a616f0ad1ff45077fa2de3f79ab8eb8b8b9,50556043,50556043,39200000,11356043,16209370.765102,67691163.1690164,51481792.4039354,1242008301.41,1242008301.41,1.276384914,0.987114405,0.05100564193,0.05252485848
2026-05-15,25103999,1778889599,Syrup USDC,0x80ac24aa929eaf5013f6436cda2a7ba190f5cc0b,1377162194.53,1377162194.53,423046001,954116193.53,1559293229.47289,2952873815.52456,1393580586.05169,8529069288.5,8529069288.5,1.164408876,0.9904617605,0.0483224001,0.04917807892
2026-05-15,25103999,1778889599,Syrup USDT,0x356b8d89c1e1239cbbb9de4815c39a1474d5ba7d,373870140.248,373870140.248,44750010,329120130.248,499914740.015708,888867434.607517,388952694.591819,6708623618.48,6708623618.48,1.127372406,0.9626981034,0.04448991042,0.04582230592
2026-05-14,25096819,1778803199,Syrup USDC,0x80ac24aa929eaf5013f6436cda2a7ba190f5cc0b,1343686795.98,1343686795.98,454546001,889140794.98,1506808042.0946,2890096668.93902,1383288626.84444,8474093870.16,8474093870.16,1.164255621,0.9734830444,0.04818800969,0.04902382311
2026-05-14,25096819,1778803199,Syrup USDT,0x356b8d89c1e1239cbbb9de4815c39a1474d5ba7d,342370140.248,342370140.248,13250010,329120130.248,516869679.393138,899097353.694078,382227674.30095,6708623618.48,6708623618.48,1.127246285,0.8970206211,0.04479439441,0.04570235132
2026-05-14,25096819,1778803199,High Yield Secured Lending Maple Pool USDC1,0xc39a5a616f0ad1ff45077fa2de3f79ab8eb8b8b9,50556043,50556043,39200000,11356043,16706140.7231326,68113085.7531398,51406945.0300282,1242008301.41,1242008301.41,1.276194096,0.9884375107,0.05257925315,0.0524989568
2026-05-13,25089644,1778716799,Syrup USDC,0x80ac24aa929eaf5013f6436cda2a7ba190f5cc0b,1355686785.98,1355686785.98,466546001,889140784.98,1459014675.81588,2855432538.80748,1396417862.99163,8474093860.16,8474093860.16,1.164112263,0.972812738,0.04870215359,0.048917374
2026-05-13,25089644,1778716799,Syrup USDT,0x356b8d89c1e1239cbbb9de4815c39a1474d5ba7d,342370140.248,342370140.248,13250010,329120130.248,500718326.173581,854743600.356817,354025274.183246,6708623618.48,6708623618.48,1.127114939,0.9684725498,0.04474076395,0.04543199714
2026-05-13,25089644,1778716799,High Yield Secured Lending Maple Pool USDC1,0xc39a5a616f0ad1ff45077fa2de3f79ab8eb8b8b9,50556046,50556046,39200000,11356046,16272846.651033,67588344.0052256,51315497.3542136,1242008291.41,1242008291.41,1.276009461,0.9900859982,0.05134798463,0.05279287811
2026-05-12,25082485,1778630399,Syrup USDT,0x356b8d89c1e1239cbbb9de4815c39a1474d5ba7d,401870135.248,401870135.248,22750005,379120130.248,570379107.623724,990311966.449835,419932858.826121,6658623618.48,6658623618.48,1.126977787,0.9582949867,0.044399912,0.0451184133
2026-05-12,25082485,1778630399,Syrup USDC,0x80ac24aa929eaf5013f6436cda2a7ba190f5cc0b,1344386785.98,1344386785.98,455246001,889140784.98,1481025133.53316,2864139894.24965,1383114760.71651,8474093860.16,8474093860.16,1.163959026,0.9738903213,0.04976790572,0.04869341829
2026-05-12,25082485,1778630399,High Yield Secured Lending Maple Pool USDC1,0xc39a5a616f0ad1ff45077fa2de3f79ab8eb8b8b9,52356046,52356046,41000000,11356046,16525411.8611563,69529419.7211948,53004007.8600594,1242008291.41,1242008291.41,1.275854029,0.9927169227,0.05137299968,0.05293738792
2026-05-11,25075305,1778543999,High Yield Secured Lending Maple Pool USDC1,0xc39a5a616f0ad1ff45077fa2de3f79ab8eb8b8b9,52356046,52356046,41000000,11356046,16765872.299544,69761950.8759335,52996078.5764094,1242008291.41,1242008291.41,1.275663164,0.9927443659,0.05294182224,0.05291120922
2026-05-11,25075305,1778543999,Syrup USDT,0x356b8d89c1e1239cbbb9de4815c39a1474d5ba7d,401870135.248,401870135.248,22750005,379120130.248,579672615.169129,1000942473.00956,421269857.840437,6658623618.48,6658623618.48,1.126842785,0.9551342491,0.04412490048,0.04485639714
2026-05-11,25075305,1778543999,Syrup USDC,0x80ac24aa929eaf5013f6436cda2a7ba190f5cc0b,1334386785.98,1334386785.98,445246001,889140784.98,1505561232.746,2854300643.59109,1348739410.8451,8474093860.16,8474093860.16,1.163814523,0.99121385,0.05008583582,0.04855078543
2026-05-10,25068138,1778457599,Syrup USDC,0x80ac24aa929eaf5013f6436cda2a7ba190f5cc0b,1273386785.98,1273386785.98,384246001,889140784.98,1509284993.26956,2805019979.81013,1295734986.54059,8474093860.16,8474093860.16,1.163664536,0.9845565404,0.05025152303,0.04834779451
2026-05-10,25068138,1778457599,Syrup USDT,0x356b8d89c1e1239cbbb9de4815c39a1474d5ba7d,401870135.248,401870135.248,22750005,379120130.248,580985684.985568,1001650239.21291,420664554.227354,6658623618.48,6658623618.48,1.126707008,0.9565240976,0.04403799366,0.04453389595
2026-05-10,25068138,1778457599,High Yield Secured Lending Maple Pool USDC1,0xc39a5a616f0ad1ff45077fa2de3f79ab8eb8b8b9,52356046,52356046,41000000,11356046,16814841.8304326,69801284.1794362,52986442.3490236,1242008281.41,1242008281.41,1.275479346,0.9928039449,0.05173051171,0.05321239833
2026-05-09,25060964,1778371199,Syrup USDT,0x356b8d89c1e1239cbbb9de4815c39a1474d5ba7d,401870135.248,401870135.248,22750005,379120130.248,569648261.438644,979986006.97218,410337745.533546,6658623618.48,6658623618.48,1.126570227,0.9805061944,0.04414307761,0.04425181066
2026-05-09,25060964,1778371199,High Yield Secured Lending Maple Pool USDC1,0xc39a5a616f0ad1ff45077fa2de3f79ab8eb8b8b9,52356046,52356046,41000000,11356046,16541272.885143,69510137.782569,52968864.8974459,1242008281.41,1242008281.41,1.275323555,0.9930130735,0.05172942005,0.05332438104
2026-05-09,25060964,1778371199,Syrup USDC,0x80ac24aa929eaf5013f6436cda2a7ba190f5cc0b,1273386785.98,1273386785.98,384246001,889140784.98,1480097235.57935,2772852627.86394,1292755392.28461,8474093860.16,8474093860.16,1.163509955,0.986707333,0.05159275573,0.04806508877
2026-05-08,25053792,1778284799,Syrup USDC,0x80ac24aa929eaf5013f6436cda2a7ba190f5cc0b,1273386785.98,1273386785.98,384246001,889140784.98,1472307828.03086,2756549236.43275,1284241408.40191,8474093860.16,8474093860.16,1.163355521,0.9931358553,0.05232685405,0.04781212157
2026-05-08,25053792,1778284799,High Yield Secured Lending Maple Pool USDC1,0xc39a5a616f0ad1ff45077fa2de3f79ab8eb8b8b9,52356046,52356046,41000000,11356046,16445201.1774039,69407594.7294803,52962393.5520963,1242008281.41,1242008281.41,1.275167745,0.9930130735,0.05359671342,0.05362665151
2026-05-08,25053792,1778284799,Syrup USDT,0x356b8d89c1e1239cbbb9de4815c39a1474d5ba7d,401870135.248,401870135.248,22750005,379120130.248,566568773.719096,977684879.91342,411116106.194333,6658623618.48,6658623618.48,1.126431673,0.9785267234,0.04413328276,0.0439476555
2026-05-07,25046605,1778198399,Syrup USDC,0x80ac24aa929eaf5013f6436cda2a7ba190f5cc0b,1214386785.98,1214386785.98,325246001,889140784.98,1459380975.58164,2692537667.4584,1233156691.87678,8474093860.16,8474093860.16,1.163205264,0.9863001386,0.05206241351,0.04760505817
2026-05-07,25046605,1778198399,High Yield Secured Lending Maple Pool USDC1,0xc39a5a616f0ad1ff45077fa2de3f79ab8eb8b8b9,52356046,52356046,41000000,11356046,16360215.8259559,69313172.1841895,52952956.3582537,1242008281.41,1242008281.41,1.274940528,0.9930689355,0.05178883525,0.05320949825
2026-05-07,25046605,1778198399,Syrup USDT,0x356b8d89c1e1239cbbb9de4815c39a1474d5ba7d,434370130.248,434370130.248,55250000,379120130.248,561705590.99562,998878742.37749,437173151.38188,6658623618.48,6658623618.48,1.126299361,0.9944444715,0.04435195367,0.04371253579
2026-05-06,25039432,1778111999,Syrup USDT,0x356b8d89c1e1239cbbb9de4815c39a1474d5ba7d,434370130.248,434370130.248,55250000,379120130.248,572801513.123888,1010450286.8521,437648773.728226,6658623618.48,6658623618.48,1.126169234,0.9940829541,0.04473691425,0.04353972405
2026-05-06,25039432,1778111999,Syrup USDC,0x80ac24aa929eaf5013f6436cda2a7ba190f5cc0b,1213386785.98,1213386785.98,325246001,888140784.98,1489981330.01532,2714993888.37744,1225012558.36214,8473093860.16,8473093860.16,1.163051097,0.9919208054,0.05110387079,0.04733716893
2026-05-06,25039432,1778111999,High Yield Secured Lending Maple Pool USDC1,0xc39a5a616f0ad1ff45077fa2de3f79ab8eb8b8b9,52356046,52356046,41000000,11356046,16657892.6850101,69582964.4078942,52925071.7229041,1242008281.41,1242008281.41,1.274784689,0.9934724431,0.05177200819,0.05336563434
2026-05-05,25032255,1778025599,Syrup USDC,0x80ac24aa929eaf5013f6436cda2a7ba190f5cc0b,1213386785.98,1213386785.98,325246001,888140784.98,1494669392.50717,2719480372.23693,1224810979.72979,8473093860.16,8473093860.16,1.162875347,0.9919552513,0.04907140217,0.04682988231
2026-05-05,25032255,1778025599,High Yield Secured Lending Maple Pool USDC1,0xc39a5a616f0ad1ff45077fa2de3f79ab8eb8b8b9,52356046,52356046,41000000,11356046,16609952.8510523,69534409.8814708,52924457.0304385,1242008281.41,1242008281.41,1.274628824,0.993362049,0.05361746321,0.05374879824
2026-05-05,25032255,1778025599,Syrup USDT,0x356b8d89c1e1239cbbb9de4815c39a1474d5ba7d,421870130.248,421870130.248,42750000,379120130.248,571029534.01635,1012924073.54048,441894539.524143,6658623618.48,6658623618.48,1.126039244,0.9560749974,0.04458909736,0.04325342822
2026-05-04,25025077,1777939199,Syrup USDT,0x356b8d89c1e1239cbbb9de4815c39a1474d5ba7d,421870130.248,421870130.248,42750000,379120130.248,577737516.962943,1027370373.5456,449632856.582662,6658623618.48,6658623618.48,1.125910041,0.9394909264,0.04481307989,0.04303453248
2026-05-04,25025077,1777939199,High Yield Secured Lending Maple Pool USDC1,0xc39a5a616f0ad1ff45077fa2de3f79ab8eb8b8b9,52356046,52356046,41000000,11356046,16394117.7118632,69424795.984778,53030678.2729348,1242008281.41,1242008281.41,1.2744017,0.9912426338,0.05192552943,0.05374799889
2026-05-04,25025077,1777939199,Syrup USDC,0x80ac24aa929eaf5013f6436cda2a7ba190f5cc0b,1202386785.98,1202386785.98,314246001,888140784.98,1480859810.76397,2702927180.69425,1222067369.93031,8473093860.16,8473093860.16,1.162724227,0.9850459547,0.04895048691,0.04662393101
2026-05-03,25017913,1777852799,High Yield Secured Lending Maple Pool USDC1,0xc39a5a616f0ad1ff45077fa2de3f79ab8eb8b8b9,52356046,52356046,41000000,11356046,16220287.1722143,69250257.0022636,53029969.8300692,1242008281.41,1242008281.41,1.274246193,0.9911344936,0.05181394502,0.05390456297
2026-05-03,25017913,1777852799,Syrup USDC,0x80ac24aa929eaf5013f6436cda2a7ba190f5cc0b,1192386785.98,1192386785.98,304246001,888140784.98,1468569490.91015,2687975664.57252,1219406173.66239,8473093860.16,8473093860.16,1.162570862,0.9790078388,0.04892360653,0.04639307622
2026-05-03,25017913,1777852799,Syrup USDT,0x356b8d89c1e1239cbbb9de4815c39a1474d5ba7d,421870130.248,421870130.248,42750000,379120130.248,572906280.536979,1008283002.90503,435376722.368058,6658623618.48,6658623618.48,1.125776173,0.9702391681,0.04532277184,0.04276281357
2026-05-02,25010735,1777766399,Syrup USDT,0x356b8d89c1e1239cbbb9de4815c39a1474d5ba7d,421870130.248,421870130.248,42750000,379120130.248,570770960.900981,1008724652.9605,437953692.059531,6658623618.48,6658623618.48,1.125637333,0.96440425,0.04544506804,0.04245171614
2026-05-02,25010735,1777766399,Syrup USDC,0x80ac24aa929eaf5013f6436cda2a7ba190f5cc0b,1192386785.98,1192386785.98,304246001,888140784.98,1463083837.10214,2678824205.25604,1215740368.15393,8473093860.16,8473093860.16,1.162387976,0.981832699,0.04752169052,0.04583934827
2026-05-02,25010735,1777766399,High Yield Secured Lending Maple Pool USDC1,0xc39a5a616f0ad1ff45077fa2de3f79ab8eb8b8b9,52356046,52356046,41000000,11356046,16151773.1836419,69118671.6695295,52966898.4859076,1242008281.41,1242008281.41,1.274090578,0.9921976089,0.05363842047,0.05406035197
2026-05-01,25003545,1777679999,Syrup USDC,0x80ac24aa929eaf5013f6436cda2a7ba190f5cc0b,1192386785.98,1192386785.98,304246001,888140784.98,1450133659.67072,2652829397.94506,1202695738.27436,8473093860.16,8473093860.16,1.162218136,0.9923597746,0.04675499078,0.04552518403
2026-05-01,25003545,1777679999,High Yield Secured Lending Maple Pool USDC1,0xc39a5a616f0ad1ff45077fa2de3f79ab8eb8b8b9,52356046,52356046,41000000,11356046,16010593.8722884,68969219.5942434,52958625.721975,1242008281.41,1242008281.41,1.273891581,0.9922314823,0.05314123503,0.05448218911
2026-05-01,25003545,1777679999,Syrup USDT,0x356b8d89c1e1239cbbb9de4815c39a1474d5ba7d,421870130.248,421870130.248,42750000,379120130.248,565728080.937469,1005000786.15269,439272705.215233,6658623618.48,6658623618.48,1.125499096,0.9613872431,0.0455570202,0.04217106489
2026-04-30,24996367,1777593599,Syrup USDT,0x356b8d89c1e1239cbbb9de4815c39a1474d5ba7d,421870130.248,421870130.248,42750000,379120130.248,552943748.659693,996264642.118206,443320893.458523,6658623618.48,6658623618.48,1.125362374,0.9524836177,0.04533821026,0.04196377486
2026-04-30,24996367,1777593599,Syrup USDC,0x80ac24aa929eaf5013f6436cda2a7ba190f5cc0b,982386785.98,982386785.98,294246001,688140784.98,1129617071.42374,2329377125.55209,1199760054.12837,8268093860.16,8268093860.16,1.162073627,0.8198891099,0.0472313244,0.04552452225
2026-04-30,24996367,1777593599,High Yield Secured Lending Maple Pool USDC1,0xc39a5a616f0ad1ff45077fa2de3f79ab8eb8b8b9,52356046,52356046,41000000,11356046,15617883.8105772,68695941.8060505,53078057.9954933,1242008281.41,1242008281.41,1.273706541,0.9898695777,0.05175727292,0.05434262567
2026-04-29,24989191,1777507199,Syrup USDC,0x80ac24aa929eaf5013f6436cda2a7ba190f5cc0b,978386785.98,978386785.98,294246001,684140784.98,1127726201.05633,2326317614.26174,1198591413.20544,8143093860.16,8143093860.16,1.161939922,0.8179864543,0.04820114633,0.04564041393
2026-04-29,24989191,1777507199,Syrup USDT,0x356b8d89c1e1239cbbb9de4815c39a1474d5ba7d,421870130.248,421870130.248,42750000,379120130.248,551659605.390081,991166138.58942,439506533.199349,6658623618.48,6658623618.48,1.125224402,0.9614430976,0.04483632081,0.04166826316
2026-04-29,24989191,1777507199,High Yield Secured Lending Maple Pool USDC1,0xc39a5a616f0ad1ff45077fa2de3f79ab8eb8b8b9,52356046,52356046,41000000,11356046,15561107.7996709,68625941.9767224,53064834.1770716,1242008281.41,1242008281.41,1.273551244,0.9900398547,0.05359234489,0.05457129424
2026-04-28,24982011,1777420799,Syrup USDC,0x80ac24aa929eaf5013f6436cda2a7ba190f5cc0b,970386785.98,970386785.98,290246001,680140784.98,1133196057.55166,2321235691.40884,1188039633.8572,8120093860.16,8120093860.16,1.161807465,0.8184775525,0.04949167598,0.0457737166
2026-04-28,24982011,1777420799,Syrup USDT,0x356b8d89c1e1239cbbb9de4815c39a1474d5ba7d,346870130.248,346870130.248,42750000,304120130.248,464685900.05367,904828265.366503,440142365.312843,6483623618.48,6483623618.48,1.125097574,0.7895520357,0.0461429104,0.0415716923
2026-04-28,24982011,1777420799,High Yield Secured Lending Maple Pool USDC1,0xc39a5a616f0ad1ff45077fa2de3f79ab8eb8b8b9,56356046,56356046,45000000,11356046,15626029.6299117,72916045.6741151,57290016.0442233,1242008281.41,1242008281.41,1.273352718,0.9872055733,0.05164929304,0.05498623598
2026-04-27,24974829,1777334399,Syrup USDT,0x356b8d89c1e1239cbbb9de4815c39a1474d5ba7d,346870130.248,346870130.248,42750000,304120130.248,470041503.563912,827209384.890762,357167881.32686,6483623618.48,6483623618.48,1.124963854,0.9738243859,0.04588813573,0.04139752535
2026-04-27,24974829,1777334399,High Yield Secured Lending Maple Pool USDC1,0xc39a5a616f0ad1ff45077fa2de3f79ab8eb8b8b9,56356046,56356046,45000000,11356046,15797808.3383252,73079380.4306301,57281572.0923248,1242008281.41,1242008281.41,1.273165061,0.9872327376,0.05018848106,0.05487401529
2026-04-27,24974829,1777334399,Syrup USDC,0x80ac24aa929eaf5013f6436cda2a7ba190f5cc0b,1040386790.98,1040386790.98,360246006,680140784.98,1146718153.7153,2224813933.04948,1078095779.3342,8120093860.16,8120093860.16,1.161659051,0.9672160295,0.04826926225,0.0457321988
2026-04-26,24967646,1777247999,High Yield Secured Lending Maple Pool USDC1,0xc39a5a616f0ad1ff45077fa2de3f79ab8eb8b8b9,56356046,56356046,45000000,11356046,16062702.3685661,73337401.2744254,57274698.9058793,1242008281.41,1242008281.41,1.273012295,0.9872327376,0.05163315689,0.05511350167
2026-04-26,24967646,1777247999,Syrup USDT,0x356b8d89c1e1239cbbb9de4815c39a1474d5ba7d,346870130.248,346870130.248,42750000,304120130.248,478320285.9857,846647619.451643,368327333.465952,6483623618.48,6483623618.48,1.124819578,0.9441227622,0.04457864582,0.04103129129
2026-04-26,24967646,1777247999,Syrup USDC,0x80ac24aa929eaf5013f6436cda2a7ba190f5cc0b,1040386790.98,1040386790.98,360246006,680140784.98,1167050914.42572,2240380502.88135,1073329588.45565,8090093860.16,8090093860.16,1.161506398,0.9715437406,0.04802559252,0.04564523514
2026-04-25,24960463,1777161599,Syrup USDC,0x80ac24aa929eaf5013f6436cda2a7ba190f5cc0b,1040386790.98,1040386790.98,360246006,680140784.98,1158008859.46227,2231037555.60178,1073028696.13953,8090093860.16,8090093860.16,1.161353467,0.971688579,0.05043710338,0.04555747968
2026-04-25,24960463,1777161599,High Yield Secured Lending Maple Pool USDC1,0xc39a5a616f0ad1ff45077fa2de3f79ab8eb8b8b9,56356046,56356046,45000000,11356046,15911723.3928599,73177524.3316547,57265800.9388148,1242008281.41,1242008281.41,1.272814525,0.9872677556,0.05122456078,0.05507956077
2026-04-25,24960463,1777161599,Syrup USDT,0x356b8d89c1e1239cbbb9de4815c39a1474d5ba7d,346870130.248,346870130.248,42750000,304120130.248,474621356.411359,842352608.851873,367731252.440524,6483623618.48,6483623618.48,1.124678332,0.9455378781,0.05155893786,0.04067397206
2026-04-24,24953276,1777075199,High Yield Secured Lending Maple Pool USDC1,0xc39a5a616f0ad1ff45077fa2de3f79ab8eb8b8b9,56356046,56356046,45000000,11356046,15871369.0504756,73128744.0701819,57257375.0197263,1242008281.41,1242008281.41,1.272627247,0.9872946114,0.052402533,0.05537844736
2026-04-24,24953276,1777075199,Syrup USDT,0x356b8d89c1e1239cbbb9de4815c39a1474d5ba7d,346870130.248,346870130.248,42750000,304120130.248,474296277.514753,847208510.861487,372912233.346744,6483623618.48,6483623618.48,1.124537904,0.9322542792,0.05035527516,0.04038389936
2026-04-24,24953276,1777075199,Syrup USDC,0x80ac24aa929eaf5013f6436cda2a7ba190f5cc0b,1040386790.98,1040386790.98,360246006,680140784.98,1157371356.83628,2223809750.49463,1066438393.65837,8090093860.16,8090093860.16,1.161200083,0.9775767114,0.04977908964,0.04535464994
2026-04-23,24946093,1776988799,High Yield Secured Lending Maple Pool USDC1,0xc39a5a616f0ad1ff45077fa2de3f79ab8eb8b8b9,56356046,56356046,45000000,11356046,16052316.4548406,73302818.2881014,57250501.8332808,1242008281.41,1242008281.41,1.27247448,0.9872946114,0.05386325759,0.05564096437
2026-04-23,24946093,1776988799,Syrup USDC,0x80ac24aa929eaf5013f6436cda2a7ba190f5cc0b,1047386790.98,1047386790.98,367246006,680140784.98,1168158009.41428,2222532046.38831,1054374036.97406,8090093860.16,8090093860.16,1.16104557,0.9953222177,0.04890372967,0.04510798534
2026-04-23,24946093,1776988799,Syrup USDT,0x356b8d89c1e1239cbbb9de4815c39a1474d5ba7d,488912905.248,488912905.248,184792775,304120130.248,478864561.874002,969182520.214944,490317958.340952,6483623618.48,6483623618.48,1.124405812,0.998780457,0.05009632066,0.04022014018
2026-04-22,24938910,1776902399,Syrup USDC,0x80ac24aa929eaf5013f6436cda2a7ba190f5cc0b,846272290.98,846272290.98,203731506,642540784.98,1124899962.91855,2174436001.45632,1049536038.53779,8052493860.16,8052493860.16,1.160891375,0.8078304095,0.04916081208,0.04486727876
2026-04-22,24938910,1776902399,Syrup USDT,0x356b8d89c1e1239cbbb9de4815c39a1474d5ba7d,504412905.248,504412905.248,200292775,304120130.248,480687228.386627,992320006.972943,511632778.586326,6483623618.48,6483623618.48,1.124278312,0.987371374,0.0499169957,0.0400747736
2026-04-22,24938910,1776902399,High Yield Secured Lending Maple Pool USDC1,0xc39a5a616f0ad1ff45077fa2de3f79ab8eb8b8b9,56356046,56356046,45000000,11356046,16126732.1438589,73178161.6647692,57051429.5209303,1242008281.41,1242008281.41,1.272276798,0.9906301749,0.05263709558,0.05561743854
2026-04-21,24931742,1776815999,High Yield Secured Lending Maple Pool USDC1,0xc39a5a616f0ad1ff45077fa2de3f79ab8eb8b8b9,56356046,56356046,45000000,11356046,15530741.2571925,72561208.0216573,57030466.7644848,1242008281.41,1242008281.41,1.272123505,0.9908755825,0.05411969926,0.05580738068
2026-04-21,24931742,1776815999,Syrup USDT,0x356b8d89c1e1239cbbb9de4815c39a1474d5ba7d,542205683.248,542205683.248,235292775,306912908.248,470220813.662625,1015420710.11402,545199896.451407,6483623618.48,6483623618.48,1.124124648,0.9958270319,0.04804431438,0.03968762329
2026-04-21,24931742,1776815999,Syrup USDC,0x80ac24aa929eaf5013f6436cda2a7ba190f5cc0b,943978718.98,943978718.98,296731506,647247212.98,1098865977.73635,2218359357.75745,1119493380.02111,8052493860.16,8052493860.16,1.160731647,0.8446269302,0.04817329448,0.04452718219
2026-04-20,24924560,1776729599,High Yield Secured Lending Maple Pool USDC1,0xc39a5a616f0ad1ff45077fa2de3f79ab8eb8b8b9,56356046,56356046,45000000,11356046,15581504.6963814,72463499.6723806,56881994.9760192,1242008281.41,1242008281.41,1.271969937,0.9933486689,0.05670132817,0.05590817967
2026-04-20,24924560,1776729599,Syrup USDC,0x80ac24aa929eaf5013f6436cda2a7ba190f5cc0b,1120747218.98,1120747218.98,573500006,547247212.98,1009440529.92249,2262184328.36789,1252743798.44542,8027493860.16,8027493860.16,1.160609312,0.8959852077,0.04868709514,0.044586291
2026-04-20,24924560,1776729599,Syrup USDT,0x356b8d89c1e1239cbbb9de4815c39a1474d5ba7d,542489683.248,542489683.248,235576775,306912908.248,471587675.532548,1016959153.62699,545371478.094457,6483623618.48,6483623618.48,1.123996293,0.9960606729,0.04701117691,0.03952389537
2026-04-19,24917376,1776643199,Syrup USDT,0x356b8d89c1e1239cbbb9de4815c39a1474d5ba7d,812442908.248,812442908.248,505530000,306912908.248,460774823.568673,1274494983.59259,813720160.023929,6483623618.48,6483623618.48,1.123879144,0.9999986328,0.04661834259,0.03949807252
2026-04-19,24917376,1776643199,Syrup USDC,0x80ac24aa929eaf5013f6436cda2a7ba190f5cc0b,1270747218.98,1270747218.98,723500006,547247212.98,984748106.286237,2313723401.57439,1337240963.06468,8027493860.16,8027493860.16,1.160461971,0.9575982094,0.04798370699,0.04439304103
2026-04-19,24917376,1776643199,High Yield Secured Lending Maple Pool USDC1,0xc39a5a616f0ad1ff45077fa2de3f79ab8eb8b8b9,44356046,44356046,33000000,11356046,15203250.4014203,71755328.9527613,56852818.436382,1242008281.41,1242008281.41,1.271783785,0.7866418145,0.05597091724,0.05580209046
2026-04-18,24910201,1776556799,Syrup USDT,0x356b8d89c1e1239cbbb9de4815c39a1474d5ba7d,812442908.248,812442908.248,505530000,306912908.248,472100641.437098,1285743317.97233,813642676.535246,6483623618.48,6483623618.48,1.123594491,0.9999929371,0.03824119117,0.03761606678
2026-04-18,24910201,1776556799,Syrup USDC,0x80ac24aa929eaf5013f6436cda2a7ba190f5cc0b,1270747218.98,1270747218.98,723500006,547247212.98,1009818013.34688,2550200186.97282,1548631464.84631,8027493860.16,8027493860.16,1.160258033,0.8259230656,0.04455881534,0.043639992
2026-04-18,24910201,1776556799,High Yield Secured Lending Maple Pool USDC1,0xc39a5a616f0ad1ff45077fa2de3f79ab8eb8b8b9,44356046,44356046,33000000,11356046,15571859.2539514,71104351.8593045,55832203.9583991,1242008281.41,1242008281.41,1.271595682,0.8010458618,0.05595165871,0.05577146396
2026-04-17,24903024,1776470399,Syrup USDC,0x80ac24aa929eaf5013f6436cda2a7ba190f5cc0b,1270747218.98,1270747218.98,723500006,547247212.98,1034067143.17617,2659433149.79362,1633583165.60236,8027493860.16,8027493860.16,1.160118736,0.7826155624,0.04417251505,0.04352912669
2026-04-17,24903024,1776470399,High Yield Secured Lending Maple Pool USDC1,0xc39a5a616f0ad1ff45077fa2de3f79ab8eb8b8b9,44356046,44356046,33000000,11356046,15883451.4833785,71407555.9837628,55822789.9785513,1242008281.41,1242008281.41,1.271381276,0.8010852188,0.05589594415,0.05523135697
2026-04-17,24903024,1776470399,Syrup USDT,0x356b8d89c1e1239cbbb9de4815c39a1474d5ba7d,978912908.248,978912908.248,672000000,306912908.248,483062850.096791,1520299619.38137,1037237934.70606,6483623618.48,6483623618.48,1.123478874,0.9447936945,0.03782028469,0.03759192996
2026-04-16,24895841,1776383999,Syrup USDC,0x80ac24aa929eaf5013f6436cda2a7ba190f5cc0b,1320747218.98,1320747218.98,773500006,547247212.98,1004086166.80597,2624250299.99774,1628351612.09588,8027493860.16,8027493860.16,1.159982925,0.8159986552,0.04382452952,0.04346909139
2026-04-16,24895841,1776383999,High Yield Secured Lending Maple Pool USDC1,0xc39a5a616f0ad1ff45077fa2de3f79ab8eb8b8b9,44356046,44356046,33000000,11356046,15494253.4117205,71000797.4967859,55804203.7918174,1242008281.41,1242008281.41,1.271194844,0.8012573186,0.05502865728,0.05511665899
2026-04-16,24895841,1776383999,Syrup USDT,0x356b8d89c1e1239cbbb9de4815c39a1474d5ba7d,1161912908.248,1161912908.248,855000000,306912908.248,469469005.275385,1692822516.19193,1223490609.38521,6483623618.48,6483623618.48,1.123352219,0.950605202,0.03708812844,0.03749328807
2026-04-15,24888661,1776297599,Syrup USDC,0x80ac24aa929eaf5013f6436cda2a7ba190f5cc0b,1320747218.98,1320747218.98,773500006,547247212.98,993413618.634575,2614814014.44788,1629559937.40987,8027493860.16,8027493860.16,1.15982342,0.815300652,0.04248557023,0.04319688811
2026-04-15,24888661,1776297599,High Yield Secured Lending Maple Pool USDC1,0xc39a5a616f0ad1ff45077fa2de3f79ab8eb8b8b9,44356046,44356046,33000000,11356046,17370448.4526722,72670037.8432918,55596264.5320886,1242008281.41,1242008281.41,1.271025738,0.8041813969,0.05572891177,0.05530876555
2026-04-15,24888661,1776297599,Syrup USDT,0x356b8d89c1e1239cbbb9de4815c39a1474d5ba7d,1096912908.248,1096912908.248,790000000,306912908.248,465323303.47098,1638774587.45897,1173582458.8983,6483623618.48,6483623618.48,1.123228518,0.9355956342,0.03648952716,0.03741469554
2026-04-14,24881482,1776211199,Syrup USDC,0x80ac24aa929eaf5013f6436cda2a7ba190f5cc0b,1320747218.98,1320747218.98,773500006,547247212.98,976994555.884991,2640747412.157,1671882476.3733,8027493860.16,8027493860.16,1.159684782,0.7944568591,0.04212591856,0.04318077685
2026-04-14,24881482,1776211199,Syrup USDT,0x356b8d89c1e1239cbbb9de4815c39a1474d5ba7d,1011912908.248,1011912908.248,705000000,306912908.248,458167549.680783,1519887817.09304,1061846919.60466,6483623618.48,6483623618.48,1.123113449,0.9539542803,0.03630061508,0.03743901751
2026-04-14,24881482,1776211199,High Yield Secured Lending Maple Pool USDC1,0xc39a5a616f0ad1ff45077fa2de3f79ab8eb8b8b9,44356046,44356046,33000000,11356046,17154945.7640439,72447343.1024987,55588065.4048857,1242008281.41,1242008281.41,1.270838292,0.804203623,0.05562804249,0.05501791319
2026-04-13,24874300,1776124799,Syrup USDT,0x356b8d89c1e1239cbbb9de4815c39a1474d5ba7d,1012912908.248,1012912908.248,806000000,206912908.248,337263682.494912,1405198625.07972,1068057715.28615,6383623618.48,6383623618.48,1.12300645,0.9493432307,0.03666045054,0.03754855225
2026-04-13,24874300,1776124799,Syrup USDC,0x80ac24aa929eaf5013f6436cda2a7ba190f5cc0b,1370747218.98,1370747218.98,823500006,547247212.98,986301511.751481,2648265586.7795,1670066154.31702,8027493860.16,8027493860.16,1.159551658,0.8255376895,0.04194797437,0.04317980162
2026-04-13,24874300,1776124799,High Yield Secured Lending Maple Pool USDC1,0xc39a5a616f0ad1ff45077fa2de3f79ab8eb8b8b9,44356046,44356046,33000000,11356046,17296661.891589,71570813.3774049,54568872.1636099,1242008281.41,1242008281.41,1.270625271,0.81924387,0.0538014771,0.05446812694
2026-04-12,24867119,1776038399,High Yield Secured Lending Maple Pool USDC1,0xc39a5a616f0ad1ff45077fa2de3f79ab8eb8b8b9,44356046,44356046,33000000,11356046,16431014.0985661,70698817.6417252,54561609.542289,1242008281.41,1242008281.41,1.270456163,0.8192541636,0.05484970444,0.05483829625
2026-04-12,24867119,1776038399,Syrup USDC,0x80ac24aa929eaf5013f6436cda2a7ba190f5cc0b,1370747218.98,1370747218.98,823500006,547247212.98,940684024.088708,2731809709.07719,1799196519.59312,8027493860.16,8027493860.16,1.159419371,0.7662168487,0.04179644802,0.04317985546
2026-04-12,24867119,1776038399,Syrup USDT,0x356b8d89c1e1239cbbb9de4815c39a1474d5ba7d,896912908.248,896912908.248,690000000,206912908.248,322040344.312505,1271580892.90843,949659660.939441,6383623618.48,6383623618.48,1.122897486,0.9456634698,0.03643599776,0.03759082748
2026-04-11,24859941,1775951999,High Yield Secured Lending Maple Pool USDC1,0xc39a5a616f0ad1ff45077fa2de3f79ab8eb8b8b9,44356046,44356046,33000000,11356046,17005082.8186142,71265750.1320335,54553558.7261362,1242008281.41,1242008281.41,1.270268701,0.819276386,0.05653285327,0.05454541336
2026-04-11,24859941,1775951999,Syrup USDC,0x80ac24aa929eaf5013f6436cda2a7ba190f5cc0b,1370747218.98,1370747218.98,823500006,547247212.98,971182302.579899,2762743835.1765,1799593586.06775,8027493860.16,8027493860.16,1.159288392,0.7659649097,0.04184073096,0.04323470572
2026-04-11,24859941,1775951999,Syrup USDT,0x356b8d89c1e1239cbbb9de4815c39a1474d5ba7d,896912908.248,896912908.248,690000000,206912908.248,332382871.299263,1280370801.00264,948104180.339844,6383623618.48,6383623618.48,1.122786111,0.9471346984,0.03634469661,0.03766368005
2026-04-10,24852769,1775865599,Syrup USDC,0x80ac24aa929eaf5013f6436cda2a7ba190f5cc0b,1370747218.98,1370747218.98,823500006,547247212.98,965429543.607671,2756484073.56791,1799047723.06128,8027493860.16,8027493860.16,1.159157434,0.7661166389,0.04188461804,0.04327415291
2026-04-10,24852769,1775865599,Syrup USDT,0x356b8d89c1e1239cbbb9de4815c39a1474d5ba7d,896912908.248,896912908.248,690000000,206912908.248,330469945.101051,1277964817.81733,947608373.625445,6383623618.48,6383623618.48,1.122679309,0.9475486562,0.03647235041,0.03775517399
2026-04-10,24852769,1775865599,High Yield Secured Lending Maple Pool USDC1,0xc39a5a616f0ad1ff45077fa2de3f79ab8eb8b8b9,44356046,44356046,33000000,11356046,16891288.9595402,71143727.5761535,54544415.5351584,1242008281.41,1242008281.41,1.270055803,0.8193151424,0.05469595768,0.05399157662
2026-04-09,24845605,1775779199,Syrup USDC,0x80ac24aa929eaf5013f6436cda2a7ba190f5cc0b,1370747218.98,1370747218.98,823500006,547247212.98,955350214.098233,2766319167.67888,1818922652.92242,8027493860.16,8027493860.16,1.159029144,0.7576195299,0.04205509912,0.04336653138
2026-04-09,24845605,1775779199,Syrup USDT,0x356b8d89c1e1239cbbb9de4815c39a1474d5ba7d,896912908.248,896912908.248,690000000,206912908.248,327350317.154006,1276797199.63922,949557681.840936,6383623618.48,6383623618.48,1.122567937,0.9455195323,0.03645100701,0.03786705945
2026-04-09,24845605,1775779199,High Yield Secured Lending Maple Pool USDC1,0xc39a5a616f0ad1ff45077fa2de3f79ab8eb8b8b9,44356046,44356046,33000000,11356046,16678267.3330825,69101625.358959,52714458.5148155,1242008281.41,1242008281.41,1.269889578,0.8478722085,0.05488242215,0.05434577493
2026-04-08,24838434,1775692799,Syrup USDT,0x356b8d89c1e1239cbbb9de4815c39a1474d5ba7d,896912908.248,896912908.248,690000000,206912908.248,323834962.511858,1274243584.62541,950516629.693347,6383623618.48,6383623618.48,1.12245675,0.9444829533,0.03653923257,0.03811228276
2026-04-08,24838434,1775692799,High Yield Secured Lending Maple Pool USDC1,0xc39a5a616f0ad1ff45077fa2de3f79ab8eb8b8b9,27999046,27999046,8000000,19999046,33946940.1542679,87325813.5549355,53668032.4192745,1222079281.41,1222079281.41,1.269704488,0.525833001,0.05726809303,0.05406854085
2026-04-08,24838434,1775692799,Syrup USDC,0x80ac24aa929eaf5013f6436cda2a7ba190f5cc0b,1370747218.98,1370747218.98,823500006,547247212.98,947739259.210428,2750923549.2151,1811098429.89274,8027493860.16,8027493860.16,1.158898298,0.7608289309,0.04251869925,0.04342834528
2026-04-07,24831255,1775606399,High Yield Secured Lending Maple Pool USDC1,0xc39a5a616f0ad1ff45077fa2de3f79ab8eb8b8b9,28356036,28356036,8000000,20356036,34158274.2135992,87966448.111417,54095029.7833969,1213079271.41,1213079271.41,1.269519563,0.5283777344,0.05664712407,0.05383492161
2026-04-07,24831255,1775606399,Syrup USDT,0x356b8d89c1e1239cbbb9de4815c39a1474d5ba7d,896912908.248,896912908.248,690000000,206912908.248,327839965.626108,1279489165.50157,951754457.979983,6383623618.48,6383623618.48,1.122345684,0.9431720072,0.0368732889,0.03824771406
2026-04-07,24831255,1775606399,Syrup USDC,0x80ac24aa929eaf5013f6436cda2a7ba190f5cc0b,1380047218.98,1380047218.98,823500006,556547212.98,975717923.85889,2796249792.20002,1828405690.11791,8007496488.16,8007496488.16,1.158767439,0.7587213971,0.04313706444,0.0435581891
2026-04-06,24824077,1775519999,Syrup USDC,0x80ac24aa929eaf5013f6436cda2a7ba190f5cc0b,1575547213.98,1575547213.98,1023500001,552047212.98,936807395.215054,2719753317.05194,1790793742.22212,8007496488.16,8007496488.16,1.158638215,0.8844458132,0.04382531076,0.04369766708
2026-04-06,24824077,1775519999,High Yield Secured Lending Maple Pool USDC1,0xc39a5a616f0ad1ff45077fa2de3f79ab8eb8b8b9,28356036,28356036,8000000,20356036,32845935.3201188,87309924.9157658,54748491.114849,1213079271.41,1213079271.41,1.269348922,0.521951068,0.05694101468,0.0540754134
2026-04-06,24824077,1775519999,Syrup USDT,0x356b8d89c1e1239cbbb9de4815c39a1474d5ba7d,937412908.248,937412908.248,730500000,206912908.248,314764385.591844,1312792565.98456,998130793.116176,6383623618.48,6383623618.48,1.122231287,0.9398719116,0.03673079154,0.03836492752
2026-04-05,24816907,1775433599,Syrup USDT,0x356b8d89c1e1239cbbb9de4815c39a1474d5ba7d,867412908.248,867412908.248,660500000,206912908.248,313337125.098873,1287941933.4065,974702805.437914,6383623618.48,6383623618.48,1.122127057,0.890656865,0.03739151853,0.03861809732
2026-04-05,24816907,1775433599,High Yield Secured Lending Maple Pool USDC1,0xc39a5a616f0ad1ff45077fa2de3f79ab8eb8b8b9,28356036,28356036,8000000,20356036,32670362.5722235,87128402.5872106,54740160.8386761,1213079271.41,1213079271.41,1.269155784,0.5219605329,0.05893034605,0.05377444919
2026-04-05,24816907,1775433599,Syrup USDC,0x80ac24aa929eaf5013f6436cda2a7ba190f5cc0b,1045547213.98,1045547213.98,493500001,552047212.98,926067599.910549,2661897331.70261,1743624842.27819,8007496488.16,8007496488.16,1.158509263,0.6028499168,0.04454279838,0.04381115133
2026-04-04,24809731,1775347199,High Yield Secured Lending Maple Pool USDC1,0xc39a5a616f0ad1ff45077fa2de3f79ab8eb8b8b9,28356036,28356036,8000000,20356036,32204418.954472,86655088.7607942,54730410.1746042,1213079271.41,1213079271.41,1.268929714,0.5219836484,0.05675143179,0.05314102489
2026-04-04,24809731,1775347199,Syrup USDC,0x80ac24aa929eaf5013f6436cda2a7ba190f5cc0b,1045547213.98,1045547213.98,493500001,552047212.98,917835413.146722,2658289517.62116,1748185700.98996,8007496488.16,8007496488.16,1.158377443,0.6012000204,0.04512563987,0.04391846883
2026-04-04,24809731,1775347199,Syrup USDT,0x356b8d89c1e1239cbbb9de4815c39a1474d5ba7d,867412908.248,867412908.248,660500000,206912908.248,310647477.712002,1285657127.97006,975102346.507893,6383623618.48,6383623618.48,1.122017655,0.8902157458,0.03780347067,0.03881644126
2026-04-03,24802549,1775260799,Syrup USDT,0x356b8d89c1e1239cbbb9de4815c39a1474d5ba7d,867412908.248,867412908.248,660500000,206912908.248,309081031.20923,1282419297.60113,973425673.99414,6383623618.48,6383623618.48,1.121908275,0.8916741077,0.03790401209,0.03903504693
2026-04-03,24802549,1775260799,Syrup USDC,0x80ac24aa929eaf5013f6436cda2a7ba190f5cc0b,1045547213.98,1045547213.98,493500001,552047212.98,912844645.050641,2652766372.81277,1747589667.25587,8007496488.16,8007496488.16,1.158245652,0.6013373383,0.04571459265,0.04402546399
2026-04-03,24802549,1775260799,High Yield Secured Lending Maple Pool USDC1,0xc39a5a616f0ad1ff45077fa2de3f79ab8eb8b8b9,28356036,28356036,8000000,20356036,31963678.9424155,86385048.3601409,54698729.5706813,1213079271.41,1213079271.41,1.268759381,0.522217592,0.05699458628,0.05340014406
2026-04-02,24795370,1775174399,High Yield Secured Lending Maple Pool USDC1,0xc39a5a616f0ad1ff45077fa2de3f79ab8eb8b8b9,28356036,28356036,8000000,20356036,32007888.5849985,86424293.5617349,54691385.1544225,1213079271.41,1213079271.41,1.268589024,0.522217592,0.05801165086,0.0533298521
2026-04-02,24795370,1775174399,Syrup USDC,0x80ac24aa929eaf5013f6436cda2a7ba190f5cc0b,1045547213.98,1045547213.98,493500001,552047212.98,914018331.627022,2650451439.68752,1744037602.31748,8007496488.16,8007496488.16,1.158113829,0.6024993569,0.04631227466,0.04412229789
2026-04-02,24795370,1775174399,Syrup USDT,0x356b8d89c1e1239cbbb9de4815c39a1474d5ba7d,867412908.248,867412908.248,660500000,206912908.248,309514911.284427,1284670987.45319,975238240.632656,6308623618.48,6308623618.48,1.121797423,0.8902212403,0.03782566645,0.03920173414
2026-04-01,24788192,1775087999,Syrup USDC,0x80ac24aa929eaf5013f6436cda2a7ba190f5cc0b,1165547218.98,1165547218.98,293500006,872047212.98,1323864564.66689,3066299432.28885,1749982992.65836,8007496488.16,8007496488.16,1.157973208,0.6698264539,0.04602346676,0.04410845261
2026-04-01,24788192,1775087999,Syrup USDT,0x356b8d89c1e1239cbbb9de4815c39a1474d5ba7d,947412908.248,947412908.248,660500000,286912908.248,433565328.785692,1416654122.63845,983167972.68854,6308623618.48,6308623618.48,1.121684481,0.9646399525,0.03789447475,0.0393067685
2026-04-01,24788192,1775087999,High Yield Secured Lending Maple Pool USDC1,0xc39a5a616f0ad1ff45077fa2de3f79ab8eb8b8b9,28356036,28356036,8000000,20356036,32559546.3792039,86867997.0470195,54581057.5256886,1213079271.41,1213079271.41,1.268349174,0.5232099685,0.05698281735,0.05254721358
2026-03-31,24781026,1775001599,High Yield Secured Lending Maple Pool USDC1,0xc39a5a616f0ad1ff45077fa2de3f79ab8eb8b8b9,28356036,28356036,8000000,20356036,32543607.4053991,86847093.6322246,54573723.0115725,1213079271.41,1213079271.41,1.268178735,0.5232325513,0.05731917717,0.05257643353
2026-03-31,24781026,1775001599,Syrup USDT,0x356b8d89c1e1239cbbb9de4815c39a1474d5ba7d,947412908.248,947412908.248,660500000,286912908.248,429841667.477113,1433886216.18081,1004121259.23429,6308623618.48,6308623618.48,1.12156656,0.9445942786,0.03786187365,0.03936132867
2026-03-31,24781026,1775001599,Syrup USDC,0x80ac24aa929eaf5013f6436cda2a7ba190f5cc0b,1165547218.98,1165547218.98,293500006,872047212.98,1320525774.78952,3126477951.0185,1813442829.29956,8007496488.16,8007496488.16,1.157829287,0.6461774691,0.0454444219,0.04404910246
2026-03-30,24773860,1774915199,Syrup USDT,0x356b8d89c1e1239cbbb9de4815c39a1474d5ba7d,920412908.248,920412908.248,633500000,286912908.248,421487085.856558,1424781709.67179,1003367843.33307,6308623618.48,6308623618.48,1.121455198,0.9186962601,0.03800350495,0.03962633148
2026-03-30,24773860,1774915199,High Yield Secured Lending Maple Pool USDC1,0xc39a5a616f0ad1ff45077fa2de3f79ab8eb8b8b9,28356036,28356036,8000000,20356036,31891810.3111715,85980042.4574805,54356111.91088,1204079271.41,1204079271.41,1.268001511,0.5257662802,0.05807896409,0.05265988425
2026-03-30,24773860,1774915199,Syrup USDC,0x80ac24aa929eaf5013f6436cda2a7ba190f5cc0b,1165547218.98,1165547218.98,293500006,872047212.98,1298252007.95632,3083560254.21088,1792741072.4015,7997496488.16,7997496488.16,1.157685524,0.6539943077,0.04488362783,0.04403869785
2026-03-29,24766691,1774828799,Syrup USDC,0x80ac24aa929eaf5013f6436cda2a7ba190f5cc0b,1165547218.98,1165547218.98,293500006,872047212.98,1283243405.49582,3062546890.062,1786679989.01406,7997496488.16,7997496488.16,1.157541424,0.6561437955,0.04414088181,0.04406667527
2026-03-29,24766691,1774828799,Syrup USDT,0x356b8d89c1e1239cbbb9de4815c39a1474d5ba7d,940412908.248,940412908.248,633500000,306912908.248,453270908.221155,1456645262.52209,1003444533.9567,6308623618.48,6308623618.48,1.12133734,0.9385754737,0.03805695894,0.03985837377
2026-03-29,24766691,1774828799,High Yield Secured Lending Maple Pool USDC1,0xc39a5a616f0ad1ff45077fa2de3f79ab8eb8b8b9,28356036,28356036,8000000,20356036,31458852.9465241,88404160.5776803,57210768.1614532,1204079271.41,1204079271.41,1.267762859,0.4992675634,0.05516184176,0.05189548849
2026-03-28,24759518,1774742399,Syrup USDC,0x80ac24aa929eaf5013f6436cda2a7ba190f5cc0b,1165547218.98,1165547218.98,293500006,872047212.98,1301244033.06484,3088904345.48605,1794980463.50442,7997496488.16,7997496488.16,1.157397332,0.6530105612,0.04335516918,0.04403343586
2026-03-28,24759518,1774742399,Syrup USDT,0x356b8d89c1e1239cbbb9de4815c39a1474d5ba7d,940412908.248,940412908.248,633500000,306912908.248,460340414.73964,1466622471.38802,1006349276.45859,6308623618.48,6308623618.48,1.121219477,0.9357713616,0.03784747135,0.0400707029
2026-03-28,24759518,1774742399,High Yield Secured Lending Maple Pool USDC1,0xc39a5a616f0ad1ff45077fa2de3f79ab8eb8b8b9,28356036,28356036,8000000,20356036,31877261.4231187,88817152.5420531,57202837.0304055,1204079271.41,1204079271.41,1.267587109,0.4992675634,0.05460803951,0.05175720747
2026-03-27,24752336,1774655999,High Yield Secured Lending Maple Pool USDC1,0xc39a5a616f0ad1ff45077fa2de3f79ab8eb8b8b9,28356036,28356036,8000000,20356036,31540001.5048099,88474476.1115226,57194906.1529697,1204079271.41,1204079271.41,1.267411365,0.4992675634,0.05457767253,0.05187754508
2026-03-27,24752336,1774655999,Syrup USDC,0x80ac24aa929eaf5013f6436cda2a7ba190f5cc0b,1165547218.98,1165547218.98,293500006,872047212.98,1286694828.61102,3056310839.55827,1776880213.99041,7997496488.16,7997496488.16,1.157253149,0.6596359316,0.04265740205,0.04398093728
2026-03-27,24752336,1774655999,Syrup USDT,0x356b8d89c1e1239cbbb9de4815c39a1474d5ba7d,940412908.248,940412908.248,633500000,306912908.248,455388523.299072,1462460611.42753,1007136243.15995,6308623618.48,6308623618.48,1.121108092,0.9349482269,0.0380012527,0.04027883634
2026-03-26,24745175,1774569599,Syrup USDT,0x356b8d89c1e1239cbbb9de4815c39a1474d5ba7d,940412908.248,940412908.248,633500000,306912908.248,469156651.943634,1469033567.87668,999938165.828894,6308623618.48,6308623618.48,1.120998942,0.9415951066,0.03838033677,0.04047943009
2026-03-26,24745175,1774569599,Syrup USDC,0x80ac24aa929eaf5013f6436cda2a7ba190f5cc0b,1165547218.98,1165547218.98,293500006,872047212.98,1336795296.20401,3107518940.11216,1777932790.12359,7997496488.16,7997496488.16,1.157108759,0.6591756967,0.04220578672,0.04397384378
2026-03-26,24745175,1774569599,High Yield Secured Lending Maple Pool USDC1,0xc39a5a616f0ad1ff45077fa2de3f79ab8eb8b8b9,28356036,28356036,8000000,20356036,32918227.0492663,88846589.3930092,56186279.7783719,1204079271.41,1204079271.41,1.267217815,0.5082221067,0.05418221028,0.05155860534
2026-03-25,24738009,1774483199,Syrup USDC,0x80ac24aa929eaf5013f6436cda2a7ba190f5cc0b,995547213.98,995547213.98,443500001,552047212.98,974796234.904925,2757351191.06959,1789696274.41292,7677496488.16,7677496488.16,1.156974386,0.5592530645,0.04194481583,0.04401653412
2026-03-25,24738009,1774483199,High Yield Secured Lending Maple Pool USDC1,0xc39a5a616f0ad1ff45077fa2de3f79ab8eb8b8b9,28356036,28356036,8000000,20356036,34098544.9643403,90774963.2260284,56931796.1808032,1204079271.41,1204079271.41,1.267001864,0.5014503194,0.0517740671,0.05100356552
2026-03-25,24738009,1774483199,Syrup USDT,0x356b8d89c1e1239cbbb9de4815c39a1474d5ba7d,800412908.248,800412908.248,573500000,226912908.248,368911957.625035,1310396594.043,941540157.934684,6228623618.48,6228623618.48,1.120884655,0.8511246093,0.03832816021,0.04065003098
2026-03-24,24730839,1774396799,Syrup USDT,0x356b8d89c1e1239cbbb9de4815c39a1474d5ba7d,880412908.248,880412908.248,653500000,226912908.248,364619157.573399,1302917315.58991,938350559.968527,6228623618.48,6228623618.48,1.120767494,0.9393167419,0.03834956192,0.04083142482
2026-03-24,24730839,1774396799,High Yield Secured Lending Maple Pool USDC1,0xc39a5a616f0ad1ff45077fa2de3f79ab8eb8b8b9,28356036,28356036,8000000,20356036,33598116.6666687,90286931.6945541,56941610.5412874,1204079271.41,1204079271.41,1.266823876,0.5012924066,0.05162184824,0.05122776176
2026-03-24,24730839,1774396799,Syrup USDC,0x80ac24aa929eaf5013f6436cda2a7ba190f5cc0b,995547213.98,995547213.98,443500001,552047212.98,963385543.924318,2740540209.86667,1784224509.05248,7677496488.16,7677496488.16,1.156842873,0.5609132434,0.04187252774,0.0440893917
2026-03-23,24723659,1774310399,High Yield Secured Lending Maple Pool USDC1,0xc39a5a616f0ad1ff45077fa2de3f79ab8eb8b8b9,28356036,28356036,8000000,20356036,33826203.3399881,90496895.5304368,56920905.2851847,1204079271.41,1204079271.41,1.266629392,0.5014050366,0.0513185798,0.05096840882
2026-03-23,24723659,1774310399,Syrup USDT,0x356b8d89c1e1239cbbb9de4815c39a1474d5ba7d,858412908.248,858412908.248,631500000,226912908.248,368116244.959242,1286375272.59193,918308353.996302,6228623618.48,6228623618.48,1.120653279,0.9357883458,0.03845704028,0.04106487473
2026-03-23,24723659,1774310399,Syrup USDC,0x80ac24aa929eaf5013f6436cda2a7ba190f5cc0b,1045547213.98,1045547213.98,493500001,552047212.98,971250114.4323,2774965111.81069,1810716382.23755,7677496488.16,7677496488.16,1.156711136,0.5804348307,0.04199143428,0.04423154304
2026-03-22,24716493,1774223999,High Yield Secured Lending Maple Pool USDC1,0xc39a5a616f0ad1ff45077fa2de3f79ab8eb8b8b9,28356036,28356036,8000000,20356036,32647746.6755233,104446323.734659,72045521.6075059,1204079271.41,1204079271.41,1.266458051,0.3955563997,0.05074582279,0.05091457744
2026-03-22,24716493,1774223999,Syrup USDC,0x80ac24aa929eaf5013f6436cda2a7ba190f5cc0b,1074547213.98,1074547213.98,522500001,552047212.98,940326772.891708,2771153898.87362,1837760539.52924,7677496488.16,7677496488.16,1.156582929,0.5876550105,0.04239509369,0.04439800305
2026-03-22,24716493,1774223999,Syrup USDT,0x356b8d89c1e1239cbbb9de4815c39a1474d5ba7d,913912908.248,913912908.248,687000000,226912908.248,355236949.293154,1279110095.20975,923921783.306842,6228623618.48,6228623618.48,1.120534398,0.9902789401,0.03836443358,0.04117967027
2026-03-21,24709326,1774137599,High Yield Secured Lending Maple Pool USDC1,0xc39a5a616f0ad1ff45077fa2de3f79ab8eb8b8b9,28356036,28356036,8000000,20356036,33603861.9010677,111047693.962542,77686550.7979061,1204079271.41,1204079271.41,1.266295231,0.3666548956,0.05053886159,0.05135071191
2026-03-21,24709326,1774137599,Syrup USDT,0x356b8d89c1e1239cbbb9de4815c39a1474d5ba7d,913912908.248,913912908.248,687000000,226912908.248,366836775.608546,1345339165.48494,978549588.381456,6228623618.48,6228623618.48,1.120420956,0.9348536372,0.03851102555,0.04137798053
2026-03-21,24709326,1774137599,Syrup USDC,0x80ac24aa929eaf5013f6436cda2a7ba190f5cc0b,1074547213.98,1074547213.98,522500001,552047212.98,969493790.503979,2876928160.3992,1914295587.42553,7677496488.16,7677496488.16,1.156455652,0.5639853173,0.04264899204,0.04454484475
2026-03-20,24702156,1774051199,High Yield Secured Lending Maple Pool USDC1,0xc39a5a616f0ad1ff45077fa2de3f79ab8eb8b8b9,28356036,28356036,8000000,20356036,33837176.2340216,111290620.226307,77691694.0966544,1204079271.41,1204079271.41,1.266120365,0.3665836596,0.05184590136,0.05126119708
2026-03-20,24702156,1774051199,Syrup USDT,0x356b8d89c1e1239cbbb9de4815c39a1474d5ba7d,913912908.248,913912908.248,687000000,226912908.248,369086994.645534,1346711272.75669,977668571.833346,6228623618.48,6228623618.48,1.120306467,0.9356113195,0.0384132188,0.0416068004
2026-03-20,24702156,1774051199,Syrup USDC,0x80ac24aa929eaf5013f6436cda2a7ba190f5cc0b,1074547213.98,1074547213.98,522500001,552047212.98,975888977.01043,2873300369.46205,1904196776.99186,7677496488.16,7677496488.16,1.156326423,0.5669279011,0.04277641223,0.04464255489
2026-03-19,24694981,1773964799,Syrup USDT,0x356b8d89c1e1239cbbb9de4815c39a1474d5ba7d,926912908.248,926912908.248,700000000,226912908.248,367238268.120984,1344567295.01635,977370571.43448,6228623618.48,6228623618.48,1.120189551,0.9491965575,0.0384453864,0.0417295519
2026-03-19,24694981,1773964799,Syrup USDC,0x80ac24aa929eaf5013f6436cda2a7ba190f5cc0b,1074547213.98,1074547213.98,522500001,552047212.98,971911604.11946,2822500028.74835,1857301570.31393,7677496488.16,7677496488.16,1.156191755,0.5812457557,0.04282145374,0.0447085542
2026-03-19,24694981,1773964799,High Yield Secured Lending Maple Pool USDC1,0xc39a5a616f0ad1ff45077fa2de3f79ab8eb8b8b9,28356036,28356036,8000000,20356036,33600990.1142561,112530905.470899,79163627.6182796,1204079271.41,1204079271.41,1.265936119,0.3596927802,0.05070627684,0.05109611661
2026-03-18,24687807,1773878399,Syrup USDC,0x80ac24aa929eaf5013f6436cda2a7ba190f5cc0b,982047213.98,982047213.98,430000001,552047212.98,980787943.918757,2831489285.53201,1857338848.38254,7677496488.16,7677496488.16,1.15606304,0.5311747907,0.04307953538,0.04484618389
2026-03-18,24687807,1773878399,High Yield Secured Lending Maple Pool USDC1,0xc39a5a616f0ad1ff45077fa2de3f79ab8eb8b8b9,28356036,28356036,8000000,20356036,34024021.4315284,112937721.049535,79142809.7072949,1204079271.41,1204079271.41,1.265775901,0.3597420602,0.05058950638,0.05117830268
2026-03-18,24687807,1773878399,Syrup USDT,0x356b8d89c1e1239cbbb9de4815c39a1474d5ba7d,926912908.248,926912908.248,700000000,226912908.248,371482261.357812,1330807782.77477,959364521.986563,6228623618.48,6228623618.48,1.120076426,0.9669368886,0.03852023683,0.04183599491
2026-03-17,24680644,1773791999,Syrup USDT,0x356b8d89c1e1239cbbb9de4815c39a1474d5ba7d,926912908.248,926912908.248,700000000,226912908.248,388657286.181937,1369465373.27454,980845050.049057,6228623618.48,6228623618.48,1.119958906,0.945715398,0.03869032822,0.04188236798
2024-08-05,20465806,1722902399,High Yield Secured Lending Maple Pool USDC1,0xc39a5a616f0ad1ff45077fa2de3f79ab8eb8b8b9,35884541.71,35884541.71,0,35884541.71,60173996.9142874,96147001.2253195,35973004.3110321,88091136.9,88091136.9,1.075059618,0.9999920258,0.2123708588,0.1875124429
2024-08-05,20465806,1722902399,Syrup USDC,0x80ac24aa929eaf5013f6436cda2a7ba190f5cc0b,17400000,17400000,0,17400000,28205705.7432448,47423125.281431,19217419.5381862,20495000,20495000,1.019354401,0.9081703199,0.1563984215,0.1650403313
2024-08-04,20458637,1722815999,Syrup USDC,0x80ac24aa929eaf5013f6436cda2a7ba190f5cc0b,17300000,17300000,0,17300000,27343612.09283,46375930.2383729,19032318.1455429,17995000,17995000,1.019133991,0.9120694013,0.1586844341,0.1656909307
2024-08-04,20458637,1722815999,High Yield Secured Lending Maple Pool USDC1,0xc39a5a616f0ad1ff45077fa2de3f79ab8eb8b8b9,35734303.85,35734303.85,0,35734303.85,56129170.0279454,92024325.1066894,35895155.078744,87161595.19,87161595.19,1.074792678,0.9977294388,0.2125403109,0.187273244
2024-08-03,20451459,1722729599,Syrup USDC,0x80ac24aa929eaf5013f6436cda2a7ba190f5cc0b,17300000,17300000,0,17300000,26748556.0094038,45306365.2525633,18557809.2431596,17995000,17995000,1.018886926,0.9352411271,0.1596556604,0.1661980411
2024-08-03,20451459,1722729599,High Yield Secured Lending Maple Pool USDC1,0xc39a5a616f0ad1ff45077fa2de3f79ab8eb8b8b9,35734303.85,35734303.85,0,35734303.85,55280926.4917104,91167154.5229915,35886228.0312811,87161595.19,87161595.19,1.074525379,0.9977294388,0.2126889087,0.1870291655
2024-08-02,20444294,1722643199,Syrup USDC,0x80ac24aa929eaf5013f6436cda2a7ba190f5cc0b,17300000,17300000,0,17300000,28320809.1967874,46822419.3206416,18501610.1238542,17995000,17995000,1.01863655,0.937859404,0.1604875381,0.1666596732
2024-08-02,20444294,1722643199,High Yield Secured Lending Maple Pool USDC1,0xc39a5a616f0ad1ff45077fa2de3f79ab8eb8b8b9,35734303.85,35734303.85,0,35734303.85,60829923.4305552,96707224.4143733,35877300.9838181,87161595.19,87161595.19,1.07425808,0.9977294388,0.2128375991,0.1867850199
2024-08-01,20437137,1722556799,High Yield Secured Lending Maple Pool USDC1,0xc39a5a616f0ad1ff45077fa2de3f79ab8eb8b8b9,34957403.1,34957403.1,0,34957403.1,62096136.9319,97665310.5968189,35569173.6649189,86382291.34,86382291.34,1.072973526,0.9842619787,0.1869223013,0.1731011454
2024-08-01,20437137,1722556799,Syrup USDC,0x80ac24aa929eaf5013f6436cda2a7ba190f5cc0b,14900000,14900000,0,14900000,25518046.618316,42848720.3735945,17330673.7552785,17995000,17995000,1.018091255,0.862299836,0.1714883161,0.1630182852
2024-07-31,20429972,1722470399,High Yield Secured Lending Maple Pool USDC1,0xc39a5a616f0ad1ff45077fa2de3f79ab8eb8b8b9,34957403.1,34957403.1,0,34957403.1,69989338.47352,105294065.112309,35304726.6387894,78337291.34,78337291.34,1.072706122,0.9948928738,0.1868382626,0.1895338118
2024-07-31,20429972,1722470399,Syrup USDC,0x80ac24aa929eaf5013f6436cda2a7ba190f5cc0b,14900000,14900000,0,14900000,26018995.275958,41572016.3563833,15553021.0804253,17995000,17995000,1.017840882,0.9609422664,0.1715309516,0.1757039013
2024-07-30,20422808,1722383999,High Yield Secured Lending Maple Pool USDC1,0xc39a5a616f0ad1ff45077fa2de3f79ab8eb8b8b9,34957403.1,34957403.1,0,34957403.1,71339872.51992,106578238.241184,35238365.7212639,78337291.34,78337291.34,1.072437407,0.9965244531,0.2479136514,0.1895285078
2024-07-30,20422808,1722383999,Syrup USDC,0x80ac24aa929eaf5013f6436cda2a7ba190f5cc0b,14900000,14900000,0,14900000,26339947.430668,41750838.6340168,15410891.2033488,17995000,17995000,1.01758431,0.9703878184,0.2183019746,0.1752892546
2024-07-29,20415669,1722297599,High Yield Secured Lending Maple Pool USDC1,0xc39a5a616f0ad1ff45077fa2de3f79ab8eb8b8b9,34957403.1,34957403.1,0,34957403.1,72234100.10144,107428404.438031,35194304.3365914,78337291.34,78337291.34,1.071096452,0.9975262347,0.1843468108,0.1751254279
2024-07-29,20415669,1722297599,Syrup USDC,0x80ac24aa929eaf5013f6436cda2a7ba190f5cc0b,14900000,14900000,0,14900000,26660669.605576,41988187.1204406,15327517.5148646,17995000,17995000,1.016517645,0.9754368977,0.1681341356,0.1635982099
2024-07-28,20408497,1722211199,High Yield Secured Lending Maple Pool USDC1,0xc39a5a616f0ad1ff45077fa2de3f79ab8eb8b8b9,34957403.1,34957403.1,0,34957403.1,72183581.61114,107365841.193059,35182259.5819189,78337291.34,78337291.34,1.070827625,0.997617682,0.1840733308,0.1751102867
2024-07-28,20408497,1722211199,Syrup USDC,0x80ac24aa929eaf5013f6436cda2a7ba190f5cc0b,14900000,14900000,0,14900000,26632414.717331,41953756.8268874,15321342.1095564,17995000,17995000,1.016259357,0.9755825785,0.1669460338,0.1636373147
2024-07-27,20401321,1722124799,Syrup USDC,0x80ac24aa929eaf5013f6436cda2a7ba190f5cc0b,14900000,14900000,0,14900000,26499067.546821,41498830.9039583,14999763.3571373,17995000,17995000,1.015996663,0.9963062373,0.1655737389,0.1706903411
2024-07-27,20401321,1722124799,High Yield Secured Lending Maple Pool USDC1,0xc39a5a616f0ad1ff45077fa2de3f79ab8eb8b8b9,34957403.1,34957403.1,0,34957403.1,71576036.11974,106749463.286986,35173427.1672463,78337291.34,78337291.34,1.070558797,0.997617682,0.1837602389,0.184550717
2024-07-26,20394160,1722038399,High Yield Secured Lending Maple Pool USDC1,0xc39a5a616f0ad1ff45077fa2de3f79ab8eb8b8b9,34957403.1,34957403.1,0,34957403.1,67177328.74812,102341923.500694,35164594.7525738,78337291.34,78337291.34,1.070289968,0.997617682,0.1834470741,0.184539721
2024-07-26,20394160,1722038399,Syrup USDC,0x80ac24aa929eaf5013f6436cda2a7ba190f5cc0b,14900000,14900000,0,14900000,25417078.308498,40422220.4732671,15005142.1647691,17995000,17995000,1.015733029,0.9956888461,0.1642877986,0.1706888223
2024-07-25,20387000,1721951999,High Yield Secured Lending Maple Pool USDC1,0xc39a5a616f0ad1ff45077fa2de3f79ab8eb8b8b9,34382403.1,34382403.1,0,34382403.1,67878621.822,103005921.516506,35127299.6945059,77509888.24,77509888.24,1.069453066,0.9834524571,0.1715652763,0.1934381885
2024-07-25,20387000,1721951999,Syrup USDC,0x80ac24aa929eaf5013f6436cda2a7ba190f5cc0b,12400000,12400000,0,12400000,22784185.689767,37526334.9820926,14742149.2923256,17995000,17995000,1.015005615,0.8432456721,0.1593280966,0.1633635615
2024-07-24,20379838,1721865599,High Yield Secured Lending Maple Pool USDC1,0xc39a5a616f0ad1ff45077fa2de3f79ab8eb8b8b9,34382403.1,34382403.1,0,34382403.1,65977582.038,100680519.90136,34702937.8633604,77509888.24,77509888.24,1.069187991,0.9952879008,0.1711490329,0.1934803072
2024-07-24,20379838,1721865599,Syrup USDC,0x80ac24aa929eaf5013f6436cda2a7ba190f5cc0b,12400000,12400000,0,12400000,22438388.940573,35318066.2492902,12879677.3087172,17995000,17995000,1.014755292,0.9661270237,0.1589685655,0.1634767784
2024-07-23,20372675,1721779199,Syrup USDC,0x80ac24aa929eaf5013f6436cda2a7ba190f5cc0b,12400000,12400000,0,12400000,22979928.77706,35441065.2966027,12461136.5195427,17995000,17995000,1.013738141,0.9984229071,0.1133395391,0.1690972735
2024-07-23,20372675,1721779199,High Yield Secured Lending Maple Pool USDC1,0xc39a5a616f0ad1ff45077fa2de3f79ab8eb8b8b9,34382403.1,34382403.1,0,34382403.1,68245405.731,102806390.6332,34560984.9021998,77509888.24,77509888.24,1.067891966,0.9991441263,0.1132986536,0.179560042
2024-07-22,20365510,1721692799,Syrup USDC,0x80ac24aa929eaf5013f6436cda2a7ba190f5cc0b,10650000,10650000,0,10650000,19821251.273764,32270644.3975073,12449393.1237433,16245000,16245000,1.013492504,0.8581193271,0.1798711173,0.1693987571
2024-07-22,20365510,1721692799,High Yield Secured Lending Maple Pool USDC1,0xc39a5a616f0ad1ff45077fa2de3f79ab8eb8b8b9,33811834.85,33811834.85,0,33811834.85,70331261.625,104748674.758093,34417413.1330928,76682485.14,76682485.14,1.067626626,0.9872817143,0.1731402574,0.1795719013
2024-07-21,20358351,1721606399,Syrup USDC,0x80ac24aa929eaf5013f6436cda2a7ba190f5cc0b,10650000,10650000,0,10650000,18991583.427289,31363183.5098618,12371600.0825728,16245000,16245000,1.013254759,0.8633287903,0.1802523573,0.1698113136
2024-07-21,20358351,1721606399,High Yield Secured Lending Maple Pool USDC1,0xc39a5a616f0ad1ff45077fa2de3f79ab8eb8b8b9,35384834.85,35384834.85,0,35384834.85,66384959.145,101944763.44628,35559804.3012799,74852650.29,74852650.29,1.067363398,0.9996333664,0.1731894024,0.1796270862
2024-07-20,20351185,1721519999,Syrup USDC,0x80ac24aa929eaf5013f6436cda2a7ba190f5cc0b,10650000,10650000,0,10650000,18594355.552479,30807207.2478764,12212851.6953974,16245000,16245000,1.013015701,0.8743750625,0.1807926398,0.1702057805
2024-07-20,20351185,1721519999,High Yield Secured Lending Maple Pool USDC1,0xc39a5a616f0ad1ff45077fa2de3f79ab8eb8b8b9,35384834.85,35384834.85,0,35384834.85,64522179.003,100073236.412804,35551057.4098039,74852650.29,74852650.29,1.067100851,0.9996333664,0.1733789421,0.1920953049
2024-07-19,20344022,1721433599,Syrup USDC,0x80ac24aa929eaf5013f6436cda2a7ba190f5cc0b,10650000,10650000,0,10650000,17672539.993659,29837214.0506779,12164674.0570189,16245000,16245000,1.012774281,0.8776372527,0.1818511348,0.1669992327
2024-07-19,20344022,1721433599,High Yield Secured Lending Maple Pool USDC1,0xc39a5a616f0ad1ff45077fa2de3f79ab8eb8b8b9,35384834.85,35384834.85,0,35384834.85,60632263.167,96174573.6853279,35542310.5183279,74852650.29,74852650.29,1.066838304,0.9996333664,0.1735790011,0.1921635277
2024-07-18,20336850,1721347199,Syrup USDC,0x80ac24aa929eaf5013f6436cda2a7ba190f5cc0b,10650000,10650000,0,10650000,17410001.337656,29552773.0771124,12142771.7394564,16245000,16245000,1.012131846,0.8790134405,0.1879620805,0.1580245128
2024-07-18,20336850,1721347199,High Yield Secured Lending Maple Pool USDC1,0xc39a5a616f0ad1ff45077fa2de3f79ab8eb8b8b9,33555050,33555050,0,33555050,59254633.893,92954518.41415,33699884.52115,73022765.44,73022765.44,1.066210415,0.9997338282,0.2184743032,0.1872889213
2024-07-17,20329689,1721260799,High Yield Secured Lending Maple Pool USDC1,0xc39a5a616f0ad1ff45077fa2de3f79ab8eb8b8b9,32515298.36,32515298.36,0,32515298.36,57897792.654,91340583.9004204,33442791.2464204,71762467.08,71762467.08,1.065953408,0.9760098609,0.2191604352,0.2000107258
2024-07-17,20329689,1721260799,Syrup USDC,0x80ac24aa929eaf5013f6436cda2a7ba190f5cc0b,10650000,10650000,0,10650000,17873072.522375,29909764.332037,12036691.809662,16245000,16245000,1.011888251,0.8865632207,0.187475284,0.1546381218
2024-07-16,20322520,1721174399,High Yield Secured Lending Maple Pool USDC1,0xc39a5a616f0ad1ff45077fa2de3f79ab8eb8b8b9,32515298.36,32515298.36,0,32515298.36,57588585.587,91023305.7019566,33434720.1149566,71762467.08,71762467.08,1.065696149,0.9760098609,0.2198597101,0.200219599
2024-07-16,20322520,1721174399,Syrup USDC,0x80ac24aa929eaf5013f6436cda2a7ba190f5cc0b,9950000,9950000,0,9950000,16772146.485146,28643104.9274135,11870958.4422675,15545000,15545000,1.011652964,0.8396807693,0.1899033634,0.1513757534
2024-07-15,20315347,1721087999,Syrup USDC,0x80ac24aa929eaf5013f6436cda2a7ba190f5cc0b,9950000,9950000,0,9950000,15713176.511148,26259445.8138495,10546269.3027015,15545000,15545000,1.010282643,0.9451184968,0.1756574881,0.02291147793
2024-07-15,20315347,1721087999,High Yield Secured Lending Maple Pool USDC1,0xc39a5a616f0ad1ff45077fa2de3f79ab8eb8b8b9,32515298.36,32515298.36,0,32515298.36,53278537.884,85911242.9814138,32632705.0974138,71762467.08,71762467.08,1.06436209,0.999837763,0.2104867827,0.1857506616
2024-07-14,20308186,1721001599,Syrup USDC,0x80ac24aa929eaf5013f6436cda2a7ba190f5cc0b,8550000,8550000,0,8550000,13297639.237428,23127220.1208334,9829580.88340543,14145000,14145000,1.010039392,0.8712496048,0.1766205062,
2024-07-14,20308186,1721001599,High Yield Secured Lending Maple Pool USDC1,0xc39a5a616f0ad1ff45077fa2de3f79ab8eb8b8b9,32004793.18,32004793.18,0,32004793.18,51017253.924,83177935.7603492,32160681.8363492,70502168.72,70502168.72,1.064098811,0.9983931329,0.2093831125,0.1858722565
2024-07-13,20301020,1720915199,Syrup USDC,0x80ac24aa929eaf5013f6436cda2a7ba190f5cc0b,8550000,8550000,0,8550000,13103379.634192,22631441.9771133,9528062.34292127,14145000,14145000,1.00979223,0.8986443511,0.1773034634,
2024-07-13,20301020,1720915199,High Yield Secured Lending Maple Pool USDC1,0xc39a5a616f0ad1ff45077fa2de3f79ab8eb8b8b9,32004793.18,32004793.18,0,32004793.18,50184324.619,82329500.0249826,32145175.4059826,70502168.72,70502168.72,1.063833772,0.9986266925,0.2082874472,0.1944197321
2024-07-12,20293868,1720828799,High Yield Secured Lending Maple Pool USDC1,0xc39a5a616f0ad1ff45077fa2de3f79ab8eb8b8b9,32004793.18,32004793.18,0,32004793.18,49000294.213,81093465.533634,32093171.320634,70502168.72,70502168.72,1.063568551,0.9999994421,0.2071815559,0.2007455263
2024-07-12,20293868,1720828799,Syrup USDC,0x80ac24aa929eaf5013f6436cda2a7ba190f5cc0b,8550000,8550000,0,8550000,12878316.223696,21875362.6059911,8997046.3822951,14145000,14145000,1.00953423,0.9515145801,0.1777089723,
2024-07-11,20286706,1720742399,High Yield Secured Lending Maple Pool USDC1,0xc39a5a616f0ad1ff45077fa2de3f79ab8eb8b8b9,31406117.49,31406117.49,0,31406117.49,51106349.866,82778488.3529989,31672138.4869989,69752375.54,69752375.54,1.062177572,0.9941249233,0.1412651072,0.1854179021
2024-07-11,20286706,1720742399,Syrup USDC,0x80ac24aa929eaf5013f6436cda2a7ba190f5cc0b,6295000,6295000,0,6295000,9820270.011656,17580824.3587093,7760554.34705329,8295000,8295000,1.008794069,0.8125333732,0.1500824763,
2024-07-10,20279539,1720655999,High Yield Secured Lending Maple Pool USDC1,0xc39a5a616f0ad1ff45077fa2de3f79ab8eb8b8b9,31255050,31255050,0,31255050,50938690.907,82317301.9956214,31378611.0886214,69601258.05,69601258.05,1.061910072,0.9983687695,0.1400762209,0.1854322358
2024-07-10,20279539,1720655999,Syrup USDC,0x80ac24aa929eaf5013f6436cda2a7ba190f5cc0b,6295000,6295000,0,6295000,9813998.461102,16586845.6419534,6772847.18085136,8295000,8295000,1.008559204,0.9310159081,0.1528112318,
2024-07-09,20272373,1720569599,High Yield Secured Lending Maple Pool USDC1,0xc39a5a616f0ad1ff45077fa2de3f79ab8eb8b8b9,31255050,31255050,0,31255050,50168300.169,81538993.3181063,31370693.1491063,69601258.05,69601258.05,1.061642114,0.9983687695,0.139536174,0.2044805656
2024-07-09,20272373,1720569599,Syrup USDC,0x80ac24aa929eaf5013f6436cda2a7ba190f5cc0b,6295000,6295000,0,6295000,9679510.877346,16059473.3717494,6379962.49440343,8295000,8295000,1.008285191,0.9881778491,0.1532199571,
2024-07-08,20265217,1720483199,Syrup USDC,0x80ac24aa929eaf5013f6436cda2a7ba190f5cc0b,6295000,6295000,0,6295000,9364306.610276,15686200.8229135,6321894.21263749,8295000,8295000,1.007152049,0.996989746,0.1540105735,
2024-07-08,20265217,1720483199,High Yield Secured Lending Maple Pool USDC1,0xc39a5a616f0ad1ff45077fa2de3f79ab8eb8b8b9,27815050,27815050,0,27815050,42680829.048,74006897.0116554,31326067.9636555,69601258.05,69601258.05,1.06046999,0.8895491175,0.1567727772,0.1921157762
2024-07-07,20258073,1720396799,Syrup USDC,0x80ac24aa929eaf5013f6436cda2a7ba190f5cc0b,5700000,5700000,0,5700000,9041910.45183,15324834.6089614,6282924.15713144,4700000,4700000,1.00689374,0.9101918207,0.1520029492,
2024-07-07,20258073,1720396799,High Yield Secured Lending Maple Pool USDC1,0xc39a5a616f0ad1ff45077fa2de3f79ab8eb8b8b9,29487654.91,29487654.91,0,29487654.91,46321822.833,77459714.8888362,31137892.0558362,67928603.14,67928603.14,1.060226221,0.9485628891,0.1579961509,0.1925036052
2024-07-06,20250913,1720310399,Syrup USDC,0x80ac24aa929eaf5013f6436cda2a7ba190f5cc0b,5700000,5700000,0,5700000,8703319.67157,14984621.9396929,6281302.2681229,4700000,4700000,1.006636146,0.9101939317,0.1502762104,
2024-07-06,20250913,1720310399,High Yield Secured Lending Maple Pool USDC1,0xc39a5a616f0ad1ff45077fa2de3f79ab8eb8b8b9,29487654.91,29487654.91,0,29487654.91,43511705.445,74642382.9807611,31130677.5357611,67928603.14,67928603.14,1.059980571,0.9485628891,0.1590937964,0.1928659883
2024-07-05,20243747,1720223999,Syrup USDC,0x80ac24aa929eaf5013f6436cda2a7ba190f5cc0b,5700000,5700000,0,5700000,8513213.484624,14291667.8118844,5778454.32726037,4700000,4700000,1.006372306,0.9893838942,0.1499614092,
2024-07-05,20243747,1720223999,High Yield Secured Lending Maple Pool USDC1,0xc39a5a616f0ad1ff45077fa2de3f79ab8eb8b8b9,29487654.91,29487654.91,0,29487654.91,41412510.945,72535973.9606859,31123463.0156859,67928603.14,67928603.14,1.059734921,0.9485628891,0.1601930119,0.1932286587
2024-07-04,20236581,1720137599,High Yield Secured Lending Maple Pool USDC1,0xc39a5a616f0ad1ff45077fa2de3f79ab8eb8b8b9,29487654.91,29487654.91,0,29487654.91,45552423.54,76668672.0356107,31116248.4956107,67928603.14,67928603.14,1.059489271,0.9485628891,0.2018745385,0.19354521
2024-07-04,20236581,1720137599,Syrup USDC,0x80ac24aa929eaf5013f6436cda2a7ba190f5cc0b,5700000,5700000,0,5700000,8865848.944272,14642695.9071488,5776846.96287684,4700000,4700000,1.006092368,0.9893838942,0.178921879,
2024-07-03,20229426,1720051199,High Yield Secured Lending Maple Pool USDC1,0xc39a5a616f0ad1ff45077fa2de3f79ab8eb8b8b9,29487654.91,29487654.91,0,29487654.91,49733015.514,80842049.4895356,31109033.9755356,67928603.14,67928603.14,1.059243621,0.9485628891,0.2030341706,0.2115416432
2024-07-03,20229426,1720051199,Syrup USDC,0x80ac24aa929eaf5013f6436cda2a7ba190f5cc0b,5700000,5700000,0,5700000,9210808.7384,14984970.1501783,5774161.4117783,4700000,4700000,1.005812418,0.9895690896,0.1777616772,
2024-07-02,20222263,1719964799,High Yield Secured Lending Maple Pool USDC1,0xc39a5a616f0ad1ff45077fa2de3f79ab8eb8b8b9,29134356.83,29134356.83,0,29134356.83,47372646.906,76675637.9351116,29302991.0291116,57430948.23,57430948.23,1.058985959,0.9988477906,0.2776528948,0.2116064643
2024-07-02,20222263,1719964799,Syrup USDC,0x80ac24aa929eaf5013f6436cda2a7ba190f5cc0b,5700000,5700000,0,5700000,9003944.67745,14762625.8253068,5758681.14785677,4700000,4700000,1.005532316,0.991958176,0.1729795756,
2024-07-01,20215112,1719878399,High Yield Secured Lending Maple Pool USDC1,0xc39a5a616f0ad1ff45077fa2de3f79ab8eb8b8b9,27815050,27815050,0,27815050,47398970.19,75363803.9346059,27964833.7446059,56111591.4,56111591.4,1.057512249,0.9992166201,0.203805698,0.1948849189
2024-07-01,20215112,1719878399,Syrup USDC,0x80ac24aa929eaf5013f6436cda2a7ba190f5cc0b,5700000,5700000,0,5700000,6807861.27,12540433.6325142,5732572.36251424,4700000,4700000,1.004389065,0.9962059255,0.1202000748,
2024-06-30,20207948,1719791999,High Yield Secured Lending Maple Pool USDC1,0xc39a5a616f0ad1ff45077fa2de3f79ab8eb8b8b9,27815050,27815050,0,27815050,45274915.53,73333599.2685823,28058683.7385823,56111591.4,56111591.4,1.057247728,0.9956092472,0.2037078619,0.1948952361
2024-06-30,20207948,1719791999,Syrup USDC,0x80ac24aa929eaf5013f6436cda2a7ba190f5cc0b,4000000,4000000,0,4000000,6597227.49,12180982.0860406,5583754.59604062,3000000,3000000,1.004164998,0.7175985602,0.1910308601,
2024-06-29,20200782,1719705599,High Yield Secured Lending Maple Pool USDC1,0xc39a5a616f0ad1ff45077fa2de3f79ab8eb8b8b9,27815050,27815050,0,27815050,45229290.015,73280962.9703537,28051672.9553537,56111591.4,56111591.4,1.056983563,0.9956092472,0.2036723968,0.2092288049
2024-06-29,20200782,1719705599,Syrup USDC,0x80ac24aa929eaf5013f6436cda2a7ba190f5cc0b,4000000,4000000,0,4000000,6592702.995,11208786.1284075,4616083.13340745,3000000,3000000,1.003936981,0.8681203371,0.1932956922,
2024-06-28,20193625,1719619199,Syrup USDC,0x80ac24aa929eaf5013f6436cda2a7ba190f5cc0b,4000000,4000000,0,4000000,6897807.075,11142443.0408083,4244635.96580829,3000000,3000000,1.003679117,0.9439774451,0.1937135007,
2024-06-28,20193625,1719619199,High Yield Secured Lending Maple Pool USDC1,0xc39a5a616f0ad1ff45077fa2de3f79ab8eb8b8b9,27815050,27815050,0,27815050,48305993.775,76350655.9471251,28044662.1721251,56111591.4,56111591.4,1.056719397,0.9956092472,0.2037022235,0.2092080745
2024-06-27,20186462,1719532799,Syrup USDC,0x80ac24aa929eaf5013f6436cda2a7ba190f5cc0b,4000000,4000000,0,4000000,6487272.471,10637271.4698231,4149998.99882312,3000000,3000000,1.002921424,0.9652666135,0.1635075321,
2024-06-27,20186462,1719532799,High Yield Secured Lending Maple Pool USDC1,0xc39a5a616f0ad1ff45077fa2de3f79ab8eb8b8b9,27815050,27815050,0,27815050,44166116.787,72170307.2958966,28004190.5088966,56111591.4,56111591.4,1.055759549,0.9968031139,0.2164123581,0.1995846577
2024-06-26,20179299,1719446399,High Yield Secured Lending Maple Pool USDC1,0xc39a5a616f0ad1ff45077fa2de3f79ab8eb8b8b9,27815050,27815050,0,27815050,44189500.875,72186680.6006678,27997179.7256678,49761591.4,49761591.4,1.055495242,0.9985532359,0.2164372454,0.2196398779
2024-06-26,20179299,1719446399,Syrup USDC,0x80ac24aa929eaf5013f6436cda2a7ba190f5cc0b,4000000,4000000,0,4000000,6489591.375,10997472.290234,4507880.91523395,3000000,3000000,1.00266129,0.8882976488,0.1486429599,
2024-06-25,20172138,1719359999,High Yield Secured Lending Maple Pool USDC1,0xc39a5a616f0ad1ff45077fa2de3f79ab8eb8b8b9,27815050,27815050,0,27815050,42837742.623,70795827.0554393,27958084.4324392,49761591.4,49761591.4,1.054021347,0.9997047216,0.1459124183,0.2028021853
2024-06-25,20172138,1719359999,Syrup USDC,0x80ac24aa929eaf5013f6436cda2a7ba190f5cc0b,3000000,3000000,0,3000000,4248043.059,8635460.8902653,4387417.8312653,3000000,3000000,1.002460282,0.684396529,0.1366971509,
2024-06-24,20164976,1719273599,High Yield Secured Lending Maple Pool USDC1,0xc39a5a616f0ad1ff45077fa2de3f79ab8eb8b8b9,27815050,27815050,0,27815050,41608488.636,69559562.2852107,27951073.6492107,49761591.4,49761591.4,1.05375704,0.9997047216,0.1988607769,0.2028614415
2024-06-24,20164976,1719273599,Syrup USDC,0x80ac24aa929eaf5013f6436cda2a7ba190f5cc0b,3000000,3000000,0,3000000,4126142.988,7132770.02407876,3006627.03607876,3000000,3000000,1.002205037,0.9988599412,0.1217035908,
2024-06-23,20157825,1719187199,High Yield Secured Lending Maple Pool USDC1,0xc39a5a616f0ad1ff45077fa2de3f79ab8eb8b8b9,27290050,27290050,0,27290050,40112567.04,67957156.5721556,27844589.5321556,45166591.4,45166591.4,1.053495101,0.9845112723,0.1993026877,0.2029538116
2024-06-23,20157825,1719187199,Syrup USDC,0x80ac24aa929eaf5013f6436cda2a7ba190f5cc0b,3000000,3000000,0,3000000,4284903.168,7287326.99942123,3002423.83142123,3000000,3000000,1.000803974,0.999996,0.04279287482,
2024-06-22,20150676,1719100799,Syrup USDC,0x80ac24aa929eaf5013f6436cda2a7ba190f5cc0b,3000000,3000000,0,3000000,4317876.609,7319509.3157637,3001632.7067637,3000000,3000000,1.000540267,0.999996,-0.335141472,
2024-06-22,20150676,1719100799,High Yield Secured Lending Maple Pool USDC1,0xc39a5a616f0ad1ff45077fa2de3f79ab8eb8b8b9,27290050,27290050,0,27290050,40421243.645,67958937.7662729,27537694.1212729,45166591.4,45166591.4,1.053232468,0.9952829708,0.1997038147,0.214379258
2024-06-21,20143530,1719014399,Syrup USDC,0x80ac24aa929eaf5013f6436cda2a7ba190f5cc0b,3000000,3000000,0,3000000,4283506.497,7284348.07910616,3000841.58210616,3000000,3000000,1.00027656,0.999996,,
2024-06-21,20143530,1719014399,High Yield Secured Lending Maple Pool USDC1,0xc39a5a616f0ad1ff45077fa2de3f79ab8eb8b8b9,27290050,27290050,0,27290050,40099492.285,67630290.9953902,27530798.7103902,45166591.4,45166591.4,1.05296874,0.9952829708,0.2000408069,0.2144584182
2024-06-20,20136372,1718927999,Syrup USDC,0x80ac24aa929eaf5013f6436cda2a7ba190f5cc0b,3000000,3000000,0,3000000,4346439.189,7346489.64644863,3000050.45744863,3000000,3000000,1.000012852,0.999996,,
2024-06-20,20136372,1718927999,High Yield Secured Lending Maple Pool USDC1,0xc39a5a616f0ad1ff45077fa2de3f79ab8eb8b8b9,27290050,27290050,0,27290050,40688628.545,68188879.9445075,27500251.3995075,45166591.4,45166591.4,1.051800399,0.9961422408,0.1832158253,0.201900275
2024-06-19,20129224,1718841599,High Yield Secured Lending Maple Pool USDC1,0xc39a5a616f0ad1ff45077fa2de3f79ab8eb8b8b9,27290050,27290050,0,27290050,41307628.495,68800984.4836248,27493355.9886248,45166591.4,45166591.4,1.05153667,0.9961422408,0.2102161834,0.2231729518
2024-06-19,20129224,1718841599,Syrup USDC,0x80ac24aa929eaf5013f6436cda2a7ba190f5cc0b,0,0,0,0,0,3000012,3000012,,,1.000000033,0,,
2024-06-18,20122076,1718755199,Syrup USDC,0x80ac24aa929eaf5013f6436cda2a7ba190f5cc0b,0,0,0,0,0,3000012,3000012,,,1.000000033,0,,
2024-06-18,20122076,1718755199,High Yield Secured Lending Maple Pool USDC1,0xc39a5a616f0ad1ff45077fa2de3f79ab8eb8b8b9,26060050,26060050,0,26060050,41170569.25,67350277.7712509,26179708.5212509,41096591.4,41096591.4,1.051271754,0.9989228395,0.2102663111,0.2232382617
2024-06-17,20114939,1718668799,Syrup USDC,0x80ac24aa929eaf5013f6436cda2a7ba190f5cc0b,0,0,0,0,0,3000012,3000012,,,1.000000033,0,,
2024-06-17,20114939,1718668799,High Yield Secured Lending Maple Pool USDC1,0xc39a5a616f0ad1ff45077fa2de3f79ab8eb8b8b9,24220050,24220050,0,24220050,39547095,63880872.182208,24333777.182208,38256591.4,38256591.4,1.050098059,0.998864196,0.1569393603,0.2104961419
2024-06-16,20107789,1718582399,Syrup USDC,0x80ac24aa929eaf5013f6436cda2a7ba190f5cc0b,0,0,0,0,0,2500012,2500012,,,1.00000004,0,,
2024-06-16,20107789,1718582399,High Yield Secured Lending Maple Pool USDC1,0xc39a5a616f0ad1ff45077fa2de3f79ab8eb8b8b9,24220050,24220050,0,24220050,38136498.75,62464055.1748527,24327556.4248527,38256591.4,38256591.4,1.049829609,0.998864196,0.2385283618,0.2105080476
2024-06-15,20100626,1718495999,High Yield Secured Lending Maple Pool USDC1,0xc39a5a616f0ad1ff45077fa2de3f79ab8eb8b8b9,24220050,24220050,0,24220050,37543125.375,61864461.0424974,24321335.6674974,38256591.4,38256591.4,1.049561159,0.998864196,0.2385815124,0.2224665714
2024-06-15,20100626,1718495999,Syrup USDC,0x80ac24aa929eaf5013f6436cda2a7ba190f5cc0b,0,0,0,0,0,12,12,,,1.008403361,0,,
2024-06-14,20093489,1718409599,Syrup USDC,0x80ac24aa929eaf5013f6436cda2a7ba190f5cc0b,0,0,0,0,0,0,0,,,0,0,,
2024-06-14,20093489,1718409599,High Yield Secured Lending Maple Pool USDC1,0xc39a5a616f0ad1ff45077fa2de3f79ab8eb8b8b9,24220050,24220050,0,24220050,38649103.5,62961715.4101421,24312611.9101421,38256591.4,38256591.4,1.049292698,0.9989673162,0.2386340305,0.2224553257
2024-06-13,20086327,1718323199,High Yield Secured Lending Maple Pool USDC1,0xc39a5a616f0ad1ff45077fa2de3f79ab8eb8b8b9,23770130.31,23770130.31,0,23770130.31,37057289.672,61349502.1704123,24292212.4984123,36706461.09,36706461.09,1.048412292,0.9809967154,0.201565614,0.2367336224
2024-06-13,20086327,1718323199,Syrup USDC,0x80ac24aa929eaf5013f6436cda2a7ba190f5cc0b,0,0,0,0,0,0,0,,,0,0,,
2024-06-12,20079184,1718236799,Syrup USDC,0x80ac24aa929eaf5013f6436cda2a7ba190f5cc0b,0,0,0,0,0,0,0,,,0,0,,
2024-06-12,20079184,1718236799,High Yield Secured Lending Maple Pool USDC1,0xc39a5a616f0ad1ff45077fa2de3f79ab8eb8b8b9,23770130.31,23770130.31,0,23770130.31,35727930.312,59853614.4501253,24125684.1381253,36706461.09,36706461.09,1.047695962,0.9875364177,0.1751252437,0.2303213331
2024-06-11,20072028,1718150399,Syrup USDC,0x80ac24aa929eaf5013f6436cda2a7ba190f5cc0b,0,0,0,0,0,0,0,,,0,0,,
2024-06-11,20072028,1718150399,High Yield Secured Lending Maple Pool USDC1,0xc39a5a616f0ad1ff45077fa2de3f79ab8eb8b8b9,23770130.31,23770130.31,0,23770130.31,38021508.341,61841124.8888383,23819616.5478383,36706461.09,36706461.09,1.047431181,0.9999999979,0.1751787671,0.2303742092
2024-06-10,20064866,1718063999,High Yield Secured Lending Maple Pool USDC1,0xc39a5a616f0ad1ff45077fa2de3f79ab8eb8b8b9,23220050,23220050,0,23220050,38781845.803,62595439.9305849,23813594.1275849,36156330.78,36156330.78,1.047166354,0.9768583382,0.2516521771,0.2304264536
2026-03-17,24680644,1773791999,Syrup USDC,0x80ac24aa929eaf5013f6436cda2a7ba190f5cc0b,1032047213.98,1032047213.98,430000001,602047212.98,1112067701.15334,2942945081.69719,1837481816.51406,7627496488.16,7627496488.16,1.155933169,0.5642698746,0.0433849079,0.04497264325
2026-03-17,24680644,1773791999,High Yield Secured Lending Maple Pool USDC1,0xc39a5a616f0ad1ff45077fa2de3f79ab8eb8b8b9,28356036,28356036,8000000,20356036,35559677.9009859,116629760.977289,81294526.5339491,1204079271.41,1204079271.41,1.265601599,0.3501391713,0.05172910697,0.05240921683
2026-03-16,24673496,1773705599,High Yield Secured Lending Maple Pool USDC1,0xc39a5a616f0ad1ff45077fa2de3f79ab8eb8b8b9,28356036,28356036,8000000,20356036,35718090.0965928,118894715.531268,83396135.5003113,1204079271.41,1204079271.41,1.265414302,0.3412401796,0.0504218041,0.052199681
2026-03-16,24673496,1773705599,Syrup USDC,0x80ac24aa929eaf5013f6436cda2a7ba190f5cc0b,1032047213.98,1032047213.98,430000001,602047212.98,1128819218.54706,2899663183.36206,1777386646.18977,7627496488.16,7627496488.16,1.155799005,0.5833746077,0.04347721454,0.04505408196
2026-03-16,24673496,1773705599,Syrup USDT,0x356b8d89c1e1239cbbb9de4815c39a1474d5ba7d,886916908.248,886916908.248,660004000,226912908.248,391887406.716229,1351004776.87852,959150927.674215,6228623618.48,6228623618.48,1.119842551,0.925355788,0.03947982194,0.04194170828
2026-03-15,24666338,1773619199,Syrup USDC,0x80ac24aa929eaf5013f6436cda2a7ba190f5cc0b,1032047213.98,1032047213.98,430000001,602047212.98,1087388805.87855,2839837000.67673,1758930384.99406,7627496488.16,7627496488.16,1.155662316,0.5894586224,0.04374272474,0.04510838221
2026-03-15,24666338,1773619199,Syrup USDT,0x356b8d89c1e1239cbbb9de4815c39a1474d5ba7d,838288908.248,838288908.248,611376000,226912908.248,385358575.418654,1335757935.17513,950428812.863675,6228623618.48,6228623618.48,1.119725671,0.8826303002,0.03976709048,0.04201650739
2026-03-15,24666338,1773619199,High Yield Secured Lending Maple Pool USDC1,0xc39a5a616f0ad1ff45077fa2de3f79ab8eb8b8b9,28356036,28356036,8000000,20356036,34782205.8589552,117910896.715421,83343224.8653656,1204079271.41,1204079271.41,1.265256348,0.3414148706,0.05056448355,0.05228231001
2026-03-14,24659163,1773532799,Syrup USDT,0x356b8d89c1e1239cbbb9de4815c39a1474d5ba7d,838288908.248,838288908.248,611376000,226912908.248,371865216.629775,1322984926.63817,951144493.571858,6228623618.48,6228623618.48,1.11960928,0.8818851502,0.04016072843,0.04223813014
2026-03-14,24659163,1773532799,Syrup USDC,0x80ac24aa929eaf5013f6436cda2a7ba190f5cc0b,1032047213.98,1032047213.98,430000001,602047212.98,1053555106.94873,2781547618.35353,1734415341.10448,7627496488.16,7627496488.16,1.155529743,0.5977616208,0.04416658563,0.04520775587
2026-03-14,24659163,1773532799,High Yield Secured Lending Maple Pool USDC1,0xc39a5a616f0ad1ff45077fa2de3f79ab8eb8b8b9,28356036,28356036,8000000,20356036,33803895.8075585,116939776.669587,83345430.6569848,1204079271.41,1204079271.41,1.265098462,0.3413630565,0.05212051197,0.05236677981
2026-03-13,24651992,1773446399,Syrup USDT,0x356b8d89c1e1239cbbb9de4815c39a1474d5ba7d,838288908.248,838288908.248,611376000,226912908.248,372188285.620681,1306149576.09661,933981766.526339,6228623618.48,6228623618.48,1.119496896,0.8980174401,0.04084084104,0.04227612076
2026-03-13,24651992,1773446399,Syrup USDC,0x80ac24aa929eaf5013f6436cda2a7ba190f5cc0b,1032047213.98,1032047213.98,430000001,602047212.98,1053319937.99929,2769659253.99707,1722703285.33429,7627496488.16,7627496488.16,1.155397909,0.6017758291,0.04450110136,0.04531356306
2026-03-13,24651992,1773446399,High Yield Secured Lending Maple Pool USDC1,0xc39a5a616f0ad1ff45077fa2de3f79ab8eb8b8b9,28356036,28356036,8000000,20356036,33845686.22136,116959889.014357,83318768.876693,1204079271.41,1204079271.41,1.264893599,0.3414298962,0.0502978592,0.0531967026
2026-03-12,24644820,1773359999,Syrup USDC,0x80ac24aa929eaf5013f6436cda2a7ba190f5cc0b,1032047213.98,1032047213.98,430000001,602047212.98,1043983526.76672,2755015825.15127,1717337936.88655,7627496488.16,7627496488.16,1.155262392,0.6035956764,0.04477038139,0.04537954701
2026-03-12,24644820,1773359999,High Yield Secured Lending Maple Pool USDC1,0xc39a5a616f0ad1ff45077fa2de3f79ab8eb8b8b9,28356036,28356036,8000000,20356036,33537802.6203774,117631827.525348,84293589.2077743,1204079271.41,1204079271.41,1.264735824,0.337426973,0.05051588206,0.05312876349
2026-03-12,24644820,1773359999,Syrup USDT,0x356b8d89c1e1239cbbb9de4815c39a1474d5ba7d,797614908.248,797614908.248,570702000,226912908.248,368316120.276364,1237604287.26442,869304662.515182,6228623618.48,6228623618.48,1.119379399,0.9179822762,0.0412878348,0.0422433308
2026-03-11,24637660,1773273599,Syrup USDC,0x80ac24aa929eaf5013f6436cda2a7ba190f5cc0b,1032047213.98,1032047213.98,430000001,602047212.98,1047155296.53153,2701769723.72214,1660862645.45299,7627496488.16,7627496488.16,1.155128299,0.6241901027,0.04510404054,0.0454601678
2026-03-11,24637660,1773273599,High Yield Secured Lending Maple Pool USDC1,0xc39a5a616f0ad1ff45077fa2de3f79ab8eb8b8b9,28356036,28356036,8000000,20356036,33620473.5415045,117718081.936172,84292100.0704655,1204079271.41,1204079271.41,1.264578454,0.3373908395,0.05216189002,0.05302193346
2026-03-11,24637660,1773273599,Syrup USDT,0x356b8d89c1e1239cbbb9de4815c39a1474d5ba7d,783614908.248,783614908.248,556702000,226912908.248,369993712.268119,1224458904.7749,854478623.726258,6228623618.48,6228623618.48,1.119264809,0.9180881647,0.04196185013,0.04221721538
2026-03-10,24630504,1773187199,Syrup USDT,0x356b8d89c1e1239cbbb9de4815c39a1474d5ba7d,687912908.248,687912908.248,461000000,226912908.248,366591346.442944,1141900119.73815,775318331.29519,6228623618.48,6228623618.48,1.11914386,0.8885158767,0.04217531701,0.04222591347
2026-03-10,24630504,1773187199,Syrup USDC,0x80ac24aa929eaf5013f6436cda2a7ba190f5cc0b,1032047213.98,1032047213.98,430000001,602047212.98,1038976260.49596,2650544721.00495,1617763230.79393,7605496488.16,7605496488.16,1.15499205,0.6408316482,0.04529387897,0.04552968903
2026-03-10,24630504,1773187199,High Yield Secured Lending Maple Pool USDC1,0xc39a5a616f0ad1ff45077fa2de3f79ab8eb8b8b9,28356036,28356036,8000000,20356036,33314793.3235381,125626818.5894,92500931.4625238,1204079271.41,1204079271.41,1.264378028,0.3073328603,0.05053314176,0.05291951429
2026-03-09,24623352,1773100799,Syrup USDC,0x80ac24aa929eaf5013f6436cda2a7ba190f5cc0b,1032047213.98,1032047213.98,430000001,602047212.98,1023698330.67691,2601762659.30048,1584208427.33693,7605496488.16,7605496488.16,1.154856036,0.6543898839,0.04543402387,0.04564726204
2026-03-09,24623352,1773100799,Syrup USDT,0x356b8d89c1e1239cbbb9de4815c39a1474d5ba7d,587912908.248,587912908.248,361000000,226912908.248,362144190.269499,1050120028.59997,687981389.991402,6228623618.48,6228623618.48,1.119011283,0.8558239122,0.04166037083,0.04213117608
2026-03-09,24623352,1773100799,High Yield Secured Lending Maple Pool USDC1,0xc39a5a616f0ad1ff45077fa2de3f79ab8eb8b8b9,28356036,28356036,8000000,20356036,32807530.9355108,125113886.905986,92489448.3297381,1204079271.41,1204079271.41,1.264221067,0.3074938276,0.05074381765,0.05281503531
2026-03-08,24616187,1773014399,High Yield Secured Lending Maple Pool USDC1,0xc39a5a616f0ad1ff45077fa2de3f79ab8eb8b8b9,28356036,28356036,8000000,20356036,31683987.509741,124095084.428978,92588115.4527296,1204079271.41,1204079271.41,1.26405997,0.3073600857,0.05124981102,0.05276650462
2026-03-08,24616187,1773014399,Syrup USDT,0x356b8d89c1e1239cbbb9de4815c39a1474d5ba7d,587912908.248,587912908.248,361000000,226912908.248,351374138.899599,993030507.059016,641659669.749591,6228623618.48,6228623618.48,1.118888561,0.9176033992,0.04164801063,0.0421371179
2026-03-08,24616187,1773014399,Syrup USDC,0x80ac24aa929eaf5013f6436cda2a7ba190f5cc0b,1032047213.98,1032047213.98,430000001,602047212.98,993866151.751309,2569130804.53286,1581356637.18593,7460496488.16,7460496488.16,1.154713824,0.6558442738,0.04524175572,0.04570754427
2026-03-07,24609015,1772927999,High Yield Secured Lending Maple Pool USDC1,0xc39a5a616f0ad1ff45077fa2de3f79ab8eb8b8b9,28356036,28356036,8000000,20356036,32154289.8586835,124557399.32514,92573934.085562,1204079271.41,1204079271.41,1.263866359,0.3073676471,0.05087137541,0.0532927775
2026-03-07,24609015,1772927999,Syrup USDT,0x356b8d89c1e1239cbbb9de4815c39a1474d5ba7d,587912908.248,587912908.248,361000000,226912908.248,355532104.800398,978446855.487102,622916327.762398,6228623618.48,6228623618.48,1.118764136,0.9451489664,0.04213908271,0.04207719771
2026-03-07,24609015,1772927999,Syrup USDC,0x80ac24aa929eaf5013f6436cda2a7ba190f5cc0b,1032047213.98,1032047213.98,430000001,602047212.98,1005521919.39856,2581236712.12965,1581753881.45303,7460496488.16,7460496488.16,1.154572369,0.6555997666,0.04528783482,0.04576876432
2026-03-06,24601856,1772841599,High Yield Secured Lending Maple Pool USDC1,0xc39a5a616f0ad1ff45077fa2de3f79ab8eb8b8b9,28356036,28356036,8000000,20356036,32651344.7846117,125021470.880369,92534757.4659993,1204079271.41,1204079271.41,1.263703715,0.3074585154,0.05086192951,0.05323484691
2026-03-06,24601856,1772841599,Syrup USDT,0x356b8d89c1e1239cbbb9de4815c39a1474d5ba7d,587912908.248,587912908.248,361000000,226912908.248,360709911.003472,983501507.644753,622791685.365468,6228623618.48,6228623618.48,1.118637814,0.945231535,0.04271113685,0.04196664083
2026-03-06,24601856,1772841599,Syrup USDC,0x80ac24aa929eaf5013f6436cda2a7ba190f5cc0b,1035047213.98,1035047213.98,430000001,605047212.98,1027995568.91082,2584629362.46869,1562620551.15,7460496488.16,7460496488.16,1.154433553,0.6655167019,0.04563910938,0.04587251389
2026-03-05,24594708,1772755199,High Yield Secured Lending Maple Pool USDC1,0xc39a5a616f0ad1ff45077fa2de3f79ab8eb8b8b9,28356036,28356036,8000000,20356036,34042094.7705169,126406502.973231,92522846.9895466,1204079271.41,1204079271.41,1.263541059,0.3074585154,0.05081328759,0.05350163697
2026-03-05,24594708,1772755199,Syrup USDC,0x80ac24aa929eaf5013f6436cda2a7ba190f5cc0b,1025047213.98,1025047213.98,430000001,595047212.98,1048612354.6149,2591153390.74505,1548476491.95311,7450496488.16,7450496488.16,1.154292443,0.6651935316,0.04561901474,0.04592232454
2026-03-05,24594708,1772755199,Syrup USDT,0x356b8d89c1e1239cbbb9de4815c39a1474d5ba7d,622912908.248,622912908.248,396000000,226912908.248,374833412.591579,1004439679.34468,629606365.885546,6228623618.48,6228623618.48,1.118511197,0.9905475974,0.04318429799,0.04189023183
2026-03-04,24587537,1772668799,Syrup USDT,0x356b8d89c1e1239cbbb9de4815c39a1474d5ba7d,692912908.248,692912908.248,466000000,226912908.248,382498726.128968,1084318041.64278,701819619.749609,6228623618.48,6228623618.48,1.118382817,0.9883702383,0.0432392168,0.0419472711
2026-03-04,24587537,1772668799,High Yield Secured Lending Maple Pool USDC1,0xc39a5a616f0ad1ff45077fa2de3f79ab8eb8b8b9,28356036,28356036,8000000,20356036,34753444.5810115,126959438.276129,92358246.8387079,1204079271.41,1204079271.41,1.263345905,0.3079684055,0.05046242691,0.05461385554
2026-03-04,24587537,1772668799,Syrup USDC,0x80ac24aa929eaf5013f6436cda2a7ba190f5cc0b,1125047213.98,1125047213.98,530000001,595047212.98,1070159363.33014,2570100425.37122,1505832297.53522,7450496488.16,7450496488.16,1.154151395,0.7509440738,0.04552346856,0.0461354849
2026-03-03,24580372,1772582399,Syrup USDT,0x356b8d89c1e1239cbbb9de4815c39a1474d5ba7d,675312908.248,675312908.248,448400000,226912908.248,361043579.875777,1040990302.58925,679946722.71348,6228623618.48,6228623618.48,1.118257569,0.9942184851,0.04330531166,0.04206786086
2026-03-03,24580372,1772582399,High Yield Secured Lending Maple Pool USDC1,0xc39a5a616f0ad1ff45077fa2de3f79ab8eb8b8b9,28356036,28356036,8000000,20356036,32659457.1845962,124859732.98667,92346352.3601493,1204079271.41,1204079271.41,1.263183203,0.3079684055,0.05040789004,0.05470681868
2026-03-03,24580372,1772582399,Syrup USDC,0x80ac24aa929eaf5013f6436cda2a7ba190f5cc0b,1125047213.98,1125047213.98,530000001,595047212.98,1009918390.28584,2615011663.96845,1610942501.70994,7450496488.16,7450496488.16,1.154011241,0.7017780214,0.04567485723,0.04635514912
2026-03-02,24573203,1772495999,Syrup USDT,0x356b8d89c1e1239cbbb9de4815c39a1474d5ba7d,675312908.248,675312908.248,448400000,226912908.248,368313933.776381,1046250691.03024,677942985.773486,6228623618.48,6228623618.48,1.118135695,0.9970601962,0.04365571014,0.04222137874
2026-03-02,24573203,1772495999,Syrup USDC,0x80ac24aa929eaf5013f6436cda2a7ba190f5cc0b,1125047213.98,1125047213.98,530000001,595047212.98,1030063271.5281,2692850261.24744,1668587441.63983,7450496488.16,7450496488.16,1.153872375,0.6775604711,0.04562886496,0.04658729276
2026-03-02,24573203,1772495999,High Yield Secured Lending Maple Pool USDC1,0xc39a5a616f0ad1ff45077fa2de3f79ab8eb8b8b9,28356036,28356036,8000000,20356036,33187711.8916733,126125932.143885,93078462.4867188,1204079271.41,1204079271.41,1.263021533,0.3055078805,0.05035529235,0.05522993304
2026-03-01,24566043,1772409599,Syrup USDC,0x80ac24aa929eaf5013f6436cda2a7ba190f5cc0b,1125047213.98,1125047213.98,530000001,595047212.98,972996151.595801,2652132082.0593,1684883055.16779,7450496488.16,7450496488.16,1.153734354,0.6712497738,0.04561733178,0.04684192942
2026-03-01,24566043,1772409599,Syrup USDT,0x356b8d89c1e1239cbbb9de4815c39a1474d5ba7d,638312908.248,638312908.248,411400000,226912908.248,347838396.318711,1011619433.62313,663785893.717747,6228623618.48,6228623618.48,1.118013324,0.9628907684,0.04416783117,0.04239475545
2026-03-01,24566043,1772409599,High Yield Secured Lending Maple Pool USDC1,0xc39a5a616f0ad1ff45077fa2de3f79ab8eb8b8b9,28356036,28356036,8000000,20356036,31176804.5074569,123988158.923869,92945356.8875911,1204079271.41,1204079271.41,1.262848929,0.3059071652,0.05152532128,0.05634909001
2026-02-28,24558867,1772323199,Syrup USDT,0x356b8d89c1e1239cbbb9de4815c39a1474d5ba7d,638312908.248,638312908.248,411400000,226912908.248,358145132.173681,1015843588.38941,657702192.851085,6228623618.48,6228623618.48,1.117878891,0.9717011359,0.04417307446,0.04245296857
2026-02-28,24558867,1772323199,Syrup USDC,0x80ac24aa929eaf5013f6436cda2a7ba190f5cc0b,1125047213.98,1125047213.98,530000001,595047212.98,1001320825.07248,2678912407.83095,1683284838.34002,7450496488.16,7450496488.16,1.153592044,0.6718096368,0.04571102712,0.04707071476
2026-02-28,24558867,1772323199,High Yield Secured Lending Maple Pool USDC1,0xc39a5a616f0ad1ff45077fa2de3f79ab8eb8b8b9,28356036,28356036,8000000,20356036,32096362.8684697,124900357.558426,92931762.5031994,1204079271.41,1204079271.41,1.262664222,0.3059125836,0.05081167662,0.05663727259
2026-02-27,24551711,1772236799,Syrup USDC,0x80ac24aa929eaf5013f6436cda2a7ba190f5cc0b,1125047213.98,1125047213.98,530000001,595047212.98,978236550.924137,2660555167.73137,1687958014.09588,7450496488.16,7450496488.16,1.153445913,0.6698597912,0.04556169948,0.04728413808
2026-02-27,24551711,1772236799,High Yield Secured Lending Maple Pool USDC1,0xc39a5a616f0ad1ff45077fa2de3f79ab8eb8b8b9,28356036,28356036,8000000,20356036,31388558.3698085,124478333.03801,93211282.4727267,1204079271.41,1204079271.41,1.262501951,0.3049535784,0.05095133903,0.05686508097
2026-02-27,24551711,1772236799,Syrup USDT,0x356b8d89c1e1239cbbb9de4815c39a1474d5ba7d,638312908.248,638312908.248,411400000,226912908.248,349853421.544672,994945620.380144,645095227.300421,6228623618.48,6228623618.48,1.117740906,0.9906027069,0.0437216602,0.04248776569
2026-02-26,24544538,1772150399,High Yield Secured Lending Maple Pool USDC1,0xc39a5a616f0ad1ff45077fa2de3f79ab8eb8b8b9,28356036,28356036,8000000,20356036,32320998.5048198,128112870.579001,95906916.7899061,1204079271.41,1204079271.41,1.26234057,0.2963242993,0.05286230242,0.05853832117
2026-02-26,24544538,1772150399,Syrup USDT,0x356b8d89c1e1239cbbb9de4815c39a1474d5ba7d,638312908.248,638312908.248,411400000,226912908.248,361936519.72582,1008935173.66936,647001363.642925,6228623618.48,6228623618.48,1.117604666,0.9877315911,0.04344966906,0.04250182501
2026-02-26,24544538,1772150399,Syrup USDC,0x80ac24aa929eaf5013f6436cda2a7ba190f5cc0b,1125047213.98,1125047213.98,530000001,595047212.98,1009322827.24456,2690863911.18053,1687126204.34235,7450496488.16,7450496488.16,1.153305349,0.6701703301,0.04554726098,0.04757747066
2026-02-25,24537365,1772063999,Syrup USDT,0x356b8d89c1e1239cbbb9de4815c39a1474d5ba7d,638312908.248,638312908.248,411400000,226912908.248,370229513.013498,1012216840.30167,641989839.265724,6228623618.48,6228623618.48,1.117475262,0.9953567989,0.04369198787,0.04259234422
2026-02-25,24537365,1772063999,High Yield Secured Lending Maple Pool USDC1,0xc39a5a616f0ad1ff45077fa2de3f79ab8eb8b8b9,28356036,28356036,8000000,20356036,32740016.8204127,128515838.527895,95884344.5411394,1204079271.41,1204079271.41,1.262153684,0.2963562985,0.05193194867,0.05924131526
2026-02-25,24537365,1772063999,Syrup USDC,0x80ac24aa929eaf5013f6436cda2a7ba190f5cc0b,1144047213.98,1144047213.98,540000001,604047212.98,1042787303.04368,2734352436.64577,1697096993.69422,7450496488.16,7450496488.16,1.153166442,0.677419266,0.04549226116,0.04790165289
2026-02-24,24530203,1771977599,Syrup USDC,0x80ac24aa929eaf5013f6436cda2a7ba190f5cc0b,1144047213.98,1144047213.98,540000001,604047212.98,975028458.559413,2663301502.38063,1693751653.15323,7450496488.16,7450496488.16,1.153023206,0.6786821212,0.04535284933,0.04816749621
2026-02-24,24530203,1771977599,Syrup USDT,0x356b8d89c1e1239cbbb9de4815c39a1474d5ba7d,602312908.248,602312908.248,375400000,226912908.248,343986935.632096,951940845.568151,607955417.014259,6228623618.48,6228623618.48,1.117348758,0.9917829892,0.0437377566,0.04270475054
2026-02-24,24530203,1771977599,High Yield Secured Lending Maple Pool USDC1,0xc39a5a616f0ad1ff45077fa2de3f79ab8eb8b8b9,28356036,28356036,8000000,20356036,30675340.994913,125856639.92659,95283344.8549677,1204079271.41,1204079271.41,1.261992393,0.298191294,0.05219660569,0.05946933223
2026-02-23,24523029,1771891199,Syrup USDT,0x356b8d89c1e1239cbbb9de4815c39a1474d5ba7d,602312908.248,602312908.248,375400000,226912908.248,345692576.597803,955503218.424668,609811896.251595,6228623618.48,6228623618.48,1.117219789,0.988975205,0.04340902555,0.04281991162
2026-02-23,24523029,1771891199,High Yield Secured Lending Maple Pool USDC1,0xc39a5a616f0ad1ff45077fa2de3f79ab8eb8b8b9,28356036,28356036,8000000,20356036,30951178.3990183,130199484.583233,99343637.440104,1204079271.41,1204079271.41,1.261832087,0.2859446656,0.05252369436,0.06050779402
2026-02-23,24523029,1771891199,Syrup USDC,0x80ac24aa929eaf5013f6436cda2a7ba190f5cc0b,1144047213.98,1144047213.98,540000001,604047212.98,980941821.387285,2678076994.67928,1702560363.13775,7450496488.16,7450496488.16,1.152885433,0.6750731655,0.04549803757,0.0484923795
2026-02-22,24515859,1771804799,High Yield Secured Lending Maple Pool USDC1,0xc39a5a616f0ad1ff45077fa2de3f79ab8eb8b8b9,28356036,28356036,8000000,20356036,32352284.2756166,133190516.085255,100926663.269593,1204079271.41,1204079271.41,1.261632708,0.281416504,0.05669648571,0.06173498863
2026-02-22,24515859,1771804799,Syrup USDT,0x356b8d89c1e1239cbbb9de4815c39a1474d5ba7d,602312908.248,602312908.248,375400000,226912908.248,360523961.030118,968734327.640144,608211352.379356,6228623618.48,6228623618.48,1.117087007,0.991560428,0.04285032345,0.04292694574
2026-02-22,24515859,1771804799,Syrup USDC,0x80ac24aa929eaf5013f6436cda2a7ba190f5cc0b,1144047213.98,1144047213.98,540000001,604047212.98,1021176910.49732,2730439378.43659,1714633542.48096,7450496488.16,7450496488.16,1.152747773,0.6702179162,0.0456551073,0.04882753798
2026-02-21,24508681,1771718399,High Yield Secured Lending Maple Pool USDC1,0xc39a5a616f0ad1ff45077fa2de3f79ab8eb8b8b9,28356036,28356036,8000000,20356036,32526626.0269885,134379304.88495,101934032.689447,1204079271.41,1204079271.41,1.261464603,0.2785958547,0.05660738769,0.06188100231
2026-02-21,24508681,1771718399,Syrup USDT,0x356b8d89c1e1239cbbb9de4815c39a1474d5ba7d,602312908.248,602312908.248,375400000,226912908.248,365501288.149787,976807608.068112,611307021.267924,6228623618.48,6228623618.48,1.116952579,0.9864273017,0.04221067505,0.04303533792
2026-02-21,24508681,1771718399,Syrup USDC,0x80ac24aa929eaf5013f6436cda2a7ba190f5cc0b,1144047213.98,1144047213.98,540000001,604047212.98,1032798356.7559,2744669579.66841,1717187269.43535,7450496488.16,7450496488.16,1.152603605,0.6691366381,0.0455135936,0.04909201255
2026-02-20,24501511,1771631999,Syrup USDT,0x356b8d89c1e1239cbbb9de4815c39a1474d5ba7d,602312908.248,602312908.248,375400000,226912908.248,364597451.944651,976785145.628716,612187904.55957,6228623618.48,6228623618.48,1.116823969,0.9849007765,0.04194590675,0.04322130821
2026-02-20,24501511,1771631999,High Yield Secured Lending Maple Pool USDC1,0xc39a5a616f0ad1ff45077fa2de3f79ab8eb8b8b9,28356036,28356036,8000000,20356036,32541736.4152703,134395163.66329,101927672.209265,1204079271.41,1204079271.41,1.261299271,0.2785781565,0.05661913606,0.06217457023
2026-02-20,24501511,1771631999,Syrup USDC,0x80ac24aa929eaf5013f6436cda2a7ba190f5cc0b,1144047213.98,1144047213.98,540000001,604047212.98,1032432086.6248,2744377875.04041,1717206631.02724,7450496488.16,7450496488.16,1.152460755,0.6690489174,0.04543713445,0.04936828736
2026-02-19,24494335,1771545599,Syrup USDT,0x356b8d89c1e1239cbbb9de4815c39a1474d5ba7d,609912908.248,609912908.248,383000000,226912908.248,357901475.23779,969966724.020836,612072563.010654,6228623618.48,6228623618.48,1.116693423,0.9974777602,0.04219222393,0.04341140014
2026-02-19,24494335,1771545599,High Yield Secured Lending Maple Pool USDC1,0xc39a5a616f0ad1ff45077fa2de3f79ab8eb8b8b9,28356036,28356036,8000000,20356036,32005204.1755124,133787323.138694,101849260.246386,1204079271.41,1204079271.41,1.261094107,0.2787577823,0.05489698932,0.06368411355
2026-02-19,24494335,1771545599,Syrup USDC,0x80ac24aa929eaf5013f6436cda2a7ba190f5cc0b,1144047213.98,1144047213.98,540000001,604047212.98,1014174553.46383,2721815698.33788,1712846681.67783,7450496488.16,7450496488.16,1.152320616,0.6706786027,0.0454878414,0.04959681243
2026-02-18,24487167,1771459199,Syrup USDT,0x356b8d89c1e1239cbbb9de4815c39a1474d5ba7d,609912908.248,609912908.248,383000000,226912908.248,357140753.099797,973284908.703317,616151357.619602,6228623618.48,6228623618.48,1.116559152,0.9907622712,0.04127596016,0.04358462599
2026-02-18,24487167,1771459199,High Yield Secured Lending Maple Pool USDC1,0xc39a5a616f0ad1ff45077fa2de3f79ab8eb8b8b9,36731036,36731036,8000000,28731036,39789304.3248931,141462374.257063,101733788.434342,1191424271.41,1191424271.41,1.260928783,0.362396765,0.06017067787,0.06409310583
2026-02-18,24487167,1771459199,Syrup USDC,0x80ac24aa929eaf5013f6436cda2a7ba190f5cc0b,1144047213.98,1144047213.98,540000001,604047212.98,1012099373.16651,2698296848.38,1691348836.64782,7450496488.16,7450496488.16,1.15218299,0.6791567142,0.04565005505,0.04981508051
2026-02-17,24479994,1771372799,Syrup USDC,0x80ac24aa929eaf5013f6436cda2a7ba190f5cc0b,1144047213.98,1144047213.98,540000001,604047212.98,1036225971.81156,2721912993.06929,1690785770.01884,7450496488.16,7450496488.16,1.152042823,0.6794224156,0.04569497306,0.05001197223
2026-02-17,24479994,1771372799,High Yield Secured Lending Maple Pool USDC1,0xc39a5a616f0ad1ff45077fa2de3f79ab8eb8b8b9,36731036,36731036,8000000,28731036,40334460.3956098,141035891.170499,100755940.926532,1191424271.41,1191424271.41,1.260761566,0.3658781666,0.0594420963,0.06449838507
2026-02-17,24479994,1771372799,Syrup USDT,0x356b8d89c1e1239cbbb9de4815c39a1474d5ba7d,591912908.248,591912908.248,365000000,226912908.248,366922950.252056,978020016.611782,611103522.362102,6228623618.48,6228623618.48,1.116431813,0.9695403695,0.04064213339,0.04380908053
2026-02-16,24472825,1771286399,High Yield Secured Lending Maple Pool USDC1,0xc39a5a616f0ad1ff45077fa2de3f79ab8eb8b8b9,36731036,36731036,8000000,28731036,40853244.2374299,140258990.60243,99454149.5426626,1191424271.41,1191424271.41,1.260593903,0.3706350525,0.05850913951,0.06639971357
2026-02-16,24472825,1771286399,Syrup USDC,0x80ac24aa929eaf5013f6436cda2a7ba190f5cc0b,1144047213.98,1144047213.98,540000001,604047212.98,1050286010.54829,2724052506.80189,1678813453.65467,7450496488.16,7450496488.16,1.151902098,0.6842036887,0.04570898295,0.05020289223
2026-02-16,24472825,1771286399,Syrup USDT,0x356b8d89c1e1239cbbb9de4815c39a1474d5ba7d,591912908.248,591912908.248,365000000,226912908.248,371514669.392905,972094880.165852,600586320.553466,6228623618.48,6228623618.48,1.116309694,0.9864419704,0.0401498184,0.04414642617
2026-02-15,24465653,1771199999,High Yield Secured Lending Maple Pool USDC1,0xc39a5a616f0ad1ff45077fa2de3f79ab8eb8b8b9,36731036,36731036,8000000,28731036,41002105.1840017,139616210.402821,98656489.5159665,1191424271.41,1191424271.41,1.260299081,0.3735921193,0.05391642443,0.0654760996
2026-02-15,24465653,1771199999,Syrup USDT,0x356b8d89c1e1239cbbb9de4815c39a1474d5ba7d,591912908.248,591912908.248,365000000,226912908.248,372652947.173606,982668288.544595,610020738.97958,6228623618.48,6228623618.48,1.116188485,0.9710671845,0.04015895054,0.04451017535
2026-02-15,24465653,1771199999,Syrup USDC,0x80ac24aa929eaf5013f6436cda2a7ba190f5cc0b,1144047213.98,1144047213.98,540000001,604047212.98,1053469179.49993,2713207935.24013,1664734667.92197,7450496488.16,7450496488.16,1.151761238,0.6899283647,0.04577070802,0.05039152538
2026-02-14,24458475,1771113599,Syrup USDC,0x80ac24aa929eaf5013f6436cda2a7ba190f5cc0b,1144047213.98,1144047213.98,540000001,604047212.98,1068744294.89332,2724214291.06201,1660415926.84469,7450496488.16,7450496488.16,1.151620182,0.6916448009,0.04601794704,0.05059774643
2026-02-14,24458475,1771113599,Syrup USDT,0x356b8d89c1e1239cbbb9de4815c39a1474d5ba7d,591912908.248,591912908.248,365000000,226912908.248,378295163.805396,982271224.406139,603980771.184367,6228623618.48,6228623618.48,1.116067297,0.9806783814,0.04029015025,0.04487875805
2026-02-14,24458475,1771113599,High Yield Secured Lending Maple Pool USDC1,0xc39a5a616f0ad1ff45077fa2de3f79ab8eb8b8b9,36731036,36731036,8000000,28731036,41488164.2513959,147443911.890256,105991628.825909,1191424271.41,1191424271.41,1.260133191,0.3476098749,0.05305711145,0.06589655277
2026-02-13,24451302,1771027199,Syrup USDT,0x356b8d89c1e1239cbbb9de4815c39a1474d5ba7d,591912908.248,591912908.248,365000000,226912908.248,365148453.818465,961525494.27395,596381374.55701,6228623618.48,6228623618.48,1.115944227,0.9931284879,0.04028297488,0.04522528587
2026-02-13,24451302,1771027199,Syrup USDC,0x80ac24aa929eaf5013f6436cda2a7ba190f5cc0b,1144047213.98,1144047213.98,540000001,604047212.98,1036924962.7417,2686824921.05805,1654796242.35031,7450496488.16,7450496488.16,1.151479069,0.6939170652,0.04630962313,0.05078457652
2026-02-13,24451302,1771027199,High Yield Secured Lending Maple Pool USDC1,0xc39a5a616f0ad1ff45077fa2de3f79ab8eb8b8b9,36731036,36731036,8000000,28731036,40987294.2079233,145935823.328398,104977813.649589,1191424271.41,1191424271.41,1.259967765,0.3509309647,0.05263778235,0.06712469936
2026-02-12,24444138,1770940799,Syrup USDC,0x80ac24aa929eaf5013f6436cda2a7ba190f5cc0b,1144047213.98,1144047213.98,540000001,604047212.98,999486225.066171,2659029896.48,1664390260.10599,7450496488.16,7450496488.16,1.151337979,0.689878623,0.04657063137,0.05096444867
2026-02-12,24444138,1770940799,High Yield Secured Lending Maple Pool USDC1,0xc39a5a616f0ad1ff45077fa2de3f79ab8eb8b8b9,36731036,36731036,8000000,28731036,39693221.1986562,144546899.119976,104876396.626767,1191424271.41,1191424271.41,1.259802228,0.3512250275,0.05609388418,0.06809078297
2026-02-12,24444138,1770940799,Syrup USDT,0x356b8d89c1e1239cbbb9de4815c39a1474d5ba7d,551912908.248,551912908.248,325000000,226912908.248,350042349.530365,941164867.372899,591125123.806921,6228623618.48,6228623618.48,1.115808726,0.9345354113,0.03947256732,0.04543843329
2026-02-11,24436971,1770854399,Syrup USDC,0x80ac24aa929eaf5013f6436cda2a7ba190f5cc0b,1144047213.98,1144047213.98,540000001,604047212.98,1012922539.18822,2675127061.6057,1667000604.31955,7450496488.16,7450496488.16,1.151197045,0.6887097648,0.04689684664,0.05114348154
2026-02-11,24436971,1770854399,High Yield Secured Lending Maple Pool USDC1,0xc39a5a616f0ad1ff45077fa2de3f79ab8eb8b8b9,36731036,36731036,8000000,28731036,40247537.753645,145293444.865071,105062052.108937,1191424271.41,1191424271.41,1.259516611,0.3505564691,0.05046089459,0.06703579196
2026-02-11,24436971,1770854399,Syrup USDT,0x356b8d89c1e1239cbbb9de4815c39a1474d5ba7d,551912908.248,551912908.248,325000000,226912908.248,355570245.549676,951767098.225698,596197243.409595,6228623618.48,6228623618.48,1.115693381,0.926480838,0.03951697087,0.04585978621
2026-02-10,24429809,1770767999,High Yield Secured Lending Maple Pool USDC1,0xc39a5a616f0ad1ff45077fa2de3f79ab8eb8b8b9,94231036,94231036,8000000,86231036,238613019.944576,343874335.253559,105275204.862545,1191424271.41,1191424271.41,1.259366185,0.8977018729,0.05211087392,0.06878762462
2026-02-10,24429809,1770767999,Syrup USDT,0x356b8d89c1e1239cbbb9de4815c39a1474d5ba7d,606912908.248,606912908.248,380000000,226912908.248,363189300.53652,997911990.972707,634723009.902156,6228623618.48,6228623618.48,1.115579168,0.9568604027,0.03977678208,0.04618054092
2026-02-10,24429809,1770767999,Syrup USDC,0x80ac24aa929eaf5013f6436cda2a7ba190f5cc0b,1144047213.98,1144047213.98,540000001,604047212.98,1032151634.7893,2686672600.0374,1659266901.13348,7450496488.16,7450496488.16,1.151056049,0.6918458869,0.04709719917,0.05132393104
2026-02-09,24422653,1770681599,Syrup USDC,0x80ac24aa929eaf5013f6436cda2a7ba190f5cc0b,914047213.98,914047213.98,340000001,574047212.98,985483817.796962,2616860370.01174,1636079888.00957,7450496487.16,7450496487.16,1.150915149,0.5605546075,0.04800034265,0.05150541682
2026-02-09,24422653,1770681599,High Yield Secured Lending Maple Pool USDC1,0xc39a5a616f0ad1ff45077fa2de3f79ab8eb8b8b9,94231036,94231036,8000000,86231036,249270785.397599,355011092.565326,105753119.043964,1191424271.41,1191424271.41,1.259219982,0.8935292988,0.05899579118,0.06995175971
2026-02-09,24422653,1770681599,Syrup USDT,0x356b8d89c1e1239cbbb9de4815c39a1474d5ba7d,636912908.248,636912908.248,410000000,226912908.248,374145179.85719,1051131851.00382,676987011.822215,6228623618.48,6228623618.48,1.115467264,0.9413667156,0.04080572158,0.04643783278
2026-02-08,24415493,1770595199,Syrup USDT,0x356b8d89c1e1239cbbb9de4815c39a1474d5ba7d,676912908.248,676912908.248,450000000,226912908.248,375756534.819891,1055690222.04982,679935500.992586,6228623618.48,6228623618.48,1.11534596,0.9964352777,0.04149815027,0.04658866493
2026-02-08,24415493,1770595199,Syrup USDC,0x80ac24aa929eaf5013f6436cda2a7ba190f5cc0b,861047213.98,861047213.98,290000001,571047212.98,984442716.235758,2515693003.92418,1535888214.01802,7450496487.16,7450496487.16,1.150773107,0.5626398512,0.04883535749,0.05167044655
2026-02-08,24415493,1770595199,High Yield Secured Lending Maple Pool USDC1,0xc39a5a616f0ad1ff45077fa2de3f79ab8eb8b8b9,94231036,94231036,8000000,86231036,249031266.975696,355347594.336312,106328031.97661,1191424271.41,1191424271.41,1.259030471,0.8885815733,0.05819699743,0.0698939325
2026-02-07,24408384,1770508799,Syrup USDC,0x80ac24aa929eaf5013f6436cda2a7ba190f5cc0b,861047213.98,861047213.98,290000001,571047212.98,966199319.660318,2475787455.88538,1514164367.53194,7450496487.16,7450496487.16,1.150626956,0.5706683284,0.04946785827,0.05176441335
2026-02-07,24408384,1770508799,Syrup USDT,0x356b8d89c1e1239cbbb9de4815c39a1474d5ba7d,676912908.248,676912908.248,450000000,226912908.248,370135173.991328,1057535494.0454,687401895.656748,6228623618.48,6228623618.48,1.115222165,0.9854940879,0.04204683398,0.04677898794
2026-02-07,24408384,1770508799,High Yield Secured Lending Maple Pool USDC1,0xc39a5a616f0ad1ff45077fa2de3f79ab8eb8b8b9,94231036,94231036,8000000,86231036,246634694.859217,352881948.935954,106257821.794569,1191424271.41,1191424271.41,1.258884441,0.889066853,0.06111201022,0.07104666246
2026-02-06,24401222,1770422399,Syrup USDC,0x80ac24aa929eaf5013f6436cda2a7ba190f5cc0b,861047213.98,861047213.98,290000001,571047212.98,997583314.102329,2455688285.99878,1462620304.75894,7450496487.16,7450496487.16,1.150479813,0.5907744499,0.05010990845,0.05183974363
2026-02-06,24401222,1770422399,Syrup USDT,0x356b8d89c1e1239cbbb9de4815c39a1474d5ba7d,676912908.248,676912908.248,450000000,226912908.248,381519189.658477,1090487140.01883,708968766.627951,6228623618.48,6228623618.48,1.115099336,0.9553902326,0.04275210168,0.04689603657
2026-02-06,24401222,1770422399,High Yield Secured Lending Maple Pool USDC1,0xc39a5a616f0ad1ff45077fa2de3f79ab8eb8b8b9,94231036,94231036,8000000,86231036,245783645.016479,352018897.131139,106244684.126129,1191424271.41,1191424271.41,1.258728793,0.8890736654,0.06666756609,0.07276110063
2026-02-05,24394064,1770335999,Syrup USDT,0x356b8d89c1e1239cbbb9de4815c39a1474d5ba7d,759894661.86,759894661.86,525000000,234894661.86,316587745.038797,1142491162.92397,826010587.632577,6158521734.62,6158521734.62,1.114980602,0.9206166107,0.04375057927,0.04709137362
2026-02-05,24394064,1770335999,Syrup USDC,0x80ac24aa929eaf5013f6436cda2a7ba190f5cc0b,770764590.8,770764590.8,190000001,580764589.8,851011530.736945,2357011538.28459,1510470183.62351,7388669168.13,7388669168.13,1.150333342,0.5120671618,0.05087647435,0.05193053748
2026-02-05,24394064,1770335999,High Yield Secured Lending Maple Pool USDC1,0xc39a5a616f0ad1ff45077fa2de3f79ab8eb8b8b9,94231036,94231036,8000000,86231036,222379530.004964,328580188.535073,106209066.108198,1191424271.41,1191424271.41,1.258484303,0.8892700298,0.06524675465,0.07212977143
2026-02-04,24386914,1770249599,High Yield Secured Lending Maple Pool USDC1,0xc39a5a616f0ad1ff45077fa2de3f79ab8eb8b8b9,98585100,98585100,8000000,90585100,251042698.337215,352588731.621147,101554038.753201,1179424271.41,1179424271.41,1.25832804,0.9733446711,0.06647315409,0.07318026243
2026-02-04,24386914,1770249599,Syrup USDC,0x80ac24aa929eaf5013f6436cda2a7ba190f5cc0b,851615153.55,851615153.55,190000001,661615152.55,955772634.452079,2533812061.59773,1582442141.48138,6917031288.39,6917031288.39,1.150185657,0.5399440801,0.05170100274,0.0519993683
2026-02-04,24386914,1770249599,Syrup USDT,0x356b8d89c1e1239cbbb9de4815c39a1474d5ba7d,770771557.43,770771557.43,525000000,245771557.43,325203703.301871,1140259132.14143,815158918.054703,6009502001.33,6009502001.33,1.114864429,0.9467472559,0.04494796198,0.04732810735
2026-02-03,24379762,1770163199,Syrup USDT,0x356b8d89c1e1239cbbb9de4815c39a1474d5ba7d,770771557.43,770771557.43,525000000,245771557.43,332883698.701598,1136692955.51832,803910496.235108,6009502001.33,6009502001.33,1.114744958,0.9599073814,0.0458111991,0.04757779352
2026-02-03,24379762,1770163199,Syrup USDC,0x80ac24aa929eaf5013f6436cda2a7ba190f5cc0b,959075081.87,959075081.87,190000001,769075080.87,1114590181.50547,2692577803.63497,1582328881.54266,6849941579.87,6849941579.87,1.150040565,0.6081360455,0.05272889945,0.05210943405
2026-02-03,24379762,1770163199,High Yield Secured Lending Maple Pool USDC1,0xc39a5a616f0ad1ff45077fa2de3f79ab8eb8b8b9,98585100,98585100,8000000,90585100,264282211.48585,366321300.126511,102046793.021064,1179424271.41,1179424271.41,1.258139885,0.9685102967,0.07251372019,0.07416055242
2026-02-02,24372613,1770076799,Syrup USDT,0x356b8d89c1e1239cbbb9de4815c39a1474d5ba7d,754667849.43,754667849.43,350000000,404667849.43,548115286.379686,1358257039.34459,810239199.809483,6004502001.33,6004502001.33,1.114611995,0.9326843845,0.04601006049,0.04771217589
2026-02-02,24372613,1770076799,High Yield Secured Lending Maple Pool USDC1,0xc39a5a616f0ad1ff45077fa2de3f79ab8eb8b8b9,98585100,98585100,8000000,90585100,277067997.258834,380647769.206548,103587043.268674,1179424271.41,1179424271.41,1.257836472,0.9539541288,0.07035920375,0.07346451965
2026-02-02,24372613,1770076799,Syrup USDC,0x80ac24aa929eaf5013f6436cda2a7ba190f5cc0b,1009677709.87,1009677709.87,190000001,819677708.87,1200267920.17054,2672650305.80087,1476675489.07636,6505017246.53,6505017246.53,1.149880776,0.6871616803,0.05310934062,0.05206965125
2026-02-01,24365453,1769990399,Syrup USDC,0x80ac24aa929eaf5013f6436cda2a7ba190f5cc0b,1009677709.87,1009677709.87,190000001,819677708.87,1156948280.00544,2638891280.58251,1486190828.40861,6455017246.53,6455017246.53,1.149721301,0.6827665886,0.05345912571,0.05204172661
2026-02-01,24365453,1769990399,High Yield Secured Lending Maple Pool USDC1,0xc39a5a616f0ad1ff45077fa2de3f79ab8eb8b8b9,98585100,98585100,8000000,90585100,271566877.461553,375133009.120987,103572952.306455,1121924271.41,1121924271.41,1.257665368,0.955212365,0.07088678477,0.07379558501
2026-02-01,24365453,1769990399,Syrup USDT,0x356b8d89c1e1239cbbb9de4815c39a1474d5ba7d,754667849.43,754667849.43,350000000,404667849.43,536688601.169617,1361464216.49925,824868937.971908,5904502001.33,5904502001.33,1.114476569,0.9167318895,0.04604082535,0.04781378995
2026-01-31,24358292,1769903999,Syrup USDC,0x80ac24aa929eaf5013f6436cda2a7ba190f5cc0b,1009677709.87,1009677709.87,190000001,819677708.87,1169125932.93599,2649418841.10597,1484494826.65529,6432017246.53,6432017246.53,1.149561991,0.683483149,0.05381047318,0.05222226057
2026-01-31,24358292,1769903999,Syrup USDT,0x356b8d89c1e1239cbbb9de4815c39a1474d5ba7d,754667849.43,754667849.43,350000000,404667849.43,541781751.082458,1362206492.91524,820513516.984632,5904502001.33,5904502001.33,1.114341615,0.921495359,0.04622680579,0.04777177071
2026-01-31,24358292,1769903999,High Yield Secured Lending Maple Pool USDC1,0xc39a5a616f0ad1ff45077fa2de3f79ab8eb8b8b9,99230000,99230000,8000000,91230000,281586786.253096,385135829.57512,103555475.89749,1121924271.41,1121924271.41,1.257453155,0.9615472536,0.07305591611,0.07526382708
2026-01-30,24351127,1769817599,High Yield Secured Lending Maple Pool USDC1,0xc39a5a616f0ad1ff45077fa2de3f79ab8eb8b8b9,99230000,99230000,8000000,91230000,312506588.653186,416032842.723063,103532303.398623,1121924271.41,1121924271.41,1.257171776,0.9616404374,0.07469554962,0.07479435753
2026-01-30,24351127,1769817599,Syrup USDT,0x356b8d89c1e1239cbbb9de4815c39a1474d5ba7d,764535000,764535000,350000000,414535000,549380483.242573,1337803409.99363,788508393.665416,5815717001.33,5815717001.33,1.114204425,0.971508368,0.04645444333,0.04786651146
2026-01-30,24351127,1769817599,Syrup USDC,0x80ac24aa929eaf5013f6436cda2a7ba190f5cc0b,1028164957.68,1028164957.68,190000001,838164956.68,1189283579.28675,2646512352.5384,1461386728.52948,6267676673.19,6267676673.19,1.149401503,0.7073604424,0.05414365263,0.05251792481
2026-01-29,24343955,1769731199,Syrup USDT,0x356b8d89c1e1239cbbb9de4815c39a1474d5ba7d,764535000,764535000,350000000,414535000,549050796.481139,1342408571.01022,793441297.492692,5815717001.33,5815717001.33,1.114065337,0.9653355878,0.04667535685,0.04789434263
2026-01-29,24343955,1769731199,Syrup USDC,0x80ac24aa929eaf5013f6436cda2a7ba190f5cc0b,1037187957.68,1037187957.68,190000001,847187956.68,1212313470.96716,2652396704.92253,1444201080.28669,6267676673.19,6267676673.19,1.149239087,0.7220538469,0.05438996066,0.05266528453
2026-01-29,24343955,1769731199,High Yield Secured Lending Maple Pool USDC1,0xc39a5a616f0ad1ff45077fa2de3f79ab8eb8b8b9,99230000,99230000,8000000,91230000,323636578.260388,424477533.486671,100846701.973829,1121924271.41,1121924271.41,1.256959719,0.9872085038,0.07334380405,0.0746884681
2026-01-28,24336785,1769644799,High Yield Secured Lending Maple Pool USDC1,0xc39a5a616f0ad1ff45077fa2de3f79ab8eb8b8b9,91230000,91230000,0,91230000,345399598.981706,444729383.904914,99334882.2532362,1121924271.41,1121924271.41,1.256775912,0.9213622181,0.07376643738,0.07645536642
2026-01-28,24336785,1769644799,Syrup USDC,0x80ac24aa929eaf5013f6436cda2a7ba190f5cc0b,1037187957.68,1037187957.68,190000001,847187956.68,1269515805.95525,2616442898.78274,1351010660.10556,6267676673.19,6267676673.19,1.149074258,0.7720326148,0.05450827597,0.05280861407
2026-01-28,24336785,1769644799,Syrup USDT,0x356b8d89c1e1239cbbb9de4815c39a1474d5ba7d,764535000,764535000,350000000,414535000,573991430.835895,1398046327.13191,824135480.637847,5815717001.33,5815717001.33,1.113924767,0.9294744837,0.04687277522,0.04786843162
2026-01-27,24329613,1769558399,High Yield Secured Lending Maple Pool USDC1,0xc39a5a616f0ad1ff45077fa2de3f79ab8eb8b8b9,91230000,91230000,0,91230000,345482640.110889,444937290.044793,99459022.7502317,1121924271.41,1121924271.41,1.256451884,0.9200942901,0.07497327559,0.07538419031
2026-01-27,24329613,1769558399,Syrup USDC,0x80ac24aa929eaf5013f6436cda2a7ba190f5cc0b,1037187957.68,1037187957.68,190000001,847187956.68,1268090520.72627,2624422019.54553,1360384929.70854,6265676673.19,6265676673.19,1.148907781,0.7666837167,0.0542122045,0.05283538341
2026-01-27,24329613,1769558399,Syrup USDT,0x356b8d89c1e1239cbbb9de4815c39a1474d5ba7d,764535000,764535000,350000000,414535000,573983660.058228,1394930007.47677,821023106.394763,5815717001.33,5815717001.33,1.113787758,0.9328896916,0.04735698879,0.0480082866
2026-01-26,24322443,1769471999,Syrup USDT,0x356b8d89c1e1239cbbb9de4815c39a1474d5ba7d,764535000,764535000,350000000,414535000,566874213.024722,1388712126.54995,821911009.852025,5815717001.33,5815717001.33,1.113650848,0.931765406,0.04795577054,0.04808796939
2026-01-26,24322443,1769471999,Syrup USDC,0x80ac24aa929eaf5013f6436cda2a7ba190f5cc0b,1037187957.68,1037187957.68,190000001,847187956.68,1251446827.96942,2551224200.02644,1303803252.40253,6265676673.19,6265676673.19,1.14874019,0.8000305381,0.05369838757,0.05284455565
2026-01-26,24322443,1769471999,High Yield Secured Lending Maple Pool USDC1,0xc39a5a616f0ad1ff45077fa2de3f79ab8eb8b8b9,91230000,91230000,0,91230000,336024991.300778,434899498.271225,98878156.7542021,1121924271.41,1121924271.41,1.256197322,0.9254006928,0.0727377844,0.074645392
2026-01-25,24315273,1769385599,Syrup USDC,0x80ac24aa929eaf5013f6436cda2a7ba190f5cc0b,987187957.68,987187957.68,140000001,847187956.68,1219584117.29723,2520572099.92736,1304984648.57314,6265676673.19,6265676673.19,1.148573557,0.7606812188,0.05325934148,0.05291461488
2026-01-25,24315273,1769385599,Syrup USDT,0x356b8d89c1e1239cbbb9de4815c39a1474d5ba7d,684535000,684535000,270000000,414535000,552870338.073893,1368465484.93812,815661222.908979,5815717001.33,5815717001.33,1.11351491,0.8406265276,0.04848353797,0.04819789431
2026-01-25,24315273,1769385599,High Yield Secured Lending Maple Pool USDC1,0xc39a5a616f0ad1ff45077fa2de3f79ab8eb8b8b9,91230000,91230000,0,91230000,323284000.882904,422464515.547498,99183441.9932656,1121924271.41,1121924271.41,1.256014571,0.9235235917,0.0737692655,0.07602518024
2026-01-24,24308099,1769299199,High Yield Secured Lending Maple Pool USDC1,0xc39a5a616f0ad1ff45077fa2de3f79ab8eb8b8b9,91230000,91230000,0,91230000,339983874.459343,439133474.822928,99151799.058133,1121924271.41,1121924271.41,1.255753904,0.9237043458,0.07781438305,0.0763570913
2026-01-24,24308099,1769299199,Syrup USDT,0x356b8d89c1e1239cbbb9de4815c39a1474d5ba7d,695750000,695750000,270000000,425750000,574908718.890395,1360571955.62663,785722349.640789,5715717001.33,5715717001.33,1.113376277,0.8871153016,0.04910919832,0.04840116611
2026-01-24,24308099,1769299199,Syrup USDC,0x80ac24aa929eaf5013f6436cda2a7ba190f5cc0b,987187957.68,987187957.68,140000001,847187956.68,1262564016.82077,2536757095.39585,1278160271.75063,6265676673.19,6265676673.19,1.148407063,0.7766213305,0.05282748668,0.05294717148
2026-01-23,24300927,1769212799,Syrup USDC,0x80ac24aa929eaf5013f6436cda2a7ba190f5cc0b,987187957.68,987187957.68,140000001,847187956.68,1264908251.81583,2536042163.46937,1275073407.26565,6265676673.19,6265676673.19,1.148239775,0.7783977355,0.05235402561,0.0529607931
2026-01-23,24300927,1769212799,Syrup USDT,0x356b8d89c1e1239cbbb9de4815c39a1474d5ba7d,695750000,695750000,270000000,425750000,576136544.247454,1356277414.53747,780193724.253387,5715717001.33,5715717001.33,1.113234562,0.8932989116,0.04965203526,0.04856599852
2026-01-23,24300927,1769212799,High Yield Secured Lending Maple Pool USDC1,0xc39a5a616f0ad1ff45077fa2de3f79ab8eb8b8b9,91230000,91230000,0,91230000,339845036.196358,438937307.371533,99093745.3768074,1121924271.41,1121924271.41,1.255436143,0.924132379,0.07274635234,0.07495520275
2026-01-22,24293765,1769126399,Syrup USDT,0x356b8d89c1e1239cbbb9de4815c39a1474d5ba7d,645750000,645750000,220000000,425750000,575385680.869283,1352306348.06278,776963851.807927,5715717001.33,5715717001.33,1.113091089,0.8326231452,0.05012775235,0.04849171116
2026-01-22,24293765,1769126399,High Yield Secured Lending Maple Pool USDC1,0xc39a5a616f0ad1ff45077fa2de3f79ab8eb8b8b9,91230000,91230000,0,91230000,339044352.849049,435154311.634449,96110767.9252688,1121924271.41,1121924271.41,1.255254677,0.9528047367,0.07383811277,0.07634075922
2026-01-22,24293765,1769126399,Syrup USDC,0x80ac24aa929eaf5013f6436cda2a7ba190f5cc0b,987187957.68,987187957.68,140000001,847187956.68,1262314800.42245,2527098257.70409,1268695505.24557,6265676673.19,6265676673.19,1.148072378,0.7822169336,0.0519599082,0.05293506775
2026-01-21,24286607,1769039999,Syrup USDC,0x80ac24aa929eaf5013f6436cda2a7ba190f5cc0b,987187957.68,987187957.68,140000001,847187956.68,1275999224.68702,2560822474.48481,1288707281.83997,6265676673.19,6265676673.19,1.147905247,0.7698952819,0.05149762828,0.05278664327
2026-01-21,24286607,1769039999,High Yield Secured Lending Maple Pool USDC1,0xc39a5a616f0ad1ff45077fa2de3f79ab8eb8b8b9,91230000,91230000,0,91230000,345173299.521015,439380431.607059,94207644.1767413,1121924271.41,1121924271.41,1.255061644,0.9720038668,0.07788516914,0.0773855166
2026-01-21,24286607,1769039999,Syrup USDT,0x356b8d89c1e1239cbbb9de4815c39a1474d5ba7d,645750000,645750000,220000000,425750000,580944751.488027,1340037862.87249,759125843.684531,5715717001.33,5715717001.33,1.112946615,0.852111889,0.05055099295,0.04837225207
2026-01-20,24279434,1768953599,High Yield Secured Lending Maple Pool USDC1,0xc39a5a616f0ad1ff45077fa2de3f79ab8eb8b8b9,91230000,91230000,0,91230000,338384117.872824,432550131.180438,94166273.7689497,1121924271.41,1121924271.41,1.254711027,0.9723098325,0.07375457885,0.0756382377
2026-01-20,24279434,1768953599,Syrup USDC,0x80ac24aa929eaf5013f6436cda2a7ba190f5cc0b,837187957.68,837187957.68,90000001,747187956.68,1122561326.90796,2508677479.11317,1389955915.15814,6265676673.19,6265676673.19,1.14774512,0.6050475733,0.05133870403,0.05269936359
2026-01-20,24279434,1768953599,Syrup USDT,0x356b8d89c1e1239cbbb9de4815c39a1474d5ba7d,645750000,645750000,220000000,425750000,568065056.303004,1306053366.01663,738011575.020913,5715717001.33,5715717001.33,1.112799858,0.8764157687,0.05089709292,0.04820129627
2026-01-19,24272265,1768867199,Syrup USDC,0x80ac24aa929eaf5013f6436cda2a7ba190f5cc0b,837187957.68,837187957.68,90000001,747187956.68,1178096072.6868,2564131335.59578,1389822108.36079,6265676673.19,6265676673.19,1.147588428,0.6050431515,0.05133241481,0.05265272117
2026-01-19,24272265,1768867199,High Yield Secured Lending Maple Pool USDC1,0xc39a5a616f0ad1ff45077fa2de3f79ab8eb8b8b9,91230000,91230000,0,91230000,363825038.774541,456400665.611689,92575742.4115681,1121924271.41,1121924271.41,1.254506901,0.9889504488,0.07279290777,0.07660337229
2026-01-19,24272265,1768867199,Syrup USDT,0x356b8d89c1e1239cbbb9de4815c39a1474d5ba7d,645750000,645750000,220000000,425750000,595496702.346301,1332753968.98432,737271462.066834,5715717001.33,5715717001.33,1.112650874,0.877179395,0.05103998021,0.04799577249
2026-01-18,24265091,1768780799,High Yield Secured Lending Maple Pool USDC1,0xc39a5a616f0ad1ff45077fa2de3f79ab8eb8b8b9,91230000,91230000,0,91230000,381214799.340501,473747848.153266,92533069.2739955,1121924271.41,1121924271.41,1.254301277,0.989282832,0.07785871594,0.07793420439
2026-01-18,24265091,1768780799,Syrup USDT,0x356b8d89c1e1239cbbb9de4815c39a1474d5ba7d,645750000,645750000,220000000,425750000,616693212.220861,1296872362.4076,680188006.793671,5715717001.33,5715717001.33,1.112504316,0.9507818155,0.05081258389,0.04781552689
2026-01-18,24265091,1768780799,Syrup USDC,0x80ac24aa929eaf5013f6436cda2a7ba190f5cc0b,837187957.68,837187957.68,90000001,747187956.68,1218539174.31479,2589786214.58677,1374981841.11684,6265676673.19,6265676673.19,1.147431133,0.6115183412,0.05130604189,0.05253503916
2026-01-17,24257909,1768694399,Syrup USDT,0x356b8d89c1e1239cbbb9de4815c39a1474d5ba7d,645750000,645750000,220000000,425750000,615932928.746533,1279497150.98299,663571267.427379,5715717001.33,5715717001.33,1.112353082,0.9744925283,0.04996787251,0.04757545114
2026-01-17,24257909,1768694399,High Yield Secured Lending Maple Pool USDC1,0xc39a5a616f0ad1ff45077fa2de3f79ab8eb8b8b9,91230000,91230000,0,91230000,376306053.603512,469434113.297471,93128059.6939789,1121924271.41,1121924271.41,1.253950538,0.9828180414,0.07370245157,0.07634456983
2026-01-17,24257909,1768694399,Syrup USDC,0x80ac24aa929eaf5013f6436cda2a7ba190f5cc0b,837187957.68,837187957.68,90000001,747187956.68,1216923021.27976,2593317620.11752,1380077383.13946,6265676673.19,6265676673.19,1.147273828,0.6091670002,0.05127868051,0.05242521813
2026-01-16,24250737,1768607999,Syrup USDT,0x356b8d89c1e1239cbbb9de4815c39a1474d5ba7d,645750000,645750000,220000000,425750000,618465736.596071,1276770787.95991,658311167.119967,5715717001.33,5715717001.33,1.112200463,0.9821546146,0.04905869849,0.04733695818
2026-01-16,24250737,1768607999,Syrup USDC,0x80ac24aa929eaf5013f6436cda2a7ba190f5cc0b,837187957.68,837187957.68,90000001,747187956.68,1221224767.92815,2594790490.66497,1377196301.28788,6265676673.19,6265676673.19,1.1471166,0.6103626053,0.05123861232,0.05244860917
2026-01-16,24250737,1768607999,High Yield Secured Lending Maple Pool USDC1,0xc39a5a616f0ad1ff45077fa2de3f79ab8eb8b8b9,91230000,91230000,0,91230000,375720322.906441,467545347.046784,91825024.1403633,1121924271.41,1121924271.41,1.253746555,0.9966846878,0.07277255494,0.0773191757
2026-01-15,24243557,1768521599,Syrup USDC,0x80ac24aa929eaf5013f6436cda2a7ba190f5cc0b,837187957.68,837187957.68,90000001,747187956.68,1222139520.96829,2596377442.63259,1377816406.0172,6242676673.19,6242676673.19,1.146957606,0.6100557585,0.05100524171,0.05246956338
2026-01-15,24243557,1768521599,Syrup USDT,0x356b8d89c1e1239cbbb9de4815c39a1474d5ba7d,645750000,645750000,220000000,425750000,618233913.165726,1273637958.04103,655409473.898544,5715717001.33,5715717001.33,1.11204746,0.9863723309,0.04842248705,0.04708887313
2026-01-15,24243557,1768521599,High Yield Secured Lending Maple Pool USDC1,0xc39a5a616f0ad1ff45077fa2de3f79ab8eb8b8b9,91230000,91230000,0,91230000,377284442.123662,468794432.166375,91509990.0427327,1121924271.41,1121924271.41,1.253540878,0.9999998725,0.07503686976,0.07864697733
2026-01-14,24236386,1768435199,Syrup USDT,0x356b8d89c1e1239cbbb9de4815c39a1474d5ba7d,645750000,645750000,220000000,425750000,629895501.202068,1294101667.47499,664210904.66695,5615717001.33,5615717001.33,1.111894529,0.9732342625,0.04742821482,0.04694129236
2026-01-14,24236386,1768435199,Syrup USDC,0x80ac24aa929eaf5013f6436cda2a7ba190f5cc0b,837187957.68,837187957.68,90000001,747187956.68,1246656178.6158,2619239715.85599,1376110087.97495,6242676673.19,6242676673.19,1.146800305,0.610731138,0.05081994368,0.0525444927
2026-01-14,24236386,1768435199,High Yield Secured Lending Maple Pool USDC1,0xc39a5a616f0ad1ff45077fa2de3f79ab8eb8b8b9,91230000,91230000,0,91230000,380979883.317199,473092104.844113,92124124.0759281,1115049271.41,1115049271.41,1.253257693,0.9933166238,0.07667345193,0.07776285868
2026-01-13,24229220,1768348799,Syrup USDT,0x356b8d89c1e1239cbbb9de4815c39a1474d5ba7d,645750000,645750000,220000000,425750000,628157072.300192,1300715572.86639,672561766.459753,5595717001.33,5595717001.33,1.111740887,0.9613498643,0.04653448976,0.04692380192
2026-01-13,24229220,1768348799,High Yield Secured Lending Maple Pool USDC1,0xc39a5a616f0ad1ff45077fa2de3f79ab8eb8b8b9,84355000,84355000,0,84355000,371482616.979187,463504518.321231,92033179.4080556,1108174271.41,1108174271.41,1.25299984,0.9193178172,0.07331604407,0.07817560407
2026-01-13,24229220,1768348799,Syrup USDC,0x80ac24aa929eaf5013f6436cda2a7ba190f5cc0b,837187957.68,837187957.68,90000001,747187956.68,1246299183.51243,2648414487.92401,1405588080.54677,6242676673.19,6242676673.19,1.146643656,0.5978493398,0.05069993306,0.05265015421
2026-01-12,24222074,1768262399,Syrup USDT,0x356b8d89c1e1239cbbb9de4815c39a1474d5ba7d,645750000,645750000,220000000,425750000,595936556.121579,1254578518.77104,658644107.975099,5595717001.33,5595717001.33,1.111589147,0.9815547818,0.04578605338,0.04687711236
2026-01-12,24222074,1768262399,Syrup USDC,0x80ac24aa929eaf5013f6436cda2a7ba190f5cc0b,837187957.68,837187957.68,90000001,747187956.68,1180612377.88397,2574645443.79491,1397451392.77715,6242676673.19,6242676673.19,1.146487246,0.6012608706,0.05055500355,0.05275947524
2026-01-12,24222074,1768262399,High Yield Secured Lending Maple Pool USDC1,0xc39a5a616f0ad1ff45077fa2de3f79ab8eb8b8b9,84355000,84355000,0,84355000,346127588.082939,436965573.474228,90848587.5832572,1108174271.41,1108174271.41,1.252817521,0.9312277408,0.07663161727,0.07921894138
2026-01-11,24214912,1768175999,Syrup USDC,0x80ac24aa929eaf5013f6436cda2a7ba190f5cc0b,837187957.68,837187957.68,90000001,747187956.68,1176182032.1866,2566142147.31114,1393324547.1462,6219676673.19,6219676673.19,1.146330653,0.602965396,0.05045422415,0.05286951725
2026-01-11,24214912,1768175999,Syrup USDT,0x356b8d89c1e1239cbbb9de4815c39a1474d5ba7d,645750000,645750000,320000000,325750000,442577043.910936,1099400868.9554,656824712.419693,5295717000.33,5295717000.33,1.111447341,0.9845666839,0.04574142507,0.04695944067
2026-01-11,24214912,1768175999,High Yield Secured Lending Maple Pool USDC1,0xc39a5a616f0ad1ff45077fa2de3f79ab8eb8b8b9,84355000,84355000,0,84355000,347109521.713111,439392859.015324,92293247.3917019,1108174271.41,1108174271.41,1.252499009,0.9164992877,0.07496633573,0.07834201929
2026-01-10,24207742,1768089599,Syrup USDC,0x80ac24aa929eaf5013f6436cda2a7ba190f5cc0b,837187957.68,837187957.68,90000001,747187956.68,1180435872.1746,2577582370.19528,1400457007.54702,6219676673.19,6219676673.19,1.146174071,0.5998018263,0.0504125551,0.05293038854
2026-01-10,24207742,1768089599,High Yield Secured Lending Maple Pool USDC1,0xc39a5a616f0ad1ff45077fa2de3f79ab8eb8b8b9,84355000,84355000,0,84355000,344305224.123573,436565332.306054,92269276.7793735,1108174271.41,1108174271.41,1.252241554,0.9166273007,0.07397689116,0.07851692802
2026-01-10,24207742,1768089599,Syrup USDT,0x356b8d89c1e1239cbbb9de4815c39a1474d5ba7d,645750000,645750000,320000000,325750000,441392815.194183,1093027144.50217,651634813.441057,5295717000.33,5295717000.33,1.111313391,0.9922996264,0.04624867529,0.04713209887
2026-01-09,24200571,1768003199,High Yield Secured Lending Maple Pool USDC1,0xc39a5a616f0ad1ff45077fa2de3f79ab8eb8b8b9,84355000,84355000,0,84355000,344997941.216749,437241314.688647,92251800.6558662,1108174271.41,1108174271.41,1.252058654,0.9166906494,0.07483491401,0.08028777864
2026-01-09,24200571,1768003199,Syrup USDT,0x356b8d89c1e1239cbbb9de4815c39a1474d5ba7d,645750000,645750000,320000000,325750000,442456465.394068,1095236985.52965,652780645.565581,5295717000.33,5295717000.33,1.111179374,0.9904359707,0.04673320513,0.04727318379
2026-01-09,24200571,1768003199,Syrup USDC,0x80ac24aa929eaf5013f6436cda2a7ba190f5cc0b,837187957.68,837187957.68,90000001,747187956.68,1184573265.7235,2590503723.08095,1409186047.67229,6219676673.19,6219676673.19,1.146017832,0.5959926785,0.0504231888,0.05304147451
2026-01-08,24193397,1767916799,Syrup USDT,0x356b8d89c1e1239cbbb9de4815c39a1474d5ba7d,645750000,645750000,320000000,325750000,446119671.952136,1131888611.1092,685819938.772238,5295717000.33,5295717000.33,1.111039438,0.9426286999,0.04628898699,0.04738504523
2026-01-08,24193397,1767916799,Syrup USDC,0x80ac24aa929eaf5013f6436cda2a7ba190f5cc0b,837187957.68,837187957.68,90000001,747187956.68,1197934391.21255,2695308271.86525,1500567287.36175,6219676673.19,6219676673.19,1.145863869,0.5595146673,0.05142717678,0.05318710186
2026-01-08,24193397,1767916799,High Yield Secured Lending Maple Pool USDC1,0xc39a5a616f0ad1ff45077fa2de3f79ab8eb8b8b9,84355000,84355000,0,84355000,348671590.885439,440920953.263074,92257047.1517888,1108174271.41,1108174271.41,1.251802634,0.9165276649,0.07913410345,0.07990577742
2026-01-07,24186241,1767830399,High Yield Secured Lending Maple Pool USDC1,0xc39a5a616f0ad1ff45077fa2de3f79ab8eb8b8b9,84355000,84355000,0,84355000,351947533.621807,444229170.78465,92288572.7850295,1108174271.41,1108174271.41,1.251483331,0.9161031464,0.07535904518,0.07882302466
2026-01-07,24186241,1767830399,Syrup USDT,0x356b8d89c1e1239cbbb9de4815c39a1474d5ba7d,645750000,645750000,320000000,325750000,444993370.850547,1097464858.82246,652520650.954514,5295717000.33,5295717000.33,1.11090686,0.9906675398,0.04690112999,0.04758285642
2026-01-07,24186241,1767830399,Syrup USDC,0x80ac24aa929eaf5013f6436cda2a7ba190f5cc0b,837187957.68,837187957.68,90000001,747187956.68,1210414078.9,2712900043.29784,1505615158.78978,6219676673.19,6219676673.19,1.145710592,0.5575644644,0.05301469438,0.05336011617
2026-01-06,24179079,1767743999,High Yield Secured Lending Maple Pool USDC1,0xc39a5a616f0ad1ff45077fa2de3f79ab8eb8b8b9,84355000,84355000,0,84355000,365796217.437417,457154323.331047,91364324.1631061,1108174271.41,1108174271.41,1.25130079,0.9252791034,0.07618499365,0.08060290493
2026-01-06,24179079,1767743999,Syrup USDT,0x356b8d89c1e1239cbbb9de4815c39a1474d5ba7d,645750000,645750000,320000000,325750000,456245777.033043,1146447389.96734,690248854.642924,5295717000.33,5295717000.33,1.110771539,0.936355863,0.04718521954,0.04773977057
2026-01-06,24179079,1767743999,Syrup USDC,0x80ac24aa929eaf5013f6436cda2a7ba190f5cc0b,843187957.68,843187957.68,90000001,753187956.68,1266708267.97034,2752050059.13997,1488407857.31124,6213676673.19,6213676673.19,1.145556601,0.5682702485,0.05402584662,0.05358551054
2026-01-05,24171901,1767657599,High Yield Secured Lending Maple Pool USDC1,0xc39a5a616f0ad1ff45077fa2de3f79ab8eb8b8b9,84355000,84355000,0,84355000,362586899.542095,453719447.186743,91138110.2634607,1108174271.41,1108174271.41,1.251044714,0.927468222,0.0804916866,0.08097916662
2026-01-05,24171901,1767657599,Syrup USDC,0x80ac24aa929eaf5013f6436cda2a7ba190f5cc0b,793187957.68,793187957.68,90000001,703187956.68,1218366977.55792,2662628883.03859,1447294529.8672,6213676673.19,6213676673.19,1.145403369,0.5497433166,0.05517259955,0.05383456324
2026-01-05,24171901,1767657599,Syrup USDT,0x356b8d89c1e1239cbbb9de4815c39a1474d5ba7d,645750000,645750000,320000000,325750000,459756369.490393,1175771934.19744,716059435.925239,5236967000.33,5236967000.33,1.110635168,0.9032900362,0.04726033385,0.04785583955
2026-01-04,24164738,1767571199,Syrup USDC,0x80ac24aa929eaf5013f6436cda2a7ba190f5cc0b,794875644.35,794875644.35,90000001,704875643.35,1149764127.81308,2566136040.34059,1419344079.23378,5960611766.51,5960611766.51,1.145249032,0.5621269828,0.05584547348,0.05407106252
2026-01-04,24164738,1767571199,High Yield Secured Lending Maple Pool USDC1,0xc39a5a616f0ad1ff45077fa2de3f79ab8eb8b8b9,84355000,84355000,0,84355000,350893779.277373,439824923.800301,88936205.3145864,1108174271.41,1108174271.41,1.250763784,0.9503624183,0.07775965031,0.08026959412
2026-01-04,24164738,1767571199,Syrup USDT,0x356b8d89c1e1239cbbb9de4815c39a1474d5ba7d,645750000,645750000,320000000,325750000,444953518.139185,1141859894.61613,696946328.077372,5236967000.33,5236967000.33,1.110494393,0.9279926734,0.047654302,0.0479216763
2026-01-03,24157566,1767484799,Syrup USDC,0x80ac24aa929eaf5013f6436cda2a7ba190f5cc0b,794875644.35,794875644.35,90000001,704875643.35,1128511302.94489,2525415138.17217,1399818173.25601,5960611766.51,5960611766.51,1.145093468,0.5701239544,0.05643766622,0.05431376023
2026-01-03,24157566,1767484799,High Yield Secured Lending Maple Pool USDC1,0xc39a5a616f0ad1ff45077fa2de3f79ab8eb8b8b9,84355000,84355000,0,84355000,348768488.258476,437683347.18522,88919494.555715,1108174271.41,1108174271.41,1.25052877,0.9504257065,0.07541457253,0.08149718133
2026-01-03,24157566,1767484799,Syrup USDT,0x356b8d89c1e1239cbbb9de4815c39a1474d5ba7d,645750000,645750000,320000000,325750000,441959071.803084,1139323852.23173,697401527.007817,5236967000.33,5236967000.33,1.110350231,0.9273109548,0.04761893533,0.04798183519
2026-01-02,24150396,1767398399,High Yield Secured Lending Maple Pool USDC1,0xc39a5a616f0ad1ff45077fa2de3f79ab8eb8b8b9,84355000,84355000,0,84355000,349447352.46592,438348287.472026,88905145.5180717,1108174271.41,1108174271.41,1.250326971,0.9504637107,0.08044886666,0.08219799956
2026-01-02,24150396,1767398399,Syrup USDT,0x356b8d89c1e1239cbbb9de4815c39a1474d5ba7d,645750000,645750000,320000000,325750000,439909742.602536,1154718453.5561,714841708.356562,5236967000.33,5236967000.33,1.110206473,0.9051243793,0.04768519149,0.04804644206
2026-01-02,24150396,1767398399,Syrup USDC,0x80ac24aa929eaf5013f6436cda2a7ba190f5cc0b,794875644.35,794875644.35,90000001,704875643.35,1124908791.30077,2495239996.65149,1373189763.5517,5960611766.51,5960611766.51,1.144937154,0.5811447888,0.05721022493,0.05451171075
2026-01-01,24143222,1767311999,High Yield Secured Lending Maple Pool USDC1,0xc39a5a616f0ad1ff45077fa2de3f79ab8eb8b8b9,84355000,84355000,0,84355000,335306058.863979,423959303.482777,88657048.4845033,1108174271.41,1108174271.41,1.249975608,0.9530120007,0.0777395296,0.08090500649
2026-01-01,24143222,1767311999,Syrup USDT,0x356b8d89c1e1239cbbb9de4815c39a1474d5ba7d,645750000,645750000,320000000,325750000,430988193.093878,1127965234.95349,697005777.671115,5236967000.33,5236967000.33,1.110075695,0.928221154,0.04892289653,0.04828861438
2026-01-01,24143222,1767311999,Syrup USDC,0x80ac24aa929eaf5013f6436cda2a7ba190f5cc0b,1294875644.35,1294875644.35,90000001,1204875643.35,1727636084.86551,3073281416.8016,1348491196.99483,5460611766.51,5460611766.51,1.144762363,0.9644834694,0.056925447,0.05450003076
2025-12-31,24136052,1767225599,Syrup USDT,0x356b8d89c1e1239cbbb9de4815c39a1474d5ba7d,645750000,645750000,320000000,325750000,426375472.437135,1120908753.45808,694558407.241096,5236967000.33,5236967000.33,1.109930782,0.9313866884,0.04945149009,0.04835549701
2025-12-31,24136052,1767225599,Syrup USDC,0x80ac24aa929eaf5013f6436cda2a7ba190f5cc0b,1295075644.35,1295075644.35,90000001,1205075643.35,1707122175.32193,3019277227.89422,1314998294.37709,5460611766.51,5460611766.51,1.144576114,0.9891991397,0.05604590575,0.05439118818
2025-12-31,24136052,1767225599,High Yield Secured Lending Maple Pool USDC1,0xc39a5a616f0ad1ff45077fa2de3f79ab8eb8b8b9,84355000,84355000,0,84355000,332187679.157356,420463876.103989,88279626.105694,1108174271.41,1108174271.41,1.249740759,0.9569763069,0.07538499238,0.08215815931
2025-12-30,24128884,1767139199,Syrup USDT,0x356b8d89c1e1239cbbb9de4815c39a1474d5ba7d,565750000,565750000,240000000,325750000,429454914.656962,1108981278.74809,679543616.707908,4936967000.33,4936967000.33,1.109789805,0.8340977442,0.04923492549,0.04851845052
2025-12-30,24128884,1767139199,Syrup USDC,0x80ac24aa929eaf5013f6436cda2a7ba190f5cc0b,1150075644.35,1150075644.35,90000001,1060075643.35,1530401925.95185,2819663476.18404,1292093088.05671,5460611766.51,5460611766.51,1.144401211,0.8939505275,0.0555485565,0.05445511451
2025-12-30,24128884,1767139199,High Yield Secured Lending Maple Pool USDC1,0xc39a5a616f0ad1ff45077fa2de3f79ab8eb8b8b9,84355000,84355000,0,84355000,332186406.999976,420112095.381908,87928780.2040346,1108174271.41,1108174271.41,1.249540073,0.9606832848,0.08043407614,0.08296768147
2025-12-29,24121738,1767052799,Syrup USDC,0x80ac24aa929eaf5013f6436cda2a7ba190f5cc0b,1150075644.35,1150075644.35,90000001,1060075643.35,1512324046.12834,2870872017.13712,1361360258.54348,5457611766.51,5457611766.51,1.144224272,0.8481648271,0.05441396664,0.05450083601
2025-12-29,24121738,1767052799,High Yield Secured Lending Maple Pool USDC1,0xc39a5a616f0ad1ff45077fa2de3f79ab8eb8b8b9,84355000,84355000,0,84355000,328669170.005725,416570453.119236,87904052.5999941,1108174271.41,1108174271.41,1.249188674,0.9623577463,0.07774848607,0.08119553966
2025-12-29,24121738,1767052799,Syrup USDT,0x356b8d89c1e1239cbbb9de4815c39a1474d5ba7d,535750000,535750000,240000000,295750000,388097246.61427,1035922193.59916,647833402.282311,4886967000.33,4886967000.33,1.109652029,0.8285897035,0.04903165866,0.04870785879
2025-12-28,24114577,1766966399,Syrup USDC,0x80ac24aa929eaf5013f6436cda2a7ba190f5cc0b,1152575644.35,1152575644.35,90000001,1062575643.35,1528310698.1491,2988809672.78251,1463283051.24161,5454611766.51,5454611766.51,1.144056107,0.7904700357,0.05362862397,0.05464355072
2025-12-28,24114577,1766966399,High Yield Secured Lending Maple Pool USDC1,0xc39a5a616f0ad1ff45077fa2de3f79ab8eb8b8b9,84355000,84355000,0,84355000,330219273.495647,418117402.883971,87900579.3555667,1108174271.41,1108174271.41,1.2489688,0.9622784699,0.07606205656,0.08251213517
2025-12-28,24114577,1766966399,Syrup USDT,0x356b8d89c1e1239cbbb9de4815c39a1474d5ba7d,535750000,535750000,240000000,295750000,391069503.784749,961384905.860912,570319913.409104,4866967000.33,4866967000.33,1.109503375,0.9413332036,0.04818390919,0.0488343216
2025-12-27,24107406,1766879999,Syrup USDC,0x80ac24aa929eaf5013f6436cda2a7ba190f5cc0b,1152575644.35,1152575644.35,90000001,1062575643.35,1522636122.22597,2985178252.52262,1465296271.91848,5452611766.51,5452611766.51,1.143888404,0.7892896758,0.05287581932,0.05480034185
2025-12-27,24107406,1766879999,Syrup USDT,0x356b8d89c1e1239cbbb9de4815c39a1474d5ba7d,535750000,535750000,240000000,295750000,389541137.753782,941379755.649388,551841792.126902,4866967000.33,4866967000.33,1.10936006,0.9727972871,0.04756074789,0.04896299088
2025-12-27,24107406,1766879999,High Yield Secured Lending Maple Pool USDC1,0xc39a5a616f0ad1ff45077fa2de3f79ab8eb8b8b9,84355000,84355000,0,84355000,328459101.270698,416274704.519659,87817742.5036233,1108174271.41,1108174271.41,1.24878629,0.9630711375,0.08113934064,0.08413486932
2025-12-26,24100245,1766793599,Syrup USDT,0x356b8d89c1e1239cbbb9de4815c39a1474d5ba7d,535750000,535750000,240000000,295750000,388843572.713714,940251764.339674,551410489.265024,4866967000.33,4866967000.33,1.109215084,0.9734368716,0.04684535595,0.04910558314
2025-12-26,24100245,1766793599,Syrup USDC,0x80ac24aa929eaf5013f6436cda2a7ba190f5cc0b,1152575644.35,1152575644.35,90000001,1062575643.35,1518642692.88767,2984201804.00834,1468283061.28129,5452611766.51,5452611766.51,1.14371622,0.787563535,0.05163301929,0.05490578901
2025-12-26,24100245,1766793599,High Yield Secured Lending Maple Pool USDC1,0xc39a5a616f0ad1ff45077fa2de3f79ab8eb8b8b9,84355000,84355000,0,84355000,328123011.709179,415910396.232624,87789215.0289279,1108174271.41,1108174271.41,1.248472944,0.9635003344,0.08195747342,0.0829054929
2025-12-25,24093082,1766707199,Syrup USDT,0x356b8d89c1e1239cbbb9de4815c39a1474d5ba7d,535750000,535750000,240000000,295750000,389137262.897981,940278584.100818,551142758.479259,4866967000.33,4866967000.33,1.109059311,0.9737877223,0.04557260915,0.04917077816
2025-12-25,24093082,1766707199,Syrup USDC,0x80ac24aa929eaf5013f6436cda2a7ba190f5cc0b,1152575644.35,1152575644.35,90000001,1062575643.35,1518579881.34111,3111176547.5501,1595280254.62106,5452611766.51,5452611766.51,1.143547524,0.7245753731,0.05059261883,0.05504159444
2025-12-25,24093082,1766707199,High Yield Secured Lending Maple Pool USDC1,0xc39a5a616f0ad1ff45077fa2de3f79ab8eb8b8b9,84355000,84355000,0,84355000,327187511.146825,414448663.098058,87262701.5241815,1108174271.41,1108174271.41,1.248182202,0.9692110317,0.077760648,0.08339780269
2025-12-24,24085922,1766620799,Syrup USDT,0x356b8d89c1e1239cbbb9de4815c39a1474d5ba7d,535750000,535750000,240000000,295750000,390993499.472718,946033660.235461,555040583.5859,4866967000.33,4866967000.33,1.108903816,0.9668157855,0.04438940826,0.04922679272
2025-12-24,24085922,1766620799,High Yield Secured Lending Maple Pool USDC1,0xc39a5a616f0ad1ff45077fa2de3f79ab8eb8b8b9,84355000,84355000,0,84355000,331183495.930732,418437163.404634,87254965.4577986,1108174271.41,1108174271.41,1.248000035,0.9701867295,0.08289343598,0.08500128802
2025-12-24,24085922,1766620799,Syrup USDC,0x80ac24aa929eaf5013f6436cda2a7ba190f5cc0b,1152575644.35,1152575644.35,90000001,1062575643.35,1528925162.37592,3125868324.63166,1599583925.65631,5452611766.51,5452611766.51,1.143379728,0.7225177472,0.050161969,0.05521507045
2025-12-23,24078750,1766534399,High Yield Secured Lending Maple Pool USDC1,0xc39a5a616f0ad1ff45077fa2de3f79ab8eb8b8b9,84355000,84355000,0,84355000,331157069.112227,417933271.542935,86777283.3358452,1108174271.41,1108174271.41,1.24768754,0.9754268315,0.08373369083,0.08375355094
2025-12-23,24078750,1766534399,Syrup USDC,0x80ac24aa929eaf5013f6436cda2a7ba190f5cc0b,1152575644.35,1152575644.35,90000001,1062575643.35,1522289681.73947,3106936821.11958,1587245264.07659,5452611766.51,5452611766.51,1.143215335,0.7280457742,0.04996818429,0.05537586422
2025-12-23,24078750,1766534399,Syrup USDT,0x356b8d89c1e1239cbbb9de4815c39a1474d5ba7d,630750000,630750000,335000000,295750000,388680829.288391,1048415555.76199,659734973.865957,4551967000.33,4551967000.33,1.108767358,0.9572994898,0.04411943044,0.04956367704
2025-12-22,24071592,1766447999,Syrup USDT,0x356b8d89c1e1239cbbb9de4815c39a1474d5ba7d,670750000,670750000,375000000,295750000,394136024.375234,1137980204.23106,744086825.658722,4196967000.33,4196967000.33,1.108633828,0.9029052091,0.04441932958,0.04995774763
2025-12-22,24071592,1766447999,Syrup USDC,0x80ac24aa929eaf5013f6436cda2a7ba190f5cc0b,691575644.35,691575644.35,90000001,601575643.35,959786915.113666,2573292039.154,1616085207.27249,5411611766.51,5411611766.51,1.143062156,0.4290365769,0.05046150238,0.05564958358
2025-12-22,24071592,1766447999,High Yield Secured Lending Maple Pool USDC1,0xc39a5a616f0ad1ff45077fa2de3f79ab8eb8b8b9,84355000,84355000,0,84355000,336612913.732216,422410579.67441,85798545.2165239,1108174271.41,1108174271.41,1.247396198,0.9864705613,0.07950403065,0.0835828602
2025-12-21,24064431,1766361599,High Yield Secured Lending Maple Pool USDC1,0xc39a5a616f0ad1ff45077fa2de3f79ab8eb8b8b9,84355000,84355000,0,84355000,335438445.031499,422238944.423822,86801124.3785665,1108174271.41,1108174271.41,1.247214097,0.9749190006,0.0846521075,0.08571270162
2025-12-21,24064431,1766361599,Syrup USDC,0x80ac24aa929eaf5013f6436cda2a7ba190f5cc0b,731575644.35,731575644.35,90000001,641575643.35,1030936639.46702,2659184738.84356,1630744151.72331,5361611766.51,5361611766.51,1.142910492,0.4497451568,0.05112809548,0.05592091348
2025-12-21,24064431,1766361599,Syrup USDT,0x356b8d89c1e1239cbbb9de4815c39a1474d5ba7d,670750000,670750000,375000000,295750000,393895884.351287,1142628347.30263,748970827.023673,4196967000.33,4196967000.33,1.108502497,0.8969083162,0.04541901656,0.05030947176
2025-12-20,24057253,1766275199,High Yield Secured Lending Maple Pool USDC1,0xc39a5a616f0ad1ff45077fa2de3f79ab8eb8b8b9,84355000,84355000,0,84355000,333325322.572601,420092631.76062,86767727.4819912,1108174271.41,1108174271.41,1.24691927,0.9751761372,0.08400747967,0.08490359858
2025-12-20,24057253,1766275199,Syrup USDT,0x356b8d89c1e1239cbbb9de4815c39a1474d5ba7d,670750000,670750000,375000000,295750000,392944375.524072,1142636561.92186,749925760.86046,4196967000.33,4196967000.33,1.108371952,0.8956645842,0.04624022112,0.05055731226
2025-12-20,24057253,1766275199,Syrup USDC,0x80ac24aa929eaf5013f6436cda2a7ba190f5cc0b,731575644.35,731575644.35,90000001,641575643.35,1032181486.17797,2670587631.003,1640818295.76359,5361611766.51,5361611766.51,1.142758622,0.4469197819,0.05178943455,0.05618567182
2025-12-19,24050082,1766188799,Syrup USDC,0x80ac24aa929eaf5013f6436cda2a7ba190f5cc0b,731575644.35,731575644.35,90000001,641575643.35,1026897060.90952,2663856516.57073,1639287134.36529,5361611766.51,5361611766.51,1.142612489,0.4472808123,0.05273859329,0.05652782757
2025-12-19,24050082,1766188799,High Yield Secured Lending Maple Pool USDC1,0xc39a5a616f0ad1ff45077fa2de3f79ab8eb8b8b9,84355000,84355000,0,84355000,334242200.024856,420953687.712587,86711702.8911368,1108174271.41,1108174271.41,1.246588308,0.9756887428,0.07960745823,0.08426428585
2025-12-19,24050082,1766188799,Syrup USDT,0x356b8d89c1e1239cbbb9de4815c39a1474d5ba7d,670750000,670750000,375000000,295750000,393372870.252877,1150871807.04054,757727521.332357,4196967000.33,4196967000.33,1.108241625,0.8863318233,0.04713808436,0.05078680959
2025-12-18,24042925,1766102399,Syrup USDC,0x80ac24aa929eaf5013f6436cda2a7ba190f5cc0b,731575644.35,731575644.35,90000001,641575643.35,987558887.70493,2621843438.0811,1636527295.21223,5361611766.51,5361611766.51,1.142465642,0.4479790966,0.05344304399,0.05688354993
2025-12-18,24042925,1766102399,Syrup USDT,0x356b8d89c1e1239cbbb9de4815c39a1474d5ba7d,670750000,670750000,375000000,295750000,380242424.015472,1137340219.80171,757321186.953603,4196967000.33,4196967000.33,1.108111841,0.8867095732,0.04806477572,0.0511099
2025-12-18,24042925,1766102399,High Yield Secured Lending Maple Pool USDC1,0xc39a5a616f0ad1ff45077fa2de3f79ab8eb8b8b9,84355000,84355000,0,84355000,317281530.493005,403130927.531893,85849438.1982875,1108174271.41,1108174271.41,1.246390901,0.9853962103,0.08302054592,0.08627560956
2025-12-17,24035770,1766015999,Syrup USDC,0x80ac24aa929eaf5013f6436cda2a7ba190f5cc0b,904027911.01,904027911.01,90000001,814027910.01,1202165572.80531,2855722067.53553,1655725591.66086,5161611766.51,5161611766.51,1.142306987,0.547282143,0.05377889231,0.05715458
2025-12-17,24035770,1766015999,High Yield Secured Lending Maple Pool USDC1,0xc39a5a616f0ad1ff45077fa2de3f79ab8eb8b8b9,84355000,84355000,0,84355000,318341020.435067,403241577.17715,84900556.7421031,1108174271.41,1108174271.41,1.246095448,0.9963185698,0.08549891788,0.0858167061
2025-12-17,24035770,1766015999,Syrup USDT,0x356b8d89c1e1239cbbb9de4815c39a1474d5ba7d,684750000,684750000,375000000,309750000,402224328.000771,1177032913.38081,775027179.777381,4182967000.33,4182967000.33,1.107980539,0.8844793886,0.04878495775,0.05147281315
2025-12-16,24028609,1765929599,High Yield Secured Lending Maple Pool USDC1,0xc39a5a616f0ad1ff45077fa2de3f79ab8eb8b8b9,84355000,84355000,0,84355000,330833515.047437,415789698.127541,84956612.4391167,1108174271.41,1108174271.41,1.2457649,0.9955425008,0.0804239891,0.08424051622
2025-12-16,24028609,1765929599,Syrup USDT,0x356b8d89c1e1239cbbb9de4815c39a1474d5ba7d,684750000,684750000,375000000,309750000,409765041.224969,1184290830.94274,774739159.4817,4182967000.33,4182967000.33,1.107849687,0.8847094542,0.04969400339,0.05177373056
2025-12-16,24028609,1765929599,Syrup USDC,0x80ac24aa929eaf5013f6436cda2a7ba190f5cc0b,904027911.01,904027911.01,90000001,814027910.01,1229796093.70998,2879179953.02752,1651480702.28359,5161611766.51,5161611766.51,1.142146791,0.5486149716,0.05407956944,0.05742313852
2025-12-15,24021445,1765843199,Syrup USDC,0x80ac24aa929eaf5013f6436cda2a7ba190f5cc0b,913510737.67,913510737.67,90000001,823510736.67,1207395753.16313,2810995759.47729,1605625803.39131,5081611766.51,5081611766.51,1.141983467,0.5702798395,0.05431419089,0.05765221334
2025-12-15,24021445,1765843199,Syrup USDT,0x356b8d89c1e1239cbbb9de4815c39a1474d5ba7d,684750000,684750000,375000000,309750000,402652778.695853,1176519617.42119,774074075.184541,3827967000.33,3827967000.33,1.107710167,0.885649689,0.05018182458,0.05218651761
2025-12-15,24021445,1765843199,High Yield Secured Lending Maple Pool USDC1,0xc39a5a616f0ad1ff45077fa2de3f79ab8eb8b8b9,84355000,84355000,0,84355000,329957839.052686,414806565.143207,84849126.4904388,1108174271.41,1108174271.41,1.245567415,0.9967483145,0.0812197684,0.08517668096
2025-12-14,24014285,1765756799,Syrup USDT,0x356b8d89c1e1239cbbb9de4815c39a1474d5ba7d,684750000,684750000,375000000,309750000,409807449.629648,1183710261.33407,774103724.620219,3827967000.33,3827967000.33,1.107558624,0.8857482715,0.05003467654,0.05234820685
2025-12-14,24014285,1765756799,High Yield Secured Lending Maple Pool USDC1,0xc39a5a616f0ad1ff45077fa2de3f79ab8eb8b8b9,84355000,84355000,0,84355000,343307198.121285,428881512.760921,85574631.0388034,1108174271.41,1108174271.41,1.245271955,0.9881550904,0.08371024235,0.08684165052
2025-12-14,24014285,1765756799,Syrup USDC,0x80ac24aa929eaf5013f6436cda2a7ba190f5cc0b,914357736.67,914357736.67,90847000,823510736.67,1250818865.87485,2848570561.36608,1599707219.61509,4972764766.51,4972764766.51,1.141818055,0.572880392,0.05470702121,0.05785812434
2025-12-13,24007119,1765670399,Syrup USDT,0x356b8d89c1e1239cbbb9de4815c39a1474d5ba7d,684750000,684750000,375000000,309750000,413873629.620485,1185893647.16429,772213381.464244,3827967000.33,3827967000.33,1.107411513,0.8878066879,0.04998266722,0.05268068231
2025-12-13,24007119,1765670399,High Yield Secured Lending Maple Pool USDC1,0xc39a5a616f0ad1ff45077fa2de3f79ab8eb8b8b9,84355000,84355000,0,84355000,347718004.145926,433187333.313655,85469548.8618061,1108174271.41,1108174271.41,1.244991782,0.9892514673,0.08417754463,0.08633709362
2025-12-13,24007119,1765670399,Syrup USDC,0x80ac24aa929eaf5013f6436cda2a7ba190f5cc0b,914357736.67,914357736.67,90847000,823510736.67,1271428690.48465,2865499036.88594,1595955889.56754,4972764766.51,4972764766.51,1.141652559,0.5741465204,0.0551605953,0.05807914903
2025-12-12,23999969,1765583999,Syrup USDC,0x80ac24aa929eaf5013f6436cda2a7ba190f5cc0b,914357736.67,914357736.67,90847000,823510736.67,1272412281.34599,2852676819.20424,1582080939.14425,4972764766.51,4972764766.51,1.14148682,0.5791080245,0.05560153162,0.05829382735
2025-12-12,23999969,1765583999,High Yield Secured Lending Maple Pool USDC1,0xc39a5a616f0ad1ff45077fa2de3f79ab8eb8b8b9,84355000,84355000,0,84355000,345975592.37773,431073973.721082,85098520.6870017,1108174271.41,1108174271.41,1.244758422,0.9934523041,0.08322572697,0.08667339132
2025-12-12,23999969,1765583999,Syrup USDT,0x356b8d89c1e1239cbbb9de4815c39a1474d5ba7d,684750000,684750000,375000000,309750000,414710789.725996,1186767238.20832,772241500.770737,3827967000.33,3827967000.33,1.107263084,0.8876949251,0.04986671819,0.0530077491
2025-12-11,23992864,1765497587,Syrup USDT,0x356b8d89c1e1239cbbb9de4815c39a1474d5ba7d,684750000,684750000,375000000,309750000,424244921.229395,1194621560.9271,770553468.129696,3827967000.33,3827967000.33,1.107114632,0.8900202176,0.04989218389,0.05317645886
2025-12-11,23992864,1765497587,Syrup USDC,0x80ac24aa929eaf5013f6436cda2a7ba190f5cc0b,814357736.67,814357736.67,90847000,723510736.67,1145787799.22855,2684980476.0343,1540935111.09457,4872764766.51,4872764766.51,1.141325476,0.5294974098,0.05633989273,0.05851417475
2025-12-11,23992864,1765497587,High Yield Secured Lending Maple Pool USDC1,0xc39a5a616f0ad1ff45077fa2de3f79ab8eb8b8b9,84355000,84355000,0,84355000,361213644.252111,446245842.260141,85032282.343905,1108174271.41,1108174271.41,1.244485969,0.9941056694,0.08675350001,0.08884376312
2025-12-10,23985730,1765411199,Syrup USDT,0x356b8d89c1e1239cbbb9de4815c39a1474d5ba7d,684750000,684750000,375000000,309750000,420046564.503886,1198789795.54978,778911234.385842,3827967000.33,3827967000.33,1.106968865,0.8803433561,0.0500494805,0.05352299293
2025-12-10,23985730,1765411199,High Yield Secured Lending Maple Pool USDC1,0xc39a5a616f0ad1ff45077fa2de3f79ab8eb8b8b9,84355000,84355000,0,84355000,371658664.162283,456180334.722689,84521670.560426,1108174271.41,1108174271.41,1.244136428,0.9999998747,0.08300394607,0.08761015267
2025-12-10,23985730,1765411199,Syrup USDC,0x80ac24aa929eaf5013f6436cda2a7ba190f5cc0b,913510736.67,913510736.67,90000000,823510736.67,1289985504.02311,2839268404.89378,1550959964.0458,4678764766.51,4678764766.51,1.141160003,0.5902333587,0.05672296663,0.05869338526
2025-12-09,23978632,1765324799,High Yield Secured Lending Maple Pool USDC1,0xc39a5a616f0ad1ff45077fa2de3f79ab8eb8b8b9,84355000,84355000,0,84355000,370098167.415634,460181503.335662,90085786.8852367,1108174271.41,1108174271.41,1.243918187,0.9380380994,0.0834199634,0.08809646401
2025-12-09,23978632,1765324799,Syrup USDT,0x356b8d89c1e1239cbbb9de4815c39a1474d5ba7d,684750000,684750000,375000000,309750000,421441312.421831,1207941613.5156,786658145.013824,3827967000.33,3827967000.33,1.106819742,0.8715502671,0.05016286002,0.05388690876
2025-12-09,23978632,1765324799,Syrup USDC,0x80ac24aa929eaf5013f6436cda2a7ba190f5cc0b,913510736.67,913510736.67,90000000,823510736.67,1299326611.93349,2835017047.41392,1537303518.25655,4678764766.51,4678764766.51,1.140993725,0.5954007145,0.05705612779,0.05887549456
2025-12-08,23971510,1765238399,Syrup USDT,0x356b8d89c1e1239cbbb9de4815c39a1474d5ba7d,584750000,584750000,275000000,309750000,428743110.873119,1160705915.92906,732105251.907971,3472967000.33,3472967000.33,1.10667049,0.8001245075,0.05021430383,0.05401132214
2025-12-08,23971510,1765238399,Syrup USDC,0x80ac24aa929eaf5013f6436cda2a7ba190f5cc0b,962210736.67,962210736.67,90000000,872210736.67,1340906852.91267,2843758609.82833,1504410671.96375,4648164766.51,4648164766.51,1.140825696,0.6408598193,0.05743923432,0.05904190909
2025-12-08,23971510,1765238399,High Yield Secured Lending Maple Pool USDC1,0xc39a5a616f0ad1ff45077fa2de3f79ab8eb8b8b9,84355000,84355000,0,84355000,349967126.838575,437689335.87445,87724311.2450883,1108174271.41,1108174271.41,1.243703433,0.9632172265,0.08967911614,0.09017201513
2025-12-07,23964385,1765151999,Syrup USDC,0x80ac24aa929eaf5013f6436cda2a7ba190f5cc0b,1002734736.67,1002734736.67,90000000,912734736.67,1385229413.9999,2868693738.54812,1484972849.46408,4536953079.84,4536953079.84,1.140652303,0.6769438538,0.05775933726,0.05914526982
2025-12-07,23964385,1765151999,High Yield Secured Lending Maple Pool USDC1,0xc39a5a616f0ad1ff45077fa2de3f79ab8eb8b8b9,84355000,84355000,0,84355000,339682864.546865,426957712.775988,87276646.9356949,1108174271.41,1108174271.41,1.243353553,0.9680475628,0.08631466369,0.08960190363
2025-12-07,23964385,1765151999,Syrup USDT,0x356b8d89c1e1239cbbb9de4815c39a1474d5ba7d,584750000,584750000,275000000,309750000,422423025.619491,1149671743.46695,727378721.111268,3472967000.33,3472967000.33,1.106522063,0.8052297433,0.05052472778,0.0542019012
2025-12-06,23957250,1765065599,High Yield Secured Lending Maple Pool USDC1,0xc39a5a616f0ad1ff45077fa2de3f79ab8eb8b8b9,84355000,84355000,0,84355000,340485667.580913,427714587.483441,87230436.4329506,1108174271.41,1108174271.41,1.243063534,0.9684426921,0.08141888631,0.08933516098
2025-12-06,23957250,1765065599,Syrup USDC,0x80ac24aa929eaf5013f6436cda2a7ba190f5cc0b,1002734736.67,1002734736.67,90000000,912734736.67,1383973894.23745,2868170238.02157,1485655514.69726,4536953079.84,4536953079.84,1.140477572,0.6765281083,0.05803465089,0.05924107784
2025-12-06,23957250,1765065599,Syrup USDT,0x356b8d89c1e1239cbbb9de4815c39a1474d5ba7d,584750000,584750000,275000000,309750000,421578952.324369,1149202027.16633,727742516.99975,3472967000.33,3472967000.33,1.106376141,0.8047255921,0.05091464771,0.05451441842
2025-12-05,23950139,1764979199,High Yield Secured Lending Maple Pool USDC1,0xc39a5a616f0ad1ff45077fa2de3f79ab8eb8b8b9,84355000,84355000,0,84355000,338940847.921935,426110168.896803,87170557.8852492,1108174271.41,1108174271.41,1.24285147,0.9689902855,0.08738096294,0.09146778141
2025-12-05,23950139,1764979199,Syrup USDC,0x80ac24aa929eaf5013f6436cda2a7ba190f5cc0b,1002734736.67,1002734736.67,90000000,912734736.67,1384173444.77186,2866205505.85196,1483441910.09339,4536953079.84,4536953079.84,1.140302867,0.6775768895,0.05830531838,0.05933280492
2025-12-05,23950139,1764979199,Syrup USDT,0x356b8d89c1e1239cbbb9de4815c39a1474d5ba7d,584750000,584750000,275000000,309750000,421543426.218645,1148045792.37642,726611248.713758,3472967000.33,3472967000.33,1.106230193,0.8058791231,0.05157023961,0.05470689826
2025-12-04,23943068,1764892799,High Yield Secured Lending Maple Pool USDC1,0xc39a5a616f0ad1ff45077fa2de3f79ab8eb8b8b9,84355000,84355000,0,84355000,351789079.421628,439064036.700429,87275926.3363129,1108174271.41,1108174271.41,1.242501953,0.9677006998,0.08670049442,0.09085866998
2025-12-04,23943068,1764892799,Syrup USDC,0x80ac24aa929eaf5013f6436cda2a7ba190f5cc0b,1021384736.67,1021384736.67,90000000,931384736.67,1465888448.10604,2923908697.96602,1459383829.59503,4529741393.17,4529741393.17,1.140126401,0.7019722564,0.05852880181,0.05939355535
2025-12-04,23943068,1764892799,Syrup USDT,0x356b8d89c1e1239cbbb9de4815c39a1474d5ba7d,584750000,584750000,275000000,309750000,434672259.979853,1097246943.68152,662674170.251743,3467967000.33,3467967000.33,1.106081366,0.8836640951,0.05182890216,0.05486437884
2025-12-03,23936303,1764806399,High Yield Secured Lending Maple Pool USDC1,0xc39a5a616f0ad1ff45077fa2de3f79ab8eb8b8b9,84355000,84355000,0,84355000,357043249.15628,443818532.418825,86775969.2795745,1108174271.41,1108174271.41,1.242235307,0.9731631839,0.08347933317,0.09087509053
2025-12-03,23936303,1764806399,Syrup USDT,0x356b8d89c1e1239cbbb9de4815c39a1474d5ba7d,509750000,509750000,200000000,309750000,442225851.401972,1091379142.69729,649239317.226879,3212967000.33,3212967000.33,1.105932557,0.7863494067,0.05223034231,0.05517239871
2025-12-03,23936303,1764806399,Syrup USDC,0x80ac24aa929eaf5013f6436cda2a7ba190f5cc0b,937373050,937373050,90000000,847373050,1370121674.68305,2805687932.46482,1436880781.64188,4526541393.17,4526541393.17,1.139953175,0.6542619161,0.05890449353,0.05947013856
2025-12-02,23929210,1764719999,Syrup USDT,0x356b8d89c1e1239cbbb9de4815c39a1474d5ba7d,509750000,509750000,200000000,309750000,443545240.256732,1017217895.60347,573747360.781002,3212967000.33,3212967000.33,1.105781284,0.889862753,0.05271111936,0.05527309623
2025-12-02,23929210,1764719999,Syrup USDC,0x80ac24aa929eaf5013f6436cda2a7ba190f5cc0b,937373050,937373050,90000000,847373050,1341300555.74355,2734967565.66319,1394933491.39026,4526541393.17,4526541393.17,1.139780183,0.6739182785,0.05925373619,0.05958300611
2025-12-02,23929210,1764719999,High Yield Secured Lending Maple Pool USDC1,0xc39a5a616f0ad1ff45077fa2de3f79ab8eb8b8b9,84355000,84355000,0,84355000,339288643.27616,424492765.186443,85204605.2420252,1108174271.41,1108174271.41,1.242008251,0.9910073039,0.08843208454,0.09285053619
2025-12-01,23922066,1764633599,Syrup USDC,0x80ac24aa929eaf5013f6436cda2a7ba190f5cc0b,949373050,949373050,90000000,859373050,1277849038.34365,2670155573.33658,1393525561.40627,4526541393.17,4526541393.17,1.139604413,0.6834355043,0.05958691352,0.05967091751
2025-12-01,23922066,1764633599,Syrup USDT,0x356b8d89c1e1239cbbb9de4815c39a1474d5ba7d,439750000,439750000,130000000,309750000,416205601.954064,979666272.193414,563526522.996446,3032967000.33,3032967000.33,1.105631134,0.7816078995,0.05319462544,0.05542285012
2025-12-01,23922066,1764633599,High Yield Secured Lending Maple Pool USDC1,0xc39a5a616f0ad1ff45077fa2de3f79ab8eb8b8b9,84355000,84355000,0,84355000,315301831.484017,400091661.247477,84790260.0938258,1108174271.41,1108174271.41,1.241656645,0.9957322933,0.08754593371,0.09221902396
2025-11-30,23914920,1764547199,High Yield Secured Lending Maple Pool USDC1,0xc39a5a616f0ad1ff45077fa2de3f79ab8eb8b8b9,84355000,84355000,0,84355000,340904913.388139,426643964.418823,85739354.8549255,1108174271.41,1108174271.41,1.241380958,0.984579818,0.08379821671,0.09213620415
2025-11-30,23914920,1764547199,Syrup USDT,0x356b8d89c1e1239cbbb9de4815c39a1474d5ba7d,439750000,439750000,130000000,309750000,439528793.608447,958844316.517353,519371358.53899,3032967000.33,3032967000.33,1.10547658,0.848049025,0.05372487543,0.05570290846
2025-11-30,23914920,1764547199,Syrup USDC,0x80ac24aa929eaf5013f6436cda2a7ba190f5cc0b,1006373050,1006373050,90000000,916373050,1434934671.82717,2801342853.4116,1367587202.14595,4526541393.17,4526541393.17,1.139424592,0.7382877931,0.05950438907,0.05970993617
2025-11-29,23907761,1764460799,Syrup USDC,0x80ac24aa929eaf5013f6436cda2a7ba190f5cc0b,1006373050,1006373050,90000000,916373050,1430982858.19762,2803184634.52983,1373341790.47956,4526541393.17,4526541393.17,1.139244362,0.7350678234,0.05934558252,0.05976332479
2025-11-29,23907761,1764460799,Syrup USDT,0x356b8d89c1e1239cbbb9de4815c39a1474d5ba7d,439750000,439750000,130000000,309750000,437248647.679807,953462069.204933,516263367.53193,2957967000.33,2957967000.33,1.10532293,0.8530822642,0.05440048028,0.05599225359
2025-11-29,23907761,1764460799,High Yield Secured Lending Maple Pool USDC1,0xc39a5a616f0ad1ff45077fa2de3f79ab8eb8b8b9,84355000,84355000,0,84355000,336299464.016639,421996985.101048,85697685.8228921,1108174271.41,1108174271.41,1.241198916,0.9849379763,0.08798429842,0.09373124372
2025-11-28,23900602,1764374399,Syrup USDC,0x80ac24aa929eaf5013f6436cda2a7ba190f5cc0b,1006373050,1006373050,90000000,916373050,1435114277.24979,2804043367.45787,1370029801.58374,4526541393.17,4526541393.17,1.139064259,0.736733376,0.05910866006,0.05982624433
2025-11-28,23900602,1764374399,High Yield Secured Lending Maple Pool USDC1,0xc39a5a616f0ad1ff45077fa2de3f79ab8eb8b8b9,84355000,84355000,0,84355000,341290545.56352,426956753.524626,85666235.4952758,1108174271.41,1108174271.41,1.240856324,0.9851788279,0.08976341816,0.0937739814
2025-11-28,23900602,1764374399,Syrup USDT,0x356b8d89c1e1239cbbb9de4815c39a1474d5ba7d,439750000,439750000,130000000,309750000,438851683.988693,954232183.665406,515424658.93104,2957967000.33,2957967000.33,1.105163903,0.8550624038,0.05451667532,0.05608078863
2025-11-27,23893472,1764287999,High Yield Secured Lending Maple Pool USDC1,0xc39a5a616f0ad1ff45077fa2de3f79ab8eb8b8b9,84355000,84355000,0,84355000,338506845.966865,423046915.837129,84540069.8702844,1108174271.41,1108174271.41,1.240522262,0.9981861454,0.08442862088,0.09330125506
2025-11-27,23893472,1764287999,Syrup USDC,0x80ac24aa929eaf5013f6436cda2a7ba190f5cc0b,1006373050,1006373050,90000000,916373050,1441170233.42854,2786319480.59307,1346212729.18157,4526541393.17,4526541393.17,1.138883373,0.7498392523,0.05881491498,0.05988170033
2025-11-27,23893472,1764287999,Syrup USDT,0x356b8d89c1e1239cbbb9de4815c39a1474d5ba7d,439750000,439750000,130000000,309750000,440767137.480715,949790057.206668,509061905.961292,2957967000.33,2957967000.33,1.105010007,0.8657826492,0.05440147814,0.05636039993
2025-11-26,23886341,1764201599,Syrup USDT,0x356b8d89c1e1239cbbb9de4815c39a1474d5ba7d,439750000,439750000,130000000,309750000,437147601.250323,905225430.268184,468113065.070193,2957967000.33,2957967000.33,1.104853256,0.941562384,0.05405404067,0.05663977092
2025-11-26,23886341,1764201599,Syrup USDC,0x80ac24aa929eaf5013f6436cda2a7ba190f5cc0b,1004373050,1004373050,90000000,914373050,1430151790.19313,2785171565.69523,1356046055.08863,4526541393.17,4526541393.17,1.138702586,0.7427881885,0.05858057264,0.05996371464
2025-11-26,23886341,1764201599,High Yield Secured Lending Maple Pool USDC1,0xc39a5a616f0ad1ff45077fa2de3f79ab8eb8b8b9,84355000,84355000,0,84355000,339729645.660978,424256384.924328,84526739.26337,1108174271.41,1108174271.41,1.240326651,0.9984617618,0.08778777904,0.09410122979
2025-11-25,23879219,1764115199,High Yield Secured Lending Maple Pool USDC1,0xc39a5a616f0ad1ff45077fa2de3f79ab8eb8b8b9,88355000,88355000,0,88355000,369773319.4591,458176792.756176,88403492.5124261,1108174271.41,1108174271.41,1.239991482,0.9998162977,0.09008358159,0.09491482197
2025-11-25,23879219,1764115199,Syrup USDC,0x80ac24aa929eaf5013f6436cda2a7ba190f5cc0b,1002023050,1002023050,93650000,908373050,1375780428.87431,2733588218.23419,1358795811.72134,4526541393.17,4526541393.17,1.138522583,0.739429431,0.05847600174,0.06008153542
2025-11-25,23879219,1764115199,Syrup USDT,0x356b8d89c1e1239cbbb9de4815c39a1474d5ba7d,439750000,439750000,130000000,309750000,423858642.874303,892636153.493706,468810586.676706,2957967000.33,2957967000.33,1.104692453,0.9400212378,0.05387981303,0.05675189589
2025-11-24,23872121,1764028799,Syrup USDT,0x356b8d89c1e1239cbbb9de4815c39a1474d5ba7d,389350000,389350000,79600000,309750000,428279263.836575,866706532.452722,438455438.116354,2847967000.33,2847967000.33,1.104532724,0.8899503597,0.0540045817,0.05692360104
2025-11-24,23872121,1764028799,Syrup USDC,0x80ac24aa929eaf5013f6436cda2a7ba190f5cc0b,1058373050,1058373050,150000000,908373050,1391018432.40501,2713146192.461,1323084503.69256,4512891393.17,4512891393.17,1.138340142,0.8020851202,0.05845936263,0.06017676503
2025-11-24,23872121,1764028799,High Yield Secured Lending Maple Pool USDC1,0xc39a5a616f0ad1ff45077fa2de3f79ab8eb8b8b9,98722000,98722000,0,98722000,323160228.928298,422980776.636562,99820547.7082839,989240271.41,989240271.41,1.239659811,0.9904574418,0.0863856046,0.09448655493
2025-11-23,23865016,1763942399,Syrup USDT,0x356b8d89c1e1239cbbb9de4815c39a1474d5ba7d,389350000,389350000,79600000,309750000,423714131.870158,840680634.569708,416991624.854412,2847967000.33,2847967000.33,1.104367663,0.9357204206,0.05357460555,0.05713809219
2025-11-23,23865016,1763942399,Syrup USDC,0x80ac24aa929eaf5013f6436cda2a7ba190f5cc0b,958373050,958373050,150000000,808373050,1212269966.0542,2504897333.14801,1293549383.50845,4512891393.17,4512891393.17,1.13816222,0.7428124714,0.05872511926,0.06032239922
2025-11-23,23865016,1763942399,High Yield Secured Lending Maple Pool USDC1,0xc39a5a616f0ad1ff45077fa2de3f79ab8eb8b8b9,98722000,98722000,0,98722000,312574887.058149,412227077.613479,99652190.5553503,979240271.41,979240271.41,1.23946662,0.9919782546,0.08582218772,0.09530125916
2025-11-22,23857896,1763855999,Syrup USDC,0x80ac24aa929eaf5013f6436cda2a7ba190f5cc0b,958373050,958373050,150000000,808373050,1171385832.67034,2463887490.14641,1293387585.86775,4512891393.17,4512891393.17,1.137985462,0.7427899813,0.05902867679,0.06048367411
2025-11-22,23857896,1763855999,High Yield Secured Lending Maple Pool USDC1,0xc39a5a616f0ad1ff45077fa2de3f79ab8eb8b8b9,98722000,98722000,0,98722000,307864661.3895,407519484.3189,99655210.9184637,979240271.41,979240271.41,1.23919324,0.9917970815,0.08632544127,0.09677389436
2025-11-22,23857896,1763855999,Syrup USDT,0x356b8d89c1e1239cbbb9de4815c39a1474d5ba7d,389350000,389350000,79600000,309750000,409478696.296119,825508804.142382,416053193.963087,2847967000.33,2847967000.33,1.104200594,0.9376932485,0.05395400421,0.05714836758
2025-11-21,23850795,1763769599,Syrup USDT,0x356b8d89c1e1239cbbb9de4815c39a1474d5ba7d,389350000,389350000,79600000,309750000,405715490.197637,875788992.640318,470092096.305037,2847967000.33,2847967000.33,1.104039395,0.8295949292,0.05414354362,0.05730610631
2025-11-21,23850795,1763769599,High Yield Secured Lending Maple Pool USDC1,0xc39a5a616f0ad1ff45077fa2de3f79ab8eb8b8b9,98722000,98722000,0,98722000,302199725.831615,401847651.604975,99648224.5795031,979240271.41,979240271.41,1.238812384,0.9917109007,0.08949399724,0.09579927944
2025-11-21,23850795,1763769599,Syrup USDC,0x80ac24aa929eaf5013f6436cda2a7ba190f5cc0b,958373050,958373050,150000000,808373050,1158563562.16869,2452495623.25691,1294979602.5051,4512891393.17,4512891393.17,1.137810438,0.741872769,0.05941768812,0.0606635958
2025-11-20,23843673,1763683199,High Yield Secured Lending Maple Pool USDC1,0xc39a5a616f0ad1ff45077fa2de3f79ab8eb8b8b9,86067000,86067000,0,86067000,298426682.8431,385819164.376359,87412677.140368,966585271.41,966585271.41,1.238595435,0.9858173521,0.09015929276,0.09556889995
2025-11-20,23843673,1763683199,Syrup USDC,0x80ac24aa929eaf5013f6436cda2a7ba190f5cc0b,958384017,958384017,146702005,811682012,1154390361.83148,2456388756.75907,1303012565.07753,4469189393.17,4469189393.17,1.137635803,0.7372205717,0.05989439295,0.0608655528
2025-11-20,23843673,1763683199,Syrup USDT,0x356b8d89c1e1239cbbb9de4815c39a1474d5ba7d,552448513,552448513,180000000,372448513,493106579.818278,1134160026.74335,641065930.938087,2687967000.33,2687967000.33,1.103887968,0.8631815241,0.0553331223,0.05768597078
2025-11-19,23836544,1763596799,Syrup USDC,0x80ac24aa929eaf5013f6436cda2a7ba190f5cc0b,969314017,969314017,146702005,822612012,1180097284.38847,2476927568.94495,1297809917.67525,4460950431.17,4460950431.17,1.137460043,0.7486160321,0.06030075468,0.06109115632
2025-11-19,23836544,1763596799,High Yield Secured Lending Maple Pool USDC1,0xc39a5a616f0ad1ff45077fa2de3f79ab8eb8b8b9,85617000,85617000,0,85617000,305922801.580803,397660063.793308,91756944.7908273,940218271.41,940218271.41,1.238326675,0.9352336072,0.08992544146,0.09787983664
2025-11-19,23836544,1763596799,Syrup USDT,0x356b8d89c1e1239cbbb9de4815c39a1474d5ba7d,552448513,552448513,180000000,372448513,492888013.042304,1139970218.90766,647087839.119115,2687967000.33,2687967000.33,1.103738353,0.8550201496,0.05665633451,0.05788115986
2025-11-18,23829427,1763510399,Syrup USDC,0x80ac24aa929eaf5013f6436cda2a7ba190f5cc0b,969314017,969314017,146702005,822612012,1206303603.45753,2474512530.70465,1269156472.02031,4460950431.17,4460950431.17,1.137282391,0.7654369669,0.06042636314,0.06130461761
2025-11-18,23829427,1763510399,Syrup USDT,0x356b8d89c1e1239cbbb9de4815c39a1474d5ba7d,587448513,587448513,180000000,407448513,553682251.738054,1156816036.90469,603134814.519482,2652967000.33,2652967000.33,1.103581211,0.9756071477,0.05692436503,0.05833083792
2025-11-18,23829427,1763510399,High Yield Secured Lending Maple Pool USDC1,0xc39a5a616f0ad1ff45077fa2de3f79ab8eb8b8b9,85617000,85617000,0,85617000,317611637.059443,410119825.710585,92527161.8118557,940218271.41,940218271.41,1.237941992,0.9273456323,0.09403663485,0.09676724458
2025-11-17,23822302,1763423999,High Yield Secured Lending Maple Pool USDC1,0xc39a5a616f0ad1ff45077fa2de3f79ab8eb8b8b9,85617000,85617000,0,85617000,309067995.265754,401558190.359946,92508441.338588,940218271.41,940218271.41,1.237691527,0.927395857,0.09320374445,0.09626881286
2025-11-17,23822302,1763423999,Syrup USDC,0x80ac24aa929eaf5013f6436cda2a7ba190f5cc0b,949314017,949314017,126702005,822612012,1180162803.16891,2381978846.17122,1202735817.88345,4390950431.17,4390950431.17,1.137100491,0.7911906647,0.06036845116,0.0614755948
2025-11-17,23822302,1763423999,Syrup USDT,0x356b8d89c1e1239cbbb9de4815c39a1474d5ba7d,587448513,587448513,180000000,407448513,535142880.394213,1127211479.88438,592068882.431389,2652967000.33,2652967000.33,1.103419137,0.9937249232,0.05757709715,0.05855233978
2025-11-16,23815179,1763337599,Syrup USDC,0x80ac24aa929eaf5013f6436cda2a7ba190f5cc0b,949314017,949314017,126702005,822612012,1168150816.12488,2375219315.83993,1207960869.84629,4342250431.17,4342250431.17,1.13691729,0.7877582979,0.06029828618,0.06164028582
2025-11-16,23815179,1763337599,Syrup USDT,0x356b8d89c1e1239cbbb9de4815c39a1474d5ba7d,702448513,702448513,295000000,407448513,533277833.400609,1251933909.30505,718661588.11577,2177967000.33,2177967000.33,1.103262876,0.9790081067,0.05876245336,0.05871122447
2025-11-16,23815179,1763337599,High Yield Secured Lending Maple Pool USDC1,0xc39a5a616f0ad1ff45077fa2de3f79ab8eb8b8b9,82917000,82917000,0,82917000,311949230.778591,403967640.576452,92035693.4187591,914301271.41,914301271.41,1.237510954,0.9028753952,0.09698778266,0.09871858261
2025-11-15,23808023,1763251199,Syrup USDT,0x356b8d89c1e1239cbbb9de4815c39a1474d5ba7d,702448513,702448513,295000000,407448513,541553372.074907,1262193277.18237,720643510.865022,2177967000.33,2177967000.33,1.103088357,0.9761751211,0.05800978454,0.05870434195
2025-11-15,23808023,1763251199,High Yield Secured Lending Maple Pool USDC1,0xc39a5a616f0ad1ff45077fa2de3f79ab8eb8b8b9,82917000,82917000,0,82917000,318519198.433703,410517457.813316,92014576.0898639,914301271.41,914301271.41,1.237227011,0.9029510964,0.1027121587,0.09951760845
2025-11-15,23808023,1763251199,Syrup USDC,0x80ac24aa929eaf5013f6436cda2a7ba190f5cc0b,949314017,949314017,126702005,822612012,1186321350.8297,2391688992.53116,1206233227.5453,4342250431.17,4342250431.17,1.136734475,0.788763143,0.06026406143,0.06181911224
2025-11-14,23800870,1763164799,High Yield Secured Lending Maple Pool USDC1,0xc39a5a616f0ad1ff45077fa2de3f79ab8eb8b8b9,82917000,82917000,0,82917000,317508722.855976,409474430.305255,91981057.3654806,914301271.41,914301271.41,1.236777674,0.9031487909,0.09555512563,0.09680552299
2025-11-14,23800870,1763164799,Syrup USDT,0x356b8d89c1e1239cbbb9de4815c39a1474d5ba7d,702448513,702448513,295000000,407448513,538886927.110981,1257679713.90149,718795133.401364,2072967000.33,2072967000.33,1.102923517,0.9792616496,0.05798458586,0.05907996719
2025-11-14,23800870,1763164799,Syrup USDC,0x80ac24aa929eaf5013f6436cda2a7ba190f5cc0b,949314017,949314017,126702005,822612012,1180412674.90644,2388458232.77798,1208884033.29542,4342250431.17,4342250431.17,1.136551639,0.7869029756,0.06021793135,0.06199360363
2025-11-13,23793714,1763078399,High Yield Secured Lending Maple Pool USDC1,0xc39a5a616f0ad1ff45077fa2de3f79ab8eb8b8b9,87917000,87917000,0,87917000,333254171.905735,424341863.796724,91102592.2204378,914301271.41,914301271.41,1.236546605,0.967169545,0.09705912484,0.09876219493
2025-11-13,23793714,1763078399,Syrup USDC,0x80ac24aa929eaf5013f6436cda2a7ba190f5cc0b,974914017,974914017,126702005,848212012,1244221397.08452,2466345227.2995,1222936595.58209,4317250431.17,4317250431.17,1.136367393,0.7987121295,0.06013552104,0.06218673479
2025-11-13,23793714,1763078399,Syrup USDT,0x356b8d89c1e1239cbbb9de4815c39a1474d5ba7d,702448513,702448513,295000000,407448513,541498502.402987,1255860818.14435,714363757.649239,2072967000.33,2072967000.33,1.102748391,0.9854940106,0.0578438567,0.05934807287
2025-11-12,23786576,1762991999,High Yield Secured Lending Maple Pool USDC1,0xc39a5a616f0ad1ff45077fa2de3f79ab8eb8b8b9,87917000,87917000,0,87917000,349174469.161894,437594033.25535,88434266.6182219,914301271.41,914301271.41,1.236283377,0.9962522847,0.1038568858,0.09976268573
2025-11-12,23786576,1762991999,Syrup USDC,0x80ac24aa929eaf5013f6436cda2a7ba190f5cc0b,974914017,974914017,126702005,848212012,1268703162.07221,2491734972.74829,1223818033.0331,4317250431.17,4317250431.17,1.136183476,0.7980062829,0.06005013364,0.06240122034
2025-11-12,23786576,1762991999,Syrup USDT,0x356b8d89c1e1239cbbb9de4815c39a1474d5ba7d,702448513,702448513,295000000,407448513,547473265.622275,1263434453.69749,715961548.63318,2072967000.33,2072967000.33,1.102572434,0.9831528454,0.05714633464,0.05925271573
2025-11-11,23779425,1762905599,Syrup USDC,0x80ac24aa929eaf5013f6436cda2a7ba190f5cc0b,904914017,904914017,76702005,828212012,1257021442.96075,2475263639.8165,1218996649.38197,4177250431.17,4177250431.17,1.136003443,0.7436517661,0.06010606176,0.06267130335
2025-11-11,23779425,1762905599,Syrup USDT,0x356b8d89c1e1239cbbb9de4815c39a1474d5ba7d,643698513,643698513,295000000,348698513,481203033.204888,1147110726.65161,666322490.8626,2014217000.33,2014217000.33,1.102410095,0.9686607469,0.05712257873,0.05921816893
2025-11-11,23779425,1762905599,High Yield Secured Lending Maple Pool USDC1,0xc39a5a616f0ad1ff45077fa2de3f79ab8eb8b8b9,82667000,82667000,0,82667000,363054855.689057,450969022.738405,87928495.035562,873117271.41,873117271.41,1.235810095,0.9420965186,0.0953984803,0.09682681586
2025-11-10,23772288,1762819199,Syrup USDT,0x356b8d89c1e1239cbbb9de4815c39a1474d5ba7d,643698513,643698513,295000000,348698513,496638899.215614,1156070509.79669,659843944.262913,2014217000.33,2014217000.33,1.102235143,0.9780610156,0.05711319934,0.05887412282
2025-11-10,23772288,1762819199,High Yield Secured Lending Maple Pool USDC1,0xc39a5a616f0ad1ff45077fa2de3f79ab8eb8b8b9,82667000,82667000,0,82667000,375280642.528875,462289634.942701,87022799.8998528,873117271.41,873117271.41,1.235578107,0.951768522,0.09700615268,0.09876845711
2025-11-10,23772288,1762819199,Syrup USDC,0x80ac24aa929eaf5013f6436cda2a7ba190f5cc0b,937103798,937103798,76702005,860401793,1342006327.86099,2551677217.77058,1210394788.18276,4177250431.17,4177250431.17,1.135822937,0.7756334433,0.0600497209,0.06294475982
2025-11-09,23765143,1762732799,Syrup USDT,0x356b8d89c1e1239cbbb9de4815c39a1474d5ba7d,643698513,643698513,295000000,348698513,490440398.888575,1150221346.31738,660191586.354221,2014217000.33,2014217000.33,1.102055374,0.9774096544,0.05609547557,0.05840743353
2025-11-09,23765143,1762732799,High Yield Secured Lending Maple Pool USDC1,0xc39a5a616f0ad1ff45077fa2de3f79ab8eb8b8b9,74667000,74667000,0,74667000,367809788.775841,453043170.23338,85246399.9051028,855150271.41,855150271.41,1.235315978,0.8776162501,0.1038530963,0.09978083119
2025-11-09,23765143,1762732799,Syrup USDC,0x80ac24aa929eaf5013f6436cda2a7ba190f5cc0b,937103798,937103798,76702005,860401793,1326593659.76708,2506626566.11989,1180730870.86867,4177250431.17,4177250431.17,1.135641382,0.7950282319,0.06008643467,0.06320890809
2025-11-08,23757981,1762646399,Syrup USDC,0x80ac24aa929eaf5013f6436cda2a7ba190f5cc0b,937103798,937103798,76702005,860401793,1293357081.00862,2477405443.13505,1184721318.04959,4177250431.17,4177250431.17,1.135459476,0.792218944,0.06013353278,0.06346397281
2025-11-08,23757981,1762646399,Syrup USDT,0x356b8d89c1e1239cbbb9de4815c39a1474d5ba7d,643698513,643698513,295000000,348698513,478713784.730406,1142608459.53471,664303375.771325,2014217000.33,2014217000.33,1.101896073,0.971211454,0.05625519175,0.05892045015
2025-11-08,23757981,1762646399,High Yield Secured Lending Maple Pool USDC1,0xc39a5a616f0ad1ff45077fa2de3f79ab8eb8b8b9,74667000,74667000,0,74667000,353162118.440038,437614378.862594,84464266.8385821,855150271.41,855150271.41,1.234909268,0.8856237781,0.09847513549,0.09755606119
2025-11-07,23750827,1762559999,Syrup USDC,0x80ac24aa929eaf5013f6436cda2a7ba190f5cc0b,937103798,937103798,76702005,860401793,1312241745.09567,2499570426.19217,1187976213.31701,4177250431.17,4177250431.17,1.135277792,0.7899186283,0.06017828691,0.06373597602
2025-11-07,23750827,1762559999,High Yield Secured Lending Maple Pool USDC1,0xc39a5a616f0ad1ff45077fa2de3f79ab8eb8b8b9,74667000,74667000,0,74667000,356236094.716114,440668717.668885,84443639.3244705,855150271.41,855150271.41,1.234614941,0.8857054739,0.09718463643,0.09797945527
2025-11-07,23750827,1762559999,Syrup USDT,0x356b8d89c1e1239cbbb9de4815c39a1474d5ba7d,643698513,643698513,295000000,348698513,485154361.456464,1150907723.47478,666159598.945007,2014217000.33,2014217000.33,1.101731915,0.9683653754,0.05695018871,0.05923050645
2025-11-06,23743678,1762473599,Syrup USDT,0x356b8d89c1e1239cbbb9de4815c39a1474d5ba7d,643698513,643698513,295000000,348698513,474048331.841093,1145368783.98238,671723878.539601,2014217000.33,2014217000.33,1.101559788,0.9602314431,0.05724115418,0.05928545246
2025-11-06,23743678,1762473599,High Yield Secured Lending Maple Pool USDC1,0xc39a5a616f0ad1ff45077fa2de3f79ab8eb8b8b9,74667000,74667000,0,74667000,327285774.396278,409718344.72905,82442649.1139498,855150271.41,855150271.41,1.2343518,0.9070985566,0.1002467104,0.09914448918
2025-11-06,23743678,1762473599,Syrup USDC,0x80ac24aa929eaf5013f6436cda2a7ba190f5cc0b,937103798,937103798,76702005,860401793,1279489482.19567,2477395192.6311,1198526491.51726,4177250431.17,4177250431.17,1.135095444,0.7833221594,0.06027211445,0.06403303573
2025-11-05,23736527,1762387199,Syrup USDT,0x356b8d89c1e1239cbbb9de4815c39a1474d5ba7d,643698513,643698513,295000000,348698513,485523191.354648,1168132070.39409,683008219.080341,2014217000.33,2014217000.33,1.101397953,0.9442058562,0.05745340592,0.05938159368
2025-11-05,23736527,1762387199,High Yield Secured Lending Maple Pool USDC1,0xc39a5a616f0ad1ff45077fa2de3f79ab8eb8b8b9,74667000,74667000,0,74667000,336348087.676576,417892857.185995,81554076.1848252,855150271.41,855150271.41,1.233942848,0.9168552098,0.09726190271,0.09756185259
2025-11-05,23736527,1762387199,Syrup USDC,0x80ac24aa929eaf5013f6436cda2a7ba190f5cc0b,932103798,932103798,76702005,855401793,1294602738.3292,2496402624.07211,1202392341.87644,4146650431.17,4146650431.17,1.134913487,0.7775123145,0.06041962487,0.06430599252
2025-11-04,23729387,1762300799,High Yield Secured Lending Maple Pool USDC1,0xc39a5a616f0ad1ff45077fa2de3f79ab8eb8b8b9,74667000,74667000,0,74667000,320581022.595416,401886310.344071,81313867.6155395,855150271.41,855150271.41,1.233652437,0.9194250167,0.09716723739,0.09800776986
2025-11-04,23729387,1762300799,Syrup USDT,0x356b8d89c1e1239cbbb9de4815c39a1474d5ba7d,593698513,593698513,245000000,348698513,472786707.80401,1179197081.51772,706800854.758277,1739217000.33,1739217000.33,1.101236262,0.8417463247,0.05823688277,0.05948044486
2025-11-04,23729387,1762300799,Syrup USDC,0x80ac24aa929eaf5013f6436cda2a7ba190f5cc0b,932103798,932103798,76702005,855401793,1260772339.46766,2493262927.27749,1233052564.26285,4143450431.17,4143450431.17,1.134732507,0.7580150593,0.06062072696,0.06458857622
2025-11-03,23722235,1762214399,Syrup USDT,0x356b8d89c1e1239cbbb9de4815c39a1474d5ba7d,593698513,593698513,245000000,348698513,469120756.802549,1194758015.69179,726016695.630261,1739217000.33,1739217000.33,1.101061683,0.8193140609,0.05851588855,0.05966129604
2025-11-03,23722235,1762214399,High Yield Secured Lending Maple Pool USDC1,0xc39a5a616f0ad1ff45077fa2de3f79ab8eb8b8b9,74667000,74667000,0,74667000,349649252.60165,428939898.966072,79298642.3904438,855150271.41,855150271.41,1.233386163,0.9426728219,0.09727877471,0.09916213577
2025-11-03,23722235,1762214399,Syrup USDC,0x80ac24aa929eaf5013f6436cda2a7ba190f5cc0b,953080798,953080798,76702005,876378793,1274712501.24139,2596464839.62731,1322277708.15325,4128450431.17,4128450431.17,1.134553359,0.7229502228,0.0610203089,0.06491682387
2025-11-02,23715078,1762127999,Syrup USDC,0x80ac24aa929eaf5013f6436cda2a7ba190f5cc0b,993480798,993480798,79102005,914378793,1363984864.73791,2679092417.2486,1315596796.46853,4078450431.17,4078450431.17,1.134371254,0.7574866137,0.06139127796,0.06518888149
2025-11-02,23715078,1762127999,High Yield Secured Lending Maple Pool USDC1,0xc39a5a616f0ad1ff45077fa2de3f79ab8eb8b8b9,73950000,73950000,0,73950000,389212239.056526,465079019.114951,75874440.5867954,845183271.41,845183271.41,1.232977361,0.975746163,0.09727063606,0.09757940125
2025-11-02,23715078,1762127999,Syrup USDT,0x356b8d89c1e1239cbbb9de4815c39a1474d5ba7d,593698513,593698513,245000000,348698513,479534462.486372,1206317716.92264,727150898.761298,1739217000.33,1739217000.33,1.100902442,0.8179254389,0.05904801646,0.06003187307
2025-11-01,23707919,1762041599,Syrup USDC,0x80ac24aa929eaf5013f6436cda2a7ba190f5cc0b,993480798,993480798,79102005,914378793,1366968769.64175,2689973406.12145,1323458931.91489,4078450431.17,4078450431.17,1.134188584,0.7528516843,0.06175636024,0.06545683551
2025-11-01,23707919,1762041599,Syrup USDT,0x356b8d89c1e1239cbbb9de4815c39a1474d5ba7d,593698513,593698513,245000000,348698513,480215585.667369,1204604099.14132,724745404.003415,1739217000.33,1739217000.33,1.100740116,0.8205373207,0.0596278457,0.06044103476
2025-11-01,23707919,1762041599,High Yield Secured Lending Maple Pool USDC1,0xc39a5a616f0ad1ff45077fa2de3f79ab8eb8b8b9,73950000,73950000,0,73950000,390864254.321378,466464149.689144,75607368.9279156,845183271.41,845183271.41,1.232686874,0.9790424591,0.09725539899,0.09737077604
2025-10-31,23700766,1761955199,Syrup USDC,0x80ac24aa929eaf5013f6436cda2a7ba190f5cc0b,993480798,993480798,79102005,914378793,1362823376.91119,2694866323.06646,1332461658.74984,4078450431.17,4078450431.17,1.134006186,0.7476321734,0.06213121445,0.06572804814
2025-10-31,23700766,1761955199,Syrup USDT,0x356b8d89c1e1239cbbb9de4815c39a1474d5ba7d,593698513,593698513,245000000,348698513,478297417.468587,1204070993.34921,726120049.729277,1739217000.33,1739217000.33,1.100562246,0.8188744484,0.05987786394,0.06070931812
2025-10-31,23700766,1761955199,High Yield Secured Lending Maple Pool USDC1,0xc39a5a616f0ad1ff45077fa2de3f79ab8eb8b8b9,73950000,73950000,0,73950000,389251921.288656,464129292.447368,74884695.5867588,845183271.41,845183271.41,1.23242086,0.9883433194,0.09732340733,0.09917376553
2025-10-30,23693628,1761868799,High Yield Secured Lending Maple Pool USDC1,0xc39a5a616f0ad1ff45077fa2de3f79ab8eb8b8b9,73950000,73950000,0,73950000,364770361.625859,439161781.586068,74398675.4121846,845183271.41,845183271.41,1.232092331,0.9960160775,0.10101512,0.09850367975
2025-10-30,23693628,1761868799,Syrup USDC,0x80ac24aa929eaf5013f6436cda2a7ba190f5cc0b,1041480798,1041480798,79102005,962378793,1403704031.88377,2744534610.17779,1341216708.33632,4030450431.17,4030450431.17,1.133822118,0.7789002575,0.06243502484,0.06597634134
2025-10-30,23693628,1761868799,Syrup USDT,0x356b8d89c1e1239cbbb9de4815c39a1474d5ba7d,593698513,593698513,245000000,348698513,470744304.745086,1194530623.8368,724121459.346909,1739217000.33,1739217000.33,1.100384494,0.821349868,0.05935669157,0.06100062808
2025-10-29,23686487,1761782399,High Yield Secured Lending Maple Pool USDC1,0xc39a5a616f0ad1ff45077fa2de3f79ab8eb8b8b9,66450000,66450000,0,66450000,389075904.657654,463279249.972383,74210088.1354703,835933271.41,835933271.41,1.231748298,0.8974176158,0.09843778426,0.09689554212
2025-10-29,23686487,1761782399,Syrup USDT,0x356b8d89c1e1239cbbb9de4815c39a1474d5ba7d,593698513,593698513,245000000,348698513,485937495.549,1217084636.61618,731469995.946985,1739217000.33,1739217000.33,1.100218596,0.8129763479,0.05977026303,0.06124865629
2025-10-29,23686487,1761782399,Syrup USDC,0x80ac24aa929eaf5013f6436cda2a7ba190f5cc0b,1048980798,1048980798,86602005,962378793,1453663133.33782,2790950973.64207,1337642454.99629,4015550431.17,4015550431.17,1.13363734,0.7865059409,0.06269953708,0.06626311449
2025-10-28,23679339,1761695999,Syrup USDT,0x356b8d89c1e1239cbbb9de4815c39a1474d5ba7d,593698513,593698513,245000000,348698513,494795174.209958,1163365598.92198,668883931.603726,1739217000.33,1739217000.33,1.100041453,0.8890560633,0.06008366225,0.06181352792
2025-10-28,23679339,1761695999,Syrup USDC,0x80ac24aa929eaf5013f6436cda2a7ba190f5cc0b,1051280798,1051280798,86602005,964678793,1479560444.83919,2821767281.50449,1342529925.41432,4013050431.17,4013050431.17,1.133452442,0.7852311797,0.06303360991,0.06649116501
2025-10-28,23679339,1761695999,High Yield Secured Lending Maple Pool USDC1,0xc39a5a616f0ad1ff45077fa2de3f79ab8eb8b8b9,66450000,66450000,0,66450000,393770185.572774,463766829.825494,70002851.8380151,835933271.41,835933271.41,1.231460441,0.9513337601,0.094101127,0.09924901303
2025-10-27,23672211,1761609599,Syrup USDT,0x356b8d89c1e1239cbbb9de4815c39a1474d5ba7d,518698513,518698513,245000000,273698513,398948578.672186,965725843.40174,567085346.517365,1664217000.33,1664217000.33,1.099861503,0.9163232872,0.05937151235,0.06182414446
2025-10-27,23672211,1761609599,High Yield Secured Lending Maple Pool USDC1,0xc39a5a616f0ad1ff45077fa2de3f79ab8eb8b8b9,66450000,66450000,0,66450000,404092822.380424,473860949.921904,69773990.4761429,835933271.41,835933271.41,1.23119224,0.9543163777,0.1039799531,0.09921228519
2025-10-27,23672211,1761609599,Syrup USDC,0x80ac24aa929eaf5013f6436cda2a7ba190f5cc0b,1084345798,1084345798,86602005,997743793,1537840675.49932,2858964254.80081,1321419071.08785,4013050431.17,4013050431.17,1.13326531,0.8228063288,0.06341459974,0.06669462654
2025-10-26,23665071,1761523199,Syrup USDC,0x80ac24aa929eaf5013f6436cda2a7ba190f5cc0b,1084345798,1084345798,86602005,997743793,1545686509.3846,2864707950.4038,1319290959.96589,4013050431.17,4013050431.17,1.133075815,0.8239991058,0.06371977299,0.06692469557
2025-10-26,23665071,1761523199,Syrup USDT,0x356b8d89c1e1239cbbb9de4815c39a1474d5ba7d,443698513,443698513,170000000,273698513,400873740.236194,958803384.259897,558228833.277022,1439217000.33,1439217000.33,1.099691835,0.7962736355,0.06064490029,0.06197220592
2025-10-26,23665071,1761523199,High Yield Secured Lending Maple Pool USDC1,0xc39a5a616f0ad1ff45077fa2de3f79ab8eb8b8b9,64700000,64700000,0,64700000,405422940.652381,475168465.685851,69750874.0479938,834183271.41,834183271.41,1.230784341,0.9293533862,0.09800950317,0.0969092075
2025-10-25,23657910,1761436799,Syrup USDC,0x80ac24aa929eaf5013f6436cda2a7ba190f5cc0b,1084345798,1084345798,86602005,997743793,1502634783.05986,2818742613.14645,1316351150.63293,4013050431.17,4013050431.17,1.132885882,0.8257425199,0.06402795447,0.0670902913
2025-10-25,23657910,1761436799,High Yield Secured Lending Maple Pool USDC1,0xc39a5a616f0ad1ff45077fa2de3f79ab8eb8b8b9,64700000,64700000,0,64700000,389109213.817921,458852005.641215,69747578.2698565,834183271.41,834183271.41,1.230494698,0.9292582813,0.09398762506,0.09895589648
2025-10-25,23657910,1761436799,Syrup USDT,0x356b8d89c1e1239cbbb9de4815c39a1474d5ba7d,443698513,443698513,170000000,273698513,390316759.216639,950763662.800608,560736000.703332,1439217000.33,1439217000.33,1.099518146,0.792603342,0.06098325609,0.06259739911
2025-10-24,23650757,1761350399,Syrup USDT,0x356b8d89c1e1239cbbb9de4815c39a1474d5ba7d,443698513,443698513,170000000,273698513,388134305.287419,948601156.490135,560745285.735343,1439217000.33,1439217000.33,1.0993355,0.7924858562,0.06031032012,0.06272289169
2025-10-24,23650757,1761350399,High Yield Secured Lending Maple Pool USDC1,0xc39a5a616f0ad1ff45077fa2de3f79ab8eb8b8b9,64700000,64700000,0,64700000,386798348.931094,456526568.820832,69732443.8398602,834183271.41,834183271.41,1.230227695,0.9293211963,0.1004157079,0.0992219893
2025-10-24,23650757,1761350399,Syrup USDC,0x80ac24aa929eaf5013f6436cda2a7ba190f5cc0b,1084345798,1084345798,86602005,997743793,1490354535.40878,2808293687.96541,1318156097.98381,4013050431.17,4013050431.17,1.132696025,0.824470637,0.06437622287,0.06725921589
2025-10-23,23643619,1761263999,Syrup USDC,0x80ac24aa929eaf5013f6436cda2a7ba190f5cc0b,1084345798,1084345798,86602005,997743793,1475738621.17172,2786380269.7975,1310832787.44714,4003050431.17,4003050431.17,1.132505958,0.8290098788,0.06475596612,0.06746780545
2025-10-23,23643619,1761263999,High Yield Secured Lending Maple Pool USDC1,0xc39a5a616f0ad1ff45077fa2de3f79ab8eb8b8b9,64700000,64700000,0,64700000,379776047.259609,449481742.888363,69709364.8419657,834183251.41,834183251.41,1.229820532,0.9303737849,0.09802015274,0.09691452132
2025-10-23,23643619,1761263999,Syrup USDT,0x356b8d89c1e1239cbbb9de4815c39a1474d5ba7d,443698513,443698513,170000000,273698513,384295143.348097,945400853.70396,561372549.358391,1439217000.33,1439217000.33,1.099168313,0.7914935923,0.06061840989,0.06286621231
2025-10-22,23636490,1761177599,Syrup USDT,0x356b8d89c1e1239cbbb9de4815c39a1474d5ba7d,343698513,343698513,70000000,273698513,373493328.710931,874544318.191722,501301982.999054,1289217000.33,1289217000.33,1.098994372,0.6866822817,0.06174398281,0.06264913367
2025-10-22,23636490,1761177599,Syrup USDC,0x80ac24aa929eaf5013f6436cda2a7ba190f5cc0b,1079345798,1079345798,86602005,992743793,1417911776.14848,2729164670.00702,1311418026.55879,4003050431.17,4003050431.17,1.132315989,0.8247160722,0.06512276588,0.06769958723
2025-10-22,23636490,1761177599,High Yield Secured Lending Maple Pool USDC1,0xc39a5a616f0ad1ff45077fa2de3f79ab8eb8b8b9,64700000,64700000,0,64700000,371337169.726849,440198410.49745,68864355.4393165,834183251.41,834183251.41,1.229532394,0.9416751495,0.093788128,0.09898375773
2025-10-21,23629361,1761091199,High Yield Secured Lending Maple Pool USDC1,0xc39a5a616f0ad1ff45077fa2de3f79ab8eb8b8b9,64700000,64700000,0,64700000,383803627.645739,452767200.543586,68966224.9125185,834183251.41,834183251.41,1.229338316,0.941513528,0.1038426226,0.1000144145
2025-10-21,23629361,1761091199,Syrup USDC,0x80ac24aa929eaf5013f6436cda2a7ba190f5cc0b,1099345798,1099345798,86602005,1012743793,1481030788.92619,2766286886.8263,1285398985.50942,3980550431.17,3980550431.17,1.132124482,0.8569027494,0.06556300322,0.06791053679
2025-10-21,23629361,1761091199,Syrup USDT,0x356b8d89c1e1239cbbb9de4815c39a1474d5ba7d,273698513,273698513,50000000,223698513,319163295.309579,764137691.812838,445209043.86207,1219217000.33,1219217000.33,1.098811195,0.6157546841,0.06245894207,0.06249509191
2025-10-20,23622239,1761004799,Syrup USDT,0x356b8d89c1e1239cbbb9de4815c39a1474d5ba7d,298698513,298698513,50000000,248698513,354942946.498923,782789623.168898,428070030.715675,1219217000.33,1219217000.33,1.098645606,0.6988937662,0.06254014348,0.06247612397
2025-10-20,23622239,1761004799,Syrup USDC,0x80ac24aa929eaf5013f6436cda2a7ba190f5cc0b,1074345798,1074345798,66602005,1007743793,1493139143.6555,2754121619.71041,1261104503.50221,3903650431.17,3903650431.17,1.13192979,0.8539754493,0.06592252293,0.06808568519
2025-10-20,23622239,1761004799,High Yield Secured Lending Maple Pool USDC1,0xc39a5a616f0ad1ff45077fa2de3f79ab8eb8b8b9,64700000,64700000,0,64700000,391134966.651046,460835072.636573,69702258.0865962,834183251.41,834183251.41,1.228858722,0.9313971787,0.09795893037,0.0969147611
2025-10-19,23615116,1760918399,Syrup USDT,0x356b8d89c1e1239cbbb9de4815c39a1474d5ba7d,298698513,298698513,50000000,248698513,350034312.148161,756769104.121128,406947148.151027,1219217000.33,1219217000.33,1.098450819,0.7351233286,0.06072739289,0.06210040763
2025-10-19,23615116,1760918399,Syrup USDC,0x80ac24aa929eaf5013f6436cda2a7ba190f5cc0b,1074345798,1074345798,66602005,1007743793,1473662842.86549,2723715027.89949,1250153950.65684,3903650431.17,3903650431.17,1.131734291,0.8613244062,0.06629113404,0.06825673733
2025-10-19,23615116,1760918399,High Yield Secured Lending Maple Pool USDC1,0xc39a5a616f0ad1ff45077fa2de3f79ab8eb8b8b9,64700000,64700000,0,64700000,393193942.387501,462878747.532081,69686412.3457269,834183251.41,834183251.41,1.22857936,0.9314701584,0.09429132743,0.09831395222
2025-10-18,23607963,1760831999,High Yield Secured Lending Maple Pool USDC1,0xc39a5a616f0ad1ff45077fa2de3f79ab8eb8b8b9,64700000,64700000,0,64700000,382181117.886235,451687691.562728,69507654.2930546,834183251.41,834183251.41,1.228376681,0.9337335543,0.1039266404,0.1005446558
2025-10-18,23607963,1760831999,Syrup USDC,0x80ac24aa929eaf5013f6436cda2a7ba190f5cc0b,1074345798,1074345798,66602005,1007743793,1445984531.00868,2682108821.85673,1236206879.2253,3903650431.17,3903650431.17,1.131538296,0.8709121219,0.0666726226,0.06842591745
2025-10-18,23607963,1760831999,Syrup USDT,0x356b8d89c1e1239cbbb9de4815c39a1474d5ba7d,298698513,298698513,50000000,248698513,343689496.780844,746957680.058279,403470593.394028,1219217000.33,1219217000.33,1.098270607,0.7413595432,0.05895558499,0.06188500276
2025-10-17,23600817,1760745599,Syrup USDT,0x356b8d89c1e1239cbbb9de4815c39a1474d5ba7d,298698513,298698513,50000000,248698513,342791185.607511,741354035.472232,398755906.242256,1219217000.33,1219217000.33,1.09810153,0.7500281396,0.05746104281,0.0619444884
2025-10-17,23600817,1760745599,Syrup USDC,0x80ac24aa929eaf5013f6436cda2a7ba190f5cc0b,1074345798,1074345798,66602005,1007743793,1441094712.38413,2669102781.22812,1228073035.27606,3903650431.17,3903650431.17,1.131341565,0.8765396522,0.06702877138,0.06858482691
2025-10-17,23600817,1760745599,High Yield Secured Lending Maple Pool USDC1,0xc39a5a616f0ad1ff45077fa2de3f79ab8eb8b8b9,64700000,64700000,0,64700000,379543398.309101,448475012.636767,68932189.2364263,834183251.41,834183251.41,1.227972158,0.9414111305,0.1015403298,0.09825440854
2025-10-16,23593662,1760659199,Syrup USDT,0x356b8d89c1e1239cbbb9de4815c39a1474d5ba7d,298698513,298698513,50000000,248698513,338955003.959678,758354811.658889,419582681.745788,1219217000.33,1219217000.33,1.097928414,0.7126540465,0.05893566535,0.06216748459
2025-10-16,23593662,1760659199,High Yield Secured Lending Maple Pool USDC1,0xc39a5a616f0ad1ff45077fa2de3f79ab8eb8b8b9,64700000,64700000,0,64700000,380382363.265385,448107809.074392,67725626.249184,834183251.41,834183251.41,1.22761705,0.9580883804,0.09430577957,0.0988258913
2025-10-16,23593662,1760659199,Syrup USDC,0x80ac24aa929eaf5013f6436cda2a7ba190f5cc0b,1064345798,1064345798,66602005,997743793,1415737420.85628,2643770922.39053,1228080482.21455,3893650431.17,3893650431.17,1.131143987,0.868499987,0.06732107515,0.06872518776
2025-10-15,23586523,1760572799,Syrup USDT,0x356b8d89c1e1239cbbb9de4815c39a1474d5ba7d,298698513,298698513,50000000,248698513,348533871.591546,770888156.566725,422525723.89963,1219217000.33,1219217000.33,1.097732338,0.707867572,0.05862923735,0.06244564731
2025-10-15,23586523,1760572799,High Yield Secured Lending Maple Pool USDC1,0xc39a5a616f0ad1ff45077fa2de3f79ab8eb8b8b9,74700000,74700000,0,74700000,417272744.922648,492492545.216581,75219830.687113,834183251.41,834183251.41,1.227420327,0.9976837161,0.1005893721,0.1011267591
2025-10-15,23586523,1760572799,Syrup USDC,0x80ac24aa929eaf5013f6436cda2a7ba190f5cc0b,1066845798,1066845798,74102005,992743793,1438878619.26557,2624368054.98294,1185520072.57239,3878650426.17,3878650426.17,1.130946776,0.9017038202,0.06769287477,0.06885815262
2025-10-14,23579375,1760486399,High Yield Secured Lending Maple Pool USDC1,0xc39a5a616f0ad1ff45077fa2de3f79ab8eb8b8b9,74700000,74700000,0,74700000,430350848.198685,505544596.421786,75193760.8078724,834183251.41,834183251.41,1.22701124,0.9978660649,0.0986959246,0.09878451353
2025-10-14,23579375,1760486399,Syrup USDT,0x356b8d89c1e1239cbbb9de4815c39a1474d5ba7d,286698513,286698513,50000000,236698513,313811896.153742,738499631.943646,424847684.523226,1107217000.33,1107217000.33,1.097535203,0.6759129601,0.05757589062,0.06246841444
2025-10-14,23579375,1760486399,Syrup USDC,0x80ac24aa929eaf5013f6436cda2a7ba190f5cc0b,1076845798,1076845798,74102005,1002743793,1491060304.58447,2652796713.41157,1161756383.00924,3878650426.17,3878650426.17,1.130746539,0.9286553005,0.06805554093,0.06895707013
2025-10-13,23572225,1760399999,Syrup USDC,0x80ac24aa929eaf5013f6436cda2a7ba190f5cc0b,1080143798,1080143798,77400005,1002743793,1550709822.09298,2697274557.99962,1146576518.38288,3810650426.17,3810650426.17,1.13054477,0.9439086186,0.06821940199,0.06925470434
2025-10-13,23572225,1760399999,High Yield Secured Lending Maple Pool USDC1,0xc39a5a616f0ad1ff45077fa2de3f79ab8eb8b8b9,74700050,74700050,0,74700050,461581382.950149,536669652.739378,75088269.7892489,834183251.41,834183251.41,1.226658275,0.9991094046,0.0944207074,0.09856466966
2025-10-13,23572225,1760399999,Syrup USDT,0x356b8d89c1e1239cbbb9de4815c39a1474d5ba7d,346698513,346698513,50000000,296698513,408438631.29825,838590723.773473,430302073.479979,1107217000.33,1107217000.33,1.097368197,0.807152088,0.05769768059,0.0628024893
2025-10-12,23565080,1760313599,Syrup USDC,0x80ac24aa929eaf5013f6436cda2a7ba190f5cc0b,1069662803,1069662803,66919010,1002743793,1535182754.61231,2653689761.8539,1118512640.18604,3793250421.17,3793250421.17,1.130342015,0.95810966,0.06832744013,0.06930985443
2025-10-12,23565080,1760313599,High Yield Secured Lending Maple Pool USDC1,0xc39a5a616f0ad1ff45077fa2de3f79ab8eb8b8b9,74700050,74700050,0,74700050,450414209.90657,528703985.960379,78291284.3223952,834183251.41,834183251.41,1.226458112,0.9579322734,0.1004620691,0.1016492181
2025-10-12,23565080,1760313599,Syrup USDT,0x356b8d89c1e1239cbbb9de4815c39a1474d5ba7d,396698513,396698513,100000000,296698513,405733466.348817,839004752.819247,433414863.117859,1047217000.33,1047217000.33,1.097209566,0.9167832677,0.058244851,0.06323346804
2025-10-11,23557920,1760227199,Syrup USDC,0x80ac24aa929eaf5013f6436cda2a7ba190f5cc0b,1069662803,1069662803,66919010,1002743793,1463678011.46761,2574435631.48419,1110758551.95767,3793250421.17,3793250421.17,1.130138509,0.9646363504,0.06850413154,0.06931544679
2025-10-11,23557920,1760227199,Syrup USDT,0x356b8d89c1e1239cbbb9de4815c39a1474d5ba7d,396698513,396698513,150000000,246698513,342850825.163114,779640002.435717,436926526.56979,947217000.33,947217000.33,1.097064731,0.9092909794,0.06048530423,0.06382855083
2025-10-11,23557920,1760227199,High Yield Secured Lending Maple Pool USDC1,0xc39a5a616f0ad1ff45077fa2de3f79ab8eb8b8b9,74700050,74700050,0,74700050,400108673.691441,478372645.92123,78265109.1472906,834183251.41,834183251.41,1.226049636,0.9580973288,0.09869163268,0.09931810278
2025-10-10,23550763,1760140799,Syrup USDC,0x80ac24aa929eaf5013f6436cda2a7ba190f5cc0b,1074397803,1074397803,66919010,1007478793,1500570734.26034,2641264935.86448,1140809036.9657,3771000421.17,3771000421.17,1.129934786,0.9433245053,0.06857303574,0.06934103028
2025-10-10,23550763,1760140799,Syrup USDT,0x356b8d89c1e1239cbbb9de4815c39a1474d5ba7d,346698513,346698513,150000000,196698513,301542365.694829,763615783.543558,462199947.788763,797217000.33,797217000.33,1.09692555,0.7511047727,0.06305968818,0.06449444824
2025-10-10,23550763,1760140799,High Yield Secured Lending Maple Pool USDC1,0xc39a5a616f0ad1ff45077fa2de3f79ab8eb8b8b9,74700050,74700050,0,74700050,409766329.505876,488008146.247539,78242582.355292,834183251.41,834183251.41,1.225696746,0.9582175951,0.09441455526,0.09837528427
2025-10-09,23543615,1760054399,High Yield Secured Lending Maple Pool USDC1,0xc39a5a616f0ad1ff45077fa2de3f79ab8eb8b8b9,74700050,74700050,0,74700050,470454316.827,548683763.76453,78229841.2944914,834183251.41,834183251.41,1.225497153,0.9582175951,0.09768061174,0.1021776729
2025-10-09,23543615,1760054399,Syrup USDT,0x356b8d89c1e1239cbbb9de4815c39a1474d5ba7d,274118513,274118513,77420000,196698513,321839747.376729,775373278.834804,453644013.400196,647217000.33,647217000.33,1.096723309,0.6052877806,0.0627709323,0.06442471504
2025-10-09,23543615,1760054399,Syrup USDC,0x80ac24aa929eaf5013f6436cda2a7ba190f5cc0b,1075447803,1075447803,66919010,1008528793,1619869211.82915,2775857156.59446,1156094440.85706,3671000421.17,3671000421.17,1.12973152,0.9319366197,0.06867387464,0.06935421001
2025-10-08,23536460,1759967999,High Yield Secured Lending Maple Pool USDC1,0xc39a5a616f0ad1ff45077fa2de3f79ab8eb8b8b9,74700050,74700050,0,74700050,482372738.96,560581432.612894,78208716.8003848,834183251.41,834183251.41,1.22516623,0.9583206523,0.1023085513,0.1006878952
2025-10-08,23536460,1759967999,Syrup USDC,0x80ac24aa929eaf5013f6436cda2a7ba190f5cc0b,1075447803,1075447803,66919010,1008528793,1647295467.97268,2793038896.29805,1145841535.92377,3671000421.17,3671000421.17,1.12952701,0.9405073879,0.06871340103,0.06939705545
2025-10-08,23536460,1759967999,Syrup USDT,0x356b8d89c1e1239cbbb9de4815c39a1474d5ba7d,269118513,269118513,77420000,191698513,326698921.374122,765461755.037358,438852767.596086,647217000.33,647217000.33,1.096533535,0.6142090166,0.06328882962,0.06450989078
2025-10-07,23529320,1759881599,Syrup USDT,0x356b8d89c1e1239cbbb9de4815c39a1474d5ba7d,269118513,269118513,77420000,191698513,323192905.208346,760571958.617198,437450591.840835,647217000.33,647217000.33,1.096357546,0.616081615,0.0645972607,0.06483972281
2025-10-07,23529320,1759881599,Syrup USDC,0x80ac24aa929eaf5013f6436cda2a7ba190f5cc0b,1070247803,1070247803,66919010,1003328793,1628218715.27994,2765463414.06418,1137335304.30768,3547900421.17,3547900421.17,1.129319669,0.9440487261,0.06859606482,0.06939072876
2025-10-07,23529320,1759881599,High Yield Secured Lending Maple Pool USDC1,0xc39a5a616f0ad1ff45077fa2de3f79ab8eb8b8b9,74700050,74700050,0,74700050,480074488.08225,558144127.510485,78131829.6647092,834183251.41,834183251.41,1.224798339,0.9598806732,0.09750026219,0.09957589583
2025-10-06,23522162,1759795199,Syrup USDC,0x80ac24aa929eaf5013f6436cda2a7ba190f5cc0b,1070247803,1070247803,66919010,1003328793,1684428422.86029,2826248661.17403,1141903416.55253,3541900421.17,3541900421.17,1.129114833,0.9401183221,0.06880194449,0.06936809238
2025-10-06,23522162,1759795199,High Yield Secured Lending Maple Pool USDC1,0xc39a5a616f0ad1ff45077fa2de3f79ab8eb8b8b9,74700050,74700050,0,74700050,515287937.566,593138972.192611,77912878.9686516,834183251.41,834183251.41,1.224537567,0.9624311913,0.0944099127,0.1026999849
2025-10-06,23522162,1759795199,Syrup USDT,0x356b8d89c1e1239cbbb9de4815c39a1474d5ba7d,269118513,269118513,77420000,191698513,332089146.398562,756832247.894922,424800058.878772,634518487.33,634518487.33,1.096188299,0.6345384152,0.06546369577,0.06510373835
2025-10-05,23515011,1759708799,Syrup USDT,0x356b8d89c1e1239cbbb9de4815c39a1474d5ba7d,249118513,249118513,77420000,171698513,301924228.919583,720539588.522422,418656688.639239,594508487.33,594508487.33,1.096018967,0.5959226415,0.06826026566,0.0653781958
2025-10-05,23515011,1759708799,Syrup USDC,0x80ac24aa929eaf5013f6436cda2a7ba190f5cc0b,1070247803,1070247803,66919010,1003328793,1647113298.59826,2787436750.10665,1140399065.6967,3471900421.17,3471900421.17,1.128910144,0.9415481471,0.06876817183,0.06935016853
2025-10-05,23515011,1759708799,High Yield Secured Lending Maple Pool USDC1,0xc39a5a616f0ad1ff45077fa2de3f79ab8eb8b8b9,74700050,74700050,0,74700050,481551493.18325,559481915.533742,77991920.093774,834183251.41,834183251.41,1.224208497,0.9612947498,0.1024926592,0.1012287835
2025-10-04,23507848,1759622399,Syrup USDC,0x80ac24aa929eaf5013f6436cda2a7ba190f5cc0b,1070247803,1070247803,66919010,1003328793,1636204838.01752,2772547496.27282,1136410885.35362,3471900421.17,3471900421.17,1.128703316,0.9446910478,0.06863243141,0.06934557635
2025-10-04,23507848,1759622399,High Yield Secured Lending Maple Pool USDC1,0xc39a5a616f0ad1ff45077fa2de3f79ab8eb8b8b9,74700050,74700050,0,74700050,479695198.07725,557602401.979329,77968352.1510564,834183251.41,834183251.41,1.223838561,0.9614289733,0.0974933486,0.1001047483
2025-10-04,23507848,1759622399,Syrup USDT,0x356b8d89c1e1239cbbb9de4815c39a1474d5ba7d,249118513,249118513,77420000,171698513,299716535.354417,713616797.415009,413924663.949815,594508487.33,594508487.33,1.095829842,0.6026499213,0.06780631616,0.06542106212
2025-10-03,23500695,1759535999,Syrup USDT,0x356b8d89c1e1239cbbb9de4815c39a1474d5ba7d,249118513,249118513,77420000,171698513,301165057.154554,652968739.77559,351812161.963979,594508487.33,594508487.33,1.095639869,0.7090850625,0.06738102888,0.06544850984
2025-10-03,23500695,1759535999,Syrup USDC,0x80ac24aa929eaf5013f6436cda2a7ba190f5cc0b,1070247803,1070247803,66919010,1003328793,1644676616.06272,2788671873.67158,1144056231.70079,3471900421.17,3471900421.17,1.128498456,0.9381888358,0.06882382865,0.06936388586
2025-10-03,23500695,1759535999,High Yield Secured Lending Maple Pool USDC1,0xc39a5a616f0ad1ff45077fa2de3f79ab8eb8b8b9,74700050,74700050,0,74700050,483407386.458,561313760.745806,77967172.6752397,834183251.41,834183251.41,1.223577832,0.961286195,0.09440206422,0.1024237954
2025-10-02,23493531,1759449599,Syrup USDT,0x356b8d89c1e1239cbbb9de4815c39a1474d5ba7d,271698513,271698513,100000000,171698513,296324474.26426,591192533.290711,294871909.860367,544508487.33,544508487.33,1.095443573,0.923140503,0.06889321769,0.0653998497
2025-10-02,23493531,1759449599,Syrup USDC,0x80ac24aa929eaf5013f6436cda2a7ba190f5cc0b,1070547803,1070547803,66919010,1003628793,1620022358.13192,2748154309.12627,1128186123.91985,3370550421.17,3370550421.17,1.128293407,0.9521369479,0.06875016259,0.06936722288
2025-10-02,23493531,1759449599,High Yield Secured Lending Maple Pool USDC1,0xc39a5a616f0ad1ff45077fa2de3f79ab8eb8b8b9,74700050,74700050,0,74700050,478213259.71225,555728954.036411,77576164.1743421,834183251.41,834183251.41,1.223308672,0.9659889459,0.1040641951,0.1024044138
2025-10-01,23486383,1759363199,Syrup USDC,0x80ac24aa929eaf5013f6436cda2a7ba190f5cc0b,1070547904,1070547904,66919010,1003628894,1577292653.43139,2711314449.05398,1134069355.25866,3345550421.17,3345550421.17,1.128088357,0.9472685556,0.06868666825,0.069367861
2025-10-01,23486383,1759363199,High Yield Secured Lending Maple Pool USDC1,0xc39a5a616f0ad1ff45077fa2de3f79ab8eb8b8b9,74700050,74700050,0,74700050,465361322.6155,542818601.761228,77517446.4104815,834183251.41,834183251.41,1.222879667,0.9665644761,0.0975297476,0.1006327892
2025-10-01,23486383,1759363199,Syrup USDT,0x356b8d89c1e1239cbbb9de4815c39a1474d5ba7d,271698513,271698513,100000000,171698513,288785160.569687,573607304.453087,284823936.033716,544508487.33,544508487.33,1.095243787,0.9555922237,0.06852763129,0.06545797572
2025-09-30,23479243,1759276799,High Yield Secured Lending Maple Pool USDC1,0xc39a5a616f0ad1ff45077fa2de3f79ab8eb8b8b9,74700050,74700050,0,74700050,450594317.92075,536180959.200389,85645880.016792,832483251.41,832483251.41,1.222614959,0.8746661632,0.09420507584,0.100055344
2025-09-30,23479243,1759276799,Syrup USDT,0x356b8d89c1e1239cbbb9de4815c39a1474d5ba7d,271698513,271698513,100000000,171698513,253540296.997942,536147401.005831,282607654.625171,544508487.33,544508487.33,1.095042178,0.962921596,0.06736275552,0.06533688193
2025-09-30,23479243,1759276799,Syrup USDC,0x80ac24aa929eaf5013f6436cda2a7ba190f5cc0b,1065547904,1065547904,66919010,998628894,1445034617.2618,2577979489.0672,1132985315.10123,3336200320.17,3336200320.17,1.127883655,0.9435982088,0.06882043833,0.06937120025
2025-09-29,23472088,1759190399,High Yield Secured Lending Maple Pool USDC1,0xc39a5a616f0ad1ff45077fa2de3f79ab8eb8b8b9,74700050,74700050,0,74700050,476280859.53325,561532229.62791,85309419.6565984,832483251.41,832483251.41,1.222420757,0.8790018251,0.1074279328,0.1013670159
2025-09-29,23472088,1759190399,Syrup USDT,0x356b8d89c1e1239cbbb9de4815c39a1474d5ba7d,176698513,176698513,100000000,76698513,133657726.562474,415484433.555597,282052001.476916,544508487.33,544508487.33,1.094856052,0.6278838479,0.06577695504,0.06539506732
2025-09-29,23472088,1759190399,Syrup USDC,0x80ac24aa929eaf5013f6436cda2a7ba190f5cc0b,1060547904,1060547904,66919010,993628894,1515371906.11205,2651823897.54734,1136484591.6412,3336200320.17,3336200320.17,1.127674913,0.9360995009,0.06884886766,0.06933206077
2025-09-28,23464929,1759103987,High Yield Secured Lending Maple Pool USDC1,0xc39a5a616f0ad1ff45077fa2de3f79ab8eb8b8b9,74700050,74700050,0,74700050,486890265.30125,572030452.090173,85197058.2241434,832483251.41,832483251.41,1.221919808,0.8800250536,0.09736979423,0.1010098724
2025-09-28,23464929,1759103987,Syrup USDT,0x356b8d89c1e1239cbbb9de4815c39a1474d5ba7d,176698513,176698513,100000000,76698513,127962540.448984,407210282.125805,279461131.798334,544508487.33,544508487.33,1.094631896,0.6336144213,0.06300296878,0.06503106892
2025-09-28,23464929,1759103987,Syrup USDC,0x80ac24aa929eaf5013f6436cda2a7ba190f5cc0b,1060547904,1060547904,66919010,993628894,1492788375.42854,2626959818.55758,1134195710.92558,3336200320.17,3336200320.17,1.127471169,0.9378241481,0.06911018122,0.06935336029
2025-09-27,23457779,1759017599,Syrup USDC,0x80ac24aa929eaf5013f6436cda2a7ba190f5cc0b,1060547904,1060547904,66919010,993628894,1459904686.02924,2593225958.96388,1133337445.57605,3318200320.17,3318200320.17,1.12726735,0.9384780127,0.06937069365,0.0693673915
2025-09-27,23457779,1759017599,High Yield Secured Lending Maple Pool USDC1,0xc39a5a616f0ad1ff45077fa2de3f79ab8eb8b8b9,74700050,74700050,0,74700050,459680367.70425,544803403.228418,85178737.0081992,832483251.41,832483251.41,1.22165704,0.8800746455,0.09412461733,0.10059685
2025-09-27,23457779,1759017599,Syrup USDT,0x356b8d89c1e1239cbbb9de4815c39a1474d5ba7d,176698513,176698513,100000000,76698513,125024073.684918,404094478.997283,279271574.590787,544508487.33,544508487.33,1.094451931,0.6339408732,0.06216206955,0.06521031647
2025-09-26,23450625,1758931199,Syrup USDT,0x356b8d89c1e1239cbbb9de4815c39a1474d5ba7d,176698513,176698513,100000000,76698513,125004610.141064,400968802.351207,276152933.231266,544508487.33,544508487.33,1.094270557,0.6410067741,0.06119375831,0.06537732238
2025-09-26,23450625,1758931199,Syrup USDC,0x80ac24aa929eaf5013f6436cda2a7ba190f5cc0b,1060547904,1060547904,66919010,993628894,1458749941.87209,2598673344.43056,1139931208.42175,3318200320.17,3318200320.17,1.12705888,0.9328653443,0.06942305998,0.0693157101
2025-09-26,23450625,1758931199,High Yield Secured Lending Maple Pool USDC1,0xc39a5a616f0ad1ff45077fa2de3f79ab8eb8b8b9,74700050,74700050,0,74700050,459875912.42175,544986578.141786,85165197.2391096,832483251.41,832483251.41,1.221462849,0.8800746455,0.1040485678,0.1012113754
2025-09-25,23443482,1758844799,Syrup USDT,0x356b8d89c1e1239cbbb9de4815c39a1474d5ba7d,176698513,176698513,100000000,76698513,123446511.093911,397599876.427121,274328032.458199,544508487.33,544508487.33,1.094044801,0.6451659906,0.0579381227,0.06502174354
2025-09-25,23443482,1758844799,Syrup USDC,0x80ac24aa929eaf5013f6436cda2a7ba190f5cc0b,1060547904,1060547904,66919010,993628894,1416617561.92028,2561095897.21578,1144506945.21628,3303000320.17,3303000320.17,1.126855582,0.9290416273,0.06974738732,0.06932950401
2025-09-25,23443482,1758844799,High Yield Secured Lending Maple Pool USDC1,0xc39a5a616f0ad1ff45077fa2de3f79ab8eb8b8b9,74700050,74700050,0,74700050,448775396.77025,533914269.340859,85192231.5705666,831983251.41,831983251.41,1.22098831,0.8797153905,0.1007819277,0.1010732867
2025-09-24,23436334,1758758399,High Yield Secured Lending Maple Pool USDC1,0xc39a5a616f0ad1ff45077fa2de3f79ab8eb8b8b9,74700050,74700050,0,74700050,469288002.82275,555931748.740907,86695788.3842552,826983251.41,826983251.41,1.220699078,0.8648531115,0.09627042912,0.1009368069
2025-09-24,23436334,1758758399,Syrup USDC,0x80ac24aa929eaf5013f6436cda2a7ba190f5cc0b,1065547904,1065547904,66919010,998628894,1463283946.96932,2603555502.20339,1140291809.26474,3303000320.17,3303000320.17,1.126652077,0.9368096374,0.07005363869,0.06935265317
2025-09-24,23436334,1758758399,Syrup USDT,0x356b8d89c1e1239cbbb9de4815c39a1474d5ba7d,126698513,126698513,50000000,76698513,129431376.386881,390041446.028084,260770907.39354,464508487.33,464508487.33,1.093852447,0.4866128214,0.05698588236,0.06506004439
2025-09-23,23429173,1758671999,High Yield Secured Lending Maple Pool USDC1,0xc39a5a616f0ad1ff45077fa2de3f79ab8eb8b8b9,74700050,74700050,0,74700050,471311632.82775,557968573.709387,86707677.0848177,816983251.41,816983251.41,1.220505854,0.8655948343,0.1062434995,0.1017531001
2025-09-23,23429173,1758671999,Syrup USDT,0x356b8d89c1e1239cbbb9de4815c39a1474d5ba7d,76698513,76698513,0,76698513,128948646.767716,390441013.453635,261630997.879357,414508487.33,414508487.33,1.093673972,0.2935615341,0.05763342124,0.06525172871
2025-09-23,23429173,1758671999,Syrup USDC,0x80ac24aa929eaf5013f6436cda2a7ba190f5cc0b,1100547904,1100547904,66919010,1033628894,1501271904.43259,2634182120.32968,1132925582.33186,3303000320.17,3303000320.17,1.126444932,0.9738426431,0.07014146845,0.06936926785
2025-09-22,23422005,1758585599,Syrup USDT,0x356b8d89c1e1239cbbb9de4815c39a1474d5ba7d,76698513,76698513,0,76698513,130163591.954537,392775552.934874,262728399.510291,414508487.33,414508487.33,1.093519259,0.2922923322,0.06087291528,0.06571047606
2025-09-22,23422005,1758585599,High Yield Secured Lending Maple Pool USDC1,0xc39a5a616f0ad1ff45077fa2de3f79ab8eb8b8b9,74700050,74700050,0,74700050,472342177.05275,558840502.197983,86547750.5494541,816983251.41,816983251.41,1.220030899,0.8670641964,0.1029583261,0.1008292811
2025-09-22,23422005,1758585599,Syrup USDC,0x80ac24aa929eaf5013f6436cda2a7ba190f5cc0b,1100547904,1100547904,66919010,1033628894,1511788913.08488,2647704085.4407,1135927052.16481,3238000320.17,3238000320.17,1.126235882,0.971197937,0.07008490014,0.06936375419
2025-09-21,23414856,1758499199,Syrup USDC,0x80ac24aa929eaf5013f6436cda2a7ba190f5cc0b,1100547904,1100547904,66919010,1033628894,1562113922.27486,2702493763.05332,1140387472.61284,3238000320.17,3238000320.17,1.126027119,0.9677906715,0.07004549711,0.06935873575
2025-09-21,23414856,1758499199,Syrup USDT,0x356b8d89c1e1239cbbb9de4815c39a1474d5ba7d,76698513,76698513,0,76698513,135306001.322035,397367886.043198,262156755.576357,414508487.33,414508487.33,1.093350022,0.2928896892,0.06234461866,0.06601229684
2025-09-21,23414856,1758499199,High Yield Secured Lending Maple Pool USDC1,0xc39a5a616f0ad1ff45077fa2de3f79ab8eb8b8b9,74700050,74700050,0,74700050,495217228.89,581465829.8634,86296722.8379615,816983251.41,816983251.41,1.21974434,0.8694595906,0.09856298181,0.1014965244
2025-09-20,23407710,1758412799,Syrup USDC,0x80ac24aa929eaf5013f6436cda2a7ba190f5cc0b,1100547904,1100547904,66919010,1033628894,1568518754.36213,2703346080.92709,1134830796.48191,3238000320.17,3238000320.17,1.125818301,0.9723616239,0.07093145614,0.06935230751
2025-09-20,23407710,1758412799,Syrup USDT,0x356b8d89c1e1239cbbb9de4815c39a1474d5ba7d,76698513,76698513,0,76698513,135794061.196632,392507339.78045,256788162.232507,414508487.33,414508487.33,1.09318686,0.2989792723,0.06393964238,0.0663977432
2025-09-20,23407710,1758412799,High Yield Secured Lending Maple Pool USDC1,0xc39a5a616f0ad1ff45077fa2de3f79ab8eb8b8b9,74700050,74700050,0,74700050,497607172.45075,583821885.341273,86261548.4272179,816983251.41,816983251.41,1.219551306,0.8696774088,0.1050542077,0.1016792776
2025-09-19,23400558,1758326399,Syrup USDT,0x356b8d89c1e1239cbbb9de4815c39a1474d5ba7d,76698513,76698513,0,76698513,135445281.520073,386276257.789648,250885726.717866,414508487.33,414508487.33,1.093024814,0.3059775274,0.06558559517,0.06678764278
2025-09-19,23400558,1758326399,Syrup USDC,0x80ac24aa929eaf5013f6436cda2a7ba190f5cc0b,1100547904,1100547904,66919010,1033628894,1566633457.52971,2693309061.64829,1126992426.22574,3238000320.17,3238000320.17,1.125609042,0.9792354111,0.07080349017,0.06933842483
2025-09-19,23400558,1758326399,High Yield Secured Lending Maple Pool USDC1,0xc39a5a616f0ad1ff45077fa2de3f79ab8eb8b8b9,74700050,74700050,0,74700050,495683929.40675,581883723.356288,86245341.1319523,816983251.41,816983251.41,1.219146318,0.8697032196,0.1086041858,0.102118425
2025-09-18,23393399,1758239999,Syrup USDT,0x356b8d89c1e1239cbbb9de4815c39a1474d5ba7d,76698513,76698513,0,76698513,138043353.160483,352820411.115791,214812822.527398,414508487.33,414508487.33,1.092863712,0.357598251,0.06728710982,0.06719746096
2025-09-18,23393399,1758239999,High Yield Secured Lending Maple Pool USDC1,0xc39a5a616f0ad1ff45077fa2de3f79ab8eb8b8b9,74700050,74700050,0,74700050,506136333.47525,592866875.927409,86774774.3226476,816983251.41,816983251.41,1.218741936,0.8642383705,0.09866347682,0.1014582587
2025-09-18,23393399,1758239999,Syrup USDC,0x80ac24aa929eaf5013f6436cda2a7ba190f5cc0b,1100547904,1100547904,66919010,1033628894,1591743293.18684,2719247983.81628,1127818812.62191,3217800320.17,3217800320.17,1.12539946,0.9785810402,0.07048384431,0.06932275845
2025-09-17,23386240,1758153599,Syrup USDC,0x80ac24aa929eaf5013f6436cda2a7ba190f5cc0b,1097395740,1097395740,63419010,1033976730,1585341065.92359,2709069132.50681,1124039366.54243,3202294516.17,3202294516.17,1.125190041,0.9791218092,0.07026868802,0.06931517336
2025-09-17,23386240,1758153599,High Yield Secured Lending Maple Pool USDC1,0xc39a5a616f0ad1ff45077fa2de3f79ab8eb8b8b9,74700050,74700050,0,74700050,505869299.37125,592436582.045413,86610184.866319,816983251.41,816983251.41,1.218549208,0.8657497217,0.1020600126,0.1016812535
2025-09-17,23386240,1758153599,Syrup USDT,0x356b8d89c1e1239cbbb9de4815c39a1474d5ba7d,76698513,76698513,0,76698513,137325049.541681,319661231.158423,182356499.707067,414508487.33,414508487.33,1.092690436,0.4212899173,0.06838631085,0.06747214256
2025-09-16,23379075,1758067199,Syrup USDC,0x80ac24aa929eaf5013f6436cda2a7ba190f5cc0b,1097395740,1097395740,63419010,1033976730,1579315977.42829,2700772239.89441,1121764888.54085,3202294516.17,3202294516.17,1.124981394,0.9809929048,0.07001594741,0.06932166048
2025-09-16,23379075,1758067199,High Yield Secured Lending Maple Pool USDC1,0xc39a5a616f0ad1ff45077fa2de3f79ab8eb8b8b9,74700050,74700050,0,74700050,500336247.19225,586479075.632652,86184412.8362194,816983251.41,816983251.41,1.218144739,0.8699043212,0.1086833229,0.102088382
2025-09-16,23379075,1758067199,Syrup USDT,0x356b8d89c1e1239cbbb9de4815c39a1474d5ba7d,76698513,76698513,0,76698513,136416379.628015,291351942.563654,154942170.456158,414508487.33,414508487.33,1.092499319,0.4958827935,0.06861380162,0.06753805751
2025-09-15,23371915,1757980799,High Yield Secured Lending Maple Pool USDC1,0xc39a5a616f0ad1ff45077fa2de3f79ab8eb8b8b9,74700050,74700050,0,74700050,499127868.61825,585499678.866107,86412115.0827788,816983251.41,816983251.41,1.217740157,0.8674662108,0.09871067547,0.1014872137
2025-09-15,23371915,1757980799,Syrup USDT,0x356b8d89c1e1239cbbb9de4815c39a1474d5ba7d,76698513,76698513,0,76698513,134520623.128744,211651973.374855,77131352.5497872,414508487.33,414508487.33,1.092280705,0.9980350389,0.06747239517,0.0676842249
2025-09-15,23371915,1757980799,Syrup USDC,0x80ac24aa929eaf5013f6436cda2a7ba190f5cc0b,1077395740,1077395740,63419010,1013976730,1527896444.63035,2650127163.60161,1122534835.54076,3202294516.17,3202294516.17,1.124773756,0.96227388,0.07000185207,0.0693443054
2025-09-14,23364762,1757894399,High Yield Secured Lending Maple Pool USDC1,0xc39a5a616f0ad1ff45077fa2de3f79ab8eb8b8b9,74700050,74700050,0,74700050,508885717.1645,595245157.608224,86398434.7935512,816983251.41,816983251.41,1.217547371,0.8674662108,0.1020913046,0.1017059205
2025-09-14,23364762,1757894399,Syrup USDT,0x356b8d89c1e1239cbbb9de4815c39a1474d5ba7d,56698513,56698513,0,56698513,99885663.5928155,158610835.850347,58732734.010223,414508487.33,414508487.33,1.092082626,0.9699579353,0.06772899767,0.06766767935
2025-09-14,23364762,1757894399,Syrup USDC,0x80ac24aa929eaf5013f6436cda2a7ba190f5cc0b,1077395740,1077395740,63419010,1013976730,1579833059.82551,2696339823.24665,1116806390.88169,3202294516.17,3202294516.17,1.124566058,0.9670430931,0.06991374849,0.06936906608
2025-09-13,23357591,1757807999,Syrup USDT,0x356b8d89c1e1239cbbb9de4815c39a1474d5ba7d,56698513,56698513,0,56698513,99780739.8013504,158618397.35718,58845005.167015,414508487.33,414508487.33,1.091888235,0.9679256034,0.06754777759,0.06768215143
2025-09-13,23357591,1757807999,High Yield Secured Lending Maple Pool USDC1,0xc39a5a616f0ad1ff45077fa2de3f79ab8eb8b8b9,74700050,74700050,0,74700050,493503036.36325,578534541.137709,85069303.6410566,816983251.41,816983251.41,1.217217148,0.880924283,0.1121861349,0.1021713554
2025-09-13,23357591,1757807999,Syrup USDC,0x80ac24aa929eaf5013f6436cda2a7ba190f5cc0b,1077395740,1077395740,63419010,1013976730,1579089631.32944,2683375587.53208,1104582445.77635,3173794516.17,3173794516.17,1.124339665,0.9783221522,0.06870496482,0.06917622283
2025-09-12,23350424,1757721599,Syrup USDC,0x80ac24aa929eaf5013f6436cda2a7ba190f5cc0b,1002395740,1002395740,63419010,938976730,1447123581.5553,2543751129.5403,1096916712.08233,3173794516.17,3173794516.17,1.124133257,0.9164299967,0.06850006681,0.06913589557
2025-09-12,23350424,1757721599,Syrup USDT,0x356b8d89c1e1239cbbb9de4815c39a1474d5ba7d,56698513,56698513,0,56698513,99933439.1622046,158703385.201241,58777075.34129,414508487.33,414508487.33,1.091694017,0.9688760144,0.06742377897,0.06771981508
2025-09-12,23350424,1757721599,High Yield Secured Lending Maple Pool USDC1,0xc39a5a616f0ad1ff45077fa2de3f79ab8eb8b8b9,74700050,74700050,0,74700050,496139586.8425,581123781.878097,85020838.229057,816983251.41,816983251.41,1.21673809,0.881287409,0.09866327659,0.1015063235
2025-09-11,23343259,1757635199,Syrup USDT,0x356b8d89c1e1239cbbb9de4815c39a1474d5ba7d,56698513,56698513,0,56698513,99115324.4938834,157701335.567191,58592944.050728,414508487.33,414508487.33,1.091499712,0.9717601554,0.06730565498,0.06772120727
2025-09-11,23343259,1757635199,Syrup USDC,0x80ac24aa929eaf5013f6436cda2a7ba190f5cc0b,1002395740,1002395740,63419010,938976730,1423552726.53386,2520304804.77763,1097032739.89008,3173794516.17,3173794516.17,1.123930385,0.9161763311,0.06863316625,0.06916118827
2025-09-11,23343259,1757635199,High Yield Secured Lending Maple Pool USDC1,0xc39a5a616f0ad1ff45077fa2de3f79ab8eb8b8b9,74700050,74700050,0,74700050,476432025.429,561737206.301105,85340649.8445254,816983251.41,816983251.41,1.216544638,0.8778350385,0.1020650124,0.1017199875
2025-09-10,23336103,1757548799,Syrup USDT,0x356b8d89c1e1239cbbb9de4815c39a1474d5ba7d,56698513,56698513,0,56698513,98031591.0861482,155852451.861785,57827635.070111,414508487.33,414508487.33,1.091305108,0.984497869,0.06714902904,0.06759678662
2025-09-10,23336103,1757548799,High Yield Secured Lending Maple Pool USDC1,0xc39a5a616f0ad1ff45077fa2de3f79ab8eb8b8b9,74700050,74700050,0,74700050,467347296.56075,551583062.854725,84270131.0581868,816983251.41,816983251.41,1.216280254,0.8888765068,0.1118077322,0.1028989908
2025-09-10,23336103,1757548799,Syrup USDC,0x80ac24aa929eaf5013f6436cda2a7ba190f5cc0b,977395740,977395740,63419010,913976730,1419705749.94368,2495720963.92994,1076285063.06136,3144544516.17,3144544516.17,1.123725572,0.9104569704,0.06867092131,0.06915291195
2025-09-09,23328981,1757462399,Syrup USDT,0x356b8d89c1e1239cbbb9de4815c39a1474d5ba7d,56698513,56698513,0,56698513,96009473.5439336,153685451.058551,57682666.180265,414508487.33,414508487.33,1.091109778,0.9868047487,0.06694987219,0.06769504614
2025-09-09,23328981,1757462399,Syrup USDC,0x80ac24aa929eaf5013f6436cda2a7ba190f5cc0b,947395740,947395740,63419010,883976730,1352779662.70526,2424746263.98794,1072223561.19667,3094544516.17,3094544516.17,1.123522285,0.8859128336,0.06872960972,0.06928000257
2025-09-09,23328981,1757462399,High Yield Secured Lending Maple Pool USDC1,0xc39a5a616f0ad1ff45077fa2de3f79ab8eb8b8b9,74700050,74700050,0,74700050,464846814.97975,550100744.484471,85287204.6156572,816983251.41,816983251.41,1.215736824,0.878108615,0.09864872066,0.1013574849
2025-09-08,23321812,1757375999,High Yield Secured Lending Maple Pool USDC1,0xc39a5a616f0ad1ff45077fa2de3f79ab8eb8b8b9,74700050,74700050,0,74700050,445889785.83175,531471345.741682,85613627.0354515,816983251.41,816983251.41,1.215543663,0.8746130091,0.1020720544,0.1016323448
2025-09-08,23321812,1757375999,Syrup USDC,0x80ac24aa929eaf5013f6436cda2a7ba190f5cc0b,977395740,977395740,63419010,913976730,1395904638.24023,2468459405.49389,1072799189.35006,3028424516.17,3028424516.17,1.1233152,0.9143626896,0.06858836756,0.06922847517
2025-09-08,23321812,1757375999,Syrup USDT,0x356b8d89c1e1239cbbb9de4815c39a1474d5ba7d,56698513,56698513,0,56698513,96615722.3675662,153695471.06617,57086402.725314,414508487.33,414508487.33,1.090913801,0.9969724843,0.06735333245,0.06761759705
2025-09-07,23314653,1757289599,Syrup USDT,0x356b8d89c1e1239cbbb9de4815c39a1474d5ba7d,56698513,56698513,0,56698513,95747185.5819208,157335106.488229,61594308.436367,414508487.33,414508487.33,1.090710941,0.9235923202,0.06672909197,0.06745711369
2025-09-07,23314653,1757289599,High Yield Secured Lending Maple Pool USDC1,0xc39a5a616f0ad1ff45077fa2de3f79ab8eb8b8b9,74700050,74700050,0,74700050,427026654.40175,512590844.507549,85595029.8745859,816983251.41,816983251.41,1.21527962,0.8746642134,0.09955263091,0.1028343383
2025-09-07,23314653,1757289599,Syrup USDC,0x80ac24aa929eaf5013f6436cda2a7ba190f5cc0b,977395740,977395740,63419010,913976730,1378324948.18633,2450496543.16254,1072405319.85251,3015424516.17,3015424516.17,1.123109545,0.9146426061,0.0685124359,0.06919511719
2025-09-06,23307492,1757203199,Syrup USDC,0x80ac24aa929eaf5013f6436cda2a7ba190f5cc0b,977395740,977395740,63419010,913976730,1362002369.02863,2433250488.60538,1071471364.3716,3015424516.17,3015424516.17,1.122907789,0.9152775083,0.0686476136,0.06920668318
2025-09-06,23307492,1757203199,Syrup USDT,0x356b8d89c1e1239cbbb9de4815c39a1474d5ba7d,56698513,56698513,0,56698513,94828743.0785484,155846587.701597,61023800.261895,414508487.33,414508487.33,1.090520345,0.93209235,0.06671323181,0.06762107225
2025-09-06,23307492,1757203199,High Yield Secured Lending Maple Pool USDC1,0xc39a5a616f0ad1ff45077fa2de3f79ab8eb8b8b9,74700050,74700050,0,74700050,424090348.596,509817547.244752,85756798.1181953,816983251.41,816983251.41,1.214737577,0.8728717641,0.08875138632,0.1013586777
2025-09-05,23300346,1757116799,Syrup USDC,0x80ac24aa929eaf5013f6436cda2a7ba190f5cc0b,977395740,977395740,63419010,913976730,1372678060.16872,2438902145.41154,1066437273.12006,3015424516.17,3015424516.17,1.122705773,0.9194463717,0.06878184341,0.06921170387
2025-09-05,23300346,1757116799,High Yield Secured Lending Maple Pool USDC1,0xc39a5a616f0ad1ff45077fa2de3f79ab8eb8b8b9,74700050,74700050,0,74700050,426938677.44325,511497358.446065,84587081.7899577,816983251.41,816983251.41,1.214544408,0.8848254135,0.1015536985,0.1016410044
2025-09-05,23300346,1757116799,Syrup USDT,0x356b8d89c1e1239cbbb9de4815c39a1474d5ba7d,56698513,56698513,0,56698513,95356426.0068164,156204986.226161,60854048.01503,414508487.33,414508487.33,1.090328799,0.9345356271,0.06676935285,0.06760001503
2025-09-04,23293184,1757030399,High Yield Secured Lending Maple Pool USDC1,0xc39a5a616f0ad1ff45077fa2de3f79ab8eb8b8b9,74700050,74700050,0,74700050,429043729.19225,513882276.128839,84865819.1282821,816983251.41,816983251.41,1.21427931,0.8817731159,0.09959889648,0.1020433491
2025-09-04,23293184,1757030399,Syrup USDT,0x356b8d89c1e1239cbbb9de4815c39a1474d5ba7d,56698513,56698513,0,56698513,96034312.3645528,156872572.03675,60843296.047753,414508487.33,414508487.33,1.09013705,0.9345363973,0.06690139259,0.06757362498
2025-09-04,23293184,1757030399,Syrup USDC,0x80ac24aa929eaf5013f6436cda2a7ba190f5cc0b,973925740,973925740,63419010,910506730,1375205428.14214,2431357058.66868,1056355229.30422,2998984516.17,2998984516.17,1.122500477,0.9249550773,0.06872586569,0.06916377847
2025-09-03,23286025,1756943999,Syrup USDC,0x80ac24aa929eaf5013f6436cda2a7ba190f5cc0b,963925740,963925740,53419010,910506730,1402372027.77142,2407352691.67111,1005179431.2483,2978984516.17,2978984516.17,1.122295164,0.9624354911,0.06861748068,0.06916839042
2025-09-03,23286025,1756943999,Syrup USDT,0x356b8d89c1e1239cbbb9de4815c39a1474d5ba7d,56698513,56698513,0,56698513,96394604.3634299,157736467.696261,61346434.6188853,414508487.33,414508487.33,1.089945757,0.9278840605,0.06707541991,0.06767861544
2025-09-03,23286025,1756943999,High Yield Secured Lending Maple Pool USDC1,0xc39a5a616f0ad1ff45077fa2de3f79ab8eb8b8b9,74700050,74700050,0,74700050,439656133.58675,524246802.625277,84616815.5561515,816983251.41,816983251.41,1.213810514,0.8842312618,0.08925309988,0.10211456
2025-09-02,23278858,1756857599,High Yield Secured Lending Maple Pool USDC1,0xc39a5a616f0ad1ff45077fa2de3f79ab8eb8b8b9,74700050,74700050,0,74700050,428195817.94325,512794673.34319,84623885.4406219,816983251.41,816983251.41,1.213545257,0.8840161584,0.09836209892,0.1016331301
2025-09-02,23278858,1756857599,Syrup USDC,0x80ac24aa929eaf5013f6436cda2a7ba190f5cc0b,899241740,899241740,40265010,858976730,1308051764.70067,2279316637.16319,971456693.716317,2962505511.17,2962505511.17,1.122090954,0.9289641387,0.06858861291,0.06920176838
2025-09-02,23278858,1756857599,Syrup USDT,0x356b8d89c1e1239cbbb9de4815c39a1474d5ba7d,56698513,56698513,0,56698513,95763770.6156468,157062991.96014,61303284.4909753,414508487.33,414508487.33,1.089754571,0.9283761865,0.067268397,0.06766833963
2025-09-01,23271730,1756771199,Syrup USDC,0x80ac24aa929eaf5013f6436cda2a7ba190f5cc0b,899241740,899241740,40265010,858976730,1271697271.84916,2242115401.00693,970602169.255527,2962505511.17,2962505511.17,1.121886976,0.9296221457,0.06862153487,0.06923984368
2025-09-01,23271730,1756771199,Syrup USDT,0x356b8d89c1e1239cbbb9de4815c39a1474d5ba7d,56698513,56698513,0,56698513,93331416.6268583,154713208.964144,61385260.9262073,414508487.33,414508487.33,1.089550938,0.926967334,0.06681834699,0.06753231989
2025-09-01,23271730,1756771199,High Yield Secured Lending Maple Pool USDC1,0xc39a5a616f0ad1ff45077fa2de3f79ab8eb8b8b9,74700050,74700050,0,74700050,424079020.70225,508660506.298057,84605391.9353513,816983251.41,816983251.41,1.213280051,0.8840684697,0.0988295968,0.1017269215
2025-08-31,23264565,1756684799,Syrup USDC,0x80ac24aa929eaf5013f6436cda2a7ba190f5cc0b,899241740,899241740,40265010,858976730,1289498520.50399,2259649433.24732,970327017.179455,2962505511.17,2962505511.17,1.121683112,0.9297168855,0.0688121609,0.06927779477
2025-08-31,23264565,1756684799,Syrup USDT,0x356b8d89c1e1239cbbb9de4815c39a1474d5ba7d,56698513,56698513,0,56698513,93726075.0189206,155000296.571897,61277227.5660743,414508487.33,414508487.33,1.089360553,0.9284445769,0.06699716721,0.06755706634
2025-08-31,23264565,1756684799,High Yield Secured Lending Maple Pool USDC1,0xc39a5a616f0ad1ff45077fa2de3f79ab8eb8b8b9,74700050,74700050,0,74700050,437261830.04925,525773703.338394,88534573.233799,816983251.41,816983251.41,1.213069744,0.8448571824,0.1014608503,0.1046066227
2025-08-30,23257401,1756598399,Syrup USDC,0x80ac24aa929eaf5013f6436cda2a7ba190f5cc0b,899241740,899241740,40265010,858976730,1280579761.89473,2244789396.24883,964378317.680391,2962505511.17,2962505511.17,1.121478891,0.9352989997,0.06898464182,0.06930116227
2025-08-30,23257401,1756598399,High Yield Secured Lending Maple Pool USDC1,0xc39a5a616f0ad1ff45077fa2de3f79ab8eb8b8b9,74700050,74700050,0,74700050,430262879.29375,518753581.616981,88511840.5509728,786983251.41,786983251.41,1.212758269,0.8459117215,0.1051125307,0.1036110636
2025-08-30,23257401,1756598399,Syrup USDT,0x356b8d89c1e1239cbbb9de4815c39a1474d5ba7d,56698513,56698513,0,56698513,93413558.5894326,154744284.412817,61333281.9849503,414508487.33,414508487.33,1.089170503,0.9274307859,0.06712984915,0.06758965003
2025-08-29,23250225,1756511999,Syrup USDT,0x356b8d89c1e1239cbbb9de4815c39a1474d5ba7d,56698513,56698513,0,56698513,93342854.8779334,151710462.720123,58369921.3099503,414508487.33,414508487.33,1.088978096,0.9744998503,0.06720658071,0.06761152055
2025-08-29,23250225,1756511999,High Yield Secured Lending Maple Pool USDC1,0xc39a5a616f0ad1ff45077fa2de3f79ab8eb8b8b9,74700050,74700050,0,74700050,431065239.00225,519572071.817661,88526408.6725902,786983251.41,786983251.41,1.212293595,0.8456387996,0.09945006014,0.1014990629
2025-08-29,23250225,1756511999,Syrup USDC,0x80ac24aa929eaf5013f6436cda2a7ba190f5cc0b,899241740,899241740,40265010,858976730,1281392622.70264,2243682330.07165,962451320.51316,2962505511.17,2962505511.17,1.121274431,0.9370057594,0.06913321386,0.06932364065
2025-08-28,23243055,1756425599,Syrup USDC,0x80ac24aa929eaf5013f6436cda2a7ba190f5cc0b,904241740,904241740,40265010,863976730,1283511748.1245,2249437604.2415,966080245.229263,2887505211.17,2887505211.17,1.121070523,0.9388568386,0.06930604926,0.06935024488
2025-08-28,23243055,1756425599,High Yield Secured Lending Maple Pool USDC1,0xc39a5a616f0ad1ff45077fa2de3f79ab8eb8b8b9,74700050,74700050,0,74700050,442819040.3545,530777177.323496,87976183.9622335,786983251.41,786983251.41,1.212070275,0.8508044217,0.09874376936,0.1037718311
2025-08-28,23243055,1756425599,Syrup USDT,0x356b8d89c1e1239cbbb9de4815c39a1474d5ba7d,56698513,56698513,0,56698513,94771764.2379636,152920451.351464,58150870.5523483,414508487.33,414508487.33,1.088784001,0.9780074714,0.06724577938,0.06761181582
2025-08-27,23235895,1756339199,Syrup USDC,0x80ac24aa929eaf5013f6436cda2a7ba190f5cc0b,899341640,899341640,40265010,859076630,1262764394.77957,2221402759.7496,958786567.135617,2887505211.17,2887505211.17,1.120867652,0.9407464817,0.06952042196,0.06938138687
2025-08-27,23235895,1756339199,High Yield Secured Lending Maple Pool USDC1,0xc39a5a616f0ad1ff45077fa2de3f79ab8eb8b8b9,74700050,74700050,0,74700050,443843656.4975,532155933.643182,88328799.9934683,786983251.41,786983251.41,1.211822009,0.8478845595,0.1079512154,0.1042435429
2025-08-27,23235895,1756339199,Syrup USDT,0x356b8d89c1e1239cbbb9de4815c39a1474d5ba7d,56698513,56698513,0,56698513,93992676.6564401,151948003.117732,57957389.2710093,414508487.33,414508487.33,1.08858954,0.9811063095,0.06722736032,0.06762205134
2025-08-26,23228730,1756252799,High Yield Secured Lending Maple Pool USDC1,0xc39a5a616f0ad1ff45077fa2de3f79ab8eb8b8b9,74700050,74700050,0,74700050,450432467.61975,538574386.9892,88156921.7148967,786983251.41,786983251.41,1.211363701,0.8504396675,0.102432319,0.102196209
2025-08-26,23228730,1756252799,Syrup USDT,0x356b8d89c1e1239cbbb9de4815c39a1474d5ba7d,56698513,56698513,0,56698513,94441764.2839724,152356741.600338,57916931.4735612,414508487.33,414508487.33,1.088394817,0.9816175591,0.0672317421,0.06762407544
2025-08-26,23228730,1756252799,Syrup USDC,0x80ac24aa929eaf5013f6436cda2a7ba190f5cc0b,870976640,870976640,30000010,840976630,1225981799.2388,2162966939.38902,937126529.465623,2847440206.17,2847440206.17,1.120664282,0.9322125706,0.06971846679,0.06951660924
2025-08-25,23221563,1756166399,High Yield Secured Lending Maple Pool USDC1,0xc39a5a616f0ad1ff45077fa2de3f79ab8eb8b8b9,74700050,74700050,0,74700050,432256555.9505,520279996.475695,88036943.7873911,786983251.41,786983251.41,1.211089089,0.8514682602,0.09945092289,0.1031192102
2025-08-25,23221563,1756166399,Syrup USDC,0x80ac24aa929eaf5013f6436cda2a7ba190f5cc0b,877441640,877441640,30000010,847441630,1207705714.62896,2129413207.2559,921843122.287055,2840975206.17,2840975206.17,1.120459902,0.9545908617,0.06989291489,0.06952249414
2025-08-25,23221563,1756166399,Syrup USDT,0x356b8d89c1e1239cbbb9de4815c39a1474d5ba7d,56698513,56698513,0,56698513,92908468.8311214,150917716.390763,58011092.0169532,414508487.33,414508487.33,1.08820024,0.9798444703,0.06728331444,0.06763300319
2025-08-24,23214395,1756079999,Syrup USDT,0x356b8d89c1e1239cbbb9de4815c39a1474d5ba7d,56698513,56698513,0,56698513,95724887.4592905,155480553.961798,59757341.8725662,414508487.33,414508487.33,1.088006594,0.9509746245,0.06739625644,0.06766168213
2025-08-24,23214395,1756079999,Syrup USDC,0x80ac24aa929eaf5013f6436cda2a7ba190f5cc0b,877638218,877638218,30000010,847638208,1261389840.29136,2193412375.16338,932152725.202387,2777191829.17,2777191829.17,1.120252464,0.9445005901,0.06993730445,0.06949441213
2025-08-24,23214395,1756079999,High Yield Secured Lending Maple Pool USDC1,0xc39a5a616f0ad1ff45077fa2de3f79ab8eb8b8b9,74700050,74700050,0,74700050,465068834.217,552424513.534124,87367725.2358555,786983251.41,786983251.41,1.210823621,0.8578770104,0.1076869995,0.1041817394
2025-08-23,23207221,1755993599,High Yield Secured Lending Maple Pool USDC1,0xc39a5a616f0ad1ff45077fa2de3f79ab8eb8b8b9,74700050,74700050,0,74700050,465562960.1655,552892076.868851,87339748.0009899,786983251.41,786983251.41,1.210435886,0.8580168623,0.1057862661,0.1029106392
2025-08-23,23207221,1755993599,Syrup USDT,0x356b8d89c1e1239cbbb9de4815c39a1474d5ba7d,56698513,56698513,0,56698513,97258174.4754815,156677909.965148,59421106.9977122,414508487.33,414508487.33,1.087814186,0.9561978253,0.06931909837,0.06770549648
2025-08-23,23207221,1755993599,Syrup USDC,0x80ac24aa929eaf5013f6436cda2a7ba190f5cc0b,877638218,877638218,30000010,847638208,1273561102.56294,2213135339.03711,939697983.416492,2777191829.17,2777191829.17,1.120045038,0.9367194888,0.07000149445,0.06946637291
2025-08-22,23200063,1755907199,Syrup USDT,0x356b8d89c1e1239cbbb9de4815c39a1474d5ba7d,56698513,56698513,0,56698513,98486830.5741546,156873928.513189,58388196.2542542,414508487.33,414508487.33,1.087620519,0.9729739882,0.0694327643,0.06771859714
2025-08-22,23200063,1755907199,High Yield Secured Lending Maple Pool USDC1,0xc39a5a616f0ad1ff45077fa2de3f79ab8eb8b8b9,74700050,74700050,0,74700050,486722082.3495,573920414.850234,87207543.1594623,786983251.41,786983251.41,1.210091313,0.8591854636,0.09945828339,0.1030527289
2025-08-22,23200063,1755907199,Syrup USDC,0x80ac24aa929eaf5013f6436cda2a7ba190f5cc0b,877638218,877638218,30000010,847638208,1283875425.17948,2221964739.97384,938206292.226738,2777191829.17,2777191829.17,1.119837854,0.938038964,0.0700897991,0.06947556548
2025-08-21,23192892,1755820799,High Yield Secured Lending Maple Pool USDC1,0xc39a5a616f0ad1ff45077fa2de3f79ab8eb8b8b9,74700050,74700050,0,74700050,422380912.1635,508767324.326233,86394300.0666147,786983251.41,786983251.41,1.209883309,0.8671601063,0.1071711258,0.1047589867
2025-08-21,23192892,1755820799,Syrup USDC,0x80ac24aa929eaf5013f6436cda2a7ba190f5cc0b,877638218,877638218,30000010,847638208,1214854636.12543,2157123361.38029,942378846.179076,2777191829.17,2777191829.17,1.119630737,0.9337014079,0.07017589754,0.06944714406
2025-08-21,23192892,1755820799,Syrup USDT,0x356b8d89c1e1239cbbb9de4815c39a1474d5ba7d,56698513,56698513,0,56698513,94887937.0454917,153264468.32917,58377431.0676092,414508487.33,414508487.33,1.0874259,0.9729792662,0.06944243761,0.06773067268
2025-08-20,23185735,1755734399,High Yield Secured Lending Maple Pool USDC1,0xc39a5a616f0ad1ff45077fa2de3f79ab8eb8b8b9,74700050,74700050,0,74700050,431545704.86,517901905.867061,86362781.2701541,786983251.41,786983251.41,1.209441914,0.8673397431,0.1059678631,0.1023028192
2025-08-20,23185735,1755734399,Syrup USDT,0x356b8d89c1e1239cbbb9de4815c39a1474d5ba7d,56698513,56698513,0,56698513,96662520.972947,155942418.255894,59280485.6256286,414508487.33,414508487.33,1.087232041,0.9601581574,0.06958185015,0.06774646373
2025-08-20,23185735,1755734399,Syrup USDC,0x80ac24aa929eaf5013f6436cda2a7ba190f5cc0b,877638218,877638218,30000010,847638208,1239756912.69874,2182681445.84012,943027541.577669,2777191829.17,2777191829.17,1.119423823,0.9328847801,0.06993458888,0.06943466331
2025-08-19,23178566,1755647999,Syrup USDC,0x80ac24aa929eaf5013f6436cda2a7ba190f5cc0b,877638218,877638218,30000010,847638208,1212836571.65568,2147868659.48643,935128275.722904,2777191829.17,2777191829.17,1.119216741,0.9408483398,0.06979082088,0.0694027394
2025-08-19,23178566,1755647999,High Yield Secured Lending Maple Pool USDC1,0xc39a5a616f0ad1ff45077fa2de3f79ab8eb8b8b9,82700050,82700050,0,82700050,434999526.68475,521331956.471219,86338387.1910589,786983251.41,786983251.41,1.209100294,0.9608501915,0.09978276225,0.1030529256
2025-08-19,23178566,1755647999,Syrup USDT,0x356b8d89c1e1239cbbb9de4815c39a1474d5ba7d,56698513,56698513,0,56698513,95466978.7645823,153709630.727408,58242882.3115776,414508487.33,414508487.33,1.087037476,0.9771523932,0.06953373602,0.06776072334
2025-08-18,23171390,1755561599,High Yield Secured Lending Maple Pool USDC1,0xc39a5a616f0ad1ff45077fa2de3f79ab8eb8b8b9,82700050,82700050,0,82700050,453597733.8935,539384528.423111,85792411.722516,786983251.41,786983251.41,1.208888977,0.9668143697,0.1072901691,0.1047125476
2025-08-18,23171390,1755561599,Syrup USDC,0x80ac24aa929eaf5013f6436cda2a7ba190f5cc0b,877638218,877638218,30000010,847638208,1243420452.61883,2173728200.17383,930397843.25697,2777191829.17,2777191829.17,1.119009125,0.9454674806,0.06957283539,0.06936353946
2025-08-18,23171390,1755561599,Syrup USDT,0x356b8d89c1e1239cbbb9de4815c39a1474d5ba7d,56698513,56698513,0,56698513,98268599.4911969,155954172.038318,57685605.8916816,414508487.33,414508487.33,1.086842134,0.9864488323,0.0689210597,0.06776714983
2025-08-17,23164221,1755475199,High Yield Secured Lending Maple Pool USDC1,0xc39a5a616f0ad1ff45077fa2de3f79ab8eb8b8b9,82700050,82700050,0,82700050,469099234.9125,554805276.197157,85711337.198344,786983251.41,786983251.41,1.208451015,0.9675617456,0.1055355943,0.1023016434
2025-08-17,23164221,1755475199,Syrup USDT,0x356b8d89c1e1239cbbb9de4815c39a1474d5ba7d,56698513,56698513,0,56698513,99580432.6203289,157973753.725843,58394067.8667196,414508487.33,414508487.33,1.086646525,0.974278293,0.06928745077,0.06777112259
2025-08-17,23164221,1755475199,Syrup USDC,0x80ac24aa929eaf5013f6436cda2a7ba190f5cc0b,877638218,877638218,30000010,847638208,1265344243.67302,2188307304.17879,923047721.657274,2777191829.17,2777191829.17,1.118801066,0.9531661998,0.06983730904,0.06931234278
2025-08-16,23157046,1755388799,Syrup USDT,0x356b8d89c1e1239cbbb9de4815c39a1474d5ba7d,56698513,56698513,0,56698513,99168554.8815113,157539833.822546,58371722.6707824,414508487.33,414508487.33,1.086416857,0.9750633024,0.06718693313,0.0673583144
2025-08-16,23157046,1755388799,Syrup USDC,0x80ac24aa929eaf5013f6436cda2a7ba190f5cc0b,877638218,877638218,30000010,847638208,1255395706.04343,2177214565.72781,921898619.189266,2777191829.17,2777191829.17,1.118592621,0.9541788567,0.06950521996,0.069251523
2025-08-16,23157046,1755388799,High Yield Secured Lending Maple Pool USDC1,0xc39a5a616f0ad1ff45077fa2de3f79ab8eb8b8b9,82700050,82700050,0,82700050,461155310.885,547442068.706901,86291732.522337,786983251.41,786983251.41,1.20810383,0.9608683974,0.09933123218,0.1022681555
2025-08-15,23149883,1755302399,Syrup USDC,0x80ac24aa929eaf5013f6436cda2a7ba190f5cc0b,877638218,877638218,30000010,847638208,1257378555.31888,2175751623.30165,918448243.543012,2777191829.17,2777191829.17,1.118383936,0.9575924161,0.06916807284,0.0691104112
2025-08-15,23149883,1755302399,Syrup USDT,0x356b8d89c1e1239cbbb9de4815c39a1474d5ba7d,56698513,56698513,0,56698513,99413487.9932146,157762590.05025,58349285.9647744,414508487.33,414508487.33,1.086221224,0.9752633301,0.06682681395,0.06734658288
2025-08-15,23149883,1755302399,High Yield Secured Lending Maple Pool USDC1,0xc39a5a616f0ad1ff45077fa2de3f79ab8eb8b8b9,82700050,82700050,0,82700050,465416237.79225,551582904.223717,86171265.725847,786983251.41,786983251.41,1.207892859,0.9620466549,0.106937219,0.104675072
2025-08-14,23142716,1755215999,Syrup USDC,0x80ac24aa929eaf5013f6436cda2a7ba190f5cc0b,873838218,873838218,30000010,843838208,1266911838.29965,2184633334.60272,917792187.908913,2777191829.17,2777191829.17,1.118175363,0.9539755521,0.06883545775,0.06894489648
2025-08-14,23142716,1755215999,Syrup USDT,0x356b8d89c1e1239cbbb9de4815c39a1474d5ba7d,56698513,56698513,0,56698513,99886295.2901997,158018337.497433,58132042.2072424,414508487.33,414508487.33,1.086026667,0.9787450182,0.0672860672,0.06731924926
2025-08-14,23142716,1755215999,High Yield Secured Lending Maple Pool USDC1,0xc39a5a616f0ad1ff45077fa2de3f79ab8eb8b8b9,82700050,82700050,0,82700050,469499370.859,555540055.321285,86044915.586206,786983251.41,786983251.41,1.207523333,0.9632938962,0.1086758378,0.1030098701
2025-08-13,23135570,1755129599,Syrup USDT,0x356b8d89c1e1239cbbb9de4815c39a1474d5ba7d,56698513,56698513,0,56698513,103857448.002549,162208414.981188,58351026.2894994,414508487.33,414508487.33,1.085830343,0.9748882762,0.06691058716,0.06755684832
2025-08-13,23135570,1755129599,Syrup USDC,0x80ac24aa929eaf5013f6436cda2a7ba190f5cc0b,823838218,823838218,30000010,793838208,1269092384.30642,2185518060.383,916487493.819279,2759041829.17,2759041829.17,1.117973553,0.9005143811,0.0688248041,0.06882210978
2025-08-13,23135570,1755129599,High Yield Secured Lending Maple Pool USDC1,0xc39a5a616f0ad1ff45077fa2de3f79ab8eb8b8b9,82700050,82700050,0,82700050,488343369.9185,574154690.75815,85815206.4357951,786983251.41,786983251.41,1.207107971,0.9657087862,0.09923910651,0.101837466
2025-08-12,23128405,1755043199,Syrup USDT,0x356b8d89c1e1239cbbb9de4815c39a1474d5ba7d,56698513,56698513,0,56698513,101276159.08722,159601837.70683,58325750.0620054,414508487.33,414508487.33,1.085636965,0.9751404123,0.06667354918,0.06754863465
2025-08-12,23128405,1755043199,Syrup USDC,0x80ac24aa929eaf5013f6436cda2a7ba190f5cc0b,823088218,823088218,30000010,793088208,1243806485.69271,2111857261.52784,868106248.017197,2600041829.17,2600041829.17,1.117769619,0.9505234121,0.06864426164,0.06876626609
2025-08-12,23128405,1755043199,High Yield Secured Lending Maple Pool USDC1,0xc39a5a616f0ad1ff45077fa2de3f79ab8eb8b8b9,82700050,82700050,0,82700050,474562924.4255,560649051.722512,86089666.8908951,786983251.41,786983251.41,1.20689681,0.9624552937,0.1034519503,0.1042303617
2025-08-11,23121240,1754956799,Syrup USDC,0x80ac24aa929eaf5013f6436cda2a7ba190f5cc0b,813088218,813088218,30000010,783088208,1197854274.41835,2071407094.1636,873602243.987912,2588091829.17,2588091829.17,1.11756664,0.9328837559,0.06873722926,0.06862117535
2025-08-11,23121240,1754956799,High Yield Secured Lending Maple Pool USDC1,0xc39a5a616f0ad1ff45077fa2de3f79ab8eb8b8b9,72700050,72700050,0,72700050,434267748.69875,520348920.138199,86083387.6147659,776983251.41,776983251.41,1.206528453,0.8460017581,0.1084226873,0.1025744184
2025-08-11,23121240,1754956799,Syrup USDT,0x356b8d89c1e1239cbbb9de4815c39a1474d5ba7d,56698513,56698513,0,56698513,100315189.772139,162928748.464791,62613558.6926624,414508487.33,414508487.33,1.085453803,0.9080177125,0.06749962105,0.06766883802
2025-08-10,23114096,1754870399,Syrup USDC,0x80ac24aa929eaf5013f6436cda2a7ba190f5cc0b,805705823,805705823,30000010,775705813,1215753931.22953,2090846256.50299,875134528.234855,2509590847.17,2509590847.17,1.117353551,0.923206766,0.06839453321,0.06834968769
2025-08-10,23114096,1754870399,High Yield Secured Lending Maple Pool USDC1,0xc39a5a616f0ad1ff45077fa2de3f79ab8eb8b8b9,82700050,82700050,0,82700050,485499456.80725,571355439.347267,85857563.0516766,766983251.41,766983251.41,1.206128027,0.9650944647,0.09982763647,0.1011480901
2025-08-10,23114096,1754870399,Syrup USDT,0x356b8d89c1e1239cbbb9de4815c39a1474d5ba7d,56698513,56698513,0,56698513,100403842.194906,162701468.778891,62301428.5207094,414508487.33,414508487.33,1.085251311,0.9124847285,0.0668355003,0.06756308637
2025-08-09,23106939,1754783999,Syrup USDT,0x356b8d89c1e1239cbbb9de4815c39a1474d5ba7d,56698513,56698513,0,56698513,98348899.6206125,160370966.241486,62025326.9270494,414508487.33,414508487.33,1.085062856,0.9163975543,0.06698799731,0.06761199447
2025-08-09,23106939,1754783999,High Yield Secured Lending Maple Pool USDC1,0xc39a5a616f0ad1ff45077fa2de3f79ab8eb8b8b9,82700050,82700050,0,82700050,485790505.87075,571551354.294305,85762090.8447692,766983251.41,766983251.41,1.205911659,0.9659971736,0.1024776023,0.103886683
2025-08-09,23106939,1754783999,Syrup USDC,0x80ac24aa929eaf5013f6436cda2a7ba190f5cc0b,805705823,805705823,30000010,775705813,1197445002.09094,2071148346.85947,873737960.908801,2509590847.17,2509590847.17,1.117152027,0.9247489185,0.06863706143,0.06821897338
2025-08-08,23099777,1754697599,High Yield Secured Lending Maple Pool USDC1,0xc39a5a616f0ad1ff45077fa2de3f79ab8eb8b8b9,82700050,82700050,0,82700050,466438208.86475,552073072.588167,85635783.9856968,766983251.41,766983251.41,1.20554165,0.9672504549,0.1071455514,0.1022098385
2025-08-08,23099777,1754697599,Syrup USDC,0x80ac24aa929eaf5013f6436cda2a7ba190f5cc0b,805705823,805705823,30000010,775705813,1187737243.24028,2059096808.49669,871386812.003127,2509590847.17,2509590847.17,1.116950365,0.9270830782,0.06886658713,0.06804172169
2025-08-08,23099777,1754697599,Syrup USDT,0x356b8d89c1e1239cbbb9de4815c39a1474d5ba7d,56698513,56698513,0,56698513,98629519.8039093,159991514.448227,61364766.8819284,414508487.33,414508487.33,1.084874489,0.9261244811,0.06715723417,0.06765490402
2025-08-07,23092619,1754611199,High Yield Secured Lending Maple Pool USDC1,0xc39a5a616f0ad1ff45077fa2de3f79ab8eb8b8b9,82700050,82700050,0,82700050,457994487.1225,543600894.900862,85607009.0801824,766983251.41,766983251.41,1.20513657,0.9674020577,0.09832608074,0.1007266083
2025-08-07,23092619,1754611199,Syrup USDT,0x356b8d89c1e1239cbbb9de4815c39a1474d5ba7d,56698513,56698513,0,56698513,99227324.6547314,160218620.329321,60993669.2709764,414508487.33,414508487.33,1.08467122,0.9316094568,0.06657868616,0.06751963511
2025-08-07,23092619,1754611199,Syrup USDC,0x80ac24aa929eaf5013f6436cda2a7ba190f5cc0b,806705823,806705823,30000010,776705813,1189828818.807,2065829134.58597,876020119.705784,2499440847.17,2499440847.17,1.116748723,0.9233663486,0.06905237103,0.06786078097
2025-08-06,23085465,1754524799,High Yield Secured Lending Maple Pool USDC1,0xc39a5a616f0ad1ff45077fa2de3f79ab8eb8b8b9,82700050,82700050,0,82700050,418551456.77825,503144254.030691,84593149.872104,766983251.41,766983251.41,1.204919544,0.9788356396,0.1009455546,0.1034510243
2025-08-06,23085465,1754524799,Syrup USDT,0x356b8d89c1e1239cbbb9de4815c39a1474d5ba7d,56698513,56698513,0,56698513,97129869.7509437,158199116.519856,61071238.8278474,414508487.33,414508487.33,1.08448246,0.9302612894,0.06681862472,0.06755538869
2025-08-06,23085465,1754524799,Syrup USDC,0x80ac24aa929eaf5013f6436cda2a7ba190f5cc0b,806705823,806705823,30000010,776705813,1156166960.52538,2036487045.40657,880331876.032213,2492525847.17,2492525847.17,1.116547383,0.9187048818,0.06926146206,0.0678115582
2025-08-05,23078306,1754438399,Syrup USDC,0x80ac24aa929eaf5013f6436cda2a7ba190f5cc0b,802417818,802417818,30412005,772005813,1134030587.92121,2033889139.16375,899860831.845606,2486913847.17,2486913847.17,1.116347327,0.8943464585,0.06952490906,0.06764789608
2025-08-05,23078306,1754438399,High Yield Secured Lending Maple Pool USDC1,0xc39a5a616f0ad1ff45077fa2de3f79ab8eb8b8b9,82700050,82700050,0,82700050,410708190.92625,495679536.343778,84971445.4085406,766983251.41,766983251.41,1.204620392,0.9742966818,0.1070093134,0.1025668291
2025-08-05,23078306,1754438399,Syrup USDT,0x356b8d89c1e1239cbbb9de4815c39a1474d5ba7d,56698513,56698513,0,56698513,96127227.5540332,157221981.873082,61096377.7170515,414508487.33,414508487.33,1.084293942,0.930841881,0.06706497414,0.06759628678
2025-08-04,23071145,1754351999,High Yield Secured Lending Maple Pool USDC1,0xc39a5a616f0ad1ff45077fa2de3f79ab8eb8b8b9,83180050,83180050,0,83180050,424554442.31075,507893037.196541,83338596.5449391,766983251.41,766983251.41,1.20414893,0.9990703656,0.09829949537,0.1003433248
2025-08-04,23071145,1754351999,Syrup USDC,0x80ac24aa929eaf5013f6436cda2a7ba190f5cc0b,789517818,789517818,30412005,759105813,1136044845.62307,1936537177.00602,800492341.426765,2474013847.17,2474013847.17,1.116142743,0.9893797316,0.06953015092,0.06743624816
2025-08-04,23071145,1754351999,Syrup USDT,0x356b8d89c1e1239cbbb9de4815c39a1474d5ba7d,56698513,56698513,0,56698513,97302116.8188373,158309425.489271,61008573.2386235,414508487.33,414508487.33,1.084094912,0.9320230734,0.06683316037,0.067511464
2025-08-03,23063980,1754265599,Syrup USDC,0x80ac24aa929eaf5013f6436cda2a7ba190f5cc0b,783495818,783495818,31790005,751705813,1095934532.38511,1882283031.6193,786348499.234204,2424423847.17,2424423847.17,1.115936789,0.9995195302,0.06993780961,0.06721280635
2025-08-03,23063980,1754265599,High Yield Secured Lending Maple Pool USDC1,0xc39a5a616f0ad1ff45077fa2de3f79ab8eb8b8b9,83180050,83180050,0,83180050,405051058.46925,489274541.902506,84224217.9612068,766983251.41,766983251.41,1.203929018,0.9883842981,0.1007701498,0.1022409014
2025-08-03,23063980,1754265599,Syrup USDT,0x356b8d89c1e1239cbbb9de4815c39a1474d5ba7d,56698513,56698513,0,56698513,96452996.5230589,155628830.976363,59176727.9127675,414508487.33,414508487.33,1.08390561,0.9607868107,0.06707877729,0.0675389821
2025-08-02,23056812,1754179199,Syrup USDC,0x80ac24aa929eaf5013f6436cda2a7ba190f5cc0b,783495818,783495818,31790005,751705813,1080167743.01991,1866245146.95312,786077403.93323,2424423847.17,2424423847.17,1.115730665,0.9996800551,0.06983271934,0.0669931172
2025-08-02,23056812,1754179199,High Yield Secured Lending Maple Pool USDC1,0xc39a5a616f0ad1ff45077fa2de3f79ab8eb8b8b9,83180050,83180050,0,83180050,396227003.305,480431594.240052,84205222.5795465,766983251.41,766983251.41,1.203657491,0.9884269374,0.1047932238,0.1024533127
2025-08-02,23056812,1754179199,Syrup USDT,0x356b8d89c1e1239cbbb9de4815c39a1474d5ba7d,56698513,56698513,0,56698513,95191294.0273569,154295856.702011,59105204.6805215,414508487.33,414508487.33,1.083714417,0.9617813287,0.0672496251,0.06754672105
2025-08-01,23049661,1754092799,Syrup USDC,0x80ac24aa929eaf5013f6436cda2a7ba190f5cc0b,783495818,783495818,31790005,751705813,1085463114.60463,1878388108.72787,792924994.123267,2424423847.17,2424423847.17,1.115524665,0.9908394978,0.06974042564,0.0666943072
2025-08-01,23049661,1754092799,Syrup USDT,0x356b8d89c1e1239cbbb9de4815c39a1474d5ba7d,56698513,56698513,0,56698513,95468695.6248824,154448134.898579,58979887.5352675,414508487.33,414508487.33,1.083522989,0.9636591122,0.06744535762,0.06755819396
2025-08-01,23049661,1754092799,High Yield Secured Lending Maple Pool USDC1,0xc39a5a616f0ad1ff45077fa2de3f79ab8eb8b8b9,83180050,83180050,0,83180050,401462963.36325,485567602.910537,84105172.679122,766983251.41,766983251.41,1.203190676,0.9896785423,0.09964625443,0.1002851892
2025-07-31,23042513,1754006399,Syrup USDC,0x80ac24aa929eaf5013f6436cda2a7ba190f5cc0b,808495818,808495818,31790005,776705813,1144041681.7076,1955376290.22396,811334608.516372,2319423847.17,2319423847.17,1.115319562,0.9993430332,0.06969265752,0.06656649263
2025-07-31,23042513,1754006399,Syrup USDT,0x356b8d89c1e1239cbbb9de4815c39a1474d5ba7d,56698513,56698513,0,56698513,97907847.9116836,157016516.938198,59108916.6204515,414508487.33,414508487.33,1.083331239,0.9613800314,0.06762620858,0.06756958741
2025-07-31,23042513,1754006399,High Yield Secured Lending Maple Pool USDC1,0xc39a5a616f0ad1ff45077fa2de3f79ab8eb8b8b9,83180050,83180050,0,83180050,422829021.06225,506770593.719185,83942024.2535807,766983251.41,766983251.41,1.202970888,0.9914220433,0.1021097607,0.1013974653
2025-07-30,23035372,1753919999,Syrup USDC,0x80ac24aa929eaf5013f6436cda2a7ba190f5cc0b,809616503,809616503,31790005,777826498,1159023233.06857,1974879362.44685,815856190.449183,2299402180.17,2299402180.17,1.115114298,0.9953411729,0.06978435629,0.06630145965
2025-07-30,23035372,1753919999,High Yield Secured Lending Maple Pool USDC1,0xc39a5a616f0ad1ff45077fa2de3f79ab8eb8b8b9,83180050,83180050,0,83180050,428214866.2525,512018195.135992,83803735.0829929,766983251.41,766983251.41,1.202699305,0.9958830254,0.10611166,0.1023853069
2025-07-30,23035372,1753919999,Syrup USDT,0x356b8d89c1e1239cbbb9de4815c39a1474d5ba7d,56698513,56698513,0,56698513,99121478.3189837,157282536.477712,58161177.8928645,414508487.33,414508487.33,1.08313804,0.9769068743,0.0676653819,0.06752199469
2025-07-29,23028226,1753833599,Syrup USDC,0x80ac24aa929eaf5013f6436cda2a7ba190f5cc0b,858616503,858616503,31790005,826826498,1279947029.25001,2145231266.0402,865284352.579599,2299402180.17,2299402180.17,1.114909231,0.995468634,0.06972137613,0.06603687731
2025-07-29,23028226,1753833599,High Yield Secured Lending Maple Pool USDC1,0xc39a5a616f0ad1ff45077fa2de3f79ab8eb8b8b9,83180050,83180050,0,83180050,449588977.06375,533373207.302506,83784600.3982019,756983251.41,756983251.41,1.202274052,0.9970827292,0.102961356,0.1006680514
2025-07-29,23028226,1753833599,Syrup USDT,0x356b8d89c1e1239cbbb9de4815c39a1474d5ba7d,56698513,56698513,0,56698513,99407084.5683116,157495268.536337,58088190.8443935,414508487.33,414508487.33,1.082944961,0.9779620915,0.06775508441,0.06745980219
2025-07-28,23021075,1753747199,Syrup USDC,0x80ac24aa929eaf5013f6436cda2a7ba190f5cc0b,847816503,847816503,31790005,816026498,1263805756.22656,2115187007.92673,851381251.70019,2299402180.17,2299402180.17,1.114704806,0.9988949168,0.06974879796,0.06591415372
2025-07-28,23021075,1753747199,High Yield Secured Lending Maple Pool USDC1,0xc39a5a616f0ad1ff45077fa2de3f79ab8eb8b8b9,83180050,83180050,0,83180050,431396830.98925,515159993.283194,83763506.8687263,756983251.41,756983251.41,1.20198558,0.9971521318,0.09962996481,0.1010166767
2025-07-28,23021075,1753747199,Syrup USDT,0x356b8d89c1e1239cbbb9de4815c39a1474d5ba7d,56698513,56698513,0,56698513,99424514.7077708,156695969.312683,57271454.6049225,414508487.33,414508487.33,1.08275069,0.9917579588,0.0677604612,0.0674063836
2025-07-27,23013926,1753660799,Syrup USDC,0x80ac24aa929eaf5013f6436cda2a7ba190f5cc0b,844416498,844416498,35890000,808526498,1272182806.44761,2119819876.54717,847637070.099581,2275945399.12,2275945399.12,1.114490972,0.9992761901,0.06923044646,0.06554605819
2025-07-27,23013926,1753660799,Syrup USDT,0x356b8d89c1e1239cbbb9de4815c39a1474d5ba7d,56698513,56698513,0,56698513,100868980.567996,158031362.722654,57162382.1546685,414508487.33,414508487.33,1.082556843,0.9934752514,0.06781728386,0.06736798722
2025-07-27,23013926,1753660799,High Yield Secured Lending Maple Pool USDC1,0xc39a5a616f0ad1ff45077fa2de3f79ab8eb8b8b9,83180050,83180050,0,83180050,439535264.79675,523279539.44345,83744600.348927,756983251.41,756983251.41,1.201714276,0.9979883176,0.1061094406,0.1014679355
2025-07-26,23006757,1753574399,Syrup USDC,0x80ac24aa929eaf5013f6436cda2a7ba190f5cc0b,844416498,844416498,35890000,808526498,1252928720.30025,2100748500.85214,847819780.551904,2275945399.12,2275945399.12,1.114287214,0.998876961,0.06921161099,0.06531250915
2025-07-26,23006757,1753574399,High Yield Secured Lending Maple Pool USDC1,0xc39a5a616f0ad1ff45077fa2de3f79ab8eb8b8b9,83180050,83180050,0,83180050,429166311.80825,512885857.824822,83719855.5628564,756983251.41,756983251.41,1.201359194,0.9981015309,0.106272972,0.1004882348
2025-07-26,23006757,1753574399,Syrup USDT,0x356b8d89c1e1239cbbb9de4815c39a1474d5ba7d,56698513,56698513,0,56698513,99599929.7414762,156527110.837602,56927181.0961355,414508487.33,414508487.33,1.082362565,0.9974066277,0.06785815895,0.06728416423
2025-07-25,22999594,1753487999,Syrup USDC,0x80ac24aa929eaf5013f6436cda2a7ba190f5cc0b,844416498,844416498,35890000,808526498,1245575393.47251,2092620642.5425,847045249.070012,2275945399.12,2275945399.12,1.114083323,0.999609497,0.06915690241,0.06522362914
2025-07-25,22999594,1753487999,High Yield Secured Lending Maple Pool USDC1,0xc39a5a616f0ad1ff45077fa2de3f79ab8eb8b8b9,83180050,83180050,0,83180050,426192127.2875,509768795.121296,83576971.0533119,756983251.41,756983251.41,1.201000821,0.9996321199,0.09962644804,0.1006440249
2025-07-25,22999594,1753487999,Syrup USDT,0x356b8d89c1e1239cbbb9de4815c39a1474d5ba7d,56698513,56698513,0,56698513,98969939.0329402,155764661.207962,56794722.1750315,414508487.33,414508487.33,1.082167569,0.9995554894,0.06786524935,0.06726298685
2025-07-24,22992450,1753401599,Syrup USDC,0x80ac24aa929eaf5013f6436cda2a7ba190f5cc0b,844416498,844416498,35890000,808526498,1249141638.50245,2096252679.46954,847111040.967116,2275945399.12,2275945399.12,1.11387944,0.9993482628,0.0690805524,0.0649788644
2025-07-24,22992450,1753401599,Syrup USDT,0x356b8d89c1e1239cbbb9de4815c39a1474d5ba7d,56698513,56698513,0,56698513,99862816.0655555,156767393.18168,56904577.1161342,389508487.33,389508487.33,1.081972545,0.9999149748,0.06782972237,0.06729251202
2025-07-24,22992450,1753401599,High Yield Secured Lending Maple Pool USDC1,0xc39a5a616f0ad1ff45077fa2de3f79ab8eb8b8b9,83180050,83180050,0,83180050,427005250.6115,510583064.870419,83578114.8529673,756983251.41,756983251.41,1.200729901,0.9994348884,0.1030282262,0.1010975816
2025-07-23,22985302,1753315199,High Yield Secured Lending Maple Pool USDC1,0xc39a5a616f0ad1ff45077fa2de3f79ab8eb8b8b9,83180050,83180050,0,83180050,417983553.65725,501536691.393189,83553438.1155588,756983251.41,756983251.41,1.200375381,0.9995478043,0.1064052895,0.1001212993
2025-07-23,22985302,1753315199,Syrup USDT,0x356b8d89c1e1239cbbb9de4815c39a1474d5ba7d,56698513,56698513,0,56698513,100075850.165983,156977712.510439,56901862.3444652,389508487.33,389508487.33,1.081778826,0.9997821055,0.06783677167,0.06735514195
2025-07-23,22985302,1753315199,Syrup USDC,0x80ac24aa929eaf5013f6436cda2a7ba190f5cc0b,844416498,844416498,35890000,808526498,1248462418.54135,2095214067.03484,846751648.493506,2243945399.12,2243945399.12,1.11367261,0.9999024733,0.0685248315,0.0646881122
2025-07-22,22978149,1753228799,Syrup USDT,0x356b8d89c1e1239cbbb9de4815c39a1474d5ba7d,56698513,56698513,0,56698513,101157759.001465,158289443.74901,57131684.7475552,389508487.33,389508487.33,1.081584247,0.9955675898,0.06767748526,0.06739850928
2025-07-22,22978149,1753228799,Syrup USDC,0x80ac24aa929eaf5013f6436cda2a7ba190f5cc0b,845266498,845266498,35890000,809376498,1279782874.70885,2128941005.82361,849158147.351945,2241295399.12,2241295399.12,1.113469065,0.9978829798,0.06802360238,0.06456709552
2025-07-22,22978149,1753228799,High Yield Secured Lending Maple Pool USDC1,0xc39a5a616f0ad1ff45077fa2de3f79ab8eb8b8b9,83180050,83180050,0,83180050,447948557.0925,531476720.808677,83528463.8813952,756983251.41,756983251.41,1.200016587,0.9996643198,0.09967806197,0.1002591592
2025-07-21,22971002,1753142399,High Yield Secured Lending Maple Pool USDC1,0xc39a5a616f0ad1ff45077fa2de3f79ab8eb8b8b9,83180050,83180050,0,83180050,432089648.22125,517112004.912866,85022536.3263167,756983251.41,756983251.41,1.199798259,0.9818526304,0.1039682487,0.1012939842
2025-07-21,22971002,1753142399,Syrup USDC,0x80ac24aa929eaf5013f6436cda2a7ba190f5cc0b,859546498,859546498,37170000,822376498,1281259958.13877,2143038906.56302,861778948.424267,2202703732.12,2202703732.12,1.113264357,0.9997890259,0.06731060263,0.06440268668
2025-07-21,22971002,1753142399,Syrup USDT,0x356b8d89c1e1239cbbb9de4815c39a1474d5ba7d,56698513,56698513,0,56698513,99038212.7035953,156112974.269169,57074761.5655842,389508487.33,389508487.33,1.081390115,0.99638415,0.06876805329,0.06747330014
2025-07-20,22963843,1753055999,Syrup USDC,0x80ac24aa929eaf5013f6436cda2a7ba190f5cc0b,859546498,859546498,37170000,822376498,1271821922.14877,2133262744.68823,861801814.328803,2092703732.12,2092703732.12,1.113061146,0.9999992673,0.06706475508,0.06424606235
2025-07-20,22963843,1753055999,High Yield Secured Lending Maple Pool USDC1,0xc39a5a616f0ad1ff45077fa2de3f79ab8eb8b8b9,83180050,83180050,0,83180050,430255469.205,514149391.34093,83894000.7320571,756983251.41,756983251.41,1.199392302,0.9949256322,0.104822787,0.09973797235
2025-07-20,22963843,1753055999,Syrup USDT,0x356b8d89c1e1239cbbb9de4815c39a1474d5ba7d,56698513,56698513,0,56698513,99143805.9395445,156042437.86778,56898634.0240332,389508487.33,389508487.33,1.081195409,0.9992971564,0.06862357227,0.06752832776
2025-07-19,22956684,1752969599,Syrup USDC,0x80ac24aa929eaf5013f6436cda2a7ba190f5cc0b,859546498,859546498,37170000,822376498,1263866949.04567,2132469432.90879,869264385.154366,2092703732.12,2092703732.12,1.112858025,0.9919336405,0.06639427956,0.06406718338
2025-07-19,22956684,1752969599,High Yield Secured Lending Maple Pool USDC1,0xc39a5a616f0ad1ff45077fa2de3f79ab8eb8b8b9,83180050,83180050,0,83180050,416407798.128,500312112.484049,83904346.3953775,756983251.41,756983251.41,1.199034507,0.99462028,0.09813453902,0.0998852317
2025-07-19,22956684,1752969599,Syrup USDT,0x356b8d89c1e1239cbbb9de4815c39a1474d5ba7d,56698513,56698513,0,56698513,99422700.8258813,156278943.019404,56856242.1935322,389508487.33,389508487.33,1.081000582,0.9998635243,0.06849933182,0.06758308092
2025-07-18,22949536,1752883199,Syrup USDC,0x80ac24aa929eaf5013f6436cda2a7ba190f5cc0b,859546498,859546498,37170000,822376498,1261292754.76641,2130390773.17165,869759090.362632,2092703732.12,2092703732.12,1.112655487,0.9911885231,0.06571571953,0.06390963214
2025-07-18,22949536,1752883199,High Yield Secured Lending Maple Pool USDC1,0xc39a5a616f0ad1ff45077fa2de3f79ab8eb8b8b9,83180050,83180050,0,83180050,413071366.59525,496513501.397932,83442134.802702,756983251.41,756983251.41,1.198815366,0.9999639252,0.1005858082,0.1009125642
2025-07-18,22949536,1752883199,Syrup USDT,0x356b8d89c1e1239cbbb9de4815c39a1474d5ba7d,56698513,56698513,0,56698513,99371363.7500783,156245975.06993,56875562.8406332,389508487.33,389508487.33,1.080805694,0.9993591472,0.06839488659,0.06761121301
2025-07-17,22942366,1752796799,Syrup USDC,0x80ac24aa929eaf5013f6436cda2a7ba190f5cc0b,825576498,825576498,39700000,785876498,1222773492.60048,2059547062.39764,837433516.480985,2081503732.12,2081503732.12,1.112453389,0.9887115802,0.06508597428,0.06374701512
2025-07-17,22942366,1752796799,High Yield Secured Lending Maple Pool USDC1,0xc39a5a616f0ad1ff45077fa2de3f79ab8eb8b8b9,83180050,83180050,0,83180050,408358545.3245,493314454.371195,84956216.2329191,756983251.41,756983251.41,1.198473942,0.981986469,0.1062660038,0.1000714489
2025-07-17,22942366,1752796799,Syrup USDT,0x356b8d89c1e1239cbbb9de4815c39a1474d5ba7d,56698513,56698513,0,56698513,101111277.223464,160714636.934422,59604241.6078222,389508487.33,389508487.33,1.080611604,0.9533348409,0.06827438336,0.06760815175
2025-07-16,22935192,1752710399,Syrup USDT,0x356b8d89c1e1239cbbb9de4815c39a1474d5ba7d,56698513,56698513,0,56698513,100151864.472144,159747873.738024,59596462.4526932,389508487.33,389508487.33,1.080417992,0.953288356,0.0681481737,0.06762533792
2025-07-16,22935192,1752710399,Syrup USDC,0x80ac24aa929eaf5013f6436cda2a7ba190f5cc0b,731803259.65,731803259.65,39700000,692103259.65,1084106891.24456,1941956103.35751,858498666.061176,2063065522.47,2063065522.47,1.112257915,0.8547228819,0.0645952441,0.06366450183
2025-07-16,22935192,1752710399,High Yield Secured Lending Maple Pool USDC1,0xc39a5a616f0ad1ff45077fa2de3f79ab8eb8b8b9,83180050,83180050,0,83180050,398155524.46225,482858212.410528,84702847.0639636,756983251.41,756983251.41,1.198049849,0.9847527279,0.09638904561,0.09876822747
2025-07-15,22928027,1752623999,High Yield Secured Lending Maple Pool USDC1,0xc39a5a616f0ad1ff45077fa2de3f79ab8eb8b8b9,83180050,83180050,0,83180050,375504420.3825,460225783.72864,84721380.641919,756983251.41,756983251.41,1.197831845,0.9843570875,0.09887356044,0.1005021106
2025-07-15,22928027,1752623999,Syrup USDT,0x356b8d89c1e1239cbbb9de4815c39a1474d5ba7d,56698513,56698513,0,56698513,99408096.9675058,159026027.849469,59618080.3232602,389508487.33,389508487.33,1.080226748,0.9527729823,0.06814510193,0.06768544847
2025-07-15,22928027,1752623999,Syrup USDC,0x80ac24aa929eaf5013f6436cda2a7ba190f5cc0b,731803259.65,731803259.65,39700000,692103259.65,1061645398.06058,1928428573.09095,867418590.713722,2063065522.47,2063065522.47,1.112064635,0.8457634461,0.06419745873,0.06370812668
2025-07-14,22920858,1752537599,High Yield Secured Lending Maple Pool USDC1,0xc39a5a616f0ad1ff45077fa2de3f79ab8eb8b8b9,83180050,83180050,0,83180050,370016424.43225,455048480.770311,85032978.1946495,756983251.41,756983251.41,1.197524487,0.9805745039,0.1061546649,0.1000420959
2025-07-14,22920858,1752537599,Syrup USDC,0x80ac24aa929eaf5013f6436cda2a7ba190f5cc0b,706803259.65,706803259.65,39700000,667103259.65,1042680178.04531,1912962480.29623,870900568.311255,2063065522.47,2063065522.47,1.111874426,0.8134568643,0.06450058025,0.06379410554
2025-07-14,22920858,1752537599,Syrup USDT,0x356b8d89c1e1239cbbb9de4815c39a1474d5ba7d,56698513,56698513,0,56698513,101300136.074802,158549668.507683,57249538.8328891,389508487.33,389508487.33,1.080011714,0.992679589,0.0669043354,0.06747314446
2025-07-13,22913694,1752451199,Syrup USDC,0x80ac24aa929eaf5013f6436cda2a7ba190f5cc0b,703803259.65,703803259.65,39700000,664103259.65,1107591273.67507,1980806076.09954,873815155.024241,2042065522.47,2042065522.47,1.111676379,0.8075743151,0.06386002666,0.06379564018
2025-07-13,22913694,1752451199,Syrup USDT,0x356b8d89c1e1239cbbb9de4815c39a1474d5ba7d,57698513,57698513,0,57698513,108654044.251023,167088693.893998,58434649.642985,375809974.33,375809974.33,1.079820055,0.9898031429,0.06687762012,0.06754633113
2025-07-13,22913694,1752451199,High Yield Secured Lending Maple Pool USDC1,0xc39a5a616f0ad1ff45077fa2de3f79ab8eb8b8b9,83180050,83180050,0,83180050,364505751.546,449430598.498996,84925596.8837229,756983251.41,756983251.41,1.197101534,0.9816383842,0.09634516303,0.0983396507
2025-07-12,22906533,1752364799,Syrup USDC,0x80ac24aa929eaf5013f6436cda2a7ba190f5cc0b,703803259.65,703803259.65,39700000,664103259.65,1097544027.16647,1976514409.14303,879552214.244495,2042065522.47,2042065522.47,1.111486909,0.8021562905,0.06366766242,0.06379220999
2025-07-12,22906533,1752364799,High Yield Secured Lending Maple Pool USDC1,0xc39a5a616f0ad1ff45077fa2de3f79ab8eb8b8b9,83180050,83180050,0,83180050,361973740.28225,446765401.71606,84792248.2915244,756983251.41,756983251.41,1.196883793,0.9830062472,0.09884204672,0.1004911112
2025-07-12,22906533,1752364799,Syrup USDT,0x356b8d89c1e1239cbbb9de4815c39a1474d5ba7d,57698513,57698513,0,57698513,107579713.923345,166302974.669271,58724429.4386478,375809974.33,375809974.33,1.079627884,0.9847525112,0.06682543116,0.06750754933
2025-07-11,22899370,1752278399,Syrup USDT,0x356b8d89c1e1239cbbb9de4815c39a1474d5ba7d,57698513,57698513,0,57698513,107811345.643592,166045130.514528,58234890.9413336,375809974.33,375809974.33,1.079435267,0.9928713287,0.06673227051,0.06745065551
2025-07-11,22899370,1752278399,High Yield Secured Lending Maple Pool USDC1,0xc39a5a616f0ad1ff45077fa2de3f79ab8eb8b8b9,83180050,83180050,0,83180050,363074906.90725,447997598.358586,84923119.5802558,756983251.41,756983251.41,1.196613875,0.9813095623,0.1045131299,0.1004532274
2025-07-11,22899370,1752278399,Syrup USDC,0x80ac24aa929eaf5013f6436cda2a7ba190f5cc0b,703803259.65,703803259.65,39700000,664103259.65,1100599716.52147,1986745468.8355,886708421.94479,2042065522.47,2042065522.47,1.111298187,0.7955317307,0.06353049158,0.06371822744
2025-07-10,22892221,1752191999,High Yield Secured Lending Maple Pool USDC1,0xc39a5a616f0ad1ff45077fa2de3f79ab8eb8b8b9,83180050,83180050,0,83180050,364017445.663,448907737.790028,84890552.1960063,756983251.41,756983251.41,1.196154982,0.9815078537,0.09635550259,0.09834463263
2025-07-10,22892221,1752191999,Syrup USDC,0x80ac24aa929eaf5013f6436cda2a7ba190f5cc0b,643253259.65,643253259.65,39700000,603553259.65,1017794007.17949,1904328220.65706,887073432.727766,1885058741.42,1885058741.42,1.11110893,0.7271261583,0.06339123583,0.06404524603
2025-07-10,22892221,1752191999,Syrup USDT,0x356b8d89c1e1239cbbb9de4815c39a1474d5ba7d,57698513,57698513,0,57698513,106301575.532994,165776785.678287,59476177.4851554,375809974.33,375809974.33,1.079243758,0.9719351832,0.06670844567,0.06741086562
2025-07-09,22885056,1752105599,High Yield Secured Lending Maple Pool USDC1,0xc39a5a616f0ad1ff45077fa2de3f79ab8eb8b8b9,83180050,83180050,0,83180050,345489047.11,430364064.624074,84875109.5433777,756983251.41,756983251.41,1.195937387,0.9815078537,0.09888385447,0.09969228796
2025-07-09,22885056,1752105599,Syrup USDC,0x80ac24aa929eaf5013f6436cda2a7ba190f5cc0b,637253259.65,637253259.65,39700000,597553259.65,959639183.477037,1835970312.81813,876844395.731315,1829058741.42,1829058741.42,1.11092351,0.7290215191,0.06309945991,0.06392060966
2025-07-09,22885056,1752105599,Syrup USDT,0x356b8d89c1e1239cbbb9de4815c39a1474d5ba7d,57698513,57698513,0,57698513,102097848.718745,161481379.185407,59384346.755129,375809974.33,375809974.33,1.079052836,0.9746097938,0.06674301733,0.06718969981
2025-07-08,22877912,1752019199,Syrup USDT,0x356b8d89c1e1239cbbb9de4815c39a1474d5ba7d,57698513,57698513,0,57698513,99812818.2435167,159194617.893209,59382497.1507578,375809974.33,375809974.33,1.078861893,0.9744676976,0.06679259516,0.06706124452
2025-07-08,22877912,1752019199,Syrup USDC,0x80ac24aa929eaf5013f6436cda2a7ba190f5cc0b,635903259.65,635903259.65,39700000,596203259.65,933893010.209842,1818957902.74594,885551656.15724,1825893741.42,1825893741.42,1.110738424,0.7201978875,0.06351027859,0.06376652324
2025-07-08,22877912,1752019199,High Yield Secured Lending Maple Pool USDC1,0xc39a5a616f0ad1ff45077fa2de3f79ab8eb8b8b9,83180050,83180050,0,83180050,329805425.15025,413197901.636752,83392476.4865221,756983251.41,756983251.41,1.195667862,0.9988005353,0.1011977859,0.1004558467
2025-07-07,22870753,1751932799,Syrup USDC,0x80ac24aa929eaf5013f6436cda2a7ba190f5cc0b,634303259.65,634303259.65,38100000,596203259.65,924631179.519059,1809229225.11977,885057808.733496,1800293741.42,1800293741.42,1.110542375,0.718874364,0.06279586392,0.063826559
2025-07-07,22870753,1751932799,Syrup USDT,0x356b8d89c1e1239cbbb9de4815c39a1474d5ba7d,57698513,57698513,0,57698513,98968837.0176922,158189350.609403,59221088.2919216,375809974.33,375809974.33,1.078671175,0.9769578885,0.0666756137,0.06672606789
2025-07-07,22870753,1751932799,High Yield Secured Lending Maple Pool USDC1,0xc39a5a616f0ad1ff45077fa2de3f79ab8eb8b8b9,83180050,83180050,0,83180050,323117173.95575,406394485.262794,83277311.3070636,756983251.41,756983251.41,1.195209671,0.9999999905,0.09639578999,0.09835192263
2025-07-06,22863596,1751846399,Syrup USDC,0x80ac24aa929eaf5013f6436cda2a7ba190f5cc0b,634303259.65,634303259.65,38100000,596203259.65,936422827.492706,1814463364.28467,878473552.685987,1800293741.42,1800293741.42,1.110357383,0.7242877013,0.06262553061,0.06388703286
2025-07-06,22863596,1751846399,High Yield Secured Lending Maple Pool USDC1,0xc39a5a616f0ad1ff45077fa2de3f79ab8eb8b8b9,83180050,83180050,0,83180050,327525004.31475,412022318.229634,84497625.171672,756983251.41,756983251.41,1.194991661,0.9853666622,0.09886199229,0.09947860999
2025-07-06,22863596,1751846399,Syrup USDT,0x356b8d89c1e1239cbbb9de4815c39a1474d5ba7d,57698513,57698513,0,57698513,100094201.815078,159305749.00843,59212007.4047684,375809974.33,375809974.33,1.078480272,0.9769347771,0.06648045408,0.06638088087
2025-07-05,22856444,1751759999,High Yield Secured Lending Maple Pool USDC1,0xc39a5a616f0ad1ff45077fa2de3f79ab8eb8b8b9,83180050,83180050,0,83180050,321640057.26075,406118448.030874,84478570.1664315,756983251.41,756983251.41,1.194722179,0.9854092528,0.1011828263,0.09992384787
2025-07-05,22856444,1751759999,Syrup USDT,0x356b8d89c1e1239cbbb9de4815c39a1474d5ba7d,57698513,57698513,0,57698513,99146562.1191856,158276109.001139,59129896.2680351,375809974.33,375809974.33,1.07828935,0.9781211726,0.06638317471,0.06603836845
2025-07-05,22856444,1751759999,Syrup USDC,0x80ac24aa929eaf5013f6436cda2a7ba190f5cc0b,634303259.65,634303259.65,38100000,596203259.65,925420009.601455,1799803473.89975,874790346.549478,1800293741.42,1800293741.42,1.110171988,0.7272245459,0.06300938769,0.06397518447
2025-07-04,22849297,1751673599,Syrup USDT,0x356b8d89c1e1239cbbb9de4815c39a1474d5ba7d,57698513,57698513,0,57698513,99208888.2115336,158704177.255582,59495517.2917829,375809974.33,375809974.33,1.078098778,0.9719243303,0.06634645073,0.06603893683
2025-07-04,22849297,1751673599,Syrup USDC,0x80ac24aa929eaf5013f6436cda2a7ba190f5cc0b,634303259.65,634303259.65,38100000,596203259.65,926231154.717806,1797081259.09836,871231377.035419,1800293741.42,1800293741.42,1.109986235,0.7300813309,0.0627947167,0.06393862543
2025-07-04,22849297,1751673599,High Yield Secured Lending Maple Pool USDC1,0xc39a5a616f0ad1ff45077fa2de3f79ab8eb8b8b9,83180050,83180050,0,83180050,321874976.83975,406326110.398612,84451181.1105889,756983251.41,756983251.41,1.194334835,0.9855491557,0.0974656682,0.09910093188
2025-07-03,22842131,1751587199,High Yield Secured Lending Maple Pool USDC1,0xc39a5a616f0ad1ff45077fa2de3f79ab8eb8b8b9,83180050,83180050,0,83180050,329090223.728,413618861.475976,84530788.3671464,756983251.41,756983251.41,1.194046561,0.984466952,0.09637826712,0.09876232246
2025-07-03,22842131,1751587199,Syrup USDT,0x356b8d89c1e1239cbbb9de4815c39a1474d5ba7d,57698513,57698513,0,57698513,100540301.073002,159615706.261797,59075522.8871987,375809974.33,375809974.33,1.077907967,0.9786755462,0.06612514921,0.06574603134
2025-07-03,22842131,1751587199,Syrup USDC,0x80ac24aa929eaf5013f6436cda2a7ba190f5cc0b,634303259.65,634303259.65,38100000,596203259.65,940247903.148637,1800229152.52061,860337625.590773,1800293741.42,1800293741.42,1.109799988,0.7392266548,0.06262960997,0.0639218219
2025-07-02,22834979,1751500799,High Yield Secured Lending Maple Pool USDC1,0xc39a5a616f0ad1ff45077fa2de3f79ab8eb8b8b9,83180050,83180050,0,83180050,328854999.7075,413897409.784266,85044386.1132348,756483251.41,756483251.41,1.193776611,0.9797983871,0.1011840527,0.09990199159
2025-07-02,22834979,1751500799,Syrup USDC,0x80ac24aa929eaf5013f6436cda2a7ba190f5cc0b,612903259.65,612903259.65,38100000,574803259.65,901116579.331061,1760963561.21481,860178199.6291,1747893741.42,1747893741.42,1.109620627,0.7143037502,0.06343382282,0.06435884544
2025-07-02,22834979,1751500799,Syrup USDT,0x356b8d89c1e1239cbbb9de4815c39a1474d5ba7d,57698513,57698513,0,57698513,100037267.300761,158586373.880554,58549138.4338595,375809974.33,375809974.33,1.077716612,0.9873157745,0.06618089257,0.06544118177
2025-07-01,22827823,1751414399,High Yield Secured Lending Maple Pool USDC1,0xc39a5a616f0ad1ff45077fa2de3f79ab8eb8b8b9,83180050,83180050,0,83180050,310532337.4395,394788846.825876,84258358.6391327,756483251.41,756483251.41,1.193459427,0.9904452049,0.1008242887,0.09986026939
2025-07-01,22827823,1751414399,Syrup USDC,0x80ac24aa929eaf5013f6436cda2a7ba190f5cc0b,575601772.65,575601772.65,38100000,537501772.65,829365928.719643,1677603811.90494,848539821.587184,1701893741.42,1701893741.42,1.109427537,0.6799490792,0.06288526234,0.064343428
2025-07-01,22827823,1751414399,Syrup USDT,0x356b8d89c1e1239cbbb9de4815c39a1474d5ba7d,59000000,59000000,0,59000000,80906042.0836703,140012405.460543,59106363.3768814,360809974.33,360809974.33,1.077524945,0.9999999071,0.06643918589,0.06513003229
2025-06-30,22820673,1751327999,High Yield Secured Lending Maple Pool USDC1,0xc39a5a616f0ad1ff45077fa2de3f79ab8eb8b8b9,83180050,83180050,0,83180050,319194023.62675,403425388.822509,84233129.5743871,756483251.41,756483251.41,1.193102076,0.9905616151,0.09640876855,0.09837695473
2025-06-30,22820673,1751327999,Syrup USDC,0x80ac24aa929eaf5013f6436cda2a7ba190f5cc0b,575601772.65,575601772.65,38100000,537501772.65,844980850.985654,1689103061.87997,844394949.623199,1701893741.42,1701893741.42,1.109246015,0.6832762887,0.06286464871,0.06429954213
2025-06-30,22820673,1751327999,Syrup USDT,0x356b8d89c1e1239cbbb9de4815c39a1474d5ba7d,59000000,59000000,0,59000000,82048086.5435933,143822863.229687,61774891.82736,360809974.33,360809974.33,1.077336729,0.9565665379,0.0669503863,0.06489926075
2025-06-29,22813511,1751241599,Syrup USDC,0x80ac24aa929eaf5013f6436cda2a7ba190f5cc0b,568163563,568163563,38100000,530063563,839939775.054029,1681563350.76925,841867000.411704,1687955531.77,1687955531.77,1.109064648,0.6763933693,0.06341484217,0.06447211285
2025-06-29,22813511,1751241599,Syrup USDT,0x356b8d89c1e1239cbbb9de4815c39a1474d5ba7d,59000000,59000000,0,59000000,82824212.6676078,143380189.536161,60559784.6705206,360809974.33,360809974.33,1.077149842,0.9756800941,0.06749235265,0.06467313211
2025-06-29,22813511,1751241599,High Yield Secured Lending Maple Pool USDC1,0xc39a5a616f0ad1ff45077fa2de3f79ab8eb8b8b9,83180050,83180050,0,83180050,321331638.99675,405473334.616531,84143386.8050914,756483251.41,756483251.41,1.19283305,0.9923457683,0.101206381,0.09877242365
2025-06-28,22806371,1751155199,Syrup USDT,0x356b8d89c1e1239cbbb9de4815c39a1474d5ba7d,59000000,59000000,0,59000000,82261737.3905519,142734983.933783,60476956.2386562,360809974.33,360809974.33,1.07696104,0.9768467354,0.06804737105,0.06443578206
2025-06-28,22806371,1751155199,Syrup USDC,0x80ac24aa929eaf5013f6436cda2a7ba190f5cc0b,568163563,568163563,38100000,530063563,833192964.52643,1674181887.10912,841202616.868199,1687955531.77,1687955531.77,1.108871788,0.6768178002,0.0632629066,0.06446834437
2025-06-28,22806371,1751155199,High Yield Secured Lending Maple Pool USDC1,0xc39a5a616f0ad1ff45077fa2de3f79ab8eb8b8b9,83180050,83180050,0,83180050,315061779.82625,399481349.957082,84421172.6012788,756483251.41,756483251.41,1.192515802,0.9888873362,0.1008174198,0.09862146379
2025-06-27,22799210,1751068799,Syrup USDT,0x356b8d89c1e1239cbbb9de4815c39a1474d5ba7d,51500000,51500000,0,51500000,82070679.2954493,141823898.892184,59756850.0464278,345809974.33,345809974.33,1.076771413,0.862990617,0.06850491657,0.06421255035
2025-06-27,22799210,1751068799,Syrup USDC,0x80ac24aa929eaf5013f6436cda2a7ba190f5cc0b,576965050,576965050,38100000,538865050,826477303.382174,1665168666.82205,838875805.015638,1670455531.77,1670455531.77,1.108690547,0.6891407821,0.06365096635,0.06462681054
2025-06-27,22799210,1751068799,High Yield Secured Lending Maple Pool USDC1,0xc39a5a616f0ad1ff45077fa2de3f79ab8eb8b8b9,83180050,83180050,0,83180050,313016696.68775,397314480.622475,84299291.6828832,756483251.41,756483251.41,1.192206482,0.9901411169,0.09868325855,0.09775607825
2025-06-26,22792055,1750982399,High Yield Secured Lending Maple Pool USDC1,0xc39a5a616f0ad1ff45077fa2de3f79ab8eb8b8b9,83180050,83180050,0,83180050,312089290.5155,398163689.404819,86075674.7801552,756483251.41,756483251.41,1.191941383,0.9701842959,0.1036774263,0.09817560968
2025-06-26,22792055,1750982399,Syrup USDC,0x80ac24aa929eaf5013f6436cda2a7ba190f5cc0b,576665050,576665050,37800000,538865050,773414015.881118,1608550514.24433,835292869.014338,1660655531.77,1660655531.77,1.108507821,0.6916482706,0.06386524451,0.06478028347
2025-06-26,22792055,1750982399,Syrup USDT,0x356b8d89c1e1239cbbb9de4815c39a1474d5ba7d,51500000,51500000,0,51500000,81986236.0134274,138514568.201006,56531441.2223477,345809974.33,345809974.33,1.076585123,0.9145632258,0.06914050933,0.06357688767
2025-06-25,22784894,1750895999,High Yield Secured Lending Maple Pool USDC1,0xc39a5a616f0ad1ff45077fa2de3f79ab8eb8b8b9,83180050,83180050,0,83180050,312935931.972,398383658.238667,85448742.3757607,756483251.41,756483251.41,1.191571955,0.9771525092,0.1007767275,0.09745313374
2025-06-25,22784894,1750895999,Syrup USDT,0x356b8d89c1e1239cbbb9de4815c39a1474d5ba7d,51500000,51500000,0,51500000,82214652.5639719,138465992.863103,56254105.2049359,345809974.33,345809974.33,1.076392924,0.9189256989,0.06935928999,0.0631131515
2025-06-25,22784894,1750895999,Syrup USDC,0x80ac24aa929eaf5013f6436cda2a7ba190f5cc0b,576665050,576665050,37800000,538865050,777767927.087641,1613679629.48169,836040172.817412,1660655531.77,1660655531.77,1.108312588,0.6909147678,0.06351613668,0.06478423348
2025-06-24,22777731,1750809599,Syrup USDT,0x356b8d89c1e1239cbbb9de4815c39a1474d5ba7d,51500000,51500000,0,51500000,81230022.1452859,134597545.081559,53370096.3346382,345809974.33,345809974.33,1.076196493,0.9685995121,0.06918380268,0.0625454609
2025-06-24,22777731,1750809599,Syrup USDC,0x80ac24aa929eaf5013f6436cda2a7ba190f5cc0b,544665050,544665050,37800000,506865050,771128386.153892,1596770689.53699,825741740.799886,1660655531.77,1660655531.77,1.108130691,0.6606970544,0.06379092729,0.06493709468
2025-06-24,22777731,1750809599,High Yield Secured Lending Maple Pool USDC1,0xc39a5a616f0ad1ff45077fa2de3f79ab8eb8b8b9,83180050,83180050,0,83180050,314571258.1485,399920872.524617,85350424.6636311,756483251.41,756483251.41,1.191262822,0.9781043278,0.09862954386,0.09661723948
2025-06-23,22770563,1750723199,Syrup USDT,0x356b8d89c1e1239cbbb9de4815c39a1474d5ba7d,51500000,51500000,0,51500000,80940597.5061702,134187816.913134,53249652.9890274,345809974.33,345809974.33,1.075998619,0.9706192736,0.0689957588,0.06195100843
2025-06-23,22770563,1750723199,Syrup USDC,0x80ac24aa929eaf5013f6436cda2a7ba190f5cc0b,544665050,544665050,37800000,506865050,768428638.081203,1594118232.66659,825758516.856461,1660655531.77,1660655531.77,1.107949793,0.6605754092,0.0641290701,0.06513232007
2025-06-23,22770563,1750723199,High Yield Secured Lending Maple Pool USDC1,0xc39a5a616f0ad1ff45077fa2de3f79ab8eb8b8b9,83180050,83180050,0,83180050,311846344.25925,397041606.185157,85195885.4283886,756483251.41,756483251.41,1.190997926,0.9797065396,0.1005850599,0.09703363705
2025-06-22,22763413,1750636799,Syrup USDC,0x80ac24aa929eaf5013f6436cda2a7ba190f5cc0b,544665050,544665050,37800000,506865050,731260064.529872,1449780572.12698,718568171.118178,1650655531.77,1650655531.77,1.107757644,0.7592618302,0.06433524735,0.06520376362
2025-06-22,22763413,1750636799,Syrup USDT,0x356b8d89c1e1239cbbb9de4815c39a1474d5ba7d,51500000,51500000,0,51500000,77351451.67784,130443242.929644,53093869.2799177,345809974.33,345809974.33,1.075801487,0.9732931356,0.06890808941,0.06137016125
2025-06-22,22763413,1750636799,High Yield Secured Lending Maple Pool USDC1,0xc39a5a616f0ad1ff45077fa2de3f79ab8eb8b8b9,83180050,83180050,0,83180050,294110759.71975,378799647.146591,84689354.951516,756483251.41,756483251.41,1.190629673,0.9854063713,0.1007191098,0.09629883636
2025-06-21,22756269,1750550399,Syrup USDC,0x80ac24aa929eaf5013f6436cda2a7ba190f5cc0b,544665050,544665050,37800000,506865050,723667141.552937,1452844015.45728,729205311.165366,1650655531.77,1650655531.77,1.107568046,0.7480407339,0.06469772777,0.0654171305
2025-06-21,22756269,1750550399,Syrup USDT,0x356b8d89c1e1239cbbb9de4815c39a1474d5ba7d,51500000,51500000,0,51500000,73948324.3740769,126924166.626283,52977750.6226399,345809974.33,345809974.33,1.075602199,0.9752521125,0.0687673853,0.06076982991
2025-06-21,22756269,1750550399,High Yield Secured Lending Maple Pool USDC1,0xc39a5a616f0ad1ff45077fa2de3f79ab8eb8b8b9,83180050,83180050,0,83180050,299470847.29825,384037929.304605,84567422.1666545,756483251.41,756483251.41,1.190321076,0.9866515601,0.09860002362,0.09547806903
2025-06-20,22749115,1750463999,High Yield Secured Lending Maple Pool USDC1,0xc39a5a616f0ad1ff45077fa2de3f79ab8eb8b8b9,83180050,83180050,0,83180050,308777422.00125,393225840.424436,84448642.3355549,756483251.41,756483251.41,1.190056614,0.9878630382,0.09881483537,0.09587142113
2025-06-20,22749115,1750463999,Syrup USDC,0x80ac24aa929eaf5013f6436cda2a7ba190f5cc0b,544665050,544665050,37800000,506865050,734733012.893285,1466776674.78016,732051957.501794,1650655531.77,1650655531.77,1.107379268,0.7450308174,0.06513060698,0.06545500253
2025-06-20,22749115,1750463999,Syrup USDT,0x356b8d89c1e1239cbbb9de4815c39a1474d5ba7d,51500000,51500000,0,51500000,74890808.906001,127864803.771766,52975799.5040442,345809974.33,345809974.33,1.075403978,0.9751077924,0.06870081084,0.06017429481
2025-06-19,22741966,1750377599,Syrup USDC,0x80ac24aa929eaf5013f6436cda2a7ba190f5cc0b,544665050,544665050,37800000,506865050,749381398.577746,1482084634.04045,733412811.281238,1640655531.77,1640655531.77,1.107192481,0.7445677397,0.06521374622,0.06548067962
2025-06-19,22741966,1750377599,High Yield Secured Lending Maple Pool USDC1,0xc39a5a616f0ad1ff45077fa2de3f79ab8eb8b8b9,83180050,83180050,0,83180050,319720151.76025,404011260.678115,84291226.9510646,701483251.41,701483251.41,1.189688511,0.9898453224,0.1007293797,0.09482960327
2025-06-19,22741966,1750377599,Syrup USDT,0x356b8d89c1e1239cbbb9de4815c39a1474d5ba7d,51500000,51500000,0,51500000,75971921.9777681,128934891.889454,52964668.4774284,345809974.33,345809974.33,1.075205662,0.9751329382,0.06817538481,0.0595837361
2025-06-18,22734806,1750291199,Syrup USDT,0x356b8d89c1e1239cbbb9de4815c39a1474d5ba7d,51500000,51500000,0,51500000,76152314.4576113,131793759.703558,55642962.1846877,345809974.33,345809974.33,1.075009491,0.9279036812,0.06770644804,0.05947671942
2025-06-18,22734806,1750291199,Syrup USDC,0x80ac24aa929eaf5013f6436cda2a7ba190f5cc0b,537165050,537165050,37800000,499365050,747375978.886832,1474716902.93843,728029894.777727,1609683750.72,1609683750.72,1.107004447,0.7400689498,0.06489426393,0.06567361076
2025-06-18,22734806,1750291199,High Yield Secured Lending Maple Pool USDC1,0xc39a5a616f0ad1ff45077fa2de3f79ab8eb8b8b9,83180050,83180050,0,83180050,320173704.92725,403994065.326524,83820418.6588468,701483251.41,701483251.41,1.189379809,0.9953130937,0.09861915492,0.09430192377
2025-06-17,22727653,1750204799,Syrup USDC,0x80ac24aa929eaf5013f6436cda2a7ba190f5cc0b,529435050,529435050,37800000,491635050,734066927.789182,1459766826.68343,726367761.652157,1598183750.72,1598183750.72,1.106817281,0.730985421,0.06636630513,0.06575144392
2025-06-17,22727653,1750204799,High Yield Secured Lending Maple Pool USDC1,0xc39a5a616f0ad1ff45077fa2de3f79ab8eb8b8b9,83180050,83180050,0,83180050,317346533.7865,400948341.210579,83601829.0937522,701483251.41,701483251.41,1.189115771,0.997739978,0.09884285893,0.09472575651
2025-06-17,22727653,1750204799,Syrup USDT,0x356b8d89c1e1239cbbb9de4815c39a1474d5ba7d,51500000,51500000,0,51500000,75719668.0706472,131351522.312637,55633055.0096029,345809974.33,345809974.33,1.074816695,0.9279024772,0.06742860055,0.05945881652
2025-06-16,22720514,1750118399,Syrup USDT,0x356b8d89c1e1239cbbb9de4815c39a1474d5ba7d,51500000,51500000,0,51500000,78239825.195704,133055605.476257,54816710.9323222,345809974.33,345809974.33,1.0746227,0.9415832375,0.06628149071,0.05944644025
2025-06-16,22720514,1750118399,Syrup USDC,0x80ac24aa929eaf5013f6436cda2a7ba190f5cc0b,529435050,529435050,37800000,491635050,728507693.886668,1448891189.08311,721030404.027984,1598183750.72,1598183750.72,1.106629853,0.7362866525,0.06569424417,0.06591247137
2025-06-16,22720514,1750118399,High Yield Secured Lending Maple Pool USDC1,0xc39a5a616f0ad1ff45077fa2de3f79ab8eb8b8b9,83180050,83180050,0,83180050,344200751.84125,427752561.821953,83551814.0272796,701483251.41,701483251.41,1.188810806,0.9981557082,0.1003461929,0.09438372517
2025-06-15,22713369,1750031999,High Yield Secured Lending Maple Pool USDC1,0xc39a5a616f0ad1ff45077fa2de3f79ab8eb8b8b9,83180050,83180050,0,83180050,340342115.2425,423845139.789734,83503024.5472541,701483251.41,701483251.41,1.188440454,0.9985572559,0.09867559384,0.09293631138
2025-06-15,22713369,1750031999,Syrup USDC,0x80ac24aa929eaf5013f6436cda2a7ba190f5cc0b,529050050,529050050,37415000,491635050,693063566.665254,1307017844.60126,614588907.72457,1589983750.72,1589983750.72,1.106433821,0.8635362394,0.06444786743,0.06600722928
2025-06-15,22713369,1750031999,Syrup USDT,0x356b8d89c1e1239cbbb9de4815c39a1474d5ba7d,51500000,51500000,0,51500000,99090666.5828799,153346574.610965,54256555.3101854,345809974.33,345809974.33,1.07442751,0.9511514104,0.0654713598,0.05942017818
2025-06-14,22706233,1749945599,Syrup USDC,0x80ac24aa929eaf5013f6436cda2a7ba190f5cc0b,508050050,508050050,37415000,470635050,689385735.624215,1301169418.7438,612408959.502113,1589983750.72,1589983750.72,1.106237226,0.8320986684,0.06463976585,0.0659873756
2025-06-14,22706233,1749945599,High Yield Secured Lending Maple Pool USDC1,0xc39a5a616f0ad1ff45077fa2de3f79ab8eb8b8b9,83180050,83180050,0,83180050,338954440.0665,422438906.895659,83484466.8291785,701483251.41,701483251.41,1.188176334,0.9985966135,0.09888917571,0.09337255841
2025-06-14,22706233,1749945599,Syrup USDT,0x356b8d89c1e1239cbbb9de4815c39a1474d5ba7d,51500000,51500000,0,51500000,99275980.0602781,153234136.824255,53958572.9979087,345809974.33,345809974.33,1.074231188,0.9562392632,0.06370796209,0.05940068307
2025-06-13,22699074,1749859199,Syrup USDC,0x80ac24aa929eaf5013f6436cda2a7ba190f5cc0b,508050050,508050050,37415000,470635050,693659138.980695,1305646283.41254,612601207.970805,1589983750.72,1589983750.72,1.106040052,0.8316880519,0.06425178856,0.06604577858
2025-06-13,22699074,1749859199,High Yield Secured Lending Maple Pool USDC1,0xc39a5a616f0ad1ff45077fa2de3f79ab8eb8b8b9,83180050,83180050,0,83180050,342956348.31475,426321957.83388,83365609.51915,701483251.41,701483251.41,1.187907895,0.9998399498,0.1012258604,0.09336337281
2025-06-13,22699074,1749859199,Syrup USDT,0x356b8d89c1e1239cbbb9de4815c39a1474d5ba7d,51500000,51500000,0,51500000,99584337.0183013,153547415.229917,53963277.4724469,345809974.33,345809974.33,1.074034503,0.9559803829,0.06189490727,0.05949429775
2025-06-12,22691920,1749772799,Syrup USDT,0x356b8d89c1e1239cbbb9de4815c39a1474d5ba7d,56500000,56500000,0,56500000,96318342.769345,154607666.69532,58289323.9259849,345809974.33,345809974.33,1.073846568,0.9718201489,0.06054717752,0.0596584393
2025-06-12,22691920,1749772799,High Yield Secured Lending Maple Pool USDC1,0xc39a5a616f0ad1ff45077fa2de3f79ab8eb8b8b9,83180050,83180050,0,83180050,367146678.4345,450483719.341517,83337040.9070374,701483251.41,701483251.41,1.18750081,0.9999997462,0.09641661582,0.09157778939
2025-06-12,22691920,1749772799,Syrup USDC,0x80ac24aa929eaf5013f6436cda2a7ba190f5cc0b,458050050,458050050,37415000,420635050,582764498.166387,1228336046.45998,646168691.709056,1589983750.72,1589983750.72,1.105851836,0.7109160455,0.06445196855,0.06627063649
2025-06-11,22684757,1749686399,Syrup USDT,0x356b8d89c1e1239cbbb9de4815c39a1474d5ba7d,56500000,56500000,0,56500000,98632023.46555,156864884.01478,58278655.8080332,330809974.33,330809974.33,1.073659685,0.9725975587,0.06069924259,0.05979430633
2025-06-11,22684757,1749686399,Syrup USDC,0x80ac24aa929eaf5013f6436cda2a7ba190f5cc0b,450550050,450550050,37415000,413135050,597185642.209877,1247523138.68276,650912940.724668,1572483750.72,1572483750.72,1.105670391,0.6941511371,0.06447520922,0.06638236402
2025-06-11,22684757,1749686399,High Yield Secured Lending Maple Pool USDC1,0xc39a5a616f0ad1ff45077fa2de3f79ab8eb8b8b9,83180050,83180050,0,83180050,378572716.89325,462183944.622896,83611257.7780469,701483251.41,701483251.41,1.187236367,0.9965318777,0.09870792851,0.09196848012
2025-06-10,22677606,1749599999,Syrup USDC,0x80ac24aa929eaf5013f6436cda2a7ba190f5cc0b,434550050,434550050,37415000,397135050,604011574.94216,1258208180.80961,654749790.258173,1543483750.72,1543483750.72,1.105454163,0.6656199403,0.06286270113,0.06618589087
2025-06-10,22677606,1749599999,High Yield Secured Lending Maple Pool USDC1,0xc39a5a616f0ad1ff45077fa2de3f79ab8eb8b8b9,83180050,83180050,0,83180050,383022966.20075,466503373.838172,83480409.3390163,701483251.41,701483251.41,1.18696817,0.9979132723,0.09814347668,0.09194394347
2025-06-10,22677606,1749599999,Syrup USDT,0x356b8d89c1e1239cbbb9de4815c39a1474d5ba7d,56500000,56500000,0,56500000,99777614.699535,157944526.490888,58212542.6393125,330809974.33,330809974.33,1.07347249,0.9735353018,0.05959638556,0.05987486325
2025-06-09,22670450,1749513599,Syrup USDC,0x80ac24aa929eaf5013f6436cda2a7ba190f5cc0b,384550050,384550050,37415000,347135050,520060420.535652,1173953911.00171,654420316.618077,1543483750.72,1543483750.72,1.105280329,0.5893175418,0.06497743405,0.06669435265
2025-06-09,22670450,1749513599,Syrup USDT,0x356b8d89c1e1239cbbb9de4815c39a1474d5ba7d,42500000,42500000,0,42500000,82468034.51841,140186706.307963,57763259.7734153,330809974.33,330809974.33,1.073300869,0.7378995093,0.05927264228,0.06014935352
2025-06-09,22670450,1749513599,High Yield Secured Lending Maple Pool USDC1,0xc39a5a616f0ad1ff45077fa2de3f79ab8eb8b8b9,83180050,83180050,0,83180050,371915470.216,455264368.920649,83348898.7046688,701483251.41,701483251.41,1.186632643,0.9993067719,0.09978220501,0.09095152173
2025-06-08,22663305,1749427199,High Yield Secured Lending Maple Pool USDC1,0xc39a5a616f0ad1ff45077fa2de3f79ab8eb8b8b9,83180050,83180050,0,83180050,356385341.98975,440545148.148686,84160058.7373022,701483251.41,701483251.41,1.186297536,0.9894855645,0.09864586089,0.09048701722
2025-06-08,22663305,1749427199,Syrup USDC,0x80ac24aa929eaf5013f6436cda2a7ba190f5cc0b,371135050,371135050,34000000,337135050,486915808.813052,1139386961.42053,652967812.222448,1536068750.72,1536068750.72,1.105109339,0.5699504319,0.06598433521,0.06701817595
2025-06-08,22663305,1749427199,Syrup USDT,0x356b8d89c1e1239cbbb9de4815c39a1474d5ba7d,42500000,42500000,0,42500000,79186330.117065,136613867.56287,57469800.6099711,330809974.33,330809974.33,1.073121562,0.7415543265,0.05854262397,0.06035066867
2025-06-07,22656150,1749340799,Syrup USDT,0x356b8d89c1e1239cbbb9de4815c39a1474d5ba7d,42500000,42500000,0,42500000,79221675.226785,136899804.201503,57718975.2670339,330809974.33,330809974.33,1.072959563,0.7382328587,0.05886880779,0.06076824417
2025-06-07,22656150,1749340799,High Yield Secured Lending Maple Pool USDC1,0xc39a5a616f0ad1ff45077fa2de3f79ab8eb8b8b9,83180050,83180050,0,83180050,358681553.39275,442822436.251009,84141041.3345446,701483251.41,701483251.41,1.186029471,0.9895285137,0.09650288334,0.09047039068
2025-06-07,22656150,1749340799,Syrup USDC,0x80ac24aa929eaf5013f6436cda2a7ba190f5cc0b,358135050,358135050,34000000,324135050,487580315.469123,1132744033.56401,645629492.115976,1523068750.72,1523068750.72,1.104909159,0.5561689129,0.06482245023,0.06693310274
2025-06-06,22648987,1749254399,Syrup USDT,0x356b8d89c1e1239cbbb9de4815c39a1474d5ba7d,42500000,42500000,0,42500000,78245449.880505,135885076.633246,57679063.0638197,330809974.33,330809974.33,1.072798208,0.7386336043,0.05918008136,0.0611599559
2025-06-06,22648987,1749254399,Syrup USDC,0x80ac24aa929eaf5013f6436cda2a7ba190f5cc0b,358135050,358135050,34000000,324135050,481579236.952583,1118467273.63102,637323339.093086,1523068750.72,1523068750.72,1.104719944,0.5633492679,0.06513230679,0.06724369242
2025-06-06,22648987,1749254399,High Yield Secured Lending Maple Pool USDC1,0xc39a5a616f0ad1ff45077fa2de3f79ab8eb8b8b9,83180050,83180050,0,83180050,353438972.921,437557513.421805,84118604.8863581,701483251.41,701483251.41,1.185713213,0.9896117198,0.09584036696,0.08978438602
2025-06-05,22641841,1749167999,Syrup USDC,0x80ac24aa929eaf5013f6436cda2a7ba190f5cc0b,338135050,338135050,34000000,304135050,440244339.630901,1045479430.14108,605640775.501138,1493068750.72,1493068750.72,1.104527968,0.5597934301,0.06512262012,0.06735781753
2025-06-05,22641841,1749167999,High Yield Secured Lending Maple Pool USDC1,0xc39a5a616f0ad1ff45077fa2de3f79ab8eb8b8b9,83180050,83180050,0,83180050,347553922.30125,431050817.050759,83496906.2157795,701483251.41,701483251.41,1.185406376,0.9968027882,0.09560565172,0.08886653582
2025-06-05,22641841,1749167999,Syrup USDT,0x356b8d89c1e1239cbbb9de4815c39a1474d5ba7d,42500000,42500000,0,42500000,76002831.100485,133135180.260533,57170391.0231655,330809974.33,330809974.33,1.072636613,0.7451085826,0.05952967448,0.06170717219
2025-06-04,22634703,1749081599,Syrup USDC,0x80ac24aa929eaf5013f6436cda2a7ba190f5cc0b,338135050,338135050,34000000,304135050,453883679.291376,1042322789.80585,588817029.573205,1493068750.72,1493068750.72,1.104346278,0.5757408408,0.06574404269,0.06749500065
2025-06-04,22634703,1749081599,Syrup USDT,0x356b8d89c1e1239cbbb9de4815c39a1474d5ba7d,42500000,42500000,0,42500000,78443529.142725,134267764.853925,55859617.2226944,330809974.33,330809974.33,1.072446993,0.7624984148,0.05853883083,0.06166226638
2025-06-04,22634703,1749081599,High Yield Secured Lending Maple Pool USDC1,0xc39a5a616f0ad1ff45077fa2de3f79ab8eb8b8b9,82980050,82980050,0,82980050,364034090.6545,447308664.35801,83274573.70353,701483251.41,701483251.41,1.185094951,0.9988691349,0.09172214264,0.08873040866
2025-06-03,22627564,1748995199,High Yield Secured Lending Maple Pool USDC1,0xc39a5a616f0ad1ff45077fa2de3f79ab8eb8b8b9,82980050,82980050,0,82980050,365004922.97825,448304007.040223,83299084.0619934,693483251.41,693483251.41,1.184838914,0.9992549644,0.09387143964,0.08952711029
2025-06-03,22627564,1748995199,Syrup USDT,0x356b8d89c1e1239cbbb9de4815c39a1474d5ba7d,42500000,42500000,0,42500000,79173584.47896,135166995.832738,56027421.6855282,330809974.33,330809974.33,1.072281401,0.7600922713,0.05685655975,0.06197869965
2025-06-03,22627564,1748995199,Syrup USDC,0x80ac24aa929eaf5013f6436cda2a7ba190f5cc0b,328135050,328135050,24000000,304135050,457781040.968517,1006119718.329,548691191.383945,1463068750.72,1463068750.72,1.104162411,0.5997212133,0.06630913649,0.06790598168
2025-06-02,22620414,1748908799,Syrup USDT,0x356b8d89c1e1239cbbb9de4815c39a1474d5ba7d,42500000,42500000,0,42500000,79096650.505485,135094268.902178,56030266.399595,330809974.33,330809974.33,1.072116254,0.7599363173,0.05623247369,0.06229757543
2025-06-02,22620414,1748908799,Syrup USDC,0x80ac24aa929eaf5013f6436cda2a7ba190f5cc0b,318135050,318135050,24000000,294135050,451295366.922909,998829127.087722,547862011.738302,1462968750.72,1462968750.72,1.103946697,0.5822347182,0.06525652634,0.06770279699
2025-06-02,22620414,1748908799,High Yield Secured Lending Maple Pool USDC1,0xc39a5a616f0ad1ff45077fa2de3f79ab8eb8b8b9,82980050,82980050,0,82980050,363039378.37125,446312035.371242,83272657.0000119,693483251.41,693483251.41,1.184470116,0.9993841634,0.09071508129,0.08849278851
2025-06-01,22613285,1748822399,High Yield Secured Lending Maple Pool USDC1,0xc39a5a616f0ad1ff45077fa2de3f79ab8eb8b8b9,82980050,82980050,0,82980050,358677896.78325,441908690.110609,83230793.3273795,693483251.41,693483251.41,1.184159096,0.9996992773,0.08698064149,0.08737058741
2025-06-01,22613285,1748822399,Syrup USDC,0x80ac24aa929eaf5013f6436cda2a7ba190f5cc0b,318135050,318135050,24000000,294135050,450254141.922512,994319231.667724,544368644.14714,1462968750.72,1462968750.72,1.103755908,0.5858877485,0.06542839163,0.06774354087
2025-06-01,22613285,1748822399,Syrup USDT,0x356b8d89c1e1239cbbb9de4815c39a1474d5ba7d,42500000,42500000,0,42500000,78984173.148495,131238999.955235,52286276.3785488,330809974.33,330809974.33,1.071951317,0.8143288944,0.05539296631,0.06263625215
2025-05-31,22606142,1748735999,High Yield Secured Lending Maple Pool USDC1,0xc39a5a616f0ad1ff45077fa2de3f79ab8eb8b8b9,82980050,82980050,0,82980050,358134373.3945,441349475.198768,83215101.804288,693483251.41,693483251.41,1.183935846,0.9996992773,0.09067354396,0.08852059146
2025-05-31,22606142,1748735999,Syrup USDC,0x80ac24aa929eaf5013f6436cda2a7ba190f5cc0b,318135050,318135050,24000000,294135050,446844187.886619,963786905.521125,517223846.945278,1462968750.72,1462968750.72,1.103579054,0.6166172208,0.06643346969,0.06802240973
2025-05-31,22606142,1748735999,Syrup USDT,0x356b8d89c1e1239cbbb9de4815c39a1474d5ba7d,42500000,42500000,0,42500000,78338152.232205,130617823.742275,52310184.4896726,330809974.33,330809974.33,1.071783162,0.81382815,0.05434814163,0.0629897191
2025-05-30,22598988,1748649599,Syrup USDT,0x356b8d89c1e1239cbbb9de4815c39a1474d5ba7d,42500000,42500000,0,42500000,77861995.843005,130120766.588503,52288390.5456344,330809974.33,330809974.33,1.071615943,0.8140406624,0.05337144659,0.063456913
2025-05-30,22598988,1748649599,High Yield Secured Lending Maple Pool USDC1,0xc39a5a616f0ad1ff45077fa2de3f79ab8eb8b8b9,82980050,82980050,0,82980050,357314254.7285,440508131.288816,83193876.5603355,693483251.41,693483251.41,1.183633866,0.999765929,0.0906210358,0.08823424014
2025-05-30,22598988,1748649599,Syrup USDC,0x80ac24aa929eaf5013f6436cda2a7ba190f5cc0b,315385050,315385050,24000000,291385050,444361214.490342,957913652.293705,513812192.937197,1462968750.72,1462968750.72,1.103383911,0.6152769956,0.06655091295,0.06824144178
2025-05-29,22591834,1748563199,Syrup USDT,0x356b8d89c1e1239cbbb9de4815c39a1474d5ba7d,42500000,42500000,0,42500000,79266529.996635,129018033.069188,49780307.1556912,330809974.33,330809974.33,1.071447746,0.8549812199,0.05237180279,0.06382413036
2025-05-29,22591834,1748563199,High Yield Secured Lending Maple Pool USDC1,0xc39a5a616f0ad1ff45077fa2de3f79ab8eb8b8b9,82980050,82980050,0,82980050,368686051.69775,452045688.912966,83359637.2152359,663483251.41,663483251.41,1.183332428,0.9983310921,0.08738211367,0.08721568137
2025-05-29,22591834,1748563199,Syrup USDC,0x80ac24aa929eaf5013f6436cda2a7ba190f5cc0b,355385050,355385050,24000000,331385050,517499535.24061,1026752495.01744,509491781.292241,1462968750.72,1462968750.72,1.103192359,0.6991629225,0.06733047969,0.06830773883
2025-05-28,22584692,1748476799,High Yield Secured Lending Maple Pool USDC1,0xc39a5a616f0ad1ff45077fa2de3f79ab8eb8b8b9,65480050,65480050,0,65480050,301523768.15175,382918194.679814,81418939.9519591,645983251.41,645983251.41,1.183102115,0.8067178224,0.09062210484,0.08829877528
2025-05-28,22584692,1748476799,Syrup USDC,0x80ac24aa929eaf5013f6436cda2a7ba190f5cc0b,354385050,354385050,20000000,334385050,538512269.342455,1024468155.27567,486179584.003191,1455968750.72,1455968750.72,1.102998551,0.7305933757,0.06720164188,0.06833484918
2025-05-28,22584692,1748476799,Syrup USDT,0x356b8d89c1e1239cbbb9de4815c39a1474d5ba7d,42500000,42500000,0,42500000,80383424.988945,130540164.45026,50184886.700246,330809974.33,330809974.33,1.071277557,0.8479446119,0.05123631494,0.06403572755
2025-05-27,22577561,1748390399,Syrup USDT,0x356b8d89c1e1239cbbb9de4815c39a1474d5ba7d,25270841.15,25270841.15,0,25270841.15,74767523.379305,125758365.828993,51016554.8267884,328309974.33,328309974.33,1.071144819,0.4959241257,0.05204328672,0.06478153393
2025-05-27,22577561,1748390399,Syrup USDC,0x80ac24aa929eaf5013f6436cda2a7ba190f5cc0b,354385050,354385050,20000000,334385050,546164617.750805,1026960748.42899,481005869.185917,1455968750.72,1455968750.72,1.102803697,0.7383423724,0.06686760537,0.06858451513
2025-05-27,22577561,1748390399,High Yield Secured Lending Maple Pool USDC1,0xc39a5a616f0ad1ff45077fa2de3f79ab8eb8b8b9,78830050,78830050,0,78830050,315068045.4425,394942773.082705,79898511.5887268,645983251.41,645983251.41,1.182801893,0.9901820185,0.08933752878,0.08804353287
2025-05-26,22570404,1748303999,Syrup USDT,0x356b8d89c1e1239cbbb9de4815c39a1474d5ba7d,25270841.15,25270841.15,0,25270841.15,73761508.876015,124923618.874469,51185454.0810905,328309974.33,328309974.33,1.070991979,0.4948450465,0.05377087891,0.06537617765
2025-05-26,22570404,1748303999,Syrup USDC,0x80ac24aa929eaf5013f6436cda2a7ba190f5cc0b,352615050,352615050,20000000,332615050,545598292.98548,1000421576.94653,455021346.903502,1432198750.72,1432198750.72,1.102609133,0.7767150672,0.06732844164,0.06863054667
2025-05-26,22570404,1748303999,High Yield Secured Lending Maple Pool USDC1,0xc39a5a616f0ad1ff45077fa2de3f79ab8eb8b8b9,73830050,73830050,0,73830050,305397046.04875,385251942.434932,79878068.582575,645983251.41,645983251.41,1.182499259,0.9274317098,0.08729440342,0.08701369691
2025-05-25,22563268,1748217599,Syrup USDT,0x356b8d89c1e1239cbbb9de4815c39a1474d5ba7d,25270841.15,25270841.15,0,25270841.15,73539390.417105,125064138.158467,51545888.8876842,328309974.33,328309974.33,1.070843544,0.4913089072,0.0559360666,0.06603191883
2025-05-25,22563268,1748217599,High Yield Secured Lending Maple Pool USDC1,0xc39a5a616f0ad1ff45077fa2de3f79ab8eb8b8b9,73830050,73830050,0,73830050,304909215.36875,384749018.598347,79862346.9119634,645983251.41,645983251.41,1.182266518,0.9274317098,0.09053129507,0.08808945312
2025-05-25,22563268,1748217599,Syrup USDC,0x80ac24aa929eaf5013f6436cda2a7ba190f5cc0b,352615050,352615050,20000000,332615050,544555784.912474,979913385.594553,435545436.282635,1432198750.72,1432198750.72,1.102415165,0.8113825937,0.06728162151,0.06868458047
2025-05-24,22556132,1748131199,Syrup USDC,0x80ac24aa929eaf5013f6436cda2a7ba190f5cc0b,352615050,352615050,20000000,332615050,538886441.643408,969411929.657482,430704647.850555,1432198750.72,1432198750.72,1.102218594,0.8203747502,0.06747344813,0.06871472563
2025-05-24,22556132,1748131199,Syrup USDT,0x356b8d89c1e1239cbbb9de4815c39a1474d5ba7d,25270841.15,25270841.15,0,25270841.15,72935397.352075,126867946.779678,53951388.0874988,328309974.33,328309974.33,1.070695901,0.4692954403,0.05823247937,0.06664750899
2025-05-24,22556132,1748131199,High Yield Secured Lending Maple Pool USDC1,0xc39a5a616f0ad1ff45077fa2de3f79ab8eb8b8b9,73830050,73830050,0,73830050,303049364.855,382869546.547551,79842096.9366817,645983251.41,645983251.41,1.181966742,0.927484469,0.08923666043,0.08781974721
2025-05-23,22548995,1748044799,High Yield Secured Lending Maple Pool USDC1,0xc39a5a616f0ad1ff45077fa2de3f79ab8eb8b8b9,73830050,73830050,0,73830050,303308135.51775,383108654.363872,79821805.7277991,645983251.41,645983251.41,1.181666355,0.9275377156,0.08632292269,0.08680852652
2025-05-23,22548995,1748044799,Syrup USDC,0x80ac24aa929eaf5013f6436cda2a7ba190f5cc0b,352615050,352615050,20000000,332615050,538017052.753884,967459014.263805,429612849.742122,1432198750.72,1432198750.72,1.102021363,0.8223164506,0.06778013,0.06883492092
2025-05-23,22548995,1748044799,Syrup USDT,0x356b8d89c1e1239cbbb9de4815c39a1474d5ba7d,25270841.15,25270841.15,0,25270841.15,72998192.7725,127155894.128124,54173993.5359134,328309974.33,328309974.33,1.07054788,0.467298871,0.06051703441,0.06731273691
2025-05-22,22541848,1747958399,High Yield Secured Lending Maple Pool USDC1,0xc39a5a616f0ad1ff45077fa2de3f79ab8eb8b8b9,73830050,73830050,0,73830050,310788214.07925,389473443.227465,78705954.6602774,645983251.41,645983251.41,1.181432805,0.9405377627,0.08957922358,0.08701411059
2025-05-22,22541848,1747958399,Syrup USDC,0x80ac24aa929eaf5013f6436cda2a7ba190f5cc0b,302615050,302615050,20000000,282615050,489874100.515208,916548984.99527,426834441.721521,1382198750.72,1382198750.72,1.101814609,0.7107867708,0.06714213351,0.06903077677
2025-05-22,22541848,1747958399,Syrup USDT,0x356b8d89c1e1239cbbb9de4815c39a1474d5ba7d,25270841.15,25270841.15,0,25270841.15,75447906.757015,130026009.669121,54591793.5758121,328309974.33,328309974.33,1.07039934,0.4636523013,0.06286789754,0.06808198532
2025-05-21,22534697,1747871999,High Yield Secured Lending Maple Pool USDC1,0xc39a5a616f0ad1ff45077fa2de3f79ab8eb8b8b9,75595742,75595742,0,75595742,309683067.90096,388399762.872535,78737004.6168226,643395668.41,643395668.41,1.181135465,0.9636784235,0.08807763967,0.08751051744
2025-05-21,22534697,1747871999,Syrup USDC,0x80ac24aa929eaf5013f6436cda2a7ba190f5cc0b,296643268.95,296643268.95,20000000,276643268.95,474215990.808489,855577045.442227,381510013.004496,1382198750.72,1382198750.72,1.101623593,0.779721342,0.06766404014,0.06910011197
2025-05-21,22534697,1747871999,Syrup USDT,0x356b8d89c1e1239cbbb9de4815c39a1474d5ba7d,25270841.15,25270841.15,0,25270841.15,73275072.746875,128010934.209526,54746920.5177357,328309974.33,328309974.33,1.070251476,0.4622725518,0.06576619354,0.06888689876
2025-05-20,22527557,1747785599,High Yield Secured Lending Maple Pool USDC1,0xc39a5a616f0ad1ff45077fa2de3f79ab8eb8b8b9,75595742,75595742,0,75595742,306994927.64034,385693732.02064,78718803.6533125,643395668.41,643395668.41,1.180862432,0.963782211,0.08678615194,0.08689910556
2025-05-20,22527557,1747785599,Syrup USDT,0x356b8d89c1e1239cbbb9de4815c39a1474d5ba7d,25270841.15,25270841.15,0,25270841.15,72316918.768015,127001621.4643,54693088.4601004,328309974.33,328309974.33,1.070103117,0.4626638909,0.06849817475,0.06977514899
2025-05-20,22527557,1747785599,Syrup USDC,0x80ac24aa929eaf5013f6436cda2a7ba190f5cc0b,286643268.95,286643268.95,20000000,266643268.95,453524134.770406,828645863.925667,375261274.958088,1382198750.72,1382198750.72,1.101435595,0.7658865651,0.06860255246,0.06904893229
2025-05-19,22520426,1747699199,Syrup USDC,0x80ac24aa929eaf5013f6436cda2a7ba190f5cc0b,276643268.95,276643268.95,20000000,256643268.95,438454166.244478,780305664.902541,341982007.657882,1382198750.72,1382198750.72,1.101232151,0.8111637873,0.06793287464,0.06885293052
2025-05-19,22520426,1747699199,Syrup USDT,0x356b8d89c1e1239cbbb9de4815c39a1474d5ba7d,25270841.15,25270841.15,0,25270841.15,71824697.459505,101536507.687615,29719605.883396,328309974.33,328309974.33,1.069916758,0.8522379984,0.06907878299,0.07019216043
2025-05-19,22520426,1747699199,High Yield Secured Lending Maple Pool USDC1,0xc39a5a616f0ad1ff45077fa2de3f79ab8eb8b8b9,75595742,75595742,0,75595742,306045257.93424,384727064.967998,78701495.9719609,643395668.41,643395668.41,1.180602799,0.9637987977,0.08861434432,0.08683107121
2025-05-18,22513304,1747612799,High Yield Secured Lending Maple Pool USDC1,0xc39a5a616f0ad1ff45077fa2de3f79ab8eb8b8b9,75595742,75595742,0,75595742,303093489.72573,381821406.388196,78747291.8683933,643395668.41,643395668.41,1.180303142,0.9630405336,0.08692582895,0.08720801323
2025-05-18,22513304,1747612799,Syrup USDC,0x80ac24aa929eaf5013f6436cda2a7ba190f5cc0b,276643268.95,276643268.95,20000000,256643268.95,439288727.764149,774324905.646039,335159842.28029,1382198750.72,1382198750.72,1.101039352,0.827573661,0.06823054288,0.06878589675
2025-05-18,22513304,1747612799,Syrup USDT,0x356b8d89c1e1239cbbb9de4815c39a1474d5ba7d,25270841.15,25270841.15,0,25270841.15,70990839.067645,100705337.658358,29721924.2948897,328309974.33,328309974.33,1.069726362,0.8520193917,0.06922623033,0.0705605931
2025-05-17,22506180,1747526399,Syrup USDT,0x356b8d89c1e1239cbbb9de4815c39a1474d5ba7d,25270841.15,25270841.15,0,25270841.15,70194384.62029,99859552.6381693,29672180.5873053,328309974.33,328309974.33,1.069534312,0.8532970642,0.06931671769,0.07088068188
2025-05-17,22506180,1747526399,Syrup USDC,0x80ac24aa929eaf5013f6436cda2a7ba190f5cc0b,276643268.95,276643268.95,20000000,256643268.95,428234966.488691,763876021.382016,335758403.493301,1382198750.72,1382198750.72,1.100839232,0.8259487235,0.06904851746,0.06864278396
2025-05-17,22506180,1747526399,High Yield Secured Lending Maple Pool USDC1,0xc39a5a616f0ad1ff45077fa2de3f79ab8eb8b8b9,75595742,75595742,0,75595742,301554350.93142,380256509.810218,78721218.2096787,643395668.41,643395668.41,1.180030745,0.963164588,0.08563263079,0.08667316032
2025-05-16,22499048,1747439999,Syrup USDT,0x356b8d89c1e1239cbbb9de4815c39a1474d5ba7d,25270841.15,25270841.15,0,25270841.15,71340956.973055,100979581.020675,29645229.2202359,328309974.33,328309974.33,1.069342225,0.8539205692,0.06948774461,0.0712009054
2025-05-16,22499048,1747439999,High Yield Secured Lending Maple Pool USDC1,0xc39a5a616f0ad1ff45077fa2de3f79ab8eb8b8b9,75595742,75595742,0,75595742,306945428.39491,385631939.798679,78705254.8976941,643395668.41,643395668.41,1.179791456,0.963164588,0.08816228274,0.08683070212
2025-05-16,22499048,1747439999,Syrup USDC,0x80ac24aa929eaf5013f6436cda2a7ba190f5cc0b,276643268.95,276643268.95,20000000,256643268.95,431000108.469947,766645055.722021,335755958.109391,1382198750.72,1382198750.72,1.100636185,0.8258090044,0.06878090347,0.06848892061
2025-05-15,22491938,1747353599,Syrup USDT,0x356b8d89c1e1239cbbb9de4815c39a1474d5ba7d,25270841.15,25270841.15,0,25270841.15,71333387.993055,99945937.3246946,28618765.2056216,328309974.33,328309974.33,1.06914845,0.8844386468,0.06960526001,0.07154027724
2025-05-15,22491938,1747353599,High Yield Secured Lending Maple Pool USDC1,0xc39a5a616f0ad1ff45077fa2de3f79ab8eb8b8b9,75595742,75595742,0,75595742,306645197.24189,390331422.571145,83704319.5383334,643395668.41,643395668.41,1.17949057,0.9053143925,0.08644295874,0.08718812817
2025-05-15,22491938,1747353599,Syrup USDC,0x80ac24aa929eaf5013f6436cda2a7ba190f5cc0b,276643268.95,276643268.95,20000000,256643268.95,430913298.356235,764609645.97081,333801054.370858,1382198750.72,1382198750.72,1.100442304,0.8305090463,0.06869366227,0.06846783162
2025-05-14,22484823,1747267199,Syrup USDC,0x80ac24aa929eaf5013f6436cda2a7ba190f5cc0b,284643268.95,284643268.95,20000000,264643268.95,450390786.532402,777028103.192649,326736968.57756,1370198750.72,1370198750.72,1.100241209,0.8730064904,0.06938653517,0.06831966088
2025-05-14,22484823,1747267199,Syrup USDT,0x356b8d89c1e1239cbbb9de4815c39a1474d5ba7d,25270841.15,25270841.15,0,25270841.15,71825524.679705,99587468.7773292,27767802.8862412,328309974.33,328309974.33,1.068944932,0.9114143509,0.06906811793,0.07171110719
2025-05-14,22484823,1747267199,High Yield Secured Lending Maple Pool USDC1,0xc39a5a616f0ad1ff45077fa2de3f79ab8eb8b8b9,75595742,75595742,0,75595742,310154184.73572,394342133.721897,84205176.9787198,643395668.41,643395668.41,1.179224907,0.8997396968,0.08585991569,0.08674287448
2025-05-13,22477719,1747180799,Syrup USDC,0x80ac24aa929eaf5013f6436cda2a7ba190f5cc0b,244643268.95,244643268.95,10000000,234643268.95,415675153.088458,722978136.540945,307396317.099428,1295198750.72,1295198750.72,1.10003491,0.7979453791,0.06911116621,0.06808344335
2025-05-13,22477719,1747180799,High Yield Secured Lending Maple Pool USDC1,0xc39a5a616f0ad1ff45077fa2de3f79ab8eb8b8b9,75595742,75595742,0,75595742,319619358.35293,405441717.914829,85838632.4267112,643395668.41,643395668.41,1.178979169,0.8824100694,0.08479298098,0.08683703696
2025-05-13,22477719,1747180799,Syrup USDT,0x356b8d89c1e1239cbbb9de4815c39a1474d5ba7d,25270841.15,25270841.15,0,25270841.15,73202645.94764,100979923.595208,27782843.2378549,328309974.33,328309974.33,1.068744279,0.9107490943,0.06936277857,0.0718848208
2025-05-12,22470610,1747094399,High Yield Secured Lending Maple Pool USDC1,0xc39a5a616f0ad1ff45077fa2de3f79ab8eb8b8b9,75595742,75595742,0,75595742,289241748.17999,375443523.049476,86216931.0604656,643395668.41,643395668.41,1.178681955,0.8783595421,0.08481269772,0.08668826128
2025-05-12,22470610,1747094399,Syrup USDC,0x80ac24aa929eaf5013f6436cda2a7ba190f5cc0b,244643268.95,244643268.95,10000000,234643268.95,409080890.155111,719103925.954813,310109548.154906,1295198750.72,1295198750.72,1.099844948,0.7908096952,0.06924328938,0.06804660189
2025-05-12,22470610,1747094399,Syrup USDT,0x356b8d89c1e1239cbbb9de4815c39a1474d5ba7d,25270841.15,25270841.15,0,25270841.15,70368991.144725,99386059.7539005,29022374.8045475,328309974.33,328309974.33,1.068547025,0.8716480277,0.06873485364,0.07211762698
2025-05-11,22463509,1747007999,High Yield Secured Lending Maple Pool USDC1,0xc39a5a616f0ad1ff45077fa2de3f79ab8eb8b8b9,75595742,75595742,0,75595742,283587121.98394,369770714.87364,86197613.7986406,643395668.41,643395668.41,1.178417867,0.8785789407,0.08776462418,0.08681223375
2025-05-11,22463509,1747007999,Syrup USDC,0x80ac24aa929eaf5013f6436cda2a7ba190f5cc0b,244643268.95,244643268.95,10000000,234643268.95,412746848.932741,718868094.833107,306200884.853892,1295198750.72,1295198750.72,1.099646513,0.8010382082,0.07023104331,0.06792381518
2025-05-11,22463509,1747007999,Syrup USDT,0x356b8d89c1e1239cbbb9de4815c39a1474d5ba7d,25270841.15,25270841.15,0,25270841.15,70858791.51751,99691947.8991351,28838154.2693462,328309974.33,328309974.33,1.068354046,0.8770628866,0.06863989806,0.0724311869
2025-05-10,22456400,1746921599,Syrup USDT,0x356b8d89c1e1239cbbb9de4815c39a1474d5ba7d,25270841.15,25270841.15,0,25270841.15,71396185.653645,99335213.8046048,27943799.0187278,328309974.33,328309974.33,1.06816051,0.9049921498,0.06850236479,0.07274642838
2025-05-10,22456400,1746921599,High Yield Secured Lending Maple Pool USDC1,0xc39a5a616f0ad1ff45077fa2de3f79ab8eb8b8b9,75595742,75595742,0,75595742,287753367.69884,373920166.468704,86179688.201299,643395668.41,643395668.41,1.178172804,0.8785906492,0.08919874258,0.08691111139
2025-05-10,22456400,1746921599,Syrup USDC,0x80ac24aa929eaf5013f6436cda2a7ba190f5cc0b,244643268.95,244643268.95,10000000,234643268.95,412722312.665385,716847152.665216,304198059.058222,1295198750.72,1295198750.72,1.099430507,0.8061856351,0.06929908855,0.06759428571
2025-05-09,22449297,1746835199,High Yield Secured Lending Maple Pool USDC1,0xc39a5a616f0ad1ff45077fa2de3f79ab8eb8b8b9,75595742,75595742,0,75595742,273369794.81342,359505964.524793,86147927.8017424,643395668.41,643395668.41,1.177881314,0.8787436554,0.08525283945,0.08682802572
2025-05-09,22449297,1746835199,Syrup USDC,0x80ac24aa929eaf5013f6436cda2a7ba190f5cc0b,244643268.95,244643268.95,10000000,234643268.95,407328923.277431,709627989.524347,302366038.319752,1295198750.72,1295198750.72,1.099232998,0.8109407087,0.06909350026,0.06755733777
2025-05-09,22449297,1746835199,Syrup USDT,0x356b8d89c1e1239cbbb9de4815c39a1474d5ba7d,25270841.15,25270841.15,0,25270841.15,68659819.312835,96565505.8008464,27910274.2491994,328309974.33,328309974.33,1.067965394,0.9059142256,0.06835596412,0.07306292766
2025-05-08,22442219,1746748799,Syrup USDC,0x80ac24aa929eaf5013f6436cda2a7ba190f5cc0b,244643268.95,244643268.95,10000000,234643268.95,406273359.308749,702895178.705605,296682843.206617,1271198750.72,1271198750.72,1.099041085,0.8267702489,0.06948949445,0.06750832942
2025-05-08,22442219,1746748799,Syrup USDT,0x356b8d89c1e1239cbbb9de4815c39a1474d5ba7d,25270841.15,25270841.15,0,25270841.15,67016891.736695,94878860.7813111,27866362.1174921,328309974.33,328309974.33,1.067769618,0.9071759532,0.06840511591,0.07345308547
2025-05-08,22442219,1746748799,High Yield Secured Lending Maple Pool USDC1,0xc39a5a616f0ad1ff45077fa2de3f79ab8eb8b8b9,80572291,80572291,0,80572291,258395343.34079,344492964.114077,86108573.7460745,643395668.41,643395668.41,1.177616628,0.9370479363,0.08812502262,0.08703714389
2025-05-07,22435129,1746662399,High Yield Secured Lending Maple Pool USDC1,0xc39a5a616f0ad1ff45077fa2de3f79ab8eb8b8b9,80572291,80572291,0,80572291,232547256.14429,318826933.22021,86290030.812544,630045668.41,630045668.41,1.177363508,0.9357270058,0.08917556072,0.08702184922
2025-05-07,22435129,1746662399,Syrup USDT,0x356b8d89c1e1239cbbb9de4815c39a1474d5ba7d,20965054.15,20965054.15,0,20965054.15,60771944.891235,89491221.341851,28723118.09385,313309974.33,313309974.33,1.067576647,0.7303294718,0.0690408152,0.07385701383
2025-05-07,22435129,1746662399,Syrup USDC,0x80ac24aa929eaf5013f6436cda2a7ba190f5cc0b,244643268.95,244643268.95,10000000,234643268.95,394000879.436616,658737815.34004,264793079.742088,1271198750.72,1271198750.72,1.098826587,0.9264548707,0.06940647514,0.0672459874
2025-05-06,22428091,1746575999,Syrup USDC,0x80ac24aa929eaf5013f6436cda2a7ba190f5cc0b,224643268.95,224643268.95,10000000,214643268.95,365216511.747723,625552835.149363,260389124.908354,1271198750.72,1271198750.72,1.09862598,0.8649893936,0.06919112987,0.06727641306
2025-05-06,22428091,1746575999,Syrup USDT,0x356b8d89c1e1239cbbb9de4815c39a1474d5ba7d,20965054.15,20965054.15,0,20965054.15,60240056.349395,88998701.906977,28761964.125053,313309974.33,313309974.33,1.06737061,0.7317159529,0.06861344859,0.07374932913
2025-05-06,22428091,1746575999,High Yield Secured Lending Maple Pool USDC1,0xc39a5a616f0ad1ff45077fa2de3f79ab8eb8b8b9,70572291,70572291,0,70572291,176428889.34592,262486559.411218,86067028.8942591,630045668.41,630045668.41,1.17714035,0.8215638019,0.08850448374,0.08755807412
2025-05-05,22420967,1746489599,Syrup USDC,0x80ac24aa929eaf5013f6436cda2a7ba190f5cc0b,224643268.95,224643268.95,10000000,214643268.95,358563881.571957,625004514.937523,266489133.263888,1271198750.72,1271198750.72,1.098433658,0.8449912779,0.06934213709,0.06743140955
2025-05-05,22420967,1746489599,High Yield Secured Lending Maple Pool USDC1,0xc39a5a616f0ad1ff45077fa2de3f79ab8eb8b8b9,70592291,70592291,0,70592291,176086933.48011,260587196.938026,84508046.2290368,622045668.41,622045668.41,1.17684319,0.838173762,0.08986841034,0.08744582701
2025-05-05,22420967,1746489599,Syrup USDT,0x356b8d89c1e1239cbbb9de4815c39a1474d5ba7d,20965054.15,20965054.15,0,20965054.15,59489728.8869,86087448.418885,26600655.456611,313309974.33,313309974.33,1.06718563,0.7912711869,0.06871819415,0.07393610773
2025-05-04,22413825,1746403199,High Yield Secured Lending Maple Pool USDC1,0xc39a5a616f0ad1ff45077fa2de3f79ab8eb8b8b9,70592291,70592291,0,70592291,177715834.65803,262194238.669165,84484708.7843429,622045668.41,622045668.41,1.176518197,0.838256552,0.08750216389,0.08656752887
2025-05-04,22413825,1746403199,Syrup USDT,0x356b8d89c1e1239cbbb9de4815c39a1474d5ba7d,20965054.15,20965054.15,0,20965054.15,60180826.714835,86773460.0552371,26595266.2878431,313309974.33,313309974.33,1.066994716,0.7912906932,0.06886270648,0.07406037689
2025-05-04,22413825,1746403199,Syrup USDC,0x80ac24aa929eaf5013f6436cda2a7ba190f5cc0b,220893268.95,220893268.95,10000000,210893268.95,358127115.087229,615766654.641776,257684083.366597,1267448750.72,1267448750.72,1.098216031,0.8604006462,0.06921582108,0.06728580287
2025-05-03,22406692,1746316799,Syrup USDT,0x356b8d89c1e1239cbbb9de4815c39a1474d5ba7d,20965054.15,20965054.15,0,20965054.15,60564953.621165,86949259.1090561,26386632.3179651,313309974.33,313309974.33,1.066804059,0.7974274286,0.06941375049,0.07417287083
2025-05-03,22406692,1746316799,Syrup USDC,0x80ac24aa929eaf5013f6436cda2a7ba190f5cc0b,220893268.95,220893268.95,10000000,210893268.95,361006449.064397,617269498.879545,256303909.111343,1267448750.72,1267448750.72,1.098018651,0.8648983406,0.06922915325,0.06736212413
2025-05-03,22406692,1746316799,High Yield Secured Lending Maple Pool USDC1,0xc39a5a616f0ad1ff45077fa2de3f79ab8eb8b8b9,70592291,70592291,0,70592291,178990000.85718,263450179.025088,84465005.121431,622045668.41,622045668.41,1.176243807,0.8383031841,0.0843773415,0.08764020317
2025-05-02,22399543,1746230399,Syrup USDT,0x356b8d89c1e1239cbbb9de4815c39a1474d5ba7d,20965054.15,20965054.15,0,20965054.15,60832480.228015,87215070.4139212,26384599.0409692,313309974.33,313309974.33,1.066611993,0.7973450053,0.06992268966,0.07428419328
2025-05-02,22399543,1746230399,High Yield Secured Lending Maple Pool USDC1,0xc39a5a616f0ad1ff45077fa2de3f79ab8eb8b8b9,70592291,70592291,0,70592291,179543305.30925,263933976.415034,84394020.6794611,622045668.41,622045668.41,1.176034649,0.8388606981,0.09006373529,0.08890572052
2025-05-02,22399543,1746230399,Syrup USDC,0x80ac24aa929eaf5013f6436cda2a7ba190f5cc0b,220893268.95,220893268.95,10000000,210893268.95,363057604.613853,619253466.805342,256233037.417388,1267448750.72,1267448750.72,1.097825443,0.8649856387,0.06945850456,0.06751897196
2025-05-01,22392426,1746143999,High Yield Secured Lending Maple Pool USDC1,0xc39a5a616f0ad1ff45077fa2de3f79ab8eb8b8b9,70592291,70592291,0,70592291,180133462.29813,264444344.017827,84312762.9510622,622045668.41,622045668.41,1.17571078,0.8395216007,0.08766716753,0.08828201038
2025-05-01,22392426,1746143999,Syrup USDC,0x80ac24aa929eaf5013f6436cda2a7ba190f5cc0b,220893268.95,220893268.95,10000000,210893268.95,361741348.38277,612790268.303811,251082820.591597,1267448750.72,1267448750.72,1.09762598,0.8826316597,0.06939928021,0.06760609875
2025-05-01,22392426,1746143999,Syrup USDT,0x356b8d89c1e1239cbbb9de4815c39a1474d5ba7d,20965054.15,20965054.15,0,20965054.15,60785606.539415,84561230.4610482,23777351.8748722,313309974.33,313309974.33,1.066415525,0.8849357707,0.06998507417,0.0743845213
2025-04-30,22385293,1746057599,High Yield Secured Lending Maple Pool USDC1,0xc39a5a616f0ad1ff45077fa2de3f79ab8eb8b8b9,70592291,70592291,0,70592291,174875848.47921,259142510.068208,84267081.4418453,622045668.41,622045668.41,1.175436316,0.8398280109,0.08451060093,0.08933804273
2025-04-30,22385293,1746057599,Syrup USDC,0x80ac24aa929eaf5013f6436cda2a7ba190f5cc0b,220893268.95,220893268.95,10000000,210893268.95,352614563.377738,599000994.347219,246417588.106515,1267448750.72,1267448750.72,1.097413393,0.8992357001,0.06909268863,0.06751313537
2025-04-30,22385293,1746057599,Syrup USDT,0x356b8d89c1e1239cbbb9de4815c39a1474d5ba7d,20965054.15,20965054.15,0,20965054.15,59097465.556065,83123756.7616393,24027877.6800193,313309974.33,313309974.33,1.066210635,0.8755084748,0.06983745751,0.07459423432
2025-04-29,22378150,1745971199,Syrup USDC,0x80ac24aa929eaf5013f6436cda2a7ba190f5cc0b,220893268.95,220893268.95,10000000,210893268.95,357154687.3821,605736468.798776,248610157.589147,1267448750.72,1267448750.72,1.097217281,0.8911214614,0.07042982317,0.06810846058
2025-04-29,22378150,1745971199,High Yield Secured Lending Maple Pool USDC1,0xc39a5a616f0ad1ff45077fa2de3f79ab8eb8b8b9,70592291,70592291,0,70592291,179398809.89343,263651040.939282,84263377.6647308,621245568.41,621245568.41,1.175227414,0.840438269,0.0865183698,0.09112989082
2025-04-29,22378150,1745971199,Syrup USDT,0x356b8d89c1e1239cbbb9de4815c39a1474d5ba7d,20965054.15,20965054.15,0,20965054.15,59997637.182835,86460162.7358303,26463924.3377623,313309974.33,313309974.33,1.066013036,0.7945276864,0.07054236688,0.07485190027
2025-04-28,22370998,1745884799,High Yield Secured Lending Maple Pool USDC1,0xc39a5a616f0ad1ff45077fa2de3f79ab8eb8b8b9,70592291,70592291,0,70592291,178000048.31931,262160761.417439,84170428.5027769,621245568.41,621245568.41,1.174902521,0.8412192169,0.08724067195,0.08997202258
2025-04-28,22370998,1745884799,Syrup USDC,0x80ac24aa929eaf5013f6436cda2a7ba190f5cc0b,220893268.95,220893268.95,10000000,210893268.95,355239809.273282,604723296.789484,249508938.040633,1267448750.72,1267448750.72,1.097022234,0.8877438626,0.07048171825,0.06839947656
2025-04-28,22370998,1745884799,Syrup USDT,0x356b8d89c1e1239cbbb9de4815c39a1474d5ba7d,20965054.15,20965054.15,0,20965054.15,59483703.084035,85899297.8700854,26416796.6579024,313309974.33,313309974.33,1.065826288,0.7958093903,0.07193134207,0.07521560059
2025-04-27,22363838,1745798399,High Yield Secured Lending Maple Pool USDC1,0xc39a5a616f0ad1ff45077fa2de3f79ab8eb8b8b9,70592291,70592291,0,70592291,178231822.71078,262377382.713315,84153832.27939,621245568.41,621245568.41,1.174627025,0.8412353742,0.08443548573,0.0904620906
2025-04-27,22363838,1745798399,Syrup USDC,0x80ac24aa929eaf5013f6436cda2a7ba190f5cc0b,220893268.95,220893268.95,10000000,210893268.95,353957119.684915,602427942.477875,248493768.348113,1267448750.72,1267448750.72,1.096807371,0.8914826912,0.068856186,0.06830707302
2025-04-27,22363838,1745798399,Syrup USDT,0x356b8d89c1e1239cbbb9de4815c39a1474d5ba7d,20270841.15,20270841.15,0,20270841.15,59411617.311505,83591951.0291731,24181345.1315951,302615761.33,302615761.33,1.065632854,0.8414669943,0.07335196585,0.07563102278
2025-04-26,22356658,1745711999,Syrup USDT,0x356b8d89c1e1239cbbb9de4815c39a1474d5ba7d,20270841.15,20270841.15,0,20270841.15,59279295.21342,83439963.3716079,24161475.8446179,302615761.33,302615761.33,1.065431909,0.8420021513,0.07433810612,0.07597445482
2025-04-26,22356658,1745711999,Syrup USDC,0x80ac24aa929eaf5013f6436cda2a7ba190f5cc0b,220893268.95,220893268.95,10000000,210893268.95,353601910.02673,595529974.311411,241948923.144733,1267448750.72,1267448750.72,1.096609982,0.9155038491,0.06828067945,0.06840557903
2025-04-26,22356658,1745711999,High Yield Secured Lending Maple Pool USDC1,0xc39a5a616f0ad1ff45077fa2de3f79ab8eb8b8b9,70592291,70592291,0,70592291,178383266.78783,262515285.448241,84138848.9014321,621245568.41,621245568.41,1.174417886,0.8412353742,0.0865117358,0.09268448445
2025-04-25,22349480,1745625599,Syrup USDT,0x356b8d89c1e1239cbbb9de4815c39a1474d5ba7d,20270841.15,20270841.15,0,20270841.15,59727010.447225,83881286.8364806,24154868.0624606,302615761.33,302615761.33,1.06523037,0.8420734072,0.07529546851,0.07632936119
2025-04-25,22349480,1745625599,High Yield Secured Lending Maple Pool USDC1,0xc39a5a616f0ad1ff45077fa2de3f79ab8eb8b8b9,70592291,70592291,0,70592291,184830901.83106,268940962.237184,84115449.7267163,621245568.41,621245568.41,1.174091278,0.8413197609,0.08675025445,0.09210620044
2025-04-25,22349480,1745625599,Syrup USDC,0x80ac24aa929eaf5013f6436cda2a7ba190f5cc0b,220893268.95,220893268.95,10000000,210893268.95,357252073.720732,597955602.221657,240722300.92685,1267448750.72,1267448750.72,1.096412513,0.920015162,0.06771533163,0.06849442311
2025-04-24,22342307,1745539199,High Yield Secured Lending Maple Pool USDC1,0xc39a5a616f0ad1ff45077fa2de3f79ab8eb8b8b9,70592291,70592291,0,70592291,181615845.986,269198543.783607,87586401.202895,621245568.41,621245568.41,1.173817491,0.8086369007,0.08432482937,0.09267260745
2025-04-24,22342307,1745539199,Syrup USDT,0x356b8d89c1e1239cbbb9de4815c39a1474d5ba7d,20270841.15,20270841.15,0,20270841.15,58575506.339185,82645192.3092293,24070169.7318503,302615761.33,302615761.33,1.065032965,0.8448894966,0.07634922944,0.07674305908
2025-04-24,22342307,1745539199,Syrup USDC,0x80ac24aa929eaf5013f6436cda2a7ba190f5cc0b,220893268.95,220893268.95,10000000,210893268.95,350524705.135291,586835586.110162,236328051.697954,1267448750.72,1267448750.72,1.096214471,0.9369961487,0.06716551886,0.06860881256
2025-04-23,22335153,1745452799,High Yield Secured Lending Maple Pool USDC1,0xc39a5a616f0ad1ff45077fa2de3f79ab8eb8b8b9,70592291,70592291,0,70592291,181548505.62611,263798756.281593,82252478.6686251,621245568.41,621245568.41,1.173608882,0.8611023443,0.08641792169,0.09422313245
2025-04-23,22335153,1745452799,Syrup USDC,0x80ac24aa929eaf5013f6436cda2a7ba190f5cc0b,228293268.95,228293268.95,10000000,218293268.95,357987043.634897,587565781.719638,229595529.329589,1257448750.72,1257448750.72,1.096008184,0.9971263052,0.06629952254,0.06863656732
2025-04-23,22335153,1745452799,Syrup USDT,0x356b8d89c1e1239cbbb9de4815c39a1474d5ba7d,20270841.15,20270841.15,0,20270841.15,58797070.544105,81310854.9961591,22514170.5842431,302615761.33,302615761.33,1.06483116,0.9033049061,0.0771738841,0.07709142888
2025-04-22,22327989,1745366399,High Yield Secured Lending Maple Pool USDC1,0xc39a5a616f0ad1ff45077fa2de3f79ab8eb8b8b9,70592291,70592291,0,70592291,174922771.91891,255156729.011883,80235080.6123062,621245568.41,621245568.41,1.173358683,0.8826659351,0.09032696883,0.09512519833
2025-04-22,22327989,1745366399,Syrup USDT,0x356b8d89c1e1239cbbb9de4815c39a1474d5ba7d,20270841.15,20270841.15,0,20270841.15,56983466.201,79804619.7576268,22821417.5807748,302615761.33,302615761.33,1.064620367,0.8909290421,0.07769544327,0.07731352463
2025-04-22,22327989,1745366399,Syrup USDC,0x80ac24aa929eaf5013f6436cda2a7ba190f5cc0b,223367886.95,223367886.95,10000000,213367886.95,351170338.71933,580921285.083911,229767286.319657,1243250700.72,1243250700.72,1.095786056,0.9747065272,0.06473585646,0.06845363314
2025-04-21,22320818,1745279987,Syrup USDC,0x80ac24aa929eaf5013f6436cda2a7ba190f5cc0b,183491268.95,183491268.95,10000000,173491268.95,282462433.184679,506285494.222533,223835543.044843,1190850700.72,1190850700.72,1.095590245,0.8222208829,0.06432774645,0.06858817815
2025-04-21,22320818,1745279987,High Yield Secured Lending Maple Pool USDC1,0xc39a5a616f0ad1ff45077fa2de3f79ab8eb8b8b9,70592291,70592291,0,70592291,163991710.71378,243703569.542372,79712019.5180822,621245568.41,621245568.41,1.173019356,0.8883834517,0.08478984069,0.09496901275
2025-04-21,22320818,1745279987,Syrup USDT,0x356b8d89c1e1239cbbb9de4815c39a1474d5ba7d,20270841.15,20270841.15,0,20270841.15,54026859.22056,75006858.6857085,20980189.0077305,302615761.33,302615761.33,1.064407395,0.9691697569,0.07788709753,0.07747226465
2025-04-20,22313650,1745193599,Syrup USDC,0x80ac24aa929eaf5013f6436cda2a7ba190f5cc0b,183491268.95,183491268.95,10000000,173491268.95,274326977.542139,484232346.235167,209914888.619851,1190850700.72,1190850700.72,1.095407586,0.8767716386,0.06447260299,0.06936304253
2025-04-20,22313650,1745193599,Syrup USDT,0x356b8d89c1e1239cbbb9de4815c39a1474d5ba7d,20270841.15,20270841.15,0,20270841.15,52872010.421885,74259942.7285553,21388045.9015823,302615761.33,302615761.33,1.064187188,0.9504349197,0.07755813454,0.07755733649
2025-04-20,22313650,1745193599,High Yield Secured Lending Maple Pool USDC1,0xc39a5a616f0ad1ff45077fa2de3f79ab8eb8b8b9,79080121,79080121,0,79080121,176245122.06944,258255874.265967,82010879.6311283,621245568.41,621245568.41,1.172802407,0.9672964763,0.08652019626,0.09633499745
2025-04-19,22306493,1745107199,High Yield Secured Lending Maple Pool USDC1,0xc39a5a616f0ad1ff45077fa2de3f79ab8eb8b8b9,79080121,79080121,0,79080121,178374143.04452,260338350.111273,81964276.4620259,621245568.41,621245568.41,1.172550579,0.9676675666,0.08800142984,0.09733573753
2025-04-19,22306493,1745107199,Syrup USDT,0x356b8d89c1e1239cbbb9de4815c39a1474d5ba7d,20270841.15,20270841.15,0,20270841.15,53404042.615515,74784403.877125,21380420.205435,302615761.33,302615761.33,1.063967777,0.9505782757,0.07734659676,0.07767375774
2025-04-19,22306493,1745107199,Syrup USDC,0x80ac24aa929eaf5013f6436cda2a7ba190f5cc0b,183491268.95,183491268.95,10000000,173491268.95,275857546.878024,485161608.964743,209310878.904252,1190850700.72,1190850700.72,1.095221762,0.879166229,0.06448443183,0.06938616926
2025-04-18,22299326,1745020799,Syrup USDT,0x356b8d89c1e1239cbbb9de4815c39a1474d5ba7d,20270841.15,20270841.15,0,20270841.15,52927735.889805,74303242.5623458,21375510.7248568,302615761.33,302615761.33,1.063748344,0.9506005644,0.07725608339,0.07756522918
2025-04-18,22299326,1745020799,Syrup USDC,0x80ac24aa929eaf5013f6436cda2a7ba190f5cc0b,183491268.95,183491268.95,10000000,173491268.95,274144478.222231,483188868.006629,209048503.817307,1190850700.72,1190850700.72,1.095035659,0.8801227395,0.06454271767,0.06952393484
2025-04-18,22299326,1745020799,High Yield Secured Lending Maple Pool USDC1,0xc39a5a616f0ad1ff45077fa2de3f79ab8eb8b8b9,79080121,79080121,0,79080121,176566189.0239,256407563.628011,79841385.9670535,621245568.41,621245568.41,1.172219556,0.9932845976,0.0852310853,0.09721653959
2025-04-17,22292157,1744934399,Syrup USDC,0x80ac24aa929eaf5013f6436cda2a7ba190f5cc0b,183491268.95,183491268.95,10000000,173491268.95,274945897.657625,474314665.624684,199371112.521789,1190850700.72,1190850700.72,1.094848681,0.9228042143,0.06456048788,0.07031854301
2025-04-17,22292157,1744934399,Syrup USDT,0x356b8d89c1e1239cbbb9de4815c39a1474d5ba7d,20270841.15,20270841.15,0,20270841.15,52975534.65552,74303587.6389055,21328052.9834295,302615761.33,302615761.33,1.063531235,0.9525257439,0.07732398015,0.07735963944
2025-04-17,22292157,1744934399,High Yield Secured Lending Maple Pool USDC1,0xc39a5a616f0ad1ff45077fa2de3f79ab8eb8b8b9,79080121,79080121,0,79080121,175751081.28639,255577262.462031,79826188.1777271,621245568.41,621245568.41,1.171996424,0.9932845976,0.0866518112,0.09792109661
2025-04-16,22284996,1744847999,High Yield Secured Lending Maple Pool USDC1,0xc39a5a616f0ad1ff45077fa2de3f79ab8eb8b8b9,79080121,79080121,0,79080121,175767789.8445,255160847.108893,79393064.2657727,621245568.41,621245568.41,1.171744802,0.9985262706,0.08815079843,0.09957731673
2025-04-16,22284996,1744847999,Syrup USDC,0x80ac24aa929eaf5013f6436cda2a7ba190f5cc0b,183491268.95,183491268.95,10000000,173491268.95,273528388.35867,470998238.424318,197470739.795877,1190850700.72,1190850700.72,1.094659693,0.931546536,0.06479303098,0.0699854773
2025-04-16,22284996,1744847999,Syrup USDT,0x356b8d89c1e1239cbbb9de4815c39a1474d5ba7d,20270841.15,20270841.15,0,20270841.15,52531328.497485,73851168.0316432,21319839.5342022,302615761.33,302615761.33,1.063314096,0.9526984944,0.07747786006,0.07724125473
2025-04-15,22277825,1744761599,Syrup USDT,0x356b8d89c1e1239cbbb9de4815c39a1474d5ba7d,20270841.15,20270841.15,0,20270841.15,52813205.141785,73132289.817962,20319090.39271,302615761.33,302615761.33,1.063093735,0.9995045812,0.07781223636,0.07707457786
2025-04-15,22277825,1744761599,Syrup USDC,0x80ac24aa929eaf5013f6436cda2a7ba190f5cc0b,183491268.95,183491268.95,10000000,173491268.95,272641580.741499,463296769.872183,190655200.286865,1190850700.72,1190850700.72,1.094468641,0.9647631776,0.06458670471,0.06990020333
2025-04-15,22277825,1744761599,High Yield Secured Lending Maple Pool USDC1,0xc39a5a616f0ad1ff45077fa2de3f79ab8eb8b8b9,79080121,79080121,0,79080121,176875905.23691,256164903.818738,79289005.5824983,621245568.41,621245568.41,1.17141431,0.9996479564,0.08579647431,0.09915739336
2025-04-14,22270667,1744675199,High Yield Secured Lending Maple Pool USDC1,0xc39a5a616f0ad1ff45077fa2de3f79ab8eb8b8b9,79080121,79080121,0,79080121,179474414.92434,258760855.823547,79286447.8991639,621245568.41,621245568.41,1.171189897,0.9994883103,0.08705505422,0.09973062797
2025-04-14,22270667,1744675199,Syrup USDT,0x356b8d89c1e1239cbbb9de4815c39a1474d5ba7d,20270841.15,20270841.15,0,20270841.15,53519474.947745,75410814.7232417,21891613.3569047,302615761.33,302615761.33,1.062877443,0.9274090203,0.07827240456,0.07695055897
2025-04-14,22270667,1744675199,Syrup USDC,0x80ac24aa929eaf5013f6436cda2a7ba190f5cc0b,141091268.95,141091268.95,5000000,136091268.95,218805151.055379,386512938.571909,167721853.307665,1168450700.72,1168450700.72,1.094281111,0.8434860157,0.06478808133,0.07022337465
2025-04-13,22263499,1744588799,High Yield Secured Lending Maple Pool USDC1,0xc39a5a616f0ad1ff45077fa2de3f79ab8eb8b8b9,79080121,79080121,0,79080121,175821338.33317,255090692.25247,79269360.9185345,621245568.41,621245568.41,1.170937495,0.9995122311,0.08788069184,0.1017664147
2025-04-13,22263499,1744588799,Syrup USDT,0x356b8d89c1e1239cbbb9de4815c39a1474d5ba7d,20270841.15,20270841.15,0,20270841.15,52582476.40504,74469461.5914674,21887212.4872574,302615761.33,302615761.33,1.062663773,0.9274090203,0.07735753867,0.07685577509
2025-04-13,22263499,1744588799,Syrup USDC,0x80ac24aa929eaf5013f6436cda2a7ba190f5cc0b,141091268.95,141091268.95,5000000,136091268.95,216137985.922697,382716916.066326,166590294.673028,1168450700.72,1168450700.72,1.094095815,0.8490862859,0.06565343198,0.07053133379
2025-04-12,22256323,1744502387,Syrup USDT,0x356b8d89c1e1239cbbb9de4815c39a1474d5ba7d,20270841.15,20270841.15,0,20270841.15,53568278.213725,75224291.4424131,21656186.9508441,302615761.33,302615761.33,1.062448676,0.9371250566,0.07652542871,0.07711791353
2025-04-12,22256323,1744502387,High Yield Secured Lending Maple Pool USDC1,0xc39a5a616f0ad1ff45077fa2de3f79ab8eb8b8b9,79080121,79080121,0,79080121,180310522.40575,259560784.717925,79250269.3106887,621245568.41,621245568.41,1.170655481,0.9995614529,0.08805751835,0.1019547214
2025-04-12,22256323,1744502387,Syrup USDC,0x80ac24aa929eaf5013f6436cda2a7ba190f5cc0b,141091268.95,141091268.95,5000000,136091268.95,219010506.673845,385590465.828922,166588622.373242,1168450700.72,1168450700.72,1.09390998,0.8489502542,0.06660629328,0.07039630314
2025-04-11,22249146,1744415999,High Yield Secured Lending Maple Pool USDC1,0xc39a5a616f0ad1ff45077fa2de3f79ab8eb8b8b9,79080121,79080121,0,79080121,174007330.80894,253239093.878176,79231770.067027,619745568.41,619745568.41,1.170382217,0.9998519111,0.08671535812,0.1019674061
2025-04-11,22249146,1744415999,Syrup USDT,0x356b8d89c1e1239cbbb9de4815c39a1474d5ba7d,20270841.15,20270841.15,0,20270841.15,52324724.134155,73853117.4363459,21528505.8625249,302615761.33,302615761.33,1.062231268,0.9424959729,0.07561484154,0.07692146939
2025-04-11,22249146,1744415999,Syrup USDC,0x80ac24aa929eaf5013f6436cda2a7ba190f5cc0b,141091268.95,141091268.95,5000000,136091268.95,215633080.206237,377237044.225691,161610341.657409,1168450700.72,1168450700.72,1.093722952,0.8750140633,0.06749348569,0.07082291451
2025-04-10,22241970,1744329599,Syrup USDC,0x80ac24aa929eaf5013f6436cda2a7ba190f5cc0b,135091268.95,135091268.95,5000000,130091268.95,196070095.807518,344907539.221657,148842306.736375,1163750700.72,1163750700.72,1.093535847,0.9099044733,0.06830287751,0.07205042142
2025-04-10,22241970,1744329599,High Yield Secured Lending Maple Pool USDC1,0xc39a5a616f0ad1ff45077fa2de3f79ab8eb8b8b9,79080121,79080121,0,79080121,167427664.35823,246642358.118597,79214700.7574356,619745568.41,619745568.41,1.170130075,0.9998756259,0.09233345029,0.1039848215
2025-04-10,22241970,1744329599,Syrup USDT,0x356b8d89c1e1239cbbb9de4815c39a1474d5ba7d,20270841.15,20270841.15,0,20270841.15,50007146.168205,71345108.6871316,21338028.9852436,302615761.33,302615761.33,1.062013186,0.9507212731,0.07460481903,0.0768075831
2025-04-09,22234793,1744243199,Syrup USDT,0x356b8d89c1e1239cbbb9de4815c39a1474d5ba7d,20270841.15,20270841.15,0,20270841.15,52389881.184155,73189510.1976034,20799669.4118024,302615761.33,302615761.33,1.061793448,0.9751428551,0.07357675266,0.07736131982
2025-04-09,22234793,1744243199,Syrup USDC,0x80ac24aa929eaf5013f6436cda2a7ba190f5cc0b,135091268.95,135091268.95,5000000,130091268.95,203368487.929483,339235027.636212,135870782.918875,1163750700.72,1163750700.72,1.093342507,0.9968268675,0.06892884852,0.0717418172
2025-04-09,22234793,1744243199,High Yield Secured Lending Maple Pool USDC1,0xc39a5a616f0ad1ff45077fa2de3f79ab8eb8b8b9,79080121,79080121,0,79080121,177819484.0989,257015077.105355,79195600.0027652,619745568.41,619745568.41,1.169847926,0.9999250258,0.09417230597,0.104166799
2025-04-08,22227624,1744156799,Syrup USDC,0x80ac24aa929eaf5013f6436cda2a7ba190f5cc0b,117091268.95,117091268.95,5000000,112091268.95,166545885.792422,302110626.578613,135567276.946218,1163750700.72,1163750700.72,1.093155747,0.8658882461,0.06990934666,0.07216682398
2025-04-08,22227624,1744156799,Syrup USDT,0x356b8d89c1e1239cbbb9de4815c39a1474d5ba7d,20270841.15,20270841.15,0,20270841.15,48164530.132625,68532008.5410971,20367513.9928941,302615761.33,302615761.33,1.061567085,0.995632396,0.07238387919,0.07757657368
2025-04-08,22227624,1744156799,High Yield Secured Lending Maple Pool USDC1,0xc39a5a616f0ad1ff45077fa2de3f79ab8eb8b8b9,65730121,65730121,0,65730121,144374892.19375,223517117.633521,79151555.2517964,619745568.41,619745568.41,1.16956655,0.8316087407,0.09347556006,0.1040939317
2025-04-07,22220455,1744070399,High Yield Secured Lending Maple Pool USDC1,0xc39a5a616f0ad1ff45077fa2de3f79ab8eb8b8b9,66778839,66778839,0,66778839,150392358.91227,229452914.462336,79068446.5607409,608288726.41,608288726.41,1.169316512,0.8457033154,0.09915664555,0.1055716983
2025-04-07,22220455,1744070399,Syrup USDT,0x356b8d89c1e1239cbbb9de4815c39a1474d5ba7d,20270841.15,20270841.15,0,20270841.15,49589976.54709,70090848.6740378,20500907.7095768,302615761.33,302615761.33,1.061342415,0.9889415024,0.07218971064,0.07788776604
2025-04-07,22220455,1744070399,Syrup USDC,0x80ac24aa929eaf5013f6436cda2a7ba190f5cc0b,117091268.95,117091268.95,5000000,112091268.95,169901425.020895,297388448.829258,127488354.636433,1163750700.72,1163750700.72,1.092964477,0.9207405198,0.07055418462,0.07376779968
2025-04-06,22213305,1743983999,Syrup USDC,0x80ac24aa929eaf5013f6436cda2a7ba190f5cc0b,112091268.95,112091268.95,0,112091268.95,163549151.755659,275936196.307046,112388067.879027,1158750700.72,1158750700.72,1.09276238,0.9999909267,0.0727680232,0.07432227548
2025-04-06,22213305,1743983999,Syrup USDT,0x356b8d89c1e1239cbbb9de4815c39a1474d5ba7d,22598841.15,22598841.15,0,22598841.15,44675416.07175,71226475.6522354,26555049.9245084,292615761.33,292615761.33,1.061146328,0.8513005172,0.07332409121,0.07860937773
2025-04-06,22213305,1743983999,High Yield Secured Lending Maple Pool USDC1,0xc39a5a616f0ad1ff45077fa2de3f79ab8eb8b8b9,67957468,67957468,0,67957468,151352815.32285,230683633.32245,79337311.7460165,584288726.41,584288726.41,1.169047491,0.8581785388,0.1039084669,0.1077464312
2025-04-05,22206150,1743897599,Syrup USDC,0x80ac24aa929eaf5013f6436cda2a7ba190f5cc0b,112091268.95,112091268.95,0,112091268.95,170950169.180137,288622977.133527,117679140.952412,1158750700.72,1158750700.72,1.092558044,0.9547848572,0.07350461913,0.07441692742
2025-04-05,22206150,1743897599,Syrup USDT,0x356b8d89c1e1239cbbb9de4815c39a1474d5ba7d,24328000,24328000,0,24328000,47257787.0715,73725466.0772855,26471537.1026245,280615761.33,280615761.33,1.060947259,0.9214505144,0.07418578273,0.07981212434
2025-04-05,22206150,1743897599,High Yield Secured Lending Maple Pool USDC1,0xc39a5a616f0ad1ff45077fa2de3f79ab8eb8b8b9,67957468,67957468,0,67957468,163159468.30205,242472264.023126,79317956.5385824,584288726.41,584288726.41,1.168762289,0.8582327284,0.1007605662,0.1076460662
2025-04-04,22198999,1743811199,High Yield Secured Lending Maple Pool USDC1,0xc39a5a616f0ad1ff45077fa2de3f79ab8eb8b8b9,67957468,67957468,0,67957468,165668538.32735,236788570.545278,71124263.9638533,584288726.41,584288726.41,1.168517127,0.9571031009,0.1043061374,0.1085907819
2025-04-04,22198999,1743811199,Syrup USDT,0x356b8d89c1e1239cbbb9de4815c39a1474d5ba7d,24328000,24328000,0,24328000,47854993.52405,74276757.4715449,26425485.6550949,280615761.33,280615761.33,1.060747373,0.9228860767,0.07557758245,0.08052164368
2025-04-04,22198999,1743811199,Syrup USDC,0x80ac24aa929eaf5013f6436cda2a7ba190f5cc0b,112091268.95,112091268.95,0,112091268.95,173386160.076343,290110046.232448,116729724.583765,1158750700.72,1158750700.72,1.092353828,0.9623878095,0.07360750602,0.07596479081
2025-04-03,22191826,1743724799,High Yield Secured Lending Maple Pool USDC1,0xc39a5a616f0ad1ff45077fa2de3f79ab8eb8b8b9,69310013,69310013,0,69310013,162927177.2323,236175018.392899,73251674.0391652,582936131.41,582936131.41,1.168149862,0.9475940957,0.1060956405,0.1101551953
2025-04-03,22191826,1743724799,Syrup USDT,0x356b8d89c1e1239cbbb9de4815c39a1474d5ba7d,24328000,24328000,0,24328000,47048413.37745,73448278.0594874,26403484.5184494,280615761.33,280615761.33,1.060548703,0.9234834736,0.07712182381,0.08125412194
2025-04-03,22191826,1743724799,Syrup USDC,0x80ac24aa929eaf5013f6436cda2a7ba190f5cc0b,112091268.95,112091268.95,0,112091268.95,169291553.860332,284614337.628484,115328276.554089,1158750700.72,1158750700.72,1.092151083,0.9739242449,0.07371612527,0.07655680926
2025-04-02,22184669,1743638399,Syrup USDT,0x356b8d89c1e1239cbbb9de4815c39a1474d5ba7d,24328000,24328000,0,24328000,37187767.417,62234474.0493859,25050283.4045919,280615761.33,280615761.33,1.060348732,0.9732983344,0.07867945148,0.08264239667
2025-04-02,22184669,1743638399,Syrup USDC,0x80ac24aa929eaf5013f6436cda2a7ba190f5cc0b,113068268.95,113068268.95,0,113068268.95,179721908.361391,294564929.458262,114848396.389581,1148400600.72,1148400600.72,1.09194572,0.9863440663,0.07365289628,0.07729991233
2025-04-02,22184669,1743638399,High Yield Secured Lending Maple Pool USDC1,0xc39a5a616f0ad1ff45077fa2de3f79ab8eb8b8b9,69310013,69310013,0,69310013,173711536.0632,247187188.701498,73479232.9785029,582936131.41,582936131.41,1.167830518,0.944482504,0.103861118,0.1100486936
2025-04-01,22177499,1743551999,Syrup USDT,0x356b8d89c1e1239cbbb9de4815c39a1474d5ba7d,21376000,21376000,0,21376000,32879609.647,58271217.6360661,25394934.0709861,273287761.33,273287761.33,1.06014528,0.8434191421,0.08008806821,0.08322909293
2025-04-01,22177499,1743551999,High Yield Secured Lending Maple Pool USDC1,0xc39a5a616f0ad1ff45077fa2de3f79ab8eb8b8b9,69310013,69310013,0,69310013,172884030.15415,244490799.550514,71610097.2265969,582936131.41,582936131.41,1.167563891,0.9704873295,0.1065984136,0.1102303774
2025-04-01,22177499,1743551999,Syrup USDC,0x80ac24aa929eaf5013f6436cda2a7ba190f5cc0b,113068268.95,113068268.95,0,113068268.95,176046892.888855,292526772.834373,116485026.143498,1148400600.72,1148400600.72,1.091740002,0.9722780672,0.07371048976,0.07813916975
2025-03-31,22170334,1743465599,Syrup USDC,0x80ac24aa929eaf5013f6436cda2a7ba190f5cc0b,113068268.95,113068268.95,0,113068268.95,170558236.046508,286572439.790479,116019221.678361,1148400600.72,1148400600.72,1.091536367,0.976005462,0.07392286433,0.07907539408
2025-03-31,22170334,1743465599,High Yield Secured Lending Maple Pool USDC1,0xc39a5a616f0ad1ff45077fa2de3f79ab8eb8b8b9,69310013,69310013,0,69310013,166622719.1298,238007325.090677,71387728.018482,582936131.41,582936131.41,1.167198278,0.9735678664,0.105508006,0.1124184559
2025-03-31,22170334,1743465599,Syrup USDT,0x356b8d89c1e1239cbbb9de4815c39a1474d5ba7d,21376000,21376000,0,21376000,31831115.567,57549595.9130755,25721448.2745795,263911761.33,263911761.33,1.059924592,0.8332392373,0.08053309529,0.08360256833
2025-03-30,22163172,1743379199,High Yield Secured Lending Maple Pool USDC1,0xc39a5a616f0ad1ff45077fa2de3f79ab8eb8b8b9,69624321,69624321,0,69624321,165921693.8281,237883811.409406,71965001.3694072,582936131.41,582936131.41,1.166833207,0.9699400678,0.1036715996,0.1119092441
2025-03-30,22163172,1743379199,Syrup USDT,0x356b8d89c1e1239cbbb9de4815c39a1474d5ba7d,21376000,21376000,0,21376000,31719232.593,58623891.4281415,26907100.3422285,263911761.33,263911761.33,1.059707276,0.7962655944,0.08108949017,0.08401839894
2025-03-30,22163172,1743379199,Syrup USDC,0x80ac24aa929eaf5013f6436cda2a7ba190f5cc0b,113068268.95,113068268.95,0,113068268.95,170673026.040142,283925944.769748,113257907.700613,1148400600.72,1148400600.72,1.091291298,0.9996464716,0.07191313645,0.0787242592
2025-03-29,22156001,1743292799,Syrup USDC,0x80ac24aa929eaf5013f6436cda2a7ba190f5cc0b,111893268.95,111893268.95,0,111893268.95,169786984.518749,281918660.150474,112136663.917014,1143225550.72,1143225550.72,1.091072874,0.9993961729,0.07129225063,0.07937764868
2025-03-29,22156001,1743292799,Syrup USDT,0x356b8d89c1e1239cbbb9de4815c39a1474d5ba7d,21376000,21376000,0,21376000,31819874.804,56455497.7827496,24637818.3251016,263911761.33,263911761.33,1.059492171,0.8696035235,0.08160651672,0.08535495412
2025-03-29,22156001,1743292799,High Yield Secured Lending Maple Pool USDC1,0xc39a5a616f0ad1ff45077fa2de3f79ab8eb8b8b9,69624321,69624321,0,69624321,166348352.7432,238297102.544092,71951378.820145,582936131.41,582936131.41,1.166612435,0.9702467361,0.1087641336,0.1125592511
2025-03-28,22148848,1743206399,Syrup USDC,0x80ac24aa929eaf5013f6436cda2a7ba190f5cc0b,111893268.95,111893268.95,0,111893268.95,172220339.9096,285501182.061693,113285829.744408,1143225550.72,1143225550.72,1.090866931,0.9890551543,0.07339145415,0.08082068318
2025-03-28,22148848,1743206399,Syrup USDT,0x356b8d89c1e1239cbbb9de4815c39a1474d5ba7d,21376000,21376000,0,21376000,32524711.373,56923835.7366107,24401128.7596887,263911761.33,263911761.33,1.059266254,0.8778696169,0.08161437476,0.08545905797
2025-03-28,22148848,1743206399,High Yield Secured Lending Maple Pool USDC1,0xc39a5a616f0ad1ff45077fa2de3f79ab8eb8b8b9,69624321,69624321,0,69624321,170265841.05445,242176380.840289,71912914.0599247,582936131.41,582936131.41,1.166295792,0.9705840544,0.1096883609,0.1154277828
2025-03-27,22141688,1743119999,Syrup USDT,0x356b8d89c1e1239cbbb9de4815c39a1474d5ba7d,21376000,21376000,0,21376000,34163128.084,57256674.1880428,23095418.0942718,263911761.33,263911761.33,1.059038722,0.9274027093,0.08162864695,0.08578047857
2025-03-27,22141688,1743119999,High Yield Secured Lending Maple Pool USDC1,0xc39a5a616f0ad1ff45077fa2de3f79ab8eb8b8b9,70044350,70044350,0,70044350,184924755.33067,256810638.141817,71888079.472755,572936131.41,572936131.41,1.16589302,0.9779123247,0.1064721303,0.1143700263
2025-03-27,22141688,1743119999,Syrup USDC,0x80ac24aa929eaf5013f6436cda2a7ba190f5cc0b,96893268.95,96893268.95,0,96893268.95,153862602.190636,257882483.762463,104032723.416025,1128225550.72,1128225550.72,1.090662346,0.9326505443,0.07248905812,0.08122466446
2025-03-26,22134526,1743033599,Syrup USDT,0x356b8d89c1e1239cbbb9de4815c39a1474d5ba7d,21376000,21376000,0,21376000,34063977.776,58565946.0738369,24503691.1952889,263911761.33,263911761.33,1.058809692,0.8738173162,0.08059694826,0.08644194821
2025-03-26,22134526,1743033599,Syrup USDC,0x80ac24aa929eaf5013f6436cda2a7ba190f5cc0b,96893268.95,96893268.95,0,96893268.95,153086639.302815,256713130.21224,103638712.30525,1128225550.72,1128225550.72,1.090458495,0.9360246818,0.07213129181,0.08047250421
2025-03-26,22134526,1743033599,High Yield Secured Lending Maple Pool USDC1,0xc39a5a616f0ad1ff45077fa2de3f79ab8eb8b8b9,68965206,68965206,0,68965206,183424134.54329,254218254.166181,70796158.7694667,571583486.41,571583486.41,1.165619498,0.9775792946,0.1087124352,0.1141410101
2025-03-25,22127350,1742947199,Syrup USDC,0x80ac24aa929eaf5013f6436cda2a7ba190f5cc0b,96893268.95,96893268.95,0,96893268.95,156214693.324627,254617656.58441,98414811.5561749,1128225550.72,1128225550.72,1.090251935,0.9855782733,0.07450229603,0.08271923119
2025-03-25,22127350,1742947199,High Yield Secured Lending Maple Pool USDC1,0xc39a5a616f0ad1ff45077fa2de3f79ab8eb8b8b9,68965206,68965206,0,68965206,189043604.61762,259569903.147066,70528180.1829629,571583486.41,571583486.41,1.165298025,0.9811154749,0.1068232979,0.1160647209
2025-03-25,22127350,1742947199,Syrup USDT,0x356b8d89c1e1239cbbb9de4815c39a1474d5ba7d,21376000,21376000,0,21376000,34152534.905,57982381.535845,23831413.785029,263911761.33,263911761.33,1.058580041,0.898313699,0.0789932363,0.08743775812
2025-03-24,22120200,1742860799,Syrup USDT,0x356b8d89c1e1239cbbb9de4815c39a1474d5ba7d,20008000,20008000,0,20008000,32964940.861,56070784.3363987,23107218.1811167,259535761.33,259535761.33,1.058351318,0.867286576,0.0778161908,0.08842936293
2025-03-24,22120200,1742860799,High Yield Secured Lending Maple Pool USDC1,0xc39a5a616f0ad1ff45077fa2de3f79ab8eb8b8b9,68965206,68965206,0,68965206,189652696.08599,260770927.011469,71119895.0654451,571583486.41,571583486.41,1.164955148,0.9727365402,0.1093845732,0.1163842475
2025-03-24,22120200,1742860799,Syrup USDC,0x80ac24aa929eaf5013f6436cda2a7ba190f5cc0b,76893268.95,76893268.95,0,76893268.95,125013615.424204,203241570.250358,78239717.8699823,1128225550.72,1128225550.72,1.090044443,0.9838942786,0.07207989615,0.08407984166
2025-03-23,22113034,1742774399,High Yield Secured Lending Maple Pool USDC1,0xc39a5a616f0ad1ff45077fa2de3f79ab8eb8b8b9,67780860,67780860,0,67780860,160292286.50102,230846343.972881,70555458.6877517,571083486.41,571083486.41,1.164627911,0.9641570619,0.1076364546,0.1162081309
2025-03-23,22113034,1742774399,Syrup USDC,0x80ac24aa929eaf5013f6436cda2a7ba190f5cc0b,75893268.95,75893268.95,0,75893268.95,138740481.926442,215034244.300213,76305493.6887483,1128225550.72,1128225550.72,1.089838859,0.9957762448,0.07092762661,0.08329640784
2025-03-23,22113034,1742774399,Syrup USDT,0x356b8d89c1e1239cbbb9de4815c39a1474d5ba7d,20008000,20008000,0,20008000,31775748.285,55319195.4108407,23544621.6217277,259535761.33,259535761.33,1.058123877,0.8509677408,0.07667139586,0.08943939018
2025-03-22,22105862,1742687999,Syrup USDC,0x80ac24aa929eaf5013f6436cda2a7ba190f5cc0b,75893268.95,75893268.95,0,75893268.95,137846052.406096,214063335.462248,76228978.1063935,1128225550.72,1128225550.72,1.089632834,0.9965882025,0.07132535888,0.08555186592
2025-03-22,22105862,1742687999,High Yield Secured Lending Maple Pool USDC1,0xc39a5a616f0ad1ff45077fa2de3f79ab8eb8b8b9,67780860,67780860,0,67780860,159807616.64134,230342523.704151,70535881.4194397,571083486.41,571083486.41,1.164304757,0.9642298308,0.1051519681,0.1178831208
2025-03-22,22105862,1742687999,Syrup USDT,0x356b8d89c1e1239cbbb9de4815c39a1474d5ba7d,20008000,20008000,0,20008000,31686522.129,55280355.4122396,23594804.0772506,259535761.33,259535761.33,1.057899394,0.8489751329,0.07565213377,0.09045001859
2025-03-21,22098694,1742601599,High Yield Secured Lending Maple Pool USDC1,0xc39a5a616f0ad1ff45077fa2de3f79ab8eb8b8b9,67780860,67780860,0,67780860,158256348.32903,228771410.459529,70515609.7012396,571083486.41,571083486.41,1.163970141,0.9643121389,0.1097777776,0.1183629735
2025-03-21,22098694,1742601599,Syrup USDT,0x356b8d89c1e1239cbbb9de4815c39a1474d5ba7d,20008000,20008000,0,20008000,31436724.467,54920033.9325286,23484048.0079596,259535761.33,259535761.33,1.057673669,0.852800899,0.074554655,0.09151470918
2025-03-21,22098694,1742601599,Syrup USDC,0x80ac24aa929eaf5013f6436cda2a7ba190f5cc0b,75893268.95,75893268.95,0,75893268.95,137029624.609675,213173868.789063,76155902.9708727,1128225550.72,1128225550.72,1.089386263,0.9973563901,0.0694656206,0.08591452148
2025-03-20,22091518,1742515199,Syrup USDC,0x80ac24aa929eaf5013f6436cda2a7ba190f5cc0b,41393268.95,41393268.95,0,41393268.95,90066792.5800728,165242758.550875,75182390.6862719,1061225550.72,1061225550.72,1.089199524,0.5516850798,0.06880042566,0.08568743982
2025-03-20,22091518,1742515199,High Yield Secured Lending Maple Pool USDC1,0xc39a5a616f0ad1ff45077fa2de3f79ab8eb8b8b9,67780860,67780860,0,67780860,158527884.39201,228999948.331984,70472184.8047381,559494263.41,559494263.41,1.163632944,0.9647529613,0.1077648489,0.1181948497
2025-03-20,22091518,1742515199,Syrup USDT,0x356b8d89c1e1239cbbb9de4815c39a1474d5ba7d,20008000,20008000,0,20008000,31439682.573,55284946.2862016,23845701.0073046,259535761.33,259535761.33,1.057446211,0.8396750186,0.07496714764,0.09247679342
2025-03-19,22084356,1742428799,High Yield Secured Lending Maple Pool USDC1,0xc39a5a616f0ad1ff45077fa2de3f79ab8eb8b8b9,70015795,70015795,0,70015795,166185664.54636,236643582.774544,70457918.2846352,559494263.41,559494263.41,1.163314825,0.996642775,0.105513257,0.1192211903
2025-03-19,22084356,1742428799,Syrup USDC,0x80ac24aa929eaf5013f6436cda2a7ba190f5cc0b,42097360.95,42097360.95,0,42097360.95,93681458.9493337,169397775.079014,75717218.8991565,1061225550.72,1061225550.72,1.089002914,0.5570338959,0.07009491185,0.08748071401
2025-03-19,22084356,1742428799,Syrup USDT,0x356b8d89c1e1239cbbb9de4815c39a1474d5ba7d,18668316,18668316,0,18668316,28616565.3336,52856475.8486636,24239974.9724076,247535761.33,247535761.33,1.057236875,0.7713347081,0.07450061026,0.09377302902
2025-03-18,22077198,1742342399,Syrup USDT,0x356b8d89c1e1239cbbb9de4815c39a1474d5ba7d,24784549.11,24784549.11,0,24784549.11,32563464.6432,57519242.9037869,24955778.2605869,247535761.33,247535761.33,1.057037672,0.9946236181,0.07496009359,0.09518321841
2025-03-18,22077198,1742342399,Syrup USDC,0x80ac24aa929eaf5013f6436cda2a7ba190f5cc0b,74597410.95,74597410.95,0,74597410.95,125060720.06469,201928887.104891,76868167.0402013,1061225550.72,1061225550.72,1.088750504,0.9721897752,0.0719625424,0.0884615787
2025-03-18,22077198,1742342399,High Yield Secured Lending Maple Pool USDC1,0xc39a5a616f0ad1ff45077fa2de3f79ab8eb8b8b9,70015845,70015845,0,70015845,157651731.24265,227988359.729729,70336628.4870794,559494263.41,559494263.41,1.163032024,0.9981566952,0.1126068202,0.1209039625
2025-03-17,22070044,1742255999,Syrup USDC,0x80ac24aa929eaf5013f6436cda2a7ba190f5cc0b,76097410.95,76097410.95,0,76097410.95,122550928.811403,199228301.303605,76677372.4922016,1023290870.72,1023290870.72,1.088590416,0.9941484875,0.07230389918,0.08925334811
2025-03-17,22070044,1742255999,High Yield Secured Lending Maple Pool USDC1,0xc39a5a616f0ad1ff45077fa2de3f79ab8eb8b8b9,70015845,70015845,0,70015845,161453171.21491,231648223.152094,70195051.9371843,559494263.41,559494263.41,1.162638275,0.9999641411,0.1077495071,0.120776714
2025-03-17,22070044,1742255999,Syrup USDT,0x356b8d89c1e1239cbbb9de4815c39a1474d5ba7d,24784549.11,24784549.11,0,24784549.11,33015937.3788,58079507.98561,25063570.60681,247535761.33,247535761.33,1.056831404,0.9901464654,0.07799263199,0.09648985201
2025-03-16,22062883,1742169599,Syrup USDT,0x356b8d89c1e1239cbbb9de4815c39a1474d5ba7d,24784549.11,24784549.11,0,24784549.11,32457598.3536,57550075.3448472,25092476.9912472,247535761.33,247535761.33,1.056625825,0.9888117203,0.07996676949,0.09781000969
2025-03-16,22062883,1742169599,High Yield Secured Lending Maple Pool USDC1,0xc39a5a616f0ad1ff45077fa2de3f79ab8eb8b8b9,68551845,68551845,0,68551845,155694448.59357,225871905.082301,70177456.4887306,547905040.41,547905040.41,1.162346842,0.9791313921,0.1068506287,0.1225115238
2025-03-16,22062883,1742169599,Syrup USDC,0x80ac24aa929eaf5013f6436cda2a7ba190f5cc0b,78097410.95,78097410.95,0,78097410.95,122341434.557609,200601133.454637,78259698.8970271,983356190.72,983356190.72,1.088407553,0.9996769503,0.0742862455,0.0915836234
2025-03-15,22055722,1742083199,Syrup USDT,0x356b8d89c1e1239cbbb9de4815c39a1474d5ba7d,24784549.11,24784549.11,0,24784549.11,32959788.1302,58150220.4571934,25190432.3269934,247535761.33,247535761.33,1.056420847,0.9847713753,0.0822996896,0.0991265442
2025-03-15,22055722,1742083199,Syrup USDC,0x80ac24aa929eaf5013f6436cda2a7ba190f5cc0b,78097410.95,78097410.95,0,78097410.95,124754664.651281,204034182.254733,79279517.6034515,983356190.72,983356190.72,1.088194049,0.9866504358,0.07998376501,0.09338599674
2025-03-15,22055722,1742083199,High Yield Secured Lending Maple Pool USDC1,0xc39a5a616f0ad1ff45077fa2de3f79ab8eb8b8b9,68551845,68551845,0,68551845,159858752.61936,230003904.768297,70145152.1489372,547905040.41,547905040.41,1.162074366,0.9793795,0.1120164714,0.1241047514
2025-03-14,22048553,1741996799,Syrup USDT,0x356b8d89c1e1239cbbb9de4815c39a1474d5ba7d,24784549.11,24784549.11,0,24784549.11,32993304.8088,58286211.2702946,25292906.4614946,247535761.33,247535761.33,1.056216116,0.9805885691,0.08489662087,0.1004497159
2025-03-14,22048553,1741996799,High Yield Secured Lending Maple Pool USDC1,0xc39a5a616f0ad1ff45077fa2de3f79ab8eb8b8b9,68551845,68551845,0,68551845,159872142.41654,229178548.026268,69306405.6097277,547905040.41,547905040.41,1.161647332,0.9910488947,0.1134129163,0.1237969595
2025-03-14,22048553,1741996799,Syrup USDC,0x80ac24aa929eaf5013f6436cda2a7ba190f5cc0b,78097410.95,78097410.95,0,78097410.95,124778946.188815,204409755.127515,79630808.9386998,983356190.72,983356190.72,1.087984056,0.9821474612,0.08192063775,0.09355890855
2025-03-13,22041393,1741910399,Syrup USDC,0x80ac24aa929eaf5013f6436cda2a7ba190f5cc0b,79097410.95,79097410.95,0,79097410.95,121253525.912114,201599145.735121,80345619.8230066,935121460.72,935121460.72,1.087810537,0.9857954927,0.08388278804,0.09527745403
2025-03-13,22041393,1741910399,High Yield Secured Lending Maple Pool USDC1,0xc39a5a616f0ad1ff45077fa2de3f79ab8eb8b8b9,68551845,68551845,0,68551845,152882777.40896,221555458.434144,68672681.0251842,547905040.41,547905040.41,1.161351243,0.9999999974,0.1123465435,0.1247007713
2025-03-13,22041393,1741910399,Syrup USDT,0x356b8d89c1e1239cbbb9de4815c39a1474d5ba7d,22963432.11,22963432.11,0,22963432.11,31603161.2772,56621724.7807102,25018563.5035102,233484428.22,233484428.22,1.055981199,0.918463808,0.08811320795,0.1013722502
2025-03-12,22034224,1741823999,Syrup USDT,0x356b8d89c1e1239cbbb9de4815c39a1474d5ba7d,22963432.11,22963432.11,0,22963432.11,32087692.16345,56073339.3326505,23985647.1692005,233484428.22,233484428.22,1.055780942,0.957858219,0.09111029145,0.1026452658
2025-03-12,22034224,1741823999,Syrup USDC,0x80ac24aa929eaf5013f6436cda2a7ba190f5cc0b,73147410.95,73147410.95,0,73147410.95,117124393.821989,195580435.638247,78456041.816258,898486780.72,898486780.72,1.087588931,0.9338123322,0.08963551567,0.09897010425
2025-03-12,22034224,1741823999,High Yield Secured Lending Maple Pool USDC1,0xc39a5a616f0ad1ff45077fa2de3f79ab8eb8b8b9,64512527,64512527,0,64512527,151814411.82402,217563513.841101,65749102.0170812,537779817.41,537779817.41,1.161079052,0.9830505616,0.1149860574,0.1263862349
2025-03-11,22027064,1741737599,Syrup USDC,0x80ac24aa929eaf5013f6436cda2a7ba190f5cc0b,73147410.95,73147410.95,0,73147410.95,119357338.026303,197654794.407654,78297456.3813506,895101790.72,895101790.72,1.087300486,0.9355769064,0.08768178799,0.09768492772
2025-03-11,22027064,1741737599,High Yield Secured Lending Maple Pool USDC1,0xc39a5a616f0ad1ff45077fa2de3f79ab8eb8b8b9,64638547,64638547,0,64638547,155352421.01309,220376560.266956,65024139.2538655,535544882.41,535544882.41,1.160654416,0.9957858997,0.1187400984,0.1255235749
2025-03-11,22027064,1741737599,Syrup USDT,0x356b8d89c1e1239cbbb9de4815c39a1474d5ba7d,22163432.11,22163432.11,0,22163432.11,32821465.50495,56309307.3053288,23487841.8003788,221566162.22,221566162.22,1.055573359,0.9441169366,0.09375185222,0.1041256146
2025-03-10,22019907,1741651199,Syrup USDT,0x356b8d89c1e1239cbbb9de4815c39a1474d5ba7d,22484549.11,22484549.11,0,22484549.11,30399709.7195,53411772.0980401,23012062.3785401,221566162.22,221566162.22,1.05531036,0.9776566127,0.09631273856,0.1044383655
2025-03-10,22019907,1741651199,Syrup USDC,0x80ac24aa929eaf5013f6436cda2a7ba190f5cc0b,77797410.95,77797410.95,0,77797410.95,120051461.373534,199347109.019205,79295647.6456704,895101790.72,895101790.72,1.087133973,0.9825717096,0.09288995172,0.09915021034
2025-03-10,22019907,1741651199,High Yield Secured Lending Maple Pool USDC1,0xc39a5a616f0ad1ff45077fa2de3f79ab8eb8b8b9,66615873,66615873,0,66615873,149860308.66451,218961792.620718,69101483.9562083,523544882.41,523544882.41,1.160358832,0.9657675139,0.1193717521,0.1272029098
2025-03-09,22012750,1741564799,High Yield Secured Lending Maple Pool USDC1,0xc39a5a616f0ad1ff45077fa2de3f79ab8eb8b8b9,67456343,67456343,0,67456343,159614710.47727,228799941.324908,69185230.8476384,520944882.41,520944882.41,1.160086031,0.9769023647,0.1197605201,0.1288875549
2025-03-09,22012750,1741564799,Syrup USDT,0x356b8d89c1e1239cbbb9de4815c39a1474d5ba7d,21769283.11,21769283.11,0,21769283.11,30200975.32975,53175216.594654,22974241.264904,207258112.22,207258112.22,1.055068055,0.950158183,0.09670081562,0.104979704
2025-03-09,22012750,1741564799,Syrup USDC,0x80ac24aa929eaf5013f6436cda2a7ba190f5cc0b,73612420.95,73612420.95,0,73612420.95,119459330.503996,198834267.955806,79374937.4518105,883301740.72,883301740.72,1.086912854,0.9286886832,0.09568595652,0.1048318366
2025-03-08,22005590,1741478399,Syrup USDT,0x356b8d89c1e1239cbbb9de4815c39a1474d5ba7d,21769283.11,21769283.11,0,21769283.11,32151022.37335,54514267.3084625,22363244.9351126,207258112.22,207258112.22,1.054819727,0.9759566572,0.09676530886,0.1059737906
2025-03-08,22005590,1741478399,High Yield Secured Lending Maple Pool USDC1,0xc39a5a616f0ad1ff45077fa2de3f79ab8eb8b8b9,67456343,67456343,0,67456343,172438070.73633,241600906.832682,69162836.0963519,520944882.41,520944882.41,1.159710519,0.9770053216,0.1286278418,0.1285040047
2025-03-08,22005590,1741478399,Syrup USDC,0x80ac24aa929eaf5013f6436cda2a7ba190f5cc0b,73612420.95,73612420.95,0,73612420.95,125896757.99298,203741332.773868,77844574.7808881,883301740.72,883301740.72,1.08658941,0.9468228349,0.09341779931,0.1033222078
2025-03-07,21998438,1741391999,High Yield Secured Lending Maple Pool USDC1,0xc39a5a616f0ad1ff45077fa2de3f79ab8eb8b8b9,67456343,67456343,0,67456343,171364449.11172,240444896.763877,69080447.6521574,520944882.41,520944882.41,1.159256453,0.977958157,0.1217973562,0.1277144847
2025-03-07,21998438,1741391999,Syrup USDT,0x356b8d89c1e1239cbbb9de4815c39a1474d5ba7d,21769283.11,21769283.11,0,21769283.11,31752686.47,54079870.7146661,22327184.2446661,207258112.22,207258112.22,1.054566835,0.977301771,0.09658279414,0.1072099075
2025-03-07,21998438,1741391999,Syrup USDC,0x80ac24aa929eaf5013f6436cda2a7ba190f5cc0b,73612420.95,73612420.95,0,73612420.95,125798409.796464,202684207.842086,76885798.0456216,883301740.72,883301740.72,1.086342395,0.958492217,0.09173358109,0.103574119
2025-03-06,21991286,1741305599,Syrup USDT,0x356b8d89c1e1239cbbb9de4815c39a1474d5ba7d,21769283.11,21769283.11,0,21769283.11,31977427.46415,54143251.0724386,22165823.6082886,207258112.22,207258112.22,1.054272425,0.9841944972,0.09801705575,0.1079518581
2025-03-06,21991286,1741305599,Syrup USDC,0x80ac24aa929eaf5013f6436cda2a7ba190f5cc0b,68112420.95,68112420.95,0,68112420.95,120820064.469988,191918500.995924,71098436.5259356,856167060.72,856167060.72,1.086131395,0.9591071734,0.09490849615,0.1084050968
2025-03-06,21991286,1741305599,High Yield Secured Lending Maple Pool USDC1,0xc39a5a616f0ad1ff45077fa2de3f79ab8eb8b8b9,67456343,67456343,0,67456343,172815589.36226,241890697.403191,69075108.0409309,520944882.41,520944882.41,1.15898227,0.977819536,0.1218391827,0.1299973842
2025-03-05,21984128,1741219199,Syrup USDT,0x356b8d89c1e1239cbbb9de4815c39a1474d5ba7d,21769283.11,21769283.11,0,21769283.11,31987742.09845,54037348.3784211,22049606.2799711,207258112.22,207258112.22,1.054016889,0.9891520013,0.0967997826,0.1092132679
2025-03-05,21984128,1741219199,Syrup USDC,0x80ac24aa929eaf5013f6436cda2a7ba190f5cc0b,68112420.95,68112420.95,0,68112420.95,121785052.16942,190796020.484229,69010968.3148095,856167060.72,856167060.72,1.085799896,0.9879896476,0.09452737046,0.1079929808
2025-03-05,21984128,1741219199,High Yield Secured Lending Maple Pool USDC1,0xc39a5a616f0ad1ff45077fa2de3f79ab8eb8b8b9,67456343,67456343,0,67456343,174688802.85781,243584485.95466,68895683.0968505,520944882.41,520944882.41,1.158657968,0.9801539927,0.1337914448,0.1297641729
2025-03-04,21976966,1741132799,Syrup USDC,0x80ac24aa929eaf5013f6436cda2a7ba190f5cc0b,68112420.95,68112420.95,0,68112420.95,120028433.854336,189276179.929112,69247746.0747763,856167060.72,856167060.72,1.085549287,0.9844457236,0.09381102798,0.1082021654
2025-03-04,21976966,1741132799,High Yield Secured Lending Maple Pool USDC1,0xc39a5a616f0ad1ff45077fa2de3f79ab8eb8b8b9,67456343,67456343,0,67456343,171104216.78735,239976471.041795,68872254.254445,520944882.41,520944882.41,1.158159557,0.9802723668,0.1242057292,0.1289968156
2025-03-04,21976966,1741132799,Syrup USDT,0x356b8d89c1e1239cbbb9de4815c39a1474d5ba7d,21769283.11,21769283.11,0,21769283.11,31452825.5669,53526531.3757877,22073705.8088877,207258112.22,207258112.22,1.053760785,0.9878296976,0.09657968384,0.1105714182
2025-03-03,21969800,1741046399,High Yield Secured Lending Maple Pool USDC1,0xc39a5a616f0ad1ff45077fa2de3f79ab8eb8b8b9,62785233,62785233,0,62785233,148678758.50663,213334375.694998,64655617.1883679,497944882.41,497944882.41,1.157852074,0.9729921263,0.1214077831,0.1306541049
2025-03-03,21969800,1741046399,Syrup USDT,0x356b8d89c1e1239cbbb9de4815c39a1474d5ba7d,22869233.11,22869233.11,0,22869233.11,32194331.9905,55280987.0216356,23086655.0311356,206658112.22,206658112.22,1.053450989,0.9919672257,0.09499743107,0.1108927782
2025-03-03,21969800,1741046399,Syrup USDC,0x80ac24aa929eaf5013f6436cda2a7ba190f5cc0b,61623601.1,61623601.1,0,61623601.1,97222553.695795,161637281.287902,64414727.5921069,790917160.57,790917160.57,1.085283613,0.9576171651,0.0872693966,0.1117039055
2025-03-02,21962635,1740959999,Syrup USDT,0x356b8d89c1e1239cbbb9de4815c39a1474d5ba7d,22869233.11,22869233.11,0,22869233.11,35893129.62955,58962325.8766811,23069196.2471311,206658112.22,206658112.22,1.053201962,0.9924839524,0.09818803989,0.1120369893
2025-03-02,21962635,1740959999,High Yield Secured Lending Maple Pool USDC1,0xc39a5a616f0ad1ff45077fa2de3f79ab8eb8b8b9,63095083,63095083,0,63095083,171120542.72101,234437733.67868,63317190.9576705,480944882.41,480944882.41,1.157572154,0.9991609394,0.1317369724,0.1311501013
2025-03-02,21962635,1740959999,Syrup USDC,0x80ac24aa929eaf5013f6436cda2a7ba190f5cc0b,61623601.1,61623601.1,0,61623601.1,120965373.508952,183887462.682756,62922089.1738037,790917160.57,790917160.57,1.085009702,0.9802232117,0.09339556485,0.1126295759
2025-03-01,21955462,1740873599,Syrup USDT,0x356b8d89c1e1239cbbb9de4815c39a1474d5ba7d,22869233.11,22869233.11,0,22869233.11,32932061.2171,55995799.7321566,23063738.5150566,206658112.22,206658112.22,1.052952886,0.9924840386,0.1013122257,0.1135827138
2025-03-01,21955462,1740873599,Syrup USDC,0x80ac24aa929eaf5013f6436cda2a7ba190f5cc0b,61623601.1,61623601.1,0,61623601.1,107707064.191605,171768397.670225,64061333.4786205,790917160.57,790917160.57,1.084729932,0.962647389,0.09543129248,0.1121874375
2025-03-01,21955462,1740873599,High Yield Secured Lending Maple Pool USDC1,0xc39a5a616f0ad1ff45077fa2de3f79ab8eb8b8b9,63095083,63095083,0,63095083,154294224.9952,217581346.349246,63287121.3540456,480944882.41,480944882.41,1.157022418,0.9993919165,0.1224978683,0.1306775486
2025-02-28,21948291,1740787199,Syrup USDC,0x80ac24aa929eaf5013f6436cda2a7ba190f5cc0b,61623601.1,61623601.1,0,61623601.1,104697972.911952,166370751.88654,61672778.9745872,790917160.57,790917160.57,1.084515402,0.9998194298,0.09152035581,0.1158960553
2025-02-28,21948291,1740787199,High Yield Secured Lending Maple Pool USDC1,0xc39a5a616f0ad1ff45077fa2de3f79ab8eb8b8b9,63095083,63095083,0,63095083,154068961.41397,217305171.108721,63236209.6947508,480944882.41,480944882.41,1.156704058,0.9999531882,0.1220754036,0.1311736564
2025-02-28,21948291,1740787199,Syrup USDT,0x356b8d89c1e1239cbbb9de4815c39a1474d5ba7d,22869233.11,22869233.11,0,22869233.11,32967271.86075,56023554.6437321,23056282.7829821,206658112.22,206658112.22,1.052703801,0.9925701901,0.1044506204,0.115187302
2025-02-27,21941120,1740700799,High Yield Secured Lending Maple Pool USDC1,0xc39a5a616f0ad1ff45077fa2de3f79ab8eb8b8b9,59690971,59690971,0,59690971,132598615.93063,192523996.548039,59925380.6174092,477984882.41,477984882.41,1.156429653,0.9999654511,0.1316823004,0.1333020153
2025-02-27,21941120,1740700799,Syrup USDT,0x356b8d89c1e1239cbbb9de4815c39a1474d5ba7d,22819233.11,22819233.11,0,22819233.11,31804651.0303065,55065445.7855145,23260794.755208,203355112.22,203355112.22,1.052383531,0.9822457692,0.1035355162,0.1159239857
2025-02-27,21941120,1740700799,Syrup USDC,0x80ac24aa929eaf5013f6436cda2a7ba190f5cc0b,63102370.99,63102370.99,0,63102370.99,88712501.6669375,152517390.394052,63804888.727115,740746620.38,740746620.38,1.084244371,0.9896075584,0.09780284741,0.117720024
2025-02-26,21933948,1740614399,Syrup USDT,0x356b8d89c1e1239cbbb9de4815c39a1474d5ba7d,21319233.11,21319233.11,0,21319233.11,30284114.8333065,51827148.2449555,21543033.411649,187303779.11,187303779.11,1.052150835,0.9907604083,0.1077132757,0.1177514619
2025-02-26,21933948,1740614399,High Yield Secured Lending Maple Pool USDC1,0xc39a5a616f0ad1ff45077fa2de3f79ab8eb8b8b9,58742888,58742888,0,58742888,131278443.92415,191224877.377461,59946433.4533109,466761105.41,466761105.41,1.155871115,0.9835799255,0.1222572341,0.1331081837
2025-02-26,21933948,1740614399,Syrup USDC,0x80ac24aa929eaf5013f6436cda2a7ba190f5cc0b,60602370.99,60602370.99,0,60602370.99,85126361.05605,146874601.893957,61748240.8379068,729921940.34,729921940.34,1.083920685,0.9819911113,0.09524060214,0.11666856
2025-02-25,21926782,1740527999,High Yield Secured Lending Maple Pool USDC1,0xc39a5a616f0ad1ff45077fa2de3f79ab8eb8b8b9,58742888,58742888,0,58742888,138912542.19889,198642515.868091,59729973.6692013,466761105.41,466761105.41,1.15556205,0.986942363,0.1228400706,0.1337532678
2025-02-25,21926782,1740527999,Syrup USDC,0x80ac24aa929eaf5013f6436cda2a7ba190f5cc0b,61409152.04,61409152.04,0,61409152.04,90564788.3943,152492543.199851,61927754.8055514,729921940.34,729921940.34,1.083684116,0.9925754417,0.09158976082,0.1164734466
2025-02-25,21926782,1740527999,Syrup USDT,0x356b8d89c1e1239cbbb9de4815c39a1474d5ba7d,21319233.11,21319233.11,0,21319233.11,31835115.7387565,53574464.477263,21739348.7385064,187303779.11,187303779.11,1.051899233,0.9815682692,0.1105084269,0.1193196696
2025-02-24,21919621,1740441599,High Yield Secured Lending Maple Pool USDC1,0xc39a5a616f0ad1ff45077fa2de3f79ab8eb8b8b9,58742888,58742888,0,58742888,147790160.7738,207533146.4327,59742985.6588999,464161105.41,464161105.41,1.155310468,0.9867722017,0.1305414184,0.1351619737
2025-02-24,21919621,1740441599,Syrup USDT,0x356b8d89c1e1239cbbb9de4815c39a1474d5ba7d,21170100,21170100,0,21170100,34824868.4465,56589558.1388664,21764689.6923664,187303779.11,187303779.11,1.051619105,0.9771005174,0.112195045,0.1204985318
2025-02-24,21919621,1740441599,Syrup USDC,0x80ac24aa929eaf5013f6436cda2a7ba190f5cc0b,62019152.04,62019152.04,0,62019152.04,92641905.15845,155702172.464586,63060267.3061363,717487260.3,717487260.3,1.083543543,0.9844329204,0.1022537621,0.1209284152
2025-02-23,21912465,1740355199,High Yield Secured Lending Maple Pool USDC1,0xc39a5a616f0ad1ff45077fa2de3f79ab8eb8b8b9,58742888,58742888,0,58742888,156121106.20365,216230650.124606,60109543.9209557,464161105.41,464161105.41,1.15482808,0.9805188774,0.1275381715,0.1338130691
2025-02-23,21912465,1740355199,Syrup USDT,0x356b8d89c1e1239cbbb9de4815c39a1474d5ba7d,21670100,21670100,0,21670100,37111219.872725,59155347.4343691,22044127.5616441,171501579.11,171501579.11,1.051311847,0.9872049335,0.1123178015,0.1213733751
2025-02-23,21912465,1740355199,Syrup USDC,0x80ac24aa929eaf5013f6436cda2a7ba190f5cc0b,63519152.04,63519152.04,0,63519152.04,94777678.8726157,158554633.870268,63776954.9976525,707052580.26,707052580.26,1.08315335,0.9968378159,0.09913925131,0.1231317045
2025-02-22,21905310,1740268799,High Yield Secured Lending Maple Pool USDC1,0xc39a5a616f0ad1ff45077fa2de3f79ab8eb8b8b9,58742888,58742888,0,58742888,154836395.0627,214926838.523323,60090443.4606226,464161105.41,464161105.41,1.154461121,0.9807080883,0.1282126815,0.1360399411
2025-02-22,21905310,1740268799,Syrup USDT,0x356b8d89c1e1239cbbb9de4815c39a1474d5ba7d,21670100,21670100,0,21670100,36835670.528925,58862874.3812353,22027203.8523103,171501579.11,171501579.11,1.051005956,0.9876778875,0.1124428418,0.1223016045
2025-02-22,21905310,1740268799,Syrup USDC,0x80ac24aa929eaf5013f6436cda2a7ba190f5cc0b,63519152.04,63519152.04,0,63519152.04,95775762.1843157,159507571.371391,63731809.1870752,707052580.26,707052580.26,1.08283543,0.9974313624,0.094179172,0.1244176291
2025-02-21,21898155,1740182399,High Yield Secured Lending Maple Pool USDC1,0xc39a5a616f0ad1ff45077fa2de3f79ab8eb8b8b9,58742888,58742888,0,58742888,148728694.74355,208803037.74384,60074343.0002904,464161105.41,464161105.41,1.154151798,0.9807572093,0.1346933172,0.1364911109
2025-02-21,21898155,1740182399,Syrup USDC,0x80ac24aa929eaf5013f6436cda2a7ba190f5cc0b,63519152.04,63519152.04,0,63519152.04,93799665.2142157,157641031.531458,63841366.3172419,707052580.26,707052580.26,1.082695536,0.9956055742,0.1064825977,0.1298110954
2025-02-21,21898155,1740182399,Syrup USDT,0x356b8d89c1e1239cbbb9de4815c39a1474d5ba7d,21670100,21670100,0,21670100,35360388.248125,57380181.2111016,22019792.9629766,171501579.11,171501579.11,1.050699989,0.9877228384,0.1125751921,0.123223012
2025-02-20,21890993,1740095999,Syrup USDC,0x80ac24aa929eaf5013f6436cda2a7ba190f5cc0b,63519152.04,63519152.04,0,63519152.04,96643520.2578,160510210.573806,63866690.3160056,707052580.26,707052580.26,1.082305827,0.9950978638,0.1048552104,0.1286044204
2025-02-20,21890993,1740095999,Syrup USDT,0x356b8d89c1e1239cbbb9de4815c39a1474d5ba7d,21170028,21170028,0,21170028,35862409.799125,57802264.8861167,21939855.0869917,170148579.11,170148579.11,1.050397026,0.96820456,0.1128150246,0.1241848811
2025-02-20,21890993,1740095999,High Yield Secured Lending Maple Pool USDC1,0xc39a5a616f0ad1ff45077fa2de3f79ab8eb8b8b9,58742888,58742888,0,58742888,155304133.4145,214234670.499649,58930537.0851492,462361105.41,462361105.41,1.153689356,0.9999858833,0.1317544797,0.1363470228
2025-02-19,21883855,1740009599,Syrup USDC,0x80ac24aa929eaf5013f6436cda2a7ba190f5cc0b,53519152.04,53519152.04,0,53519152.04,71544136.8769,136070831.383302,64526694.5064025,706852580.26,706852580.26,1.082031209,0.8297854223,0.1021061791,0.1280470653
2025-02-19,21883855,1740009599,Syrup USDT,0x356b8d89c1e1239cbbb9de4815c39a1474d5ba7d,21170028,21170028,0,21170028,35360528.6456,57351322.6489077,21990794.0033077,164696379.11,164696379.11,1.05008867,0.9657323678,0.1127626801,0.1250764018
2025-02-19,21883855,1740009599,High Yield Secured Lending Maple Pool USDC1,0xc39a5a616f0ad1ff45077fa2de3f79ab8eb8b8b9,58742888,58742888,0,58742888,152528333.3698,211445533.070876,58917199.7010755,457223233.41,457223233.41,1.153317108,0.9999999986,0.13307267,0.1383463651
2025-02-18,21876698,1739923199,High Yield Secured Lending Maple Pool USDC1,0xc39a5a616f0ad1ff45077fa2de3f79ab8eb8b8b9,58315669.52,58315669.52,0,58315669.52,147627307.7453,206372221.651123,58744913.9058227,452085361.41,452085361.41,1.152997245,0.9954467181,0.1356524977,0.1388866283
2025-02-18,21876698,1739923199,Syrup USDT,0x356b8d89c1e1239cbbb9de4815c39a1474d5ba7d,21170028,21170028,0,21170028,34452268.8036,56985562.9150615,22533294.1114615,164696379.11,164696379.11,1.049786822,0.9421389469,0.1129844313,0.1260064213
2025-02-18,21876698,1739923199,Syrup USDC,0x80ac24aa929eaf5013f6436cda2a7ba190f5cc0b,63376957.36,63376957.36,0,63376957.36,86971358.6606,150421192.375689,63449833.7150891,696417900.22,696417900.22,1.081864327,0.999988382,0.1098523188,0.1300807377
2025-02-17,21869537,1739836799,High Yield Secured Lending Maple Pool USDC1,0xc39a5a616f0ad1ff45077fa2de3f79ab8eb8b8b9,58539669.52,58539669.52,0,58539669.52,153066343.4415,211785615.749387,58719272.3078866,449585361.41,449585361.41,1.152595118,0.9998757788,0.1361650565,0.1384629025
2025-02-17,21869537,1739836799,Syrup USDC,0x80ac24aa929eaf5013f6436cda2a7ba190f5cc0b,63376957.36,63376957.36,0,63376957.36,88230898.4784,152290737.442465,64059838.9640654,696417900.22,696417900.22,1.081522325,0.9903277016,0.1193957338,0.1311190662
2025-02-17,21869537,1739836799,Syrup USDT,0x356b8d89c1e1239cbbb9de4815c39a1474d5ba7d,21170028,21170028,0,21170028,35331954.2102,56744243.0785523,21412288.8683523,164696379.11,164696379.11,1.049476711,0.991308963,0.1123553652,0.1267664084
2025-02-16,21862393,1739750399,Syrup USDT,0x356b8d89c1e1239cbbb9de4815c39a1474d5ba7d,22267828,22267828,0,22267828,36717833.5841,59351622.9117792,22633789.3276792,158146379.11,158146379.11,1.049167857,0.9860952069,0.1130847159,0.1275404181
2025-02-16,21862393,1739750399,Syrup USDC,0x80ac24aa929eaf5013f6436cda2a7ba190f5cc0b,61164361.04,61164361.04,0,61164361.04,88305806.95605,152105673.313813,63799866.3577632,667560094.9,667560094.9,1.08119153,0.9597304925,0.1114374525,0.1350270278
2025-02-16,21862393,1739750399,High Yield Secured Lending Maple Pool USDC1,0xc39a5a616f0ad1ff45077fa2de3f79ab8eb8b8b9,58975323.52,58975323.52,0,58975323.52,153052395.51205,212253010.716877,59200615.2048274,444439103.89,444439103.89,1.152172639,0.9989442283,0.132392084,0.1377168177
2025-02-15,21855250,1739663999,High Yield Secured Lending Maple Pool USDC1,0xc39a5a616f0ad1ff45077fa2de3f79ab8eb8b8b9,58975323.52,58975323.52,0,58975323.52,153346811.2327,212527936.036206,59181124.8035057,444439103.89,444439103.89,1.151793314,0.9990445928,0.1352277608,0.1398353644
2025-02-15,21855250,1739663999,Syrup USDC,0x80ac24aa929eaf5013f6436cda2a7ba190f5cc0b,61164361.04,61164361.04,0,61164361.04,89314432.6588,152953138.682341,63638706.0235413,667560094.9,667560094.9,1.080967946,0.9620442501,0.1146866177,0.1368703442
2025-02-15,21855250,1739663999,Syrup USDT,0x356b8d89c1e1239cbbb9de4815c39a1474d5ba7d,22267828,22267828,0,22267828,36889549.6038,59477102.5784828,22587552.9746828,158146379.11,158146379.11,1.048860329,0.9878279726,0.1118840806,0.128348711
2025-02-14,21848119,1739577599,Syrup USDC,0x80ac24aa929eaf5013f6436cda2a7ba190f5cc0b,61164361.04,61164361.04,0,61164361.04,91110762.4938,154324986.74024,63214224.2464404,667560094.9,667560094.9,1.080596542,0.968389702,0.1312890796,0.1369779131
2025-02-14,21848119,1739577599,Syrup USDT,0x356b8d89c1e1239cbbb9de4815c39a1474d5ba7d,22267828,22267828,0,22267828,37322351.9428,59889771.2470165,22567419.3042165,158146379.11,158146379.11,1.048552595,0.9884202858,0.1105205479,0.1292219447
2025-02-14,21848119,1739577599,High Yield Secured Lending Maple Pool USDC1,0xc39a5a616f0ad1ff45077fa2de3f79ab8eb8b8b9,58975323.52,58975323.52,0,58975323.52,155779084.3256,214937853.549828,59158769.2242279,444439103.89,444439103.89,1.151358226,0.9991934795,0.134047764,0.1388406645
2025-02-13,21840991,1739491199,Syrup USDC,0x80ac24aa929eaf5013f6436cda2a7ba190f5cc0b,60064361.04,60064361.04,0,60064361.04,91782564.69655,153322796.652328,61540231.9557777,640914885.9,640914885.9,1.08023808,0.977433539,0.1226778779,0.1366767299
2025-02-13,21840991,1739491199,High Yield Secured Lending Maple Pool USDC1,0xc39a5a616f0ad1ff45077fa2de3f79ab8eb8b8b9,58975323.52,58975323.52,0,58975323.52,149686540.74185,208824547.596273,59138006.8544232,444439103.89,444439103.89,1.150954145,0.9993154319,0.1307879392,0.1394360733
2025-02-13,21840991,1739491199,Syrup USDT,0x356b8d89c1e1239cbbb9de4815c39a1474d5ba7d,22630100,22630100,0,22630100,35968827.5472,58741404.4799884,22772576.9327884,150743451.11,150743451.11,1.048245918,0.9952851149,0.11149292,0.1301029654
2025-02-12,21833845,1739404799,High Yield Secured Lending Maple Pool USDC1,0xc39a5a616f0ad1ff45077fa2de3f79ab8eb8b8b9,58475323.52,58475323.52,0,58475323.52,150656416.13785,209774021.841049,59117605.7031988,444439103.89,444439103.89,1.150557094,0.9911601002,0.1301426908,0.1389288894
2025-02-12,21833845,1739404799,Syrup USDC,0x80ac24aa929eaf5013f6436cda2a7ba190f5cc0b,60064361.04,60064361.04,0,60064361.04,92326286.15405,153124680.727578,60798394.5735284,640914885.9,640914885.9,1.080015585,0.9892201275,0.1250295666,0.1374375521
2025-02-12,21833845,1739404799,Syrup USDT,0x356b8d89c1e1239cbbb9de4815c39a1474d5ba7d,22630100,22630100,0,22630100,36441691.501,59227612.1620151,22785920.6610151,150743451.11,150743451.11,1.047939139,0.9944099969,0.1137490101,0.1309613505
2025-02-11,21826720,1739318399,Syrup USDC,0x80ac24aa929eaf5013f6436cda2a7ba190f5cc0b,59462615.04,59462615.04,0,59462615.04,95377378.5026,155725855.692995,60348477.1903947,623869676.9,623869676.9,1.079703977,0.9867479185,0.1406651574,0.1371250028
2025-02-11,21826720,1739318399,Syrup USDT,0x356b8d89c1e1239cbbb9de4815c39a1474d5ba7d,22630100,22630100,0,22630100,35431923.609,58631225.2062749,23199301.5972749,150743451.11,150743451.11,1.047633905,0.9763881507,0.1162467255,0.1317760242
2025-02-11,21826720,1739318399,High Yield Secured Lending Maple Pool USDC1,0xc39a5a616f0ad1ff45077fa2de3f79ab8eb8b8b9,56372323.52,56372323.52,0,56372323.52,89569457.4734,147317896.950687,57748439.4772871,423895846.37,423895846.37,1.150187829,0.9783139262,0.1349712869,0.1406512711
2025-02-10,21819559,1739231999,High Yield Secured Lending Maple Pool USDC1,0xc39a5a616f0ad1ff45077fa2de3f79ab8eb8b8b9,56372323.52,56372323.52,0,56372323.52,91537284.28405,148767752.126186,57230467.8421363,423895846.37,423895846.37,1.149776732,0.9869377879,0.1293871777,0.1400176941
2025-02-10,21819559,1739231999,Syrup USDT,0x356b8d89c1e1239cbbb9de4815c39a1474d5ba7d,22630100,22630100,0,22630100,36364272.4642,59987649.5301996,23623377.0659996,150743451.11,150743451.11,1.047335785,0.958573469,0.1192382234,0.132662684
2025-02-10,21819559,1739231999,Syrup USDC,0x80ac24aa929eaf5013f6436cda2a7ba190f5cc0b,56962614.69,56962614.69,0,56962614.69,95018065.45285,153000980.883502,57982915.4306523,611824467.9,611824467.9,1.079185438,0.9837388038,0.1284969331,0.1355793509
2025-02-09,21812397,1739145599,Syrup USDC,0x80ac24aa929eaf5013f6436cda2a7ba190f5cc0b,51452086.04,51452086.04,0,51452086.04,88383781.2099,142095638.103115,53711856.8932152,602279259.25,602279259.25,1.079002989,0.9592069802,0.1330530865,0.139054346
2025-02-09,21812397,1739145599,High Yield Secured Lending Maple Pool USDC1,0xc39a5a616f0ad1ff45077fa2de3f79ab8eb8b8b9,56372323.52,56372323.52,0,56372323.52,90047754.3566,147310086.109306,57262331.7527057,423895846.37,423895846.37,1.149428609,0.9866698999,0.1336108879,0.140145412
2025-02-09,21812397,1739145599,Syrup USDT,0x356b8d89c1e1239cbbb9de4815c39a1474d5ba7d,23625100,23625100,0,23625100,35556263.1935,60502484.2772439,24946221.083744,133693451.11,133693451.11,1.0470144,0.9520154578,0.1213808037,0.1332747557
2025-02-08,21805232,1739059199,High Yield Secured Lending Maple Pool USDC1,0xc39a5a616f0ad1ff45077fa2de3f79ab8eb8b8b9,56372323.52,56372323.52,0,56372323.52,90601363.2599,147817103.151029,57215739.891129,423895846.37,423895846.37,1.148995074,0.9872249052,0.1341338834,0.1417024897
2025-02-08,21805232,1739059199,Syrup USDT,0x356b8d89c1e1239cbbb9de4815c39a1474d5ba7d,23625100,23625100,0,23625100,35717504.7815,60808163.6988978,25090658.9173978,133693451.11,133693451.11,1.046729168,0.9462480401,0.1240357945,0.1343844455
2025-02-08,21805232,1739059199,Syrup USDC,0x80ac24aa929eaf5013f6436cda2a7ba190f5cc0b,51452086.04,51452086.04,0,51452086.04,88145622.0141,142223294.739843,54077672.7257426,602279259.25,602279259.25,1.078719466,0.9525481138,0.1473975969,0.1411821665
2025-02-07,21798074,1738972799,Syrup USDC,0x80ac24aa929eaf5013f6436cda2a7ba190f5cc0b,51452086.04,51452086.04,0,51452086.04,88059202.59715,140342151.754514,52282949.1573642,596279259.25,596279259.25,1.078043125,0.9859720453,0.1292145519,0.137553627
2025-02-07,21798074,1738972799,High Yield Secured Lending Maple Pool USDC1,0xc39a5a616f0ad1ff45077fa2de3f79ab8eb8b8b9,56372323.52,56372323.52,0,56372323.52,90807920.71085,148000718.411892,57192797.7010424,423895846.37,423895846.37,1.148583951,0.9873713687,0.1294104684,0.1411094222
2025-02-07,21798074,1738972799,Syrup USDT,0x356b8d89c1e1239cbbb9de4815c39a1474d5ba7d,23625100,23625100,0,23625100,38129347.3415,63582284.2737726,25452936.9322726,133693451.11,133693451.11,1.046446685,0.932463257,0.1270362262,0.1354667677
2025-02-06,21790905,1738886399,Syrup USDC,0x80ac24aa929eaf5013f6436cda2a7ba190f5cc0b,50017456,50017456,0,50017456,85794128.4356,136832576.06397,51038447.62837,594844579.21,594844579.21,1.077843446,0.9817137184,0.1315706571,0.1393583088
2025-02-06,21790905,1738886399,Syrup USDT,0x356b8d89c1e1239cbbb9de4815c39a1474d5ba7d,25175100,25175100,0,25175100,38391560.225,63936439.6823107,25544879.4573107,127693451.11,127693451.11,1.046123064,0.9902674154,0.1294708917,0.1360382049
2025-02-06,21790905,1738886399,High Yield Secured Lending Maple Pool USDC1,0xc39a5a616f0ad1ff45077fa2de3f79ab8eb8b8b9,56372323.52,56372323.52,0,56372323.52,90116611.3258,146579125.938742,56462514.6129417,423895846.37,423895846.37,1.148244233,0.9999077741,0.1379735736,0.1414159661
2025-02-05,21783739,1738799999,Syrup USDC,0x80ac24aa929eaf5013f6436cda2a7ba190f5cc0b,49817456,49817456,0,49817456,89069265.01215,139431601.906681,50362336.8945312,592244529.21,592244529.21,1.077578199,0.9908305205,0.144941752,0.1396271743
2025-02-05,21783739,1738799999,High Yield Secured Lending Maple Pool USDC1,0xc39a5a616f0ad1ff45077fa2de3f79ab8eb8b8b9,56277399,56277399,0,56277399,94308909.82385,150752786.359249,56443876.5353987,403352588.85,403352588.85,1.147860682,0.9998116246,0.1366190808,0.1411999639
2025-02-05,21783739,1738799999,Syrup USDT,0x356b8d89c1e1239cbbb9de4815c39a1474d5ba7d,25125100,25125100,0,25125100,39891376.41,65577626.8467228,25686250.4367228,127343451.11,127343451.11,1.045776238,0.98395524,0.1308464828,0.1362887068
2025-02-04,21776574,1738713599,High Yield Secured Lending Maple Pool USDC1,0xc39a5a616f0ad1ff45077fa2de3f79ab8eb8b8b9,54279399,54279399,0,54279399,81903525.2959,138268069.57384,56364544.2779403,384947255.85,384947255.85,1.147398461,0.9655536947,0.1359673412,0.1415936231
2025-02-04,21776574,1738713599,Syrup USDC,0x80ac24aa929eaf5013f6436cda2a7ba190f5cc0b,49817456,49817456,0,49817456,91122795.07045,141045071.061465,49922275.9910154,592244529.21,592244529.21,1.076982179,0.999379755,0.1348914585,0.1355876113
2025-02-04,21776574,1738713599,Syrup USDT,0x356b8d89c1e1239cbbb9de4815c39a1474d5ba7d,24909900,24909900,0,24909900,39150356.8875,64358080.5421014,25207723.6546014,127128251.11,127128251.11,1.04542672,0.9938184431,0.1322794087,0.1364467175
2025-02-03,21769421,1738627199,Syrup USDT,0x356b8d89c1e1239cbbb9de4815c39a1474d5ba7d,23909900,23909900,0,23909900,36840938.5175,60969029.177761,24128090.660261,123278251.11,123278251.11,1.045075586,0.996517268,0.1334427803,0.1365399443
2025-02-03,21769421,1738627199,Syrup USDC,0x80ac24aa929eaf5013f6436cda2a7ba190f5cc0b,49817456,49817456,0,49817456,92610554.6643,143579067.337127,50968512.672827,592244529.21,592244529.21,1.076686381,0.9797597305,0.131731849,0.1346721894
2025-02-03,21769421,1738627199,High Yield Secured Lending Maple Pool USDC1,0xc39a5a616f0ad1ff45077fa2de3f79ab8eb8b8b9,54279399,54279399,0,54279399,82868345.1747,137286047.461752,54417702.2870525,384947255.85,384947255.85,1.14709686,0.99992582,0.1482441035,0.1423750153
2025-02-02,21762264,1738540799,High Yield Secured Lending Maple Pool USDC1,0xc39a5a616f0ad1ff45077fa2de3f79ab8eb8b8b9,53371985.06,53371985.06,0,53371985.06,76052406.6149,130457737.213465,54405330.5985646,365541922.85,365541922.85,1.146667457,0.9850318289,0.1446449608,0.1416071336
2025-02-02,21762264,1738540799,Syrup USDC,0x80ac24aa929eaf5013f6436cda2a7ba190f5cc0b,59082751.24,59082751.24,0,59082751.24,99941481.574,159187950.51271,59246468.9387102,586061827.97,586061827.97,1.076421174,0.9997718997,0.1292305019,0.134177928
2025-02-02,21762264,1738540799,Syrup USDT,0x356b8d89c1e1239cbbb9de4815c39a1474d5ba7d,25350000,25350000,0,25350000,34364706.2625,60022422.8288735,25657716.5663735,120428251.11,120428251.11,1.044716576,0.9928988032,0.1340818015,0.136512513
2025-02-01,21755110,1738454399,Syrup USDC,0x80ac24aa929eaf5013f6436cda2a7ba190f5cc0b,59082751.24,59082751.24,0,59082751.24,106394405.1062,165828938.326397,59434533.2201967,586061827.97,586061827.97,1.075878719,0.9970968668,0.1264644988,0.1343175095
2025-02-01,21755110,1738454399,Syrup USDT,0x356b8d89c1e1239cbbb9de4815c39a1474d5ba7d,22500050,22500050,0,22500050,36547659.795,62421274.3062777,25873614.5112777,120428251.11,120428251.11,1.044384603,0.8736053622,0.1361561451,0.1368498236
2025-02-01,21755110,1738454399,High Yield Secured Lending Maple Pool USDC1,0xc39a5a616f0ad1ff45077fa2de3f79ab8eb8b8b9,53371985.06,53371985.06,0,53371985.06,81640535.3171,136024864.556597,54384329.2394967,365541922.85,365541922.85,1.146224824,0.9851418668,0.1406951186,0.140558542
2025-01-31,21747949,1738367999,Syrup USDT,0x356b8d89c1e1239cbbb9de4815c39a1474d5ba7d,22500050,22500050,0,22500050,37636378.02,61121600.3712628,23485222.3512628,120428251.11,120428251.11,1.044049375,0.965305242,0.1382513361,0.1371030398
2025-01-31,21747949,1738367999,Syrup USDC,0x80ac24aa929eaf5013f6436cda2a7ba190f5cc0b,59082751.24,59082751.24,0,59082751.24,109739520.7594,169505908.366204,59766387.606804,586061827.97,586061827.97,1.075533602,0.9917784863,0.1383174522,0.1368301096
2025-01-31,21747949,1738367999,High Yield Secured Lending Maple Pool USDC1,0xc39a5a616f0ad1ff45077fa2de3f79ab8eb8b8b9,53371985.06,53371985.06,0,53371985.06,84775718.4489,138345098.439073,53569379.9901728,365541922.85,365541922.85,1.145906406,0.9999069188,0.1431998551,0.1409510051
2025-01-30,21740792,1738281599,High Yield Secured Lending Maple Pool USDC1,0xc39a5a616f0ad1ff45077fa2de3f79ab8eb8b8b9,53337881.95,53337881.95,0,53337881.95,88780363.97495,142326142.57585,53545778.6009004,351200037.79,351200037.79,1.145401547,0.9999679431,0.1454917027,0.1390802177
2025-01-30,21740792,1738281599,Syrup USDT,0x356b8d89c1e1239cbbb9de4815c39a1474d5ba7d,22500050,22500050,0,22500050,37631022.86,60823920.9402976,23192898.0802976,120428251.11,120428251.11,1.043683302,0.9772179258,0.1387453498,0.1369337228
2025-01-30,21740792,1738281599,Syrup USDC,0x80ac24aa929eaf5013f6436cda2a7ba190f5cc0b,62582751.24,62582751.24,0,62582751.24,114909160.658,177726440.882521,62817280.2245206,577579126.73,577579126.73,1.075291403,0.9997340591,0.1479972084,0.1365848614
2025-01-29,21733626,1738195199,High Yield Secured Lending Maple Pool USDC1,0xc39a5a616f0ad1ff45077fa2de3f79ab8eb8b8b9,49943420,49943420,0,49943420,82575429.67825,132715931.476157,50140501.7979066,342892255.84,342892255.84,1.145045099,0.9999023614,0.1448564031,0.1391010913
2025-01-29,21733626,1738195199,Syrup USDC,0x80ac24aa929eaf5013f6436cda2a7ba190f5cc0b,66282751.24,66282751.24,0,66282751.24,115089400.7576,181873753.797746,66784353.0401464,555413724.25,555413724.25,1.074784622,0.9956030339,0.1510599749,0.1365264561
2025-01-29,21733626,1738195199,Syrup USDT,0x356b8d89c1e1239cbbb9de4815c39a1474d5ba7d,22500050,22500050,0,22500050,36240241.1775,59031996.3499004,22791755.1724004,120428251.11,120428251.11,1.04331293,0.9941857304,0.1389637927,0.1367125825
2025-01-28,21726465,1738108799,High Yield Secured Lending Maple Pool USDC1,0xc39a5a616f0ad1ff45077fa2de3f79ab8eb8b8b9,49943420,49943420,0,49943420,83238614.5124,133472727.14999,50234112.6375905,342892255.84,342892255.84,1.144596602,0.999946049,0.1447713213,0.1380031557
2025-01-28,21726465,1738108799,Syrup USDC,0x80ac24aa929eaf5013f6436cda2a7ba190f5cc0b,66282751.24,66282751.24,0,66282751.24,116892046.0842,184048718.460486,67156672.3762864,555413724.25,555413724.25,1.074371794,0.9898642551,0.1443574599,0.1385624872
2025-01-28,21726465,1738108799,Syrup USDT,0x356b8d89c1e1239cbbb9de4815c39a1474d5ba7d,22500050,22500050,0,22500050,36630902.7725,59483979.7491942,22853076.9766942,120428201.11,120428201.11,1.042938907,0.9919002633,0.1389745129,0.1364081658
2025-01-27,21719303,1738022399,Syrup USDT,0x356b8d89c1e1239cbbb9de4815c39a1474d5ba7d,22500050,22500050,0,22500050,35160459.1225,57923825.944428,22763366.821928,120428201.11,120428201.11,1.042568076,0.995478161,0.1391605652,0.1361288741
2025-01-27,21719303,1738022399,Syrup USDC,0x80ac24aa929eaf5013f6436cda2a7ba190f5cc0b,64782751.24,64782751.24,0,64782751.24,111145127.326,177102977.974509,65957850.6485085,543231023.01,543231023.01,1.074134144,0.9849162535,0.1438767718,0.1408405289
2025-01-27,21719303,1738022399,High Yield Secured Lending Maple Pool USDC1,0xc39a5a616f0ad1ff45077fa2de3f79ab8eb8b8b9,48080420,48080420,0,48080420,77439275.959,125793609.887828,48354333.928828,332831615.84,332831615.84,1.144059864,0.9999854757,0.1446610602,0.1358263104
2025-01-26,21712129,1737935999,Syrup USDC,0x80ac24aa929eaf5013f6436cda2a7ba190f5cc0b,63182751.24,63182751.24,0,63182751.24,118707238.1154,182538533.807063,63831295.6916634,532548321.77,532548321.77,1.073915135,0.9925479018,0.1497592516,0.1415347878
2025-01-26,21712129,1737935999,Syrup USDT,0x356b8d89c1e1239cbbb9de4815c39a1474d5ba7d,22500050,22500050,0,22500050,37786724.6625,60981912.7034398,23195188.0409398,120428201.11,120428201.11,1.042198661,0.9764690485,0.1392206562,0.1358431512
2025-01-26,21712129,1737935999,High Yield Secured Lending Maple Pool USDC1,0xc39a5a616f0ad1ff45077fa2de3f79ab8eb8b8b9,47830600,47830600,0,47830600,85109534.56285,133201546.437589,48092011.8747389,324046975.84,324046975.84,1.143700454,0.9999994853,0.1447910517,0.1357936832
2025-01-25,21704966,1737849599,Syrup USDC,0x80ac24aa929eaf5013f6436cda2a7ba190f5cc0b,63182751.24,63182751.24,0,63182751.24,117504990.8732,181081892.379649,63576901.5064485,532548321.77,532548321.77,1.073424428,0.9963237336,0.1458462595,0.1387112258
2025-01-25,21704966,1737849599,High Yield Secured Lending Maple Pool USDC1,0xc39a5a616f0ad1ff45077fa2de3f79ab8eb8b8b9,47830600,47830600,0,47830600,84889957.33735,132966591.914168,48076634.5768177,324046975.84,324046975.84,1.143334759,0.9999994853,0.1446981303,0.1356857957
2025-01-25,21704966,1737849599,Syrup USDT,0x356b8d89c1e1239cbbb9de4815c39a1474d5ba7d,22500050,22500050,0,22500050,37729323.2575,60930743.7106986,23201420.4531986,120428201.11,120428201.11,1.041830975,0.9758586183,0.1391043868,0.1355439349
2025-01-24,21697804,1737763199,Syrup USDC,0x80ac24aa929eaf5013f6436cda2a7ba190f5cc0b,63182751.24,63182751.24,0,63182751.24,121850161.8836,185424807.884168,63574646.0005676,532548321.77,532548321.77,1.072864707,0.9961526207,0.1499052924,0.1361247897
2025-01-24,21697804,1737763199,Syrup USDT,0x356b8d89c1e1239cbbb9de4815c39a1474d5ba7d,22500050,22500050,0,22500050,38509234.7725,61148712.7026244,22639477.9301244,120428201.11,120428201.11,1.041459767,0.9998729682,0.1387724121,0.1351755211
2025-01-24,21697804,1737763199,High Yield Secured Lending Maple Pool USDC1,0xc39a5a616f0ad1ff45077fa2de3f79ab8eb8b8b9,47830600,47830600,0,47830600,86874960.7156,134936217.994496,48061257.2788965,324046975.84,324046975.84,1.142969064,0.9999994853,0.1442702881,0.135579874
2025-01-23,21690636,1737676799,Syrup USDC,0x80ac24aa929eaf5013f6436cda2a7ba190f5cc0b,62350100,62350100,0,62350100,114212842.4586,177275050.186451,63062207.7278515,523465620.53,523465620.53,1.072448938,0.9908508403,0.1470656266,0.1344429108
2025-01-23,21690636,1737676799,High Yield Secured Lending Maple Pool USDC1,0xc39a5a616f0ad1ff45077fa2de3f79ab8eb8b8b9,47825936.66,47825936.66,0,47825936.66,81580157.3321,129622393.206118,48042235.8740177,317150639.18,317150639.18,1.142421619,0.9999995855,0.1444555989,0.1358360089
2025-01-23,21690636,1737676799,Syrup USDT,0x356b8d89c1e1239cbbb9de4815c39a1474d5ba7d,22650000,22650000,0,22650000,36791566.21,59672345.149882,22880778.939882,120278201.11,120278201.11,1.041085939,0.9955028811,0.1383596818,0.1347678776
2025-01-22,21683471,1737590399,High Yield Secured Lending Maple Pool USDC1,0xc39a5a616f0ad1ff45077fa2de3f79ab8eb8b8b9,43480150,43480150,0,43480150,80091466.36525,128119242.74586,48027776.3806096,312804802.52,312804802.52,1.142078249,0.909133266,0.1447811036,0.1385835303
2025-01-22,21683471,1737590399,Syrup USDC,0x80ac24aa929eaf5013f6436cda2a7ba190f5cc0b,60850100,60850100,0,60850100,116831925.1974,179543715.891337,62711790.693937,515215570.53,515215570.53,1.071888724,0.9722757495,0.1368783222,0.130149094
2025-01-22,21683471,1737590399,Syrup USDT,0x356b8d89c1e1239cbbb9de4815c39a1474d5ba7d,22650000,22650000,0,22650000,37976795.0025,60849350.1052587,22872555.1027587,120278201.11,120278201.11,1.040712661,0.9955037562,0.1382655382,0.1343560923
2025-01-21,21676305,1737503999,Syrup USDC,0x80ac24aa929eaf5013f6436cda2a7ba190f5cc0b,62135100,62135100,0,62135100,115102969.1032,177623900.630475,62520931.5272745,515215570.53,515215570.53,1.07159702,0.9956695175,0.1391229622,0.1301255891
2025-01-21,21676305,1737503999,High Yield Secured Lending Maple Pool USDC1,0xc39a5a616f0ad1ff45077fa2de3f79ab8eb8b8b9,47452232.46,47452232.46,0,47452232.46,83650079.5861,131350430.530252,47700350.944152,308832670.06,308832670.06,1.141632542,0.9987427506,0.1449987698,0.1426977322
2025-01-21,21676305,1737503999,Syrup USDT,0x356b8d89c1e1239cbbb9de4815c39a1474d5ba7d,22650000,22650000,0,22650000,37668509.4525,60532860.7181353,22864351.2656353,120278201.11,120278201.11,1.040339382,0.9955037562,0.1381397317,0.1339728677
2025-01-20,21669146,1737417599,Syrup USDC,0x80ac24aa929eaf5013f6436cda2a7ba190f5cc0b,62135100,62135100,0,62135100,120475935.1466,182964589.085085,62488653.9384848,515215570.53,515215570.53,1.071368615,0.9959966319,0.1419667933,0.1300750209
2025-01-20,21669146,1737417599,High Yield Secured Lending Maple Pool USDC1,0xc39a5a616f0ad1ff45077fa2de3f79ab8eb8b8b9,47452232.46,47452232.46,0,47452232.46,86103026.55385,133731105.30071,47628078.7468597,308832670.06,308832670.06,1.141099301,0.9999514683,0.1355597269,0.1431575439
2025-01-20,21669146,1737417599,Syrup USDT,0x356b8d89c1e1239cbbb9de4815c39a1474d5ba7d,22650000,22650000,0,22650000,38752821.44,61603341.079892,22850519.639892,120278201.11,120278201.11,1.039966217,0.9957500553,0.137923065,0.1364950469
2025-01-19,21661974,1737331199,High Yield Secured Lending Maple Pool USDC1,0xc39a5a616f0ad1ff45077fa2de3f79ab8eb8b8b9,46981121.21,46981121.21,0,46981121.21,81399264.2486,128601323.946563,47202059.6979627,304110537.6,304110537.6,1.140738337,0.998935994,0.1432129956,0.1457214107
2025-01-19,21661974,1737331199,Syrup USDC,0x80ac24aa929eaf5013f6436cda2a7ba190f5cc0b,63135100,63135100,0,63135100,123649327.254,188186149.048944,64536821.7949436,507465520.53,507465520.53,1.071044804,0.9804025431,0.1398067042,0.1300404649
2025-01-19,21661974,1737331199,Syrup USDT,0x356b8d89c1e1239cbbb9de4815c39a1474d5ba7d,22950000,22950000,0,22950000,36876913.9275,60281770.3723003,23404856.4448003,119828201.11,119828201.11,1.039596673,0.9846053555,0.137631887,0.1382937608
2025-01-18,21654814,1737244799,High Yield Secured Lending Maple Pool USDC1,0xc39a5a616f0ad1ff45077fa2de3f79ab8eb8b8b9,46981121.21,46981121.21,0,46981121.21,85088141.2001,132305176.129183,47217034.929083,298110537.6,298110537.6,1.140375364,0.9997619537,0.1428299353,0.1482635578
2025-01-18,21654814,1737244799,Syrup USDT,0x356b8d89c1e1239cbbb9de4815c39a1474d5ba7d,22950000,22950000,0,22950000,37948619.2075,61485754.4641237,23537135.2566237,119828201.11,119828201.11,1.039231939,0.9787047899,0.1375172451,0.1383902057
2025-01-18,21654814,1737244799,Syrup USDC,0x80ac24aa929eaf5013f6436cda2a7ba190f5cc0b,63135100,63135100,0,63135100,116030817.721,179692388.171168,63661570.4501683,507465520.53,507465520.53,1.070625405,0.9947745908,0.1384360389,0.130378045
2025-01-17,21647653,1737158399,Syrup USDC,0x80ac24aa929eaf5013f6436cda2a7ba190f5cc0b,63135100,63135100,0,63135100,113331601.632,176840140.04418,63508538.4121797,507465520.53,507465520.53,1.069994578,0.9982472418,0.128437457,0.130115937
2025-01-17,21647653,1737158399,High Yield Secured Lending Maple Pool USDC1,0xc39a5a616f0ad1ff45077fa2de3f79ab8eb8b8b9,46981121.21,46981121.21,0,46981121.21,87523698.6792,134725969.660823,47202270.9816232,298110537.6,298110537.6,1.140018789,0.9997619537,0.1427880217,0.1504900833
2025-01-17,21647653,1737158399,Syrup USDT,0x356b8d89c1e1239cbbb9de4815c39a1474d5ba7d,22950000,22950000,0,22950000,38718083.0825,62230293.6702181,23512210.5877181,119828201.11,119828201.11,1.038867465,0.979401275,0.1375488607,0.138473093
2025-01-16,21640491,1737071999,Syrup USDT,0x356b8d89c1e1239cbbb9de4815c39a1474d5ba7d,22950000,22950000,0,22950000,37735603.7375,60892751.1645114,23157147.4270115,119828201.11,119828201.11,1.038501787,0.9941146125,0.1375989808,0.1385587472
2025-01-16,21640491,1737071999,High Yield Secured Lending Maple Pool USDC1,0xc39a5a616f0ad1ff45077fa2de3f79ab8eb8b8b9,45981121.21,45981121.21,0,45981121.21,84174398.63145,131353914.738432,47179516.106982,297110537.6,297110537.6,1.139469218,0.9786484808,0.1432188533,0.1502249877
2025-01-16,21640491,1737071999,Syrup USDC,0x80ac24aa929eaf5013f6436cda2a7ba190f5cc0b,63135100,63135100,0,63135100,110825584.0246,174515354.086991,63689770.0623906,507465520.53,507465520.53,1.069630639,0.995183685,0.1329184929,0.1330216113
2025-01-15,21633325,1736985599,High Yield Secured Lending Maple Pool USDC1,0xc39a5a616f0ad1ff45077fa2de3f79ab8eb8b8b9,46732845.65,46732845.65,0,46732845.65,81211173.0302,128376251.478765,47165078.4485651,292857741.95,292857741.95,1.139120523,0.9946789298,0.1437618273,0.1498610024
2025-01-15,21633325,1736985599,Syrup USDT,0x356b8d89c1e1239cbbb9de4815c39a1474d5ba7d,22950000,22950000,0,22950000,36431738.6575,59485904.8731349,23054166.2156349,119828201.11,119828201.11,1.038131081,0.9982107402,0.1370809733,0.1386268048
2025-01-15,21633325,1736985599,Syrup USDC,0x80ac24aa929eaf5013f6436cda2a7ba190f5cc0b,61876100,61876100,0,61876100,102749277.251,165360416.676323,62611139.4253233,498115420.53,498115420.53,1.069254815,0.9920272932,0.1337461226,0.1357783016
2024-11-22,21246710,1732319999,Syrup USDT,0x356b8d89c1e1239cbbb9de4815c39a1474d5ba7d,24250050,24250050,0,24250050,41030509.5825,65794689.9998084,24764180.4173084,73828101.11,73828101.11,1.019002636,0.9811088683,0.1569916736,0.1028991975
2024-11-21,21239548,1732233599,Syrup USDC,0x80ac24aa929eaf5013f6436cda2a7ba190f5cc0b,69250100,69250100,0,69250100,110234549.357042,179857695.731626,69623146.3745842,386767306.35,386767306.35,1.049688267,0.9981127595,0.09779512389,0.09395660545
2024-11-21,21239548,1732233599,Syrup USDT,0x356b8d89c1e1239cbbb9de4815c39a1474d5ba7d,24250050,24250050,0,24250050,44541755.19,68835023.8925223,24293268.7025223,73828101.11,73828101.11,1.018403143,0.999936472,0.1336110311,0.0974934968
2024-11-21,21239548,1732233599,High Yield Secured Lending Maple Pool USDC1,0xc39a5a616f0ad1ff45077fa2de3f79ab8eb8b8b9,50175050,50175050,0,50175050,101637878.22556,152010126.712468,50372248.4869084,189026769.85,189026769.85,1.117349825,0.9999996343,0.1709918924,0.119681935
2024-11-20,21232385,1732147199,Syrup USDC,0x80ac24aa929eaf5013f6436cda2a7ba190f5cc0b,65250100,65250100,0,65250100,106502266.117588,176133305.323555,69631039.2059668,386767306.35,386767306.35,1.049373343,0.9402325308,0.0947901817,0.09470669521
2024-11-20,21232385,1732147199,Syrup USDT,0x356b8d89c1e1239cbbb9de4815c39a1474d5ba7d,24250050,24250050,0,24250050,43146844.9775,67448043.1185433,24301198.1410433,73828101.11,73828101.11,1.017754444,0.9993822098,0.1073238334,0.094404927
2024-11-20,21232385,1732147199,High Yield Secured Lending Maple Pool USDC1,0xc39a5a616f0ad1ff45077fa2de3f79ab8eb8b8b9,50175050,50175050,0,50175050,99735832.3855775,150094770.60669,50358938.2211124,189026769.85,189026769.85,1.116722108,0.9999996317,0.1527739116,0.1193878602
2024-11-19,21225225,1732060799,High Yield Secured Lending Maple Pool USDC1,0xc39a5a616f0ad1ff45077fa2de3f79ab8eb8b8b9,50175050,50175050,0,50175050,99701372.8371325,150050030.13085,50348657.2937173,189026769.85,189026769.85,1.116094484,0.9999392574,0.1469485512,0.1147992213
2024-11-19,21225225,1732060799,Syrup USDT,0x356b8d89c1e1239cbbb9de4815c39a1474d5ba7d,27250050,27250050,0,27250050,50294577.0475,77596754.5386325,27302177.4911325,73828101.11,73828101.11,1.017154782,0.9997654916,0.0843960093,0.08872594738
2024-11-19,21225225,1732060799,Syrup USDC,0x80ac24aa929eaf5013f6436cda2a7ba190f5cc0b,69250100,69250100,0,69250100,112334854.684034,181882610.339426,69547755.6553917,375267306.35,375267306.35,1.049118126,0.9997917494,0.09478665976,0.09434483304
2024-11-18,21218049,1731974399,Syrup USDT,0x356b8d89c1e1239cbbb9de4815c39a1474d5ba7d,28100050,28100050,0,28100050,51126957.223,79411048.3716828,28284091.1486828,73828101.11,73828101.11,1.01692242,0.996408133,0.08192234909,0.08784937055
2024-11-18,21218049,1731974399,High Yield Secured Lending Maple Pool USDC1,0xc39a5a616f0ad1ff45077fa2de3f79ab8eb8b8b9,50175050,50175050,0,50175050,97131662.985655,147467009.883777,50335346.8981223,189026769.85,189026769.85,1.115799429,0.9999392574,0.161877821,0.1142605758
2024-11-18,21218049,1731974399,Syrup USDC,0x80ac24aa929eaf5013f6436cda2a7ba190f5cc0b,69250100,69250100,0,69250100,110537601.798286,180062883.680588,69525281.8823018,371267306.35,371267306.35,1.04885431,0.9999996504,0.09402967721,0.09399768424
2024-11-17,21210874,1731887999,Syrup USDC,0x80ac24aa929eaf5013f6436cda2a7ba190f5cc0b,69250100,69250100,0,69250100,117634354.052924,187297242.454247,69662888.4013231,371267306.35,371267306.35,1.04859095,0.9977650332,0.09341426298,0.09373915151
2024-11-17,21210874,1731887999,Syrup USDT,0x356b8d89c1e1239cbbb9de4815c39a1474d5ba7d,28100050,28100050,0,28100050,53644303.7745,81899014.736587,28254710.962087,66978101.11,66978101.11,1.016584988,0.9972361969,0.07406533647,0.08560722102
2024-11-17,21210874,1731887999,High Yield Secured Lending Maple Pool USDC1,0xc39a5a616f0ad1ff45077fa2de3f79ab8eb8b8b9,48890050,48890050,0,48890050,95626968.4834325,145938917.892372,50311949.4089396,187741769.85,187741769.85,1.115280769,0.9745345421,0.1527304046,0.1110087995
2024-11-16,21203703,1731801599,High Yield Secured Lending Maple Pool USDC1,0xc39a5a616f0ad1ff45077fa2de3f79ab8eb8b8b9,48890050,48890050,0,48890050,94843092.6205375,145142199.590396,50299106.9698583,187741769.85,187741769.85,1.114996087,0.9745345421,0.1544847344,0.1140741648
2024-11-16,21203703,1731801599,Syrup USDC,0x80ac24aa929eaf5013f6436cda2a7ba190f5cc0b,69250100,69250100,0,69250100,118198191.13582,188591148.070927,70392956.9351073,371267306.35,371267306.35,1.048328343,0.9871327324,0.09271837964,0.09556665923
2024-11-16,21203703,1731801599,Syrup USDT,0x356b8d89c1e1239cbbb9de4815c39a1474d5ba7d,28100050,28100050,0,28100050,53125061.4775,81373044.0090611,28247982.5315611,66978101.11,66978101.11,1.016370443,0.9972632884,0.07316968686,0.08776689411
2024-11-15,21196531,1731715199,Syrup USDT,0x356b8d89c1e1239cbbb9de4815c39a1474d5ba7d,28100050,28100050,0,28100050,52088991.3785,80820276.1777152,28731284.7992152,66978101.11,66978101.11,1.016156864,0.9802424639,0.0721067974,0.08723176235
2024-11-15,21196531,1731715199,High Yield Secured Lending Maple Pool USDC1,0xc39a5a616f0ad1ff45077fa2de3f79ab8eb8b8b9,48890050,48890050,0,48890050,92661096.0961225,142942075.851061,50280979.754938,187741769.85,187741769.85,1.114594255,0.9746372128,0.1456628021,0.1124162539
2024-11-15,21196531,1731715199,Syrup USDC,0x80ac24aa929eaf5013f6436cda2a7ba190f5cc0b,69250100,69250100,0,69250100,116432442.735662,187650825.931456,71218383.1957936,371267306.35,371267306.35,1.048069578,0.9754127547,0.09164910248,0.09551075837
2024-11-14,21189371,1731628799,High Yield Secured Lending Maple Pool USDC1,0xc39a5a616f0ad1ff45077fa2de3f79ab8eb8b8b9,50140050,50140050,0,50140050,96750115.9875325,147374043.977354,50623927.9898216,187741769.85,187741769.85,1.113972407,0.9926547171,0.1253524254,0.1080035612
2024-11-14,21189371,1731628799,Syrup USDC,0x80ac24aa929eaf5013f6436cda2a7ba190f5cc0b,77250100,77250100,0,77250100,127221850.316854,205326574.329789,78104724.0129354,366267306.35,366267306.35,1.047811649,0.9926200873,0.09000789278,0.09538562234
2024-11-14,21189371,1731628799,Syrup USDT,0x356b8d89c1e1239cbbb9de4815c39a1474d5ba7d,32100050,32100050,0,32100050,61672802.2645,95820020.683613,34147218.419113,62478101.11,62478101.11,1.015956737,0.9424910242,0.07183859295,0.08687371817
2024-11-13,21182212,1731542399,Syrup USDT,0x356b8d89c1e1239cbbb9de4815c39a1474d5ba7d,33671000,33671000,0,33671000,60988099.8875,95128925.7506581,34140825.8631581,60907101.11,60907101.11,1.015766544,0.9897392539,0.07161148415,0.08896635078
2024-11-13,21182212,1731542399,Syrup USDC,0x80ac24aa929eaf5013f6436cda2a7ba190f5cc0b,77550100,77550100,0,77550100,123684643.61665,201666044.510538,77981400.8938883,360967256.35,360967256.35,1.047552353,0.9982869395,0.08956435761,0.09713339732
2024-11-13,21182212,1731542399,High Yield Secured Lending Maple Pool USDC1,0xc39a5a616f0ad1ff45077fa2de3f79ab8eb8b8b9,50140050,50140050,0,50140050,95092600.3112875,145332395.558586,50239795.2472988,187741769.85,187741769.85,1.113681435,0.9999996375,0.1263673275,0.1138018444
2024-11-12,21175045,1731455999,Syrup USDC,0x80ac24aa929eaf5013f6436cda2a7ba190f5cc0b,77250100,77250100,0,77250100,122175242.99943,200037712.064211,77862469.064781,354967206.35,354967206.35,1.047297643,0.995873899,0.08946043251,0.09688226792
2024-11-12,21175045,1731455999,Syrup USDT,0x356b8d89c1e1239cbbb9de4815c39a1474d5ba7d,33671000,33671000,0,33671000,61114021.99,94921969.2976441,33807947.3076441,60907101.11,60907101.11,1.015575484,0.9993291533,0.07127252303,0.08855598436
2024-11-12,21175045,1731455999,High Yield Secured Lending Maple Pool USDC1,0xc39a5a616f0ad1ff45077fa2de3f79ab8eb8b8b9,50161877.13,50161877.13,0,50161877.13,90384271.7603374,140712171.033442,50327899.2731049,169524892.72,169524892.72,1.113163669,0.9997269538,0.1120823276,0.110739086
2024-11-11,21167883,1731369599,Syrup USDC,0x80ac24aa929eaf5013f6436cda2a7ba190f5cc0b,75600100,75600100,0,75600100,110992322.71155,187155370.984082,76163048.2725317,348317156.35,348317156.35,1.047048174,0.9961917348,0.08961470994,0.09675669564
2024-11-11,21167883,1731369599,Syrup USDT,0x356b8d89c1e1239cbbb9de4815c39a1474d5ba7d,33671000,33671000,0,33671000,59489474.555,93291177.3612384,33801702.8062383,59336101.11,59336101.11,1.015387954,0.9993292046,0.07293896909,0.08821108681
2024-11-11,21167883,1731369599,High Yield Secured Lending Maple Pool USDC1,0xc39a5a616f0ad1ff45077fa2de3f79ab8eb8b8b9,50161877.13,50161877.13,0,50161877.13,89990544.2213124,140389226.77817,50398682.5568573,169524892.72,169524892.72,1.112593407,0.9983754632,0.09528807505,0.1070741421
2024-11-10,21160714,1731283199,High Yield Secured Lending Maple Pool USDC1,0xc39a5a616f0ad1ff45077fa2de3f79ab8eb8b8b9,50161877.13,50161877.13,0,50161877.13,92715206.1187749,143228064.372156,50512858.2533808,169524892.72,169524892.72,1.112244825,0.9963986351,0.09417159782,0.106097987
2024-11-10,21160714,1731283199,Syrup USDT,0x356b8d89c1e1239cbbb9de4815c39a1474d5ba7d,33600000,33600000,0,33600000,60480537.045,94231884.2872526,33751347.2422526,57765101.11,57765101.11,1.015192926,0.9986373916,0.07250867135,0.08777020843
2024-11-10,21160714,1731283199,Syrup USDC,0x80ac24aa929eaf5013f6436cda2a7ba190f5cc0b,79400050,79400050,0,79400050,122443989.51239,202859286.217451,80415296.7050614,342017106.35,342017106.35,1.046796564,0.9906292562,0.08989308708,0.09660750617
2024-11-09,21153541,1731196799,Syrup USDT,0x356b8d89c1e1239cbbb9de4815c39a1474d5ba7d,33600000,33600000,0,33600000,58201556.04,91911402.984709,33709846.944709,57765101.11,57765101.11,1.014994914,0.9996748909,0.08069685553,0.08919218248
2024-11-09,21153541,1731196799,High Yield Secured Lending Maple Pool USDC1,0xc39a5a616f0ad1ff45077fa2de3f79ab8eb8b8b9,50161877.13,50161877.13,0,50161877.13,88903808.4395874,139702228.916347,50798420.4767599,169524892.72,169524892.72,1.111928488,0.9905668445,0.09060513933,0.1130806337
2024-11-09,21153541,1731196799,Syrup USDC,0x80ac24aa929eaf5013f6436cda2a7ba190f5cc0b,79400050,79400050,0,79400050,118387576.92799,198067253.018614,79679676.0906239,342017106.35,342017106.35,1.046547184,0.999565493,0.08967019138,0.09790953679
2024-11-08,21146367,1731110399,High Yield Secured Lending Maple Pool USDC1,0xc39a5a616f0ad1ff45077fa2de3f79ab8eb8b8b9,50161877.13,50161877.13,0,50161877.13,88673339.4901899,138992214.385217,50318874.8950269,169524892.72,169524892.72,1.111691292,0.9998212135,0.09109516796,0.1134505854
2024-11-08,21146367,1731110399,Syrup USDT,0x356b8d89c1e1239cbbb9de4815c39a1474d5ba7d,33600000,33600000,0,33600000,58353959.507,92763111.9657793,34409152.4587793,57765101.11,57765101.11,1.014800908,0.9791118682,0.08939343028,0.08884657358
2024-11-08,21146367,1731110399,Syrup USDC,0x80ac24aa929eaf5013f6436cda2a7ba190f5cc0b,84600050,84600050,0,84600050,119256060.817904,204373925.832158,85117865.0142536,333517106.35,333517106.35,1.046308503,0.9965631123,0.09078636408,0.09794687059
2024-11-07,21139209,1731023999,Syrup USDT,0x356b8d89c1e1239cbbb9de4815c39a1474d5ba7d,33600000,33600000,0,33600000,56233436.095526,90368101.9105727,34134665.8150467,57765101.11,57765101.11,1.014605917,0.9868157626,0.09821840568,0.08849953607
2024-11-07,21139209,1731023999,High Yield Secured Lending Maple Pool USDC1,0xc39a5a616f0ad1ff45077fa2de3f79ab8eb8b8b9,49559000,49559000,0,49559000,82713391.9039489,133074997.615563,50361605.7116145,167603015.59,167603015.59,1.11145227,0.9867514133,0.1031329108,0.1137972121
2024-11-07,21139209,1731023999,Syrup USDC,0x80ac24aa929eaf5013f6436cda2a7ba190f5cc0b,76100050,76100050,0,76100050,108776291.405087,196695067.223471,87918775.8183847,310517106.35,310517106.35,1.046081191,0.8680485086,0.09228429954,0.09957945401
2024-11-06,21132050,1730937599,High Yield Secured Lending Maple Pool USDC1,0xc39a5a616f0ad1ff45077fa2de3f79ab8eb8b8b9,49559000,49559000,0,49559000,74737168.3360026,124678538.477088,49941370.1410858,166284015.59,166284015.59,1.111142747,0.9948666343,0.09985932673,0.1132823959
2024-11-06,21132050,1730937599,Syrup USDT,0x356b8d89c1e1239cbbb9de4815c39a1474d5ba7d,32100000,32100000,0,32100000,49084001.966514,83015445.4140072,33931443.4474932,56265101.11,56265101.11,1.014420099,0.9482473774,0.1075679335,0.09300193918
2024-11-06,21132050,1730937599,Syrup USDC,0x80ac24aa929eaf5013f6436cda2a7ba190f5cc0b,80261350,80261350,0,80261350,103612883.404644,184655647.641147,81042764.2365034,306355706.35,306355706.35,1.045830487,0.9932017925,0.09276389309,0.09899678784
2024-11-05,21124888,1730851199,High Yield Secured Lending Maple Pool USDC1,0xc39a5a616f0ad1ff45077fa2de3f79ab8eb8b8b9,49559000,49559000,0,49559000,72847903.7713937,122577356.260077,49729452.4886834,166284015.59,166284015.59,1.110898052,0.9988961301,0.09997345662,0.1135621936
2024-11-05,21124888,1730851199,Syrup USDC,0x80ac24aa929eaf5013f6436cda2a7ba190f5cc0b,80600050,80600050,0,80600050,103160916.046282,185732217.343034,82571301.2967521,292855656.35,292855656.35,1.045578108,0.9794705299,0.09268363549,0.09852505642
2024-11-05,21124888,1730851199,Syrup USDT,0x356b8d89c1e1239cbbb9de4815c39a1474d5ba7d,32100000,32100000,0,32100000,47802391.427654,81722621.120133,33920229.692479,56265101.11,56265101.11,1.014235446,0.9483885022,0.116504902,0.09258368217
2024-11-04,21117728,1730764799,High Yield Secured Lending Maple Pool USDC1,0xc39a5a616f0ad1ff45077fa2de3f79ab8eb8b8b9,48949000,48949000,0,48949000,74426435.5371055,124094925.845905,49668490.3087999,164965015.59,164965015.59,1.110653025,0.987601552,0.1000880627,0.1138466184
2024-11-04,21117728,1730764799,Syrup USDC,0x80ac24aa929eaf5013f6436cda2a7ba190f5cc0b,80600050,80600050,0,80600050,104363972.033452,185339212.194786,80975240.1613346,292855656.35,292855656.35,1.045326211,0.9985995487,0.09273479041,0.09812629799
2024-11-04,21117728,1730764799,Syrup USDT,0x356b8d89c1e1239cbbb9de4815c39a1474d5ba7d,32100000,32100000,0,32100000,48685271.692188,82211539.775226,33526268.083038,56265101.11,56265101.11,1.014017936,0.9593801599,0.1141335302,0.09173720149
2024-11-03,21110559,1730678399,Syrup USDC,0x80ac24aa929eaf5013f6436cda2a7ba190f5cc0b,76100050,76100050,0,76100050,100139817.501065,182291262.096096,82151444.5950312,288355606.35,288355606.35,1.045069894,0.9295211088,0.09234325405,0.09767126651
2024-11-03,21110559,1730678399,Syrup USDT,0x356b8d89c1e1239cbbb9de4815c39a1474d5ba7d,32100000,32100000,0,32100000,49174488.240306,82144273.0515805,32969784.8112746,52265101.11,52265101.11,1.013830969,0.9760924693,0.1136209556,0.09135376971
2024-11-03,21110559,1730678399,High Yield Secured Lending Maple Pool USDC1,0xc39a5a616f0ad1ff45077fa2de3f79ab8eb8b8b9,48949000,48949000,0,48949000,75231592.287832,124385567.090033,49153974.8022013,164965015.59,164965015.59,1.110326768,0.9977395391,0.09601704635,0.1131400438
2024-11-02,21103392,1730591999,Syrup USDT,0x356b8d89c1e1239cbbb9de4815c39a1474d5ba7d,32100000,32100000,0,32100000,49334338.423128,81790354.0654794,32456015.6423514,52265101.11,52265101.11,1.013485384,0.9913944561,0.1046207712,0.08896326253
2024-11-02,21103392,1730591999,Syrup USDC,0x80ac24aa929eaf5013f6436cda2a7ba190f5cc0b,76100050,76100050,0,76100050,100412799.111715,176775213.900225,76362414.7885101,288355606.35,288355606.35,1.044825023,0.9999980454,0.09257220369,0.09736053483
2024-11-02,21103392,1730591999,High Yield Secured Lending Maple Pool USDC1,0xc39a5a616f0ad1ff45077fa2de3f79ab8eb8b8b9,48949000,48949000,0,48949000,75631608.8195056,124772673.322893,49141064.5033877,164965015.59,164965015.59,1.11008048,0.997780366,0.09606863273,0.1134115334
2024-11-01,21096238,1730505599,High Yield Secured Lending Maple Pool USDC1,0xc39a5a616f0ad1ff45077fa2de3f79ab8eb8b8b9,48949000,48949000,0,48949000,76295391.1229454,125317352.745632,49021961.6226871,164965015.59,164965015.59,1.109834117,0.9999858924,0.09611637127,0.1136834469
2024-11-01,21096238,1730505599,Syrup USDT,0x356b8d89c1e1239cbbb9de4815c39a1474d5ba7d,32100000,32100000,0,32100000,49813250.553368,82052590.4108372,32239339.8574692,52265101.11,52265101.11,1.013135924,0.9978818664,0.1053463429,0.0865263884
2024-11-01,21096238,1730505599,Syrup USDC,0x80ac24aa929eaf5013f6436cda2a7ba190f5cc0b,76100050,76100050,0,76100050,101214104.016186,178069291.545647,76855187.529461,288355606.35,288355606.35,1.044566226,0.9933172204,0.09575995009,0.09687472183
2024-10-31,21089068,1730419199,Syrup USDT,0x356b8d89c1e1239cbbb9de4815c39a1474d5ba7d,32100000,32100000,0,32100000,51454386.962598,83786930.0503056,32332543.0877076,52265101.11,52265101.11,1.01278453,0.9952214203,0.09569349361,0.08822641692
2024-10-31,21089068,1730419199,Syrup USDC,0x80ac24aa929eaf5013f6436cda2a7ba190f5cc0b,73100050,73100050,0,73100050,99729449.2274556,174592748.26927,74863299.0418141,280355606.35,280355606.35,1.044311808,0.9794197931,0.09568657887,0.0984744681
2024-10-31,21089068,1730419199,High Yield Secured Lending Maple Pool USDC1,0xc39a5a616f0ad1ff45077fa2de3f79ab8eb8b8b9,48240050,48240050,0,48240050,79285948.7022891,128264132.752474,48978184.050185,164255965.59,164255965.59,1.10936203,0.986956272,0.09012887993,0.1218545014
2024-10-30,21081894,1730332799,High Yield Secured Lending Maple Pool USDC1,0xc39a5a616f0ad1ff45077fa2de3f79ab8eb8b8b9,48240050,48240050,0,48240050,79791879.9123796,128555259.425357,48763379.512977,164255965.59,164255965.59,1.109116302,0.9910923802,0.09065657928,0.1221290202
2024-10-30,21081894,1730332799,Syrup USDT,0x356b8d89c1e1239cbbb9de4815c39a1474d5ba7d,32100000,32100000,0,32100000,51864782.610304,84164139.4144199,32299356.8041159,50765101.11,50765101.11,1.012434433,0.9963028405,0.08607131367,0.08561096743
2024-10-30,21081894,1730332799,Syrup USDC,0x80ac24aa929eaf5013f6436cda2a7ba190f5cc0b,73100050,73100050,0,73100050,103205141.038604,176954263.070385,73749122.0317814,276855606.35,276855606.35,1.044052737,0.9942667427,0.09552525395,0.09797046434
2024-10-29,21074738,1730246399,High Yield Secured Lending Maple Pool USDC1,0xc39a5a616f0ad1ff45077fa2de3f79ab8eb8b8b9,48240050,48240050,0,48240050,77251021.8198792,125953274.43001,48702252.610131,164255965.59,164255965.59,1.108869847,0.9921176968,0.09115468824,0.1223187765
2024-10-29,21074738,1730246399,Syrup USDT,0x356b8d89c1e1239cbbb9de4815c39a1474d5ba7d,29100000,29100000,0,29100000,46626893.773554,78813907.2828215,32187013.5092675,47765101.11,47765101.11,1.012094138,0.9061856732,0.07752405215,0.08312716379
2024-10-29,21074738,1730246399,Syrup USDC,0x80ac24aa929eaf5013f6436cda2a7ba190f5cc0b,68106800,68106800,0,68106800,85908555.8943125,155330073.066623,69421517.1723101,260840806.35,260840806.35,1.043802258,0.984060347,0.09598503785,0.09754968852
2024-10-28,21067570,1730159999,Syrup USDT,0x356b8d89c1e1239cbbb9de4815c39a1474d5ba7d,29100000,29100000,0,29100000,45620379.413034,76950733.7708797,31330354.3578457,47765101.11,47765101.11,1.011918348,0.9308602173,0.09062931781,0.08278763412
2024-10-28,21067570,1730159999,High Yield Secured Lending Maple Pool USDC1,0xc39a5a616f0ad1ff45077fa2de3f79ab8eb8b8b9,48240050,48240050,0,48240050,75514795.7154638,124127746.849895,48612951.134431,164255965.59,164255965.59,1.108623052,0.9937215411,0.1093851143,0.1225288397
2024-10-28,21067570,1730159999,Syrup USDC,0x80ac24aa929eaf5013f6436cda2a7ba190f5cc0b,68106800,68106800,0,68106800,84076454.4404524,152787213.94234,68710759.5018876,260840806.35,260840806.35,1.043549852,0.9940283892,0.102551193,0.09710563524
2024-10-27,21060412,1730073599,Syrup USDT,0x356b8d89c1e1239cbbb9de4815c39a1474d5ba7d,29100000,29100000,0,29100000,44840748.453436,74028800.849432,29188052.395996,47765101.11,47765101.11,1.011740697,0.9991571809,0.08984420694,0.08242409123
2024-10-27,21060412,1730073599,Syrup USDC,0x80ac24aa929eaf5013f6436cda2a7ba190f5cc0b,64106800,64106800,0,64106800,83166994.2132835,151479861.504865,68312867.2915816,256834006.35,256834006.35,1.043301141,0.9408874832,0.1012702461,0.0967430328
2024-10-27,21060412,1730073599,High Yield Secured Lending Maple Pool USDC1,0xc39a5a616f0ad1ff45077fa2de3f79ab8eb8b8b9,48240050,48240050,0,48240050,74178853.6603598,122780783.294127,48601929.6337677,164255965.59,164255965.59,1.108376197,0.9941506076,0.1094934314,0.1227383679
2024-10-26,21053236,1729987199,High Yield Secured Lending Maple Pool USDC1,0xc39a5a616f0ad1ff45077fa2de3f79ab8eb8b8b9,48240050,48240050,0,48240050,72934616.5505134,121525721.647073,48591105.0965597,164255965.59,164255965.59,1.108129341,0.9941506076,0.1096052972,0.1291290961
2024-10-26,21053236,1729987199,Syrup USDT,0x356b8d89c1e1239cbbb9de4815c39a1474d5ba7d,29100000,29100000,0,29100000,44196832.043048,73383522.2917152,29186690.2486672,47765101.11,47765101.11,1.011553236,0.9990172422,0.08853585399,0.08738813263
2024-10-26,21053236,1729987199,Syrup USDC,0x80ac24aa929eaf5013f6436cda2a7ba190f5cc0b,64106800,64106800,0,64106800,82715701.5293902,149420243.917818,66704542.3884279,256834006.35,256834006.35,1.043052493,0.9634007691,0.1005275223,0.09909628564
2024-10-25,21046076,1729900799,Syrup USDC,0x80ac24aa929eaf5013f6436cda2a7ba190f5cc0b,64106800,64106800,0,64106800,84337357.1682957,149697240.787998,65359883.6197023,256834006.35,256834006.35,1.042735871,0.9830272252,0.09640929225,0.09776053261
2024-10-25,21046076,1729900799,High Yield Secured Lending Maple Pool USDC1,0xc39a5a616f0ad1ff45077fa2de3f79ab8eb8b8b9,48240050,48240050,0,48240050,75994335.8401127,124574616.399464,48580280.5593517,164255965.59,164255965.59,1.107882486,0.9941506076,0.1097172245,0.1293495292
2024-10-25,21046076,1729900799,Syrup USDT,0x356b8d89c1e1239cbbb9de4815c39a1474d5ba7d,29100000,29100000,0,29100000,45839269.03389,74992159.1288025,29152890.0949125,47765101.11,47765101.11,1.011191708,0.9999907891,0.07751436464,0.08455233852
2024-10-24,21038905,1729814399,Syrup USDC,0x80ac24aa929eaf5013f6436cda2a7ba190f5cc0b,61356800,61356800,0,61356800,85784115.7699374,150079468.604909,64295352.8349719,256834006.35,256834006.35,1.042483237,0.9570662111,0.1047521503,0.09983611057
2024-10-24,21038905,1729814399,High Yield Secured Lending Maple Pool USDC1,0xc39a5a616f0ad1ff45077fa2de3f79ab8eb8b8b9,48315050,48315050,0,48315050,90724421.827779,139289139.200808,48564717.3730292,149860965.59,149860965.59,1.107527564,0.998457764,0.119092297,0.1351376449
2024-10-24,21038905,1729814399,Syrup USDT,0x356b8d89c1e1239cbbb9de4815c39a1474d5ba7d,29100000,29100000,0,29100000,44830548.894726,73997983.8324827,29167434.9377567,47765101.11,47765101.11,1.011011041,0.9993044467,0.08856775786,0.08406701443
2024-10-23,21031733,1729727999,High Yield Secured Lending Maple Pool USDC1,0xc39a5a616f0ad1ff45077fa2de3f79ab8eb8b8b9,48315050,48315050,0,48315050,90207179.6492282,138804678.839154,48597499.1899255,149860965.59,149860965.59,1.107271967,0.9975507451,0.1195148162,0.1352650061
2024-10-23,21031733,1729727999,Syrup USDC,0x80ac24aa929eaf5013f6436cda2a7ba190f5cc0b,61356800,61356800,0,61356800,85876562.9901871,149141088.829071,63264525.8388844,256834006.35,256834006.35,1.042227564,0.9724662983,0.1046017246,0.09949373053
2024-10-23,21031733,1729727999,Syrup USDT,0x356b8d89c1e1239cbbb9de4815c39a1474d5ba7d,29100000,29100000,0,29100000,45019246.934892,74987505.174588,29968258.239696,47765101.11,47765101.11,1.010832537,0.9723816934,0.08817848856,0.08897983516
2024-10-22,21024558,1729641599,Syrup USDT,0x356b8d89c1e1239cbbb9de4815c39a1474d5ba7d,29100000,29100000,0,29100000,45082357.924368,74251769.8846932,29169411.9603252,47765101.11,47765101.11,1.010645909,0.9988633098,0.08734173102,0.08840531432
2024-10-22,21024558,1729641599,Syrup USDC,0x80ac24aa929eaf5013f6436cda2a7ba190f5cc0b,58356800,58356800,0,58356800,85853807.4183212,147572443.164063,61718635.7457418,248334006.35,248334006.35,1.041969138,0.947930521,0.1039541732,0.09913764248
2024-10-22,21024558,1729641599,High Yield Secured Lending Maple Pool USDC1,0xc39a5a616f0ad1ff45077fa2de3f79ab8eb8b8b9,48315050,48315050,0,48315050,90299428.7524794,138828991.274664,48529562.5221848,149860965.59,149860965.59,1.107016227,0.9987203401,0.1195379617,0.1411109491
2024-10-21,21017401,1729555199,Syrup USDT,0x356b8d89c1e1239cbbb9de4815c39a1474d5ba7d,24100000,24100000,0,24100000,39473468.96283,63657624.4075916,24184155.4447616,40915101.11,40915101.11,1.010236125,0.9989680062,0.08393231603,0.08493370069
2024-10-21,21017401,1729555199,High Yield Secured Lending Maple Pool USDC1,0xc39a5a616f0ad1ff45077fa2de3f79ab8eb8b8b9,48315050,48315050,0,48315050,91267102.8144815,139770449.035784,48503346.2213022,149860965.59,149860965.59,1.106418203,0.9990301043,0.1283211779,0.1369545408
2024-10-21,21017401,1729555199,Syrup USDC,0x80ac24aa929eaf5013f6436cda2a7ba190f5cc0b,52856800,52856800,0,52856800,76203619.0359228,134905542.993296,58701923.9573735,242834006.35,242834006.35,1.041597847,0.9026049679,0.1052290688,0.09736011878
2024-10-20,21010230,1729468799,Syrup USDT,0x356b8d89c1e1239cbbb9de4815c39a1474d5ba7d,22250000,22250000,0,22250000,36316282.797815,60047427.8883912,23731145.0905762,39065101.11,39065101.11,1.01007272,0.9397788099,0.08367067935,0.08455636527
2024-10-20,21010230,1729468799,High Yield Secured Lending Maple Pool USDC1,0xc39a5a616f0ad1ff45077fa2de3f79ab8eb8b8b9,45855050,45855050,0,45855050,84585147.112461,133229316.57424,48644169.4617787,148610965.59,148610965.59,1.106169767,0.9456369418,0.129152981,0.1371748904
2024-10-20,21010230,1729468799,Syrup USDC,0x80ac24aa929eaf5013f6436cda2a7ba190f5cc0b,52605000,52605000,0,52605000,71755695.1649839,129516069.611716,57760374.4467318,234229006.35,234229006.35,1.041372818,0.9129067825,0.1057072853,0.09747903501
2024-10-19,21003063,1729382399,Syrup USDC,0x80ac24aa929eaf5013f6436cda2a7ba190f5cc0b,52605000,52605000,0,52605000,71300048.4849322,127007304.078825,55707255.5938928,234229006.35,234229006.35,1.0411381,0.9464175768,0.1059034433,0.09958698058
2024-10-19,21003063,1729382399,Syrup USDT,0x356b8d89c1e1239cbbb9de4815c39a1474d5ba7d,22250000,22250000,0,22250000,36072183.147735,59799477.7843728,23727294.6366378,39065101.11,39065101.11,1.009908833,0.9397788099,0.08346495788,0.08911915563
2024-10-19,21003063,1729382399,High Yield Secured Lending Maple Pool USDC1,0xc39a5a616f0ad1ff45077fa2de3f79ab8eb8b8b9,45855050,45855050,0,45855050,82838232.9936703,131471474.475553,48633241.4818824,148610965.59,148610965.59,1.105921265,0.9456369418,0.1301012559,0.1373958688
2024-10-18,20995892,1729295999,High Yield Secured Lending Maple Pool USDC1,0xc39a5a616f0ad1ff45077fa2de3f79ab8eb8b8b9,45855050,45855050,0,45855050,80632213.0693713,129254526.571357,48622313.501986,148610965.59,148610965.59,1.105672762,0.9456369418,0.1310517522,0.1376195634
2024-10-18,20995892,1729295999,Syrup USDT,0x356b8d89c1e1239cbbb9de4815c39a1474d5ba7d,22250000,22250000,0,22250000,35390268.430945,59111931.4036445,23721662.9726995,39065101.11,39065101.11,1.009744944,0.939849518,0.08326679295,0.08860492253
2024-10-18,20995892,1729295999,Syrup USDC,0x80ac24aa929eaf5013f6436cda2a7ba190f5cc0b,52605000,52605000,0,52605000,70129788.205,123168111.021374,53038322.8163738,234229006.35,234229006.35,1.040896898,0.993913643,0.1057566127,0.09955640345
2024-10-17,20988724,1729209599,High Yield Secured Lending Maple Pool USDC1,0xc39a5a616f0ad1ff45077fa2de3f79ab8eb8b8b9,48155050,48155050,0,48155050,86394131.6818215,134962516.893996,48568385.2121744,148610965.59,148610965.59,1.105140232,0.9950342675,0.1500787552,0.1342710719
2024-10-17,20988724,1729209599,Syrup USDC,0x80ac24aa929eaf5013f6436cda2a7ba190f5cc0b,49005000,49005000,0,49005000,72753116.1867478,124548984.22342,51795868.0366722,230624006.35,230624006.35,1.040493433,0.9479258419,0.102768421,0.09743786125
2024-10-17,20988724,1729209599,Syrup USDT,0x356b8d89c1e1239cbbb9de4815c39a1474d5ba7d,22250000,22250000,0,22250000,35724481.564825,58703164.8735861,22978683.3087611,39065101.11,39065101.11,1.009366952,0.970138337,0.07920908016,0.08532291294
2024-10-16,20981560,1729123199,Syrup USDC,0x80ac24aa929eaf5013f6436cda2a7ba190f5cc0b,49005000,49005000,0,49005000,72439935.8645498,121733480.254428,49293544.3898778,230624006.35,230624006.35,1.040240964,0.9958949961,0.102090853,0.09969870871
2024-10-16,20981560,1729123199,High Yield Secured Lending Maple Pool USDC1,0xc39a5a616f0ad1ff45077fa2de3f79ab8eb8b8b9,48155050,48155050,0,48155050,86386698.1938517,134743548.897224,48356850.7033724,148610965.59,148610965.59,1.104877187,0.9997720722,0.1502351137,0.1372924105
2024-10-16,20981560,1729123199,Syrup USDT,0x356b8d89c1e1239cbbb9de4815c39a1474d5ba7d,22274000,22274000,0,22274000,35524389.39159,57908735.9376975,22384346.5461075,39065101.11,39065101.11,1.009195661,0.9968502579,0.07894781177,0.09031821653
2024-10-15,20974401,1729036799,Syrup USDT,0x356b8d89c1e1239cbbb9de4815c39a1474d5ba7d,22274000,22274000,0,22274000,35461484.264355,58002373.9781989,22540889.7138438,39065101.11,39065101.11,1.00902422,0.9897454471,0.07872690161,0.08964320774
2024-10-15,20974401,1729036799,Syrup USDC,0x80ac24aa929eaf5013f6436cda2a7ba190f5cc0b,47755000,47755000,0,47755000,71310417.6559198,119155327.693513,47844910.0375932,224224006.35,224224006.35,1.039994726,0.9999277166,0.1080060418,0.09968432727
2024-10-15,20974401,1729036799,High Yield Secured Lending Maple Pool USDC1,0xc39a5a616f0ad1ff45077fa2de3f79ab8eb8b8b9,48138176.64,48138176.64,0,48138176.64,80941621.5641881,129286884.506249,48345262.9420609,137527788.95,137527788.95,1.104621562,0.9995402191,0.1507886389,0.1374137788
2024-10-14,20967244,1728950399,Syrup USDT,0x356b8d89c1e1239cbbb9de4815c39a1474d5ba7d,20024000,20024000,0,20024000,33644420.623415,56078424.673001,22434004.049586,33315101.11,33315101.11,1.008675843,0.8942709248,0.08873514094,0.08665748456
2024-10-14,20967244,1728950399,High Yield Secured Lending Maple Pool USDC1,0xc39a5a616f0ad1ff45077fa2de3f79ab8eb8b8b9,45718690.59,45718690.59,0,45718690.59,76022849.8859393,121946107.615055,45923257.7291153,133794612.31,133794612.31,1.103859381,0.99933308,0.1241177286,0.1312254906
2024-10-14,20967244,1728950399,Syrup USDC,0x80ac24aa929eaf5013f6436cda2a7ba190f5cc0b,42755000,42755000,0,42755000,61682208.2850336,109824874.52014,48142666.2351064,224224006.35,224224006.35,1.039601128,0.8894781413,0.09751738023,0.09785195148
2024-10-13,20960089,1728863999,Syrup USDC,0x80ac24aa929eaf5013f6436cda2a7ba190f5cc0b,47209038.85,47209038.85,0,47209038.85,61830572.3175691,109897841.923973,48067269.6064043,219764967.5,219764967.5,1.039367907,0.9835208033,0.09647054185,0.09810449444
2024-10-13,20960089,1728863999,High Yield Secured Lending Maple Pool USDC1,0xc39a5a616f0ad1ff45077fa2de3f79ab8eb8b8b9,44861726.04,44861726.04,0,44861726.04,75735458.5954924,120839957.643658,45104499.048166,132480921.72,132480921.72,1.103595923,0.9985447389,0.124246671,0.1312724062
2024-10-13,20960089,1728863999,Syrup USDT,0x356b8d89c1e1239cbbb9de4815c39a1474d5ba7d,21256021.01,21256021.01,0,21256021.01,31197383.01157,53598703.7606507,22401320.7490807,32059080.1,32059080.1,1.00851736,0.9505581987,0.08836356975,0.08618464128
2024-10-12,20952957,1728777599,Syrup USDT,0x356b8d89c1e1239cbbb9de4815c39a1474d5ba7d,21256021.01,21256021.01,0,21256021.01,30836998.63608,53236951.0440127,22399952.4079327,32059080.1,32059080.1,1.008357396,0.9504653346,0.08791832134,0.09362398575
2024-10-12,20952957,1728777599,Syrup USDC,0x80ac24aa929eaf5013f6436cda2a7ba190f5cc0b,47209038.85,47209038.85,0,47209038.85,61108497.6812338,109161770.177893,48053272.4966588,219764967.5,219764967.5,1.039130106,0.9835822771,0.09545818611,0.0998211086
2024-10-12,20952957,1728777599,High Yield Secured Lending Maple Pool USDC1,0xc39a5a616f0ad1ff45077fa2de3f79ab8eb8b8b9,44861726.04,44861726.04,0,44861726.04,74991201.5902475,120062556.488317,45071354.8980697,132480921.72,132480921.72,1.103330236,0.9990403998,0.1242939145,0.1375266537
2024-10-11,20945811,1728691199,Syrup USDT,0x356b8d89c1e1239cbbb9de4815c39a1474d5ba7d,21256021.01,21256021.01,0,21256021.01,29806087.06339,52151337.8737096,22345250.8103196,32059080.1,32059080.1,1.008197296,0.9526441348,0.08773347949,0.09249523012
2024-10-11,20945811,1728691199,High Yield Secured Lending Maple Pool USDC1,0xc39a5a616f0ad1ff45077fa2de3f79ab8eb8b8b9,44861726.04,44861726.04,0,44861726.04,71839193.723606,116899694.471579,45060500.7479735,132480921.72,132480921.72,1.10306453,0.9990403998,0.1243402057,0.137549995
2024-10-11,20945811,1728691199,Syrup USDC,0x80ac24aa929eaf5013f6436cda2a7ba190f5cc0b,47209038.85,47209038.85,0,47209038.85,59216922.7462859,106962355.43343,47745432.6871443,219764967.5,219764967.5,1.038892014,0.9897031997,0.09443137195,0.1000158233
2024-10-10,20938657,1728604799,Syrup USDC,0x80ac24aa929eaf5013f6436cda2a7ba190f5cc0b,47209038.85,47209038.85,0,47209038.85,59325535.42916,106843434.444619,47517899.0154593,219764967.5,219764967.5,1.038543222,0.9954068836,0.08733690076,0.09878652129
2024-10-10,20938657,1728604799,Syrup USDT,0x356b8d89c1e1239cbbb9de4815c39a1474d5ba7d,20001021.01,20001021.01,0,20001021.01,29911531.13961,50750342.0378396,20838810.8982296,30802038.08,30802038.08,1.007892421,0.9611413571,0.07972375822,0.094838265
2024-10-10,20938657,1728604799,High Yield Secured Lending Maple Pool USDC1,0xc39a5a616f0ad1ff45077fa2de3f79ab8eb8b8b9,44455383.02,44455383.02,0,44455383.02,72098347.7681197,117023753.317254,44925405.5491345,132024195.68,132024195.68,1.102180571,0.9931339524,0.09199532451,0.129846567
2024-10-09,20931482,1728518399,Syrup USDT,0x356b8d89c1e1239cbbb9de4815c39a1474d5ba7d,20281021.01,20281021.01,0,20281021.01,30690352.54807,51178891.771915,20488539.223845,30521017.07,30521017.07,1.007726059,0.9911240898,0.07947955621,0.09394302525
2024-10-09,20931482,1728518399,High Yield Secured Lending Maple Pool USDC1,0xc39a5a616f0ad1ff45077fa2de3f79ab8eb8b8b9,44455383.02,44455383.02,0,44455383.02,74202678.2472802,119115273.149202,44912594.9019214,132024195.68,132024195.68,1.101915357,0.99317834,0.09207344505,0.141896913
2024-10-09,20931482,1728518399,Syrup USDC,0x80ac24aa929eaf5013f6436cda2a7ba190f5cc0b,45709038.85,45709038.85,0,45709038.85,60908373.5728981,107300653.509542,46392279.9366439,215305928.65,215305928.65,1.038303465,0.9870056326,0.08622872633,0.1081015125
2024-10-08,20924302,1728431999,Syrup USDC,0x80ac24aa929eaf5013f6436cda2a7ba190f5cc0b,43209038.85,43209038.85,0,43209038.85,60913820.5811907,107184393.416378,46270572.8351873,215305928.65,215305928.65,1.037951126,0.9362275341,0.0875878251,0.106703785
2024-10-08,20924302,1728431999,High Yield Secured Lending Maple Pool USDC1,0xc39a5a616f0ad1ff45077fa2de3f79ab8eb8b8b9,44455383.02,44455383.02,0,44455383.02,74491766.7128645,119440945.228733,44949178.5158685,132024195.68,132024195.68,1.101650253,0.9925831995,0.1377422281,0.1418033477
2024-10-08,20924302,1728431999,Syrup USDT,0x356b8d89c1e1239cbbb9de4815c39a1474d5ba7d,20281021.01,20281021.01,0,20281021.01,30722808.620085,51207948.7315468,20485140.1114618,30521017.07,30521017.07,1.007558825,0.991867283,0.09703793063,0.09311568728
2024-10-07,20917130,1728345599,Syrup USDT,0x356b8d89c1e1239cbbb9de4815c39a1474d5ba7d,18781021.01,18781021.01,0,18781021.01,28945610.673355,49314919.0953449,20369308.4219899,30521017.07,30521017.07,1.007032583,0.9235962275,0.07582495645,0.08756212206
2024-10-07,20917130,1728345599,High Yield Secured Lending Maple Pool USDC1,0xc39a5a616f0ad1ff45077fa2de3f79ab8eb8b8b9,44455383.02,44455383.02,0,44455383.02,75483235.5788624,120421604.006365,44938368.4275024,132024195.68,132024195.68,1.10138531,0.9925831995,0.1378082566,0.1417589041
2024-10-07,20917130,1728345599,Syrup USDC,0x80ac24aa929eaf5013f6436cda2a7ba190f5cc0b,35709038.85,35709038.85,0,35709038.85,46489099.0660729,92443104.4187889,45954005.3527159,208805928.65,208805928.65,1.037747578,0.7791468621,0.08839701536,0.1073187926
2024-10-06,20909955,1728259199,High Yield Secured Lending Maple Pool USDC1,0xc39a5a616f0ad1ff45077fa2de3f79ab8eb8b8b9,44455383.02,44455383.02,0,44455383.02,73842053.9828755,118594589.491972,44752535.5090963,132024195.68,132024195.68,1.101120021,0.9964772777,0.137525492,0.1417100608
2024-10-06,20909955,1728259199,Syrup USDC,0x80ac24aa929eaf5013f6436cda2a7ba190f5cc0b,46062038.85,46062038.85,0,46062038.85,45815181.1236289,92209809.0087924,46394627.8851635,182181850.95,182181850.95,1.037533762,0.9953916768,0.08853177658,0.1078491488
2024-10-06,20909955,1728259199,Syrup USDT,0x356b8d89c1e1239cbbb9de4815c39a1474d5ba7d,18930021.01,18930021.01,0,18930021.01,28516281.975365,48877989.9387098,20361707.9633448,30090996.06,30090996.06,1.006880948,0.93114846,0.07567465966,0.08694325531
2024-10-05,20902784,1728172799,Syrup USDT,0x356b8d89c1e1239cbbb9de4815c39a1474d5ba7d,18930021.01,18930021.01,0,18930021.01,28545838.725945,48900884.5397958,20355045.8138508,30090996.06,30090996.06,1.006729144,0.9323793824,0.07551526242,0.08501829591
2024-10-05,20902784,1728172799,Syrup USDC,0x80ac24aa929eaf5013f6436cda2a7ba190f5cc0b,46062038.85,46062038.85,0,46062038.85,45865000.7138944,92246333.6115528,46381332.8976583,182181850.95,182181850.95,1.037314756,0.9954670143,0.08838864014,0.1083145635
2024-10-05,20902784,1728172799,High Yield Secured Lending Maple Pool USDC1,0xc39a5a616f0ad1ff45077fa2de3f79ab8eb8b8b9,44455383.02,44455383.02,0,44455383.02,74020731.8408898,118762457.26162,44741725.4207302,132024195.68,132024195.68,1.100854043,0.9964772777,0.1373113723,0.1415713682
2024-10-04,20895606,1728086399,High Yield Secured Lending Maple Pool USDC1,0xc39a5a616f0ad1ff45077fa2de3f79ab8eb8b8b9,44455383.02,44455383.02,0,44455383.02,70979477.1069013,115710392.439265,44730915.3323641,132024195.68,132024195.68,1.100588064,0.9964772777,0.1370974888,0.145203977
2024-10-04,20895606,1728086399,Syrup USDC,0x80ac24aa929eaf5013f6436cda2a7ba190f5cc0b,46062038.85,46062038.85,0,46062038.85,44464193.3661474,90831733.4158036,46367540.0496562,182181850.95,182181850.95,1.037095732,0.9955530756,0.08838991589,0.1100921456
2024-10-04,20895606,1728086399,Syrup USDT,0x356b8d89c1e1239cbbb9de4815c39a1474d5ba7d,18930021.01,18930021.01,0,18930021.01,27696183.734525,46799917.1409128,19103733.4063878,30090996.06,30090996.06,1.006572583,0.9934581408,0.07509173355,-0.05468497127
2024-10-03,20888424,1727999999,Syrup USDC,0x80ac24aa929eaf5013f6436cda2a7ba190f5cc0b,45684808.05,45684808.05,0,45684808.05,44877792.6344975,90964331.5616292,46086538.9271317,163869812.1,163869812.1,1.036876858,0.9951327506,0.09999794581,0.111541047
2024-10-03,20888424,1727999999,Syrup USDT,0x356b8d89c1e1239cbbb9de4815c39a1474d5ba7d,18930021.01,18930021.01,0,18930021.01,27924453.945965,47021942.1093859,19097488.1634209,30090996.06,30090996.06,1.006410842,0.9936237361,0.09778940667,-0.2056917799
2024-10-03,20888424,1727999999,High Yield Secured Lending Maple Pool USDC1,0xc39a5a616f0ad1ff45077fa2de3f79ab8eb8b8b9,44455383.02,44455383.02,0,44455383.02,72560231.6744347,117230336.918432,44670105.2439971,132024195.68,132024195.68,1.100321882,0.9982017839,0.1639348629,0.1520871879
2024-10-02,20881261,1727913599,High Yield Secured Lending Maple Pool USDC1,0xc39a5a616f0ad1ff45077fa2de3f79ab8eb8b8b9,44455383.02,44455383.02,0,44455383.02,74747626.5318313,119406921.687462,44659295.155631,132024195.68,132024195.68,1.100055606,0.9982017839,0.1637412371,0.1521339772
2024-10-02,20881261,1727913599,Syrup USDT,0x356b8d89c1e1239cbbb9de4815c39a1474d5ba7d,18930021.01,18930021.01,0,18930021.01,28417153.64449,47504561.4887919,19087407.8443019,30090996.06,30090996.06,1.00624909,0.9939895106,0.09676524213,-0.2072436196
2024-10-02,20881261,1727913599,Syrup USDC,0x80ac24aa929eaf5013f6436cda2a7ba190f5cc0b,45684808.05,45684808.05,0,45684808.05,45863791.2603059,91939304.4015355,46075513.1412295,163869812.1,163869812.1,1.036657758,0.995160658,0.09955745842,0.1118189543
2024-10-01,20874085,1727827199,Syrup USDC,0x80ac24aa929eaf5013f6436cda2a7ba190f5cc0b,45684808.05,45684808.05,0,45684808.05,48087298.5150147,94141073.2847621,46053774.7697473,163869812.1,163869812.1,1.036281126,0.9954208593,0.1015192439,0.1100700856
2024-10-01,20874085,1727827199,Syrup USDT,0x356b8d89c1e1239cbbb9de4815c39a1474d5ba7d,18930021.01,18930021.01,0,18930021.01,29717371.45062,48790114.8664979,19072743.4158779,30090996.06,30090996.06,1.005770834,0.9945950469,0.07785754153,-0.2118157017
2024-10-01,20874085,1727827199,High Yield Secured Lending Maple Pool USDC1,0xc39a5a616f0ad1ff45077fa2de3f79ab8eb8b8b9,44455383.02,44455383.02,0,44455383.02,78466170.4087473,123079655.476012,44613485.0672649,132024195.68,132024195.68,1.098927204,0.9989868781,0.1465325299,0.1412197732
2024-09-30,20866918,1727740799,Syrup USDT,0x356b8d89c1e1239cbbb9de4815c39a1474d5ba7d,18863021.01,18863021.01,0,18863021.01,26198228.806945,45109164.4795976,18910935.6726526,22727975.05,22727975.05,1.005622031,0.9995414196,0.1005892527,-0.2132333004
2024-09-30,20866918,1727740799,High Yield Secured Lending Maple Pool USDC1,0xc39a5a616f0ad1ff45077fa2de3f79ab8eb8b8b9,42455383.02,42455383.02,0,42455383.02,78884581.4045042,123457125.003241,44572543.5987368,130024195.68,130024195.68,1.098661693,0.9546906751,0.1464364421,0.1412480542
2024-09-30,20866918,1727740799,Syrup USDC,0x80ac24aa929eaf5013f6436cda2a7ba190f5cc0b,45184808.05,45184808.05,0,45184808.05,49133377.3027411,94773690.0426406,45640312.7398995,150935004.05,150935004.05,1.036063128,0.9933021576,0.1020538609,0.1104435859
2024-09-29,20859740,1727654399,Syrup USDT,0x356b8d89c1e1239cbbb9de4815c39a1474d5ba7d,18863021.01,18863021.01,0,18863021.01,26195449.037015,45098590.7503369,18903141.7133219,22727975.05,22727975.05,1.005473303,0.9998061945,0.1002085071,-0.2146478437
2024-09-29,20859740,1727654399,Syrup USDC,0x80ac24aa929eaf5013f6436cda2a7ba190f5cc0b,43534808.05,43534808.05,0,43534808.05,49185091.4690766,94397893.9373622,45212802.4682856,138500196,138500196,1.035847199,0.9660099527,0.1027970239,0.1108702543
2024-09-29,20859740,1727654399,High Yield Secured Lending Maple Pool USDC1,0xc39a5a616f0ad1ff45077fa2de3f79ab8eb8b8b9,44055383.02,44055383.02,0,44055383.02,78285679.0677467,122620299.293115,44334620.2253685,128373812.66,128373812.66,1.098402296,0.9957744547,0.1716377816,0.1413536742
2024-09-28,20852572,1727567999,Syrup USDC,0x80ac24aa929eaf5013f6436cda2a7ba190f5cc0b,43534808.05,43534808.05,0,43534808.05,49319614.6577864,94507989.2396241,45188374.5818377,138500196,138500196,1.035631161,0.966331587,0.103647668,0.1122194279
2024-09-28,20852572,1727567999,High Yield Secured Lending Maple Pool USDC1,0xc39a5a616f0ad1ff45077fa2de3f79ab8eb8b8b9,44055383.02,44055383.02,0,44055383.02,78655105.0361488,122959085.961436,44303980.9252872,128373812.66,128373812.66,1.098140938,0.9962269381,0.1717883102,0.1476877939
2024-09-28,20852572,1727567999,Syrup USDT,0x356b8d89c1e1239cbbb9de4815c39a1474d5ba7d,18863021.01,18863021.01,0,18863021.01,26251756.434455,45152101.9020832,18900345.4676282,22727975.05,22727975.05,1.005324568,0.9998061945,0.09992356604,-0.216060117
2024-09-27,20845405,1727481599,Syrup USDC,0x80ac24aa929eaf5013f6436cda2a7ba190f5cc0b,43534808.05,43534808.05,0,43534808.05,48527833.4354661,92755468.5918099,44227635.1563437,138500196,138500196,1.035412469,0.9871768446,0.1044410554,0.1127047898
2024-09-27,20845405,1727481599,High Yield Secured Lending Maple Pool USDC1,0xc39a5a616f0ad1ff45077fa2de3f79ab8eb8b8b9,44055383.02,44055383.02,0,44055383.02,77463207.0043373,121756643.370416,44293436.3660789,128373812.66,128373812.66,1.097879576,0.9962269381,0.1719386225,0.1477978989
2024-09-27,20845405,1727481599,Syrup USDT,0x356b8d89c1e1239cbbb9de4815c39a1474d5ba7d,18863021.01,18863021.01,0,18863021.01,25866879.48534,44761428.7072746,18894549.2219346,22727975.05,22727975.05,1.005175818,0.9999651994,0.09907498981,-0.2174702055
2024-09-26,20838231,1727395199,High Yield Secured Lending Maple Pool USDC1,0xc39a5a616f0ad1ff45077fa2de3f79ab8eb8b8b9,43306683.69,43306683.69,0,43306683.69,74099599.674564,118139348.057457,44039748.3828925,126723429.64,126723429.64,1.097123112,0.9879883636,0.1448428319,0.1416415707
2024-09-26,20838231,1727395199,Syrup USDT,0x356b8d89c1e1239cbbb9de4815c39a1474d5ba7d,17064954.04,17064954.04,0,17064954.04,24987999.207565,42925169.858217,17937170.650652,18864954.04,18864954.04,1.004611695,0.9529112027,0.09598180018,-0.2227967369
2024-09-26,20838231,1727395199,Syrup USDC,0x80ac24aa929eaf5013f6436cda2a7ba190f5cc0b,46532808.05,46532808.05,0,46532808.05,46977273.487666,93934560.9921854,46957287.5045194,124717387.95,124717387.95,1.034983353,0.9938856065,0.1026347841,0.1105474049
2024-09-25,20831060,1727308799,Syrup USDC,0x80ac24aa929eaf5013f6436cda2a7ba190f5cc0b,44994388.38,44994388.38,0,44994388.38,50396561.2465563,98147764.2206715,47751202.9741152,110934579.9,110934579.9,1.034772602,0.9448461665,0.1041170935,0.1127131783
2024-09-25,20831060,1727308799,High Yield Secured Lending Maple Pool USDC1,0xc39a5a616f0ad1ff45077fa2de3f79ab8eb8b8b9,43306683.69,43306683.69,0,43306683.69,76371667.6956576,120277636.729271,43905969.0336134,126723429.64,126723429.64,1.09686111,0.9907754371,0.1449654202,0.1508218656
2024-09-25,20831060,1727308799,Syrup USDT,0x356b8d89c1e1239cbbb9de4815c39a1474d5ba7d,17064954.04,17064954.04,0,17064954.04,25621609.647625,42818309.5943902,17196699.9467652,18864954.04,18864954.04,1.004468211,0.9938648153,0.09487610388,-0.2241462069
2024-09-24,20823901,1727222399,Syrup USDC,0x80ac24aa929eaf5013f6436cda2a7ba190f5cc0b,44721447.06,44721447.06,0,44721447.06,54151391.9646605,99119360.9973846,44967969.0327241,79801693.86,79801693.86,1.034361294,0.9974420339,0.09446492057,0.1105908907
2024-09-24,20823901,1727222399,High Yield Secured Lending Maple Pool USDC1,0xc39a5a616f0ad1ff45077fa2de3f79ab8eb8b8b9,43306683.69,43306683.69,0,43306683.69,72970669.9793173,116794163.418246,43823493.4389283,126723429.64,126723429.64,1.096049094,0.9924101595,0.1154354984,0.143871275
2024-09-24,20823901,1727222399,Syrup USDT,0x356b8d89c1e1239cbbb9de4815c39a1474d5ba7d,15850000,15850000,0,15850000,24977157.42689,42066590.2027237,17089432.7758337,16800000,16800000,1.004325692,0.928808361,0.09398282197,-0.2254844757
2024-09-23,20816725,1727135999,Syrup USDT,0x356b8d89c1e1239cbbb9de4815c39a1474d5ba7d,15850000,15850000,0,15850000,24892470.307495,41880862.432952,16988392.125457,16800000,16800000,1.003775257,0.9342105359,0.09392177143,-0.2306332605
2024-09-23,20816725,1727135999,Syrup USDC,0x80ac24aa929eaf5013f6436cda2a7ba190f5cc0b,42982246.8,42982246.8,0,42982246.8,53859451.9168943,98600306.3807407,44740854.4638464,70155246.8,70155246.8,1.034134076,0.9634204128,0.105484554,0.1108888212
2024-09-23,20816725,1727135999,High Yield Secured Lending Maple Pool USDC1,0xc39a5a616f0ad1ff45077fa2de3f79ab8eb8b8b9,43306683.69,43306683.69,0,43306683.69,72824524.6527497,116437542.496993,43613017.8442431,126723429.64,126723429.64,1.095786041,0.9969794892,0.128108319,0.1439089795
2024-09-22,20809562,1727049599,Syrup USDT,0x356b8d89c1e1239cbbb9de4815c39a1474d5ba7d,15850000,15850000,0,15850000,25192863.639025,41802991.6341053,16610127.9950803,16800000,16800000,1.003633463,0.9553778849,0.09265171574,-0.2319545145
2024-09-22,20809562,1727049599,Syrup USDC,0x80ac24aa929eaf5013f6436cda2a7ba190f5cc0b,42982246.8,42982246.8,0,42982246.8,54410585.8274676,98153111.5535526,43742525.726085,70155246.8,70155246.8,1.033905182,0.9852512257,0.1063092985,0.1111978157
2024-09-22,20809562,1727049599,High Yield Secured Lending Maple Pool USDC1,0xc39a5a616f0ad1ff45077fa2de3f79ab8eb8b8b9,43306683.69,43306683.69,0,43306683.69,74853282.1138002,118427823.183521,43574541.069721,126723429.64,126723429.64,1.095070569,0.9976225823,0.1040750413,0.138212214
2024-09-21,20802389,1726963199,High Yield Secured Lending Maple Pool USDC1,0xc39a5a616f0ad1ff45077fa2de3f79ab8eb8b8b9,43306683.69,43306683.69,0,43306683.69,73380522.9586338,116944588.43367,43564065.4750359,126723429.64,126723429.64,1.094807307,0.9976225823,0.1041554876,0.142934596
2024-09-21,20802389,1726963199,Syrup USDT,0x356b8d89c1e1239cbbb9de4815c39a1474d5ba7d,15850000,15850000,0,15850000,24850934.96589,41145125.4045966,16294190.4387066,16800000,16800000,1.003489985,0.9737835604,0.09133243091,-0.2332893283
2024-09-21,20802389,1726963199,Syrup USDC,0x80ac24aa929eaf5013f6436cda2a7ba190f5cc0b,42982246.8,42982246.8,0,42982246.8,53708001.3396732,97411098.6198478,43703097.2801746,70155246.8,70155246.8,1.033674264,0.9859211703,0.1073536017,0.1132042295
2024-09-20,20795238,1726876799,High Yield Secured Lending Maple Pool USDC1,0xc39a5a616f0ad1ff45077fa2de3f79ab8eb8b8b9,43306683.69,43306683.69,0,43306683.69,71589059.2456108,115142649.125962,43553589.8803507,126723429.64,126723429.64,1.094544045,0.9976225823,0.1042484074,0.1430003915
2024-09-20,20795238,1726876799,Syrup USDT,0x356b8d89c1e1239cbbb9de4815c39a1474d5ba7d,11350000,11350000,0,11350000,18790420.06048,34682107.5709005,15891687.5104205,12300000,12300000,1.003356357,0.7148996271,0.09066052305,-0.2345305907
2024-09-20,20795238,1726876799,Syrup USDC,0x80ac24aa929eaf5013f6436cda2a7ba190f5cc0b,42982246.8,42982246.8,0,42982246.8,52786801.5200299,95931089.5040749,43144287.984045,67655246.8,67655246.8,1.033441742,0.9990456375,0.108410452,0.1131106747
2024-09-19,20788084,1726790399,Syrup USDT,0x356b8d89c1e1239cbbb9de4815c39a1474d5ba7d,14200000,14200000,0,14200000,17934457.65572,33318317.1791019,15383859.5233819,8600000,8600000,1.002847457,0.9239826198,0.1028020656,-0.2392408777
2024-09-19,20788084,1726790399,Syrup USDC,0x80ac24aa929eaf5013f6436cda2a7ba190f5cc0b,40675000,40675000,0,40675000,50876115.7959959,92349056.242042,41472940.4460461,59748000,59748000,1.033045871,0.9837759801,0.106912966,0.1146247306
2024-09-19,20788084,1726790399,High Yield Secured Lending Maple Pool USDC1,0xc39a5a616f0ad1ff45077fa2de3f79ab8eb8b8b9,43306683.69,43306683.69,0,43306683.69,67455197.9556581,110947412.241324,43492214.2856662,126723429.64,126723429.64,1.094280678,0.9999677106,0.1306582729,0.15187684
2024-09-18,20780916,1726703999,Syrup USDT,0x356b8d89c1e1239cbbb9de4815c39a1474d5ba7d,14200000,14200000,0,14200000,17670361.25792,32938102.965754,15267741.707834,8600000,8600000,1.002723636,0.9309013288,0.09995545486,-0.2403829112
2024-09-18,20780916,1726703999,Syrup USDC,0x80ac24aa929eaf5013f6436cda2a7ba190f5cc0b,40675000,40675000,0,40675000,50193480.8259162,91366728.61775,41173247.7918338,59748000,59748000,1.032808904,0.9907307677,0.1077380175,0.1145021258
2024-09-18,20780916,1726703999,High Yield Secured Lending Maple Pool USDC1,0xc39a5a616f0ad1ff45077fa2de3f79ab8eb8b8b9,43306683.69,43306683.69,0,43306683.69,66418861.7647107,109900600.455692,43481738.690981,126723429.64,126723429.64,1.094017109,0.9999677106,0.1307553531,0.1519699159
2024-09-17,20773761,1726617599,Syrup USDC,0x80ac24aa929eaf5013f6436cda2a7ba190f5cc0b,40675000,40675000,0,40675000,49223154.7292121,90485845.3293556,41262690.6001435,59748000,59748000,1.032572238,0.9883500469,0.108588204,0.1144185141
2024-09-17,20773761,1726617599,High Yield Secured Lending Maple Pool USDC1,0xc39a5a616f0ad1ff45077fa2de3f79ab8eb8b8b9,42805839.79,42805839.79,0,42805839.79,66062126.1775616,109635708.462544,43573582.2849827,125420906.16,125420906.16,1.093755157,0.9867462684,0.1309751709,0.1520718813
2024-09-17,20773761,1726617599,Syrup USDT,0x356b8d89c1e1239cbbb9de4815c39a1474d5ba7d,14200000,14200000,0,14200000,17381354.96682,31739650.9625681,14358295.9957481,8600000,8600000,1.002597059,0.9897895165,0.1203474152,-0.2415487412
2024-09-16,20766617,1726531199,Syrup USDT,0x356b8d89c1e1239cbbb9de4815c39a1474d5ba7d,14200000,14200000,0,14200000,17535894.72678,31769687.1761701,14233792.4493901,8600000,8600000,1.002048644,0.9983212867,0.09440487667,-0.2465809241
2024-09-16,20766617,1726531199,Syrup USDC,0x80ac24aa929eaf5013f6436cda2a7ba190f5cc0b,40675000,40675000,0,40675000,49726804.5830004,90606376.1685116,40879571.5855112,59748000,59748000,1.032147089,0.9974061437,0.1386368966,0.1118728991
2024-09-16,20766617,1726531199,High Yield Secured Lending Maple Pool USDC1,0xc39a5a616f0ad1ff45077fa2de3f79ab8eb8b8b9,42805839.79,42805839.79,0,42805839.79,66287254.3400991,109840941.538621,43553687.1985215,125420906.16,125420906.16,1.093255764,0.9869619827,0.1703264281,0.1491270963
2024-09-15,20759464,1726444799,Syrup USDT,0x356b8d89c1e1239cbbb9de4815c39a1474d5ba7d,10500000,10500000,0,10500000,18110427.0674,29967243.9732172,11856816.9058172,3500000,3500000,1.001929414,0.8862018119,0.09353718716,-0.247670892
2024-09-15,20759464,1726444799,Syrup USDC,0x80ac24aa929eaf5013f6436cda2a7ba190f5cc0b,35075050,35075050,0,35075050,51033026.6303687,87723089.9045043,36690063.2741356,52698000,52698000,1.031903876,0.9583344194,0.138636495,0.1117531427
2024-09-15,20759464,1726444799,High Yield Secured Lending Maple Pool USDC1,0xc39a5a616f0ad1ff45077fa2de3f79ab8eb8b8b9,42805839.79,42805839.79,0,42805839.79,68881782.0316339,111959835.193694,43078053.1620603,125420906.16,125420906.16,1.092993242,0.9976633732,0.1699433253,0.1492169433
2024-09-14,20752287,1726358399,Syrup USDT,0x356b8d89c1e1239cbbb9de4815c39a1474d5ba7d,10500000,10500000,0,10500000,18322116.71798,29549601.8313315,11227485.1133515,3500000,3500000,1.001809392,0.9357998766,0.09262488721,-0.2487666486
2024-09-14,20752287,1726358399,Syrup USDC,0x80ac24aa929eaf5013f6436cda2a7ba190f5cc0b,35075050,35075050,0,35075050,51554065.8003791,87104605.7727284,35550539.9723492,52698000,52698000,1.031654737,0.9888894987,0.1386555677,0.1147827152
2024-09-14,20752287,1726358399,High Yield Secured Lending Maple Pool USDC1,0xc39a5a616f0ad1ff45077fa2de3f79ab8eb8b8b9,42805839.79,42805839.79,0,42805839.79,69749954.3897458,112767593.945345,43017639.5555991,125420906.16,125420906.16,1.092728952,0.9988273422,0.1696684045,0.1582557179
2024-09-13,20745133,1726271999,Syrup USDC,0x80ac24aa929eaf5013f6436cda2a7ba190f5cc0b,35075050,35075050,0,35075050,49990105.3075613,85329010.7036832,35338905.3961218,52698000,52698000,1.0314038,0.9945815543,0.1387832752,0.1149328954
2024-09-13,20745133,1726271999,Syrup USDT,0x356b8d89c1e1239cbbb9de4815c39a1474d5ba7d,10500000,10500000,0,10500000,17767118.61082,28993241.2318177,11226122.6209977,3500000,3500000,1.001687819,0.9357998766,0.0916250342,-0.2498750673
2024-09-13,20745133,1726271999,High Yield Secured Lending Maple Pool USDC1,0xc39a5a616f0ad1ff45077fa2de3f79ab8eb8b8b9,42805839.79,42805839.79,0,42805839.79,68127779.5943236,111135005.54346,43007225.9491366,125420906.16,125420906.16,1.092464427,0.9991532824,0.1693802544,0.1582716424
2024-09-12,20737965,1726185599,Syrup USDT,0x356b8d89c1e1239cbbb9de4815c39a1474d5ba7d,7500000,7500000,0,7500000,12819642.0983,23437798.4830665,10618156.3847665,3500000,3500000,1.000967221,0.706650736,0.05170067644,-0.2564142323
2024-09-12,20737965,1726185599,High Yield Secured Lending Maple Pool USDC1,0xc39a5a616f0ad1ff45077fa2de3f79ab8eb8b8b9,42805839.79,42805839.79,0,42805839.79,66522972.4722906,109500365.104966,42977392.6326754,125420906.16,125420906.16,1.091706605,0.9996063895,0.1415271082,0.151907343
2024-09-12,20737965,1726185599,Syrup USDC,0x80ac24aa929eaf5013f6436cda2a7ba190f5cc0b,33075050,33075050,0,33075050,46222614.9399688,80805103.7735313,34582488.8335625,50698000,50698000,1.031035442,0.9581931543,0.1321770091,0.1128362193
2024-09-11,20730811,1726099199,High Yield Secured Lending Maple Pool USDC1,0xc39a5a616f0ad1ff45077fa2de3f79ab8eb8b8b9,42405050,42405050,0,42405050,67861591.4985315,110486961.587567,42625370.0890359,122720066.37,122720066.37,1.091441858,0.9986071181,0.1571222941,0.1630758491
2024-09-11,20730811,1726099199,Syrup USDC,0x80ac24aa929eaf5013f6436cda2a7ba190f5cc0b,34825050,34825050,0,34825050,50367919.4137326,86239818.462832,35871899.0490993,46698000,46698000,1.030784207,0.9741270906,0.1380474755,0.1208206351
2024-09-11,20730811,1726099199,Syrup USDT,0x356b8d89c1e1239cbbb9de4815c39a1474d5ba7d,7500000,7500000,0,7500000,13006642.96732,23348576.6949632,10341933.7276432,3500000,3500000,1.000893243,0.7254786251,-0.4149467344,-0.2570825889
2024-09-10,20723649,1726012799,Syrup USDT,0x356b8d89c1e1239cbbb9de4815c39a1474d5ba7d,7500000,7500000,0,7500000,12915864.1225,21039327.618141,8123463.49564097,3500000,3500000,1.000414403,0.9236099391,-0.7270697887,-0.2613953415
2024-09-10,20723649,1726012799,High Yield Secured Lending Maple Pool USDC1,0xc39a5a616f0ad1ff45077fa2de3f79ab8eb8b8b9,42405050,42405050,0,42405050,67454477.9617426,110069482.961752,42615005.0000094,122720066.37,122720066.37,1.091176455,0.9986071181,0.187143195,0.163138303
2024-09-10,20723649,1726012799,Syrup USDC,0x80ac24aa929eaf5013f6436cda2a7ba190f5cc0b,34825050,34825050,0,34825050,49984627.7844715,85647547.2569711,35662919.4724996,46698000,46698000,1.030532842,0.9796144091,0.1424702641,0.1201839074
2024-09-09,20716497,1725926399,Syrup USDT,0x356b8d89c1e1239cbbb9de4815c39a1474d5ba7d,7500000,7500000,0,7500000,12426070.71064,19928453.5834257,7502382.8727857,3500000,3500000,1.000316529,0.9999988,-0.728458613,-0.2622740269
2024-09-09,20716497,1725926399,High Yield Secured Lending Maple Pool USDC1,0xc39a5a616f0ad1ff45077fa2de3f79ab8eb8b8b9,38805050,38805050,0,38805050,59478687.7628406,102024605.002788,42545917.2399476,119120066.37,119120066.37,1.089963057,0.9151028981,0.1346545065,0.1509698431
2024-09-09,20716497,1725926399,Syrup USDC,0x80ac24aa929eaf5013f6436cda2a7ba190f5cc0b,33339000,33339000,0,33339000,38680337.324553,74271877.7102104,35591540.3856574,35384000,35384000,1.029580316,0.9395456733,0.1019324327,0.1103559758
2024-09-08,20709329,1725839999,Syrup USDT,0x356b8d89c1e1239cbbb9de4815c39a1474d5ba7d,7500000,7500000,0,7500000,12240701.08584,19742305.3915024,7501604.30566244,3500000,3500000,1.000212721,0.9999988,-0.7299240787,-0.2632049459
2024-09-08,20709329,1725839999,Syrup USDC,0x80ac24aa929eaf5013f6436cda2a7ba190f5cc0b,34339000,34339000,0,34339000,38263363.1421389,73761986.2935372,35498623.1513982,35384000,35384000,1.029337715,0.9701605799,0.1018366435,0.1098361197
2024-09-08,20709329,1725839999,High Yield Secured Lending Maple Pool USDC1,0xc39a5a616f0ad1ff45077fa2de3f79ab8eb8b8b9,42481933.05,42481933.05,0,42481933.05,58491250.4250374,101105534.225479,42614283.8004417,115443133.32,115443133.32,1.089708167,0.9999957684,0.1352521821,0.1511716759
2024-09-07,20702170,1725753599,Syrup USDC,0x80ac24aa929eaf5013f6436cda2a7ba190f5cc0b,34339000,34339000,0,34339000,37931534.3329519,72869051.6180666,34937517.2851147,35384000,35384000,1.029088865,0.9855464178,0.1016213005,0.1092366136
2024-09-07,20702170,1725753599,High Yield Secured Lending Maple Pool USDC1,0xc39a5a616f0ad1ff45077fa2de3f79ab8eb8b8b9,42481933.05,42481933.05,0,42481933.05,57320648.500036,99924820.0477768,42604171.5477408,115443133.32,115443133.32,1.089449583,0.9999957684,0.1356280785,0.1590968318
2024-09-07,20702170,1725753599,Syrup USDT,0x356b8d89c1e1239cbbb9de4815c39a1474d5ba7d,7500000,7500000,0,7500000,12062520.67434,19563346.4128792,7500825.73853917,3500000,3500000,1.000108912,0.9999988,-0.7313817865,
2024-09-06,20694991,1725667199,Syrup USDC,0x80ac24aa929eaf5013f6436cda2a7ba190f5cc0b,34339000,34339000,0,34339000,39058237.3829826,73784954.6518138,34726717.2688311,35384000,35384000,1.02883634,0.99130103,0.1013107179,0.1086194699
2024-09-06,20694991,1725667199,Syrup USDT,0x356b8d89c1e1239cbbb9de4815c39a1474d5ba7d,7500000,7500000,0,7500000,12515774.92462,20015822.0960359,7500047.1714159,3500000,3500000,1.000005103,0.9999988,-0.7328317765,
2024-09-06,20694991,1725667199,High Yield Secured Lending Maple Pool USDC1,0xc39a5a616f0ad1ff45077fa2de3f79ab8eb8b8b9,42481933.05,42481933.05,0,42481933.05,59370396.9102754,101964456.205315,42594059.29504,115443133.32,115443133.32,1.089190998,0.9999957684,0.1360044989,0.1592481375
2024-09-05,20687830,1725580799,High Yield Secured Lending Maple Pool USDC1,0xc39a5a616f0ad1ff45077fa2de3f79ab8eb8b8b9,39302372.68,39302372.68,0,39302372.68,61341590.1229581,103703899.396775,42362309.2738166,111766200.27,111766200.27,1.088938774,0.9300128354,0.1636576205,0.1594851487
2024-09-05,20687830,1725580799,Syrup USDT,0x356b8d89c1e1239cbbb9de4815c39a1474d5ba7d,0,0,0,0,0,7000009,7000009,,,1.000000014,0,-0.7329026553,
2024-09-05,20687830,1725580799,Syrup USDC,0x80ac24aa929eaf5013f6436cda2a7ba190f5cc0b,33675000,33675000,0,33675000,39524346.2458928,73664787.4215345,34140441.1756417,30470000,30470000,1.02858366,0.988641738,0.1049182771,0.1084606191
2024-09-04,20680662,1725494399,Syrup USDT,0x356b8d89c1e1239cbbb9de4815c39a1474d5ba7d,0,0,0,0,0,9,9,,,1.011235955,0,-0.5217085613,
2024-09-04,20680662,1725494399,Syrup USDC,0x80ac24aa929eaf5013f6436cda2a7ba190f5cc0b,29425000,29425000,0,29425000,38833341.4059854,72415645.2279272,33582303.8219418,26220000,26220000,1.028231034,0.8780506738,0.09941058438,0.1112547867
2024-09-04,20680662,1725494399,High Yield Secured Lending Maple Pool USDC1,0xc39a5a616f0ad1ff45077fa2de3f79ab8eb8b8b9,39302372.68,39302372.68,0,39302372.68,58839440.192006,98427325.084019,39587884.8920131,111766200.27,111766200.27,1.088391428,0.995114358,0.1481767499,0.1617772211
2024-09-03,20673497,1725407999,Syrup USDC,0x80ac24aa929eaf5013f6436cda2a7ba190f5cc0b,29425000,29425000,0,29425000,40026610.9959384,73780151.4743227,33753540.4783843,26220000,26220000,1.027903826,0.8756705211,0.09578988793,0.1098762281
2024-09-03,20673497,1725407999,Syrup USDT,0x356b8d89c1e1239cbbb9de4815c39a1474d5ba7d,0,0,0,0,0,4,4,,,1.025641026,0,-7.888304565e-11,
2024-09-03,20673497,1725407999,High Yield Secured Lending Maple Pool USDC1,0xc39a5a616f0ad1ff45077fa2de3f79ab8eb8b8b9,39302372.68,39302372.68,0,39302372.68,62051094.7439519,101600745.494161,39549650.7502093,111766200.27,111766200.27,1.087592389,0.9964544937,0.119376597,0.1549267411
2024-09-02,20666327,1725321599,Syrup USDC,0x80ac24aa929eaf5013f6436cda2a7ba190f5cc0b,29425000,29425000,0,29425000,38891963.7963926,72634156.8211052,33742193.0247126,26220000,26220000,1.027665506,0.875762318,0.1033525934,0.1100190869
2024-09-02,20666327,1725321599,Syrup USDT,0x356b8d89c1e1239cbbb9de4815c39a1474d5ba7d,0,0,0,0,0,4,4,,,1.025641026,0,-7.888304565e-11,
2024-09-02,20666327,1725321599,High Yield Secured Lending Maple Pool USDC1,0xc39a5a616f0ad1ff45077fa2de3f79ab8eb8b8b9,39319372.68,39319372.68,0,39319372.68,53365722.6122593,93042479.3901876,39676756.7779283,111251827.59,111251827.59,1.087325564,0.9934455142,0.1580718667,0.1549740011
2024-09-01,20659157,1725235199,Syrup USDT,0x356b8d89c1e1239cbbb9de4815c39a1474d5ba7d,0,0,0,0,0,4,4,,,1.025641026,0,-7.888304565e-11,
2024-09-01,20659157,1725235199,High Yield Secured Lending Maple Pool USDC1,0xc39a5a616f0ad1ff45077fa2de3f79ab8eb8b8b9,39319372.68,39319372.68,0,39319372.68,55918685.9555025,95840610.9728404,39921925.017338,111251827.59,111251827.59,1.087060313,0.9870884751,0.157992664,0.1550416328
2024-09-01,20659157,1725235199,Syrup USDC,0x80ac24aa929eaf5013f6436cda2a7ba190f5cc0b,29425000,29425000,0,29425000,40003494.7857508,72888386.8839876,32884892.0982368,26220000,26220000,1.027425069,0.8984781293,0.1037357802,0.1101780913
2024-08-31,20651993,1725148799,High Yield Secured Lending Maple Pool USDC1,0xc39a5a616f0ad1ff45077fa2de3f79ab8eb8b8b9,39319372.68,39319372.68,0,39319372.68,57005983.6789722,96918181.9273929,39912198.2484207,111251827.59,111251827.59,1.086795456,0.9870884751,0.1579362121,0.1685092505
2024-08-31,20651993,1725148799,Syrup USDC,0x80ac24aa929eaf5013f6436cda2a7ba190f5cc0b,29425000,29425000,0,29425000,40328748.5982544,73193543.4690255,32864794.8707711,26220000,26220000,1.027180532,0.8988149329,0.1039488433,0.114202721
2024-08-31,20651993,1725148799,Syrup USDT,0x356b8d89c1e1239cbbb9de4815c39a1474d5ba7d,0,0,0,0,0,4,4,,,1.025641026,0,-7.888304565e-11,
2024-08-30,20644832,1725062399,High Yield Secured Lending Maple Pool USDC1,0xc39a5a616f0ad1ff45077fa2de3f79ab8eb8b8b9,39319372.68,39319372.68,0,39319372.68,57650279.762262,97551712.2417654,39901432.4795034,111251827.59,111251827.59,1.086530595,0.9871142224,0.1578795128,0.1685876118
2024-08-30,20644832,1725062399,Syrup USDC,0x80ac24aa929eaf5013f6436cda2a7ba190f5cc0b,29425000,29425000,0,29425000,40543984.6311254,72730074.9262258,32186090.2951004,26220000,26220000,1.026934028,0.9176193905,0.1041913312,0.1142833151
2024-08-30,20644832,1725062399,Syrup USDT,0x356b8d89c1e1239cbbb9de4815c39a1474d5ba7d,0,0,0,0,0,4,4,,,1.025641026,0,-7.888304565e-11,
2024-08-29,20637675,1724975999,Syrup USDT,0x356b8d89c1e1239cbbb9de4815c39a1474d5ba7d,0,0,0,0,0,4,4,,,1.025641026,0,-7.888304565e-11,
2024-08-29,20637675,1724975999,High Yield Secured Lending Maple Pool USDC1,0xc39a5a616f0ad1ff45077fa2de3f79ab8eb8b8b9,38805050,38805050,0,38805050,59038667.4680387,98417135.2204007,39378467.752362,110737454.91,110737454.91,1.085778057,0.9869193569,0.1511307579,0.1623157696
2024-08-29,20637675,1724975999,Syrup USDC,0x80ac24aa929eaf5013f6436cda2a7ba190f5cc0b,29425000,29425000,0,29425000,40781630.3261351,72490792.3878956,31709162.0617604,23820000,23820000,1.026617426,0.9317868597,0.1078418146,0.11352112
2024-08-28,20630526,1724889599,Syrup USDC,0x80ac24aa929eaf5013f6436cda2a7ba190f5cc0b,29425000,29425000,0,29425000,41205502.5734826,72866811.1740133,31661308.6005307,23820000,23820000,1.026363831,0.9329694491,0.1061686782,0.1244360112
2024-08-28,20630526,1724889599,Syrup USDT,0x356b8d89c1e1239cbbb9de4815c39a1474d5ba7d,0,0,0,0,0,4,4,,,1.025641026,0,-7.888304565e-11,
2024-08-28,20630526,1724889599,High Yield Secured Lending Maple Pool USDC1,0xc39a5a616f0ad1ff45077fa2de3f79ab8eb8b8b9,38805050,38805050,0,38805050,68762039.9387684,108030784.647838,39268744.70907,110737454.91,110737454.91,1.085511078,0.9924430771,0.1510891348,0.1766187456
2024-08-27,20623367,1724803199,Syrup USDC,0x80ac24aa929eaf5013f6436cda2a7ba190f5cc0b,29425000,29425000,0,29425000,43249175.4346977,72805170.7350837,29555995.300386,23820000,23820000,1.02610213,0.9994363765,0.1200894746,0.1244238684
2024-08-27,20623367,1724803199,High Yield Secured Lending Maple Pool USDC1,0xc39a5a616f0ad1ff45077fa2de3f79ab8eb8b8b9,38805050,38805050,0,38805050,73463261.3055792,112490001.998137,39026740.6925574,110737454.91,110737454.91,1.085242741,0.998375534,0.1894836127,0.1766729283
2024-08-27,20623367,1724803199,Syrup USDT,0x356b8d89c1e1239cbbb9de4815c39a1474d5ba7d,0,0,0,0,0,4,4,,,1.025641026,0,-7.888304565e-11,
2024-08-26,20616202,1724716799,Syrup USDT,0x356b8d89c1e1239cbbb9de4815c39a1474d5ba7d,0,0,0,0,0,4,4,,,1.025641026,0,-7.888304565e-11,
2024-08-26,20616202,1724716799,High Yield Secured Lending Maple Pool USDC1,0xc39a5a616f0ad1ff45077fa2de3f79ab8eb8b8b9,38466267.82,38466267.82,0,38466267.82,72455464.829632,111448278.226981,38992813.3973488,104976187.09,104976187.09,1.084269581,0.9903120645,0.149868626,0.1674602886
2024-08-26,20616202,1724716799,Syrup USDC,0x80ac24aa929eaf5013f6436cda2a7ba190f5cc0b,28425000,28425000,0,28425000,43809160.0183912,74421005.7036056,30611845.6852144,22820000,22820000,1.025728921,0.9318128411,0.1117449006,0.1229848157
2024-08-25,20609046,1724630399,Syrup USDT,0x356b8d89c1e1239cbbb9de4815c39a1474d5ba7d,0,0,0,0,0,4,4,,,1.025641026,0,-7.888304565e-11,
2024-08-25,20609046,1724630399,Syrup USDC,0x80ac24aa929eaf5013f6436cda2a7ba190f5cc0b,28425000,28425000,0,28425000,43954736.6177272,75106006.3978046,31151269.7800774,22820000,22820000,1.025482108,0.9154012454,0.1107226038,0.1232426095
2024-08-25,20609046,1724630399,High Yield Secured Lending Maple Pool USDC1,0xc39a5a616f0ad1ff45077fa2de3f79ab8eb8b8b9,38466267.82,38466267.82,0,38466267.82,73296150.5471185,112273435.950866,38977285.4037477,103576187.09,103576187.09,1.084006497,0.9907092319,0.1501131246,0.1675806851
2024-08-24,20601891,1724543999,Syrup USDC,0x80ac24aa929eaf5013f6436cda2a7ba190f5cc0b,28425000,28425000,0,28425000,43233747.1759134,73893918.8427089,30660171.6667955,22820000,22820000,1.025234238,0.9298837047,0.1096876246,0.1297481817
2024-08-24,20601891,1724543999,High Yield Secured Lending Maple Pool USDC1,0xc39a5a616f0ad1ff45077fa2de3f79ab8eb8b8b9,38466267.82,38466267.82,0,38466267.82,70022969.1533191,108990794.377615,38967825.2242962,103576187.09,103576187.09,1.083743398,0.9907092319,0.1503286292,0.1752698836
2024-08-24,20601891,1724543999,Syrup USDT,0x356b8d89c1e1239cbbb9de4815c39a1474d5ba7d,0,0,0,0,0,4,4,,,1.025641026,0,-7.888304565e-11,
2024-08-23,20594741,1724457599,High Yield Secured Lending Maple Pool USDC1,0xc39a5a616f0ad1ff45077fa2de3f79ab8eb8b8b9,38466267.82,38466267.82,0,38466267.82,65625403.1570041,104583768.201849,38958365.0448447,103576187.09,103576187.09,1.083480298,0.9907092319,0.150555688,0.1753427089
2024-08-23,20594741,1724457599,Syrup USDC,0x80ac24aa929eaf5013f6436cda2a7ba190f5cc0b,28425000,28425000,0,28425000,41163468.4283624,71753561.809884,30590093.3815216,22820000,22820000,1.024983884,0.9317918447,0.108680747,0.129781595
2024-08-23,20594741,1724457599,Syrup USDT,0x356b8d89c1e1239cbbb9de4815c39a1474d5ba7d,0,0,0,0,0,4,4,,,1.025641026,0,-7.888304565e-11,
2024-08-22,20587588,1724371199,High Yield Secured Lending Maple Pool USDC1,0xc39a5a616f0ad1ff45077fa2de3f79ab8eb8b8b9,38466267.82,38466267.82,0,38466267.82,65378723.9537746,104014632.253968,38635908.3001932,103576187.09,103576187.09,1.082851262,0.9987605523,0.169000881,0.1844173708
2024-08-22,20587588,1724371199,Syrup USDT,0x356b8d89c1e1239cbbb9de4815c39a1474d5ba7d,0,0,0,0,0,4,4,,,1.025641026,0,-7.888304565e-11,
2024-08-22,20587588,1724371199,Syrup USDC,0x80ac24aa929eaf5013f6436cda2a7ba190f5cc0b,25925000,25925000,0,25925000,41346275.1266551,71946541.3913456,30600266.2646905,22820000,22820000,1.024603025,0.8493635214,0.1140986793,0.1384915304
2024-08-21,20580429,1724284799,Syrup USDT,0x356b8d89c1e1239cbbb9de4815c39a1474d5ba7d,0,0,0,0,0,4,4,,,1.025641026,0,-7.888304565e-11,
2024-08-21,20580429,1724284799,High Yield Secured Lending Maple Pool USDC1,0xc39a5a616f0ad1ff45077fa2de3f79ab8eb8b8b9,37942158.09,37942158.09,0,37942158.09,65203229.6125055,103329719.214868,38126489.6023626,102264919.27,102264919.27,1.082585753,0.9993649696,0.168879737,0.1844645919
2024-08-21,20580429,1724284799,Syrup USDC,0x80ac24aa929eaf5013f6436cda2a7ba190f5cc0b,25725000,25725000,0,25725000,40363258.9484175,70754258.2822197,30390999.3338022,21820000,21820000,1.02437962,0.8491495796,0.1162079341,0.1388278067
2024-08-20,20573271,1724198399,High Yield Secured Lending Maple Pool USDC1,0xc39a5a616f0ad1ff45077fa2de3f79ab8eb8b8b9,37605367.31,37605367.31,0,37605367.31,66116877.4865445,103958596.675062,37841719.1885173,101477761.18,101477761.18,1.081637308,0.9977344718,0.1307865975,0.175421942
2024-08-20,20573271,1724198399,Syrup USDC,0x80ac24aa929eaf5013f6436cda2a7ba190f5cc0b,25725000,25725000,0,25725000,40714068.1330872,71053058.0638705,30338989.9307833,21820000,21820000,1.023872826,0.8504239089,0.0993209916,0.1352275852
2024-08-20,20573271,1724198399,Syrup USDT,0x356b8d89c1e1239cbbb9de4815c39a1474d5ba7d,0,0,0,0,0,4,4,,,1.025641026,0,-7.888304565e-11,
2024-08-19,20566114,1724111999,Syrup USDC,0x80ac24aa929eaf5013f6436cda2a7ba190f5cc0b,25725000,25725000,0,25725000,40156045.1071368,69916877.5025092,29760832.3953724,21820000,21820000,1.023647218,0.8668014793,0.1349047636,0.1354428832
2024-08-19,20566114,1724111999,High Yield Secured Lending Maple Pool USDC1,0xc39a5a616f0ad1ff45077fa2de3f79ab8eb8b8b9,37605367.31,37605367.31,0,37605367.31,65130834.8680257,102905846.614493,37775011.7464674,101477761.18,101477761.18,1.081369602,0.9999999993,0.1782211021,0.1754001428
2024-08-19,20566114,1724111999,Syrup USDT,0x356b8d89c1e1239cbbb9de4815c39a1474d5ba7d,0,0,0,0,0,4,4,,,1.025641026,0,-7.888304565e-11,
2024-08-18,20558957,1724025599,High Yield Secured Lending Maple Pool USDC1,0xc39a5a616f0ad1ff45077fa2de3f79ab8eb8b8b9,37155050,37155050,0,37155050,64883749.0312546,102649441.182774,37765692.1515193,101027393.87,101027393.87,1.081102814,0.9880251852,0.1782743309,0.1753904764
2024-08-18,20558957,1724025599,Syrup USDT,0x356b8d89c1e1239cbbb9de4815c39a1474d5ba7d,0,0,0,0,0,4,4,,,1.025641026,0,-7.888304565e-11,
2024-08-18,20558957,1724025599,Syrup USDC,0x80ac24aa929eaf5013f6436cda2a7ba190f5cc0b,25725000,25725000,0,25725000,40410633.3234741,69988120.6864826,29577487.3630085,21820000,21820000,1.023418962,0.8719941653,0.1333774958,0.1356548018
2024-08-17,20551783,1723939199,High Yield Secured Lending Maple Pool USDC1,0xc39a5a616f0ad1ff45077fa2de3f79ab8eb8b8b9,37155050,37155050,0,37155050,63752400.2033534,101508790.575071,37756390.3717177,101027393.87,101027393.87,1.080836536,0.9880251852,0.1783908249,0.1802970965
2024-08-17,20551783,1723939199,Syrup USDC,0x80ac24aa929eaf5013f6436cda2a7ba190f5cc0b,25725000,25725000,0,25725000,40003600.1437363,69501520.5358989,29497920.3921626,21820000,21820000,1.023189884,0.8741558556,0.1319942147,0.141343304
2024-08-17,20551783,1723939199,Syrup USDT,0x356b8d89c1e1239cbbb9de4815c39a1474d5ba7d,0,0,0,0,0,4,4,,,1.025641026,0,-7.888304565e-11,
2024-08-16,20544627,1723852799,Syrup USDT,0x356b8d89c1e1239cbbb9de4815c39a1474d5ba7d,0,0,0,0,0,4,4,,,1.025641026,0,-7.888304565e-11,
2024-08-16,20544627,1723852799,Syrup USDC,0x80ac24aa929eaf5013f6436cda2a7ba190f5cc0b,25725000,25725000,0,25725000,39927460.6186271,68658477.9295828,28731017.3109557,21820000,21820000,1.022957838,0.8973388232,0.1302458204,0.1415362239
2024-08-16,20544627,1723852799,High Yield Secured Lending Maple Pool USDC1,0xc39a5a616f0ad1ff45077fa2de3f79ab8eb8b8b9,37155050,37155050,0,37155050,65239524.4786762,102867563.321841,37628038.843165,101027393.87,101027393.87,1.080570052,0.991162974,0.1784957025,0.1802180136
2024-08-15,20537462,1723766399,Syrup USDC,0x80ac24aa929eaf5013f6436cda2a7ba190f5cc0b,25725000,25725000,0,25725000,40378719.4447204,66402286.1802652,26023566.7355448,21820000,21820000,1.022482133,0.9906704135,0.1145752364,0.1383104721
2024-08-15,20537462,1723766399,Syrup USDT,0x356b8d89c1e1239cbbb9de4815c39a1474d5ba7d,0,0,0,0,0,4,4,,,1.025641026,0,,
2024-08-15,20537462,1723766399,High Yield Secured Lending Maple Pool USDC1,0xc39a5a616f0ad1ff45077fa2de3f79ab8eb8b8b9,37155050,37155050,0,37155050,65748826.1710901,103068650.1117,37319823.9406104,101027393.87,101027393.87,1.079613355,0.9991299624,0.1733130425,0.1710012683
2024-08-14,20530309,1723679999,Syrup USDT,0x356b8d89c1e1239cbbb9de4815c39a1474d5ba7d,0,0,0,0,0,4,4,,,1.025641026,0,,
2024-08-14,20530309,1723679999,Syrup USDC,0x80ac24aa929eaf5013f6436cda2a7ba190f5cc0b,25725000,25725000,0,25725000,41244124.4593841,67184151.008923,25940026.5495389,21820000,21820000,1.02222211,0.9936139466,0.1114029212,0.1536629299
2024-08-14,20530309,1723679999,High Yield Secured Lending Maple Pool USDC1,0xc39a5a616f0ad1ff45077fa2de3f79ab8eb8b8b9,37167134.62,37167134.62,0,37167134.62,64162585.2362049,101470402.791536,37307817.5553313,96615259.25,96615259.25,1.079350786,0.9999982975,0.1736112258,0.1854705636
2024-08-13,20523147,1723593599,High Yield Secured Lending Maple Pool USDC1,0xc39a5a616f0ad1ff45077fa2de3f79ab8eb8b8b9,35436223.01,35436223.01,0,35436223.01,64014920.8599031,101094074.009216,37079153.1493126,94403124.63,94403124.63,1.079090627,0.9590983329,0.1740603354,0.1855618214
2024-08-13,20523147,1723593599,Syrup USDT,0x356b8d89c1e1239cbbb9de4815c39a1474d5ba7d,0,0,0,0,0,4,4,,,1.025641026,0,,
2024-08-13,20523147,1723593599,Syrup USDC,0x80ac24aa929eaf5013f6436cda2a7ba190f5cc0b,18725000,18725000,0,18725000,31970748.4785811,58087289.6194705,26116541.1408894,21820000,21820000,1.022015135,0.7181997241,0.1132213957,0.1542007494
2024-08-12,20515980,1723507199,High Yield Secured Lending Maple Pool USDC1,0xc39a5a616f0ad1ff45077fa2de3f79ab8eb8b8b9,35926223.01,35926223.01,0,35926223.01,61858539.0308075,98058396.701364,36199857.6705565,93431901.62,93431901.62,1.077973696,0.9958315793,0.1515953829,0.1742712306
2024-08-12,20515980,1723507199,Syrup USDC,0x80ac24aa929eaf5013f6436cda2a7ba190f5cc0b,18725000,18725000,0,18725000,31425135.9917265,57367236.5989853,25942100.6072588,21820000,21820000,1.021165877,0.7231959707,0.09700074514,0.1459929437
2024-08-12,20515980,1723507199,Syrup USDT,0x356b8d89c1e1239cbbb9de4815c39a1474d5ba7d,0,0,0,0,0,4,4,,,1.025641026,0,,
2024-08-11,20508813,1723420799,Syrup USDT,0x356b8d89c1e1239cbbb9de4815c39a1474d5ba7d,0,0,0,0,0,4,4,,,1.025641026,0,,
2024-08-11,20508813,1723420799,High Yield Secured Lending Maple Pool USDC1,0xc39a5a616f0ad1ff45077fa2de3f79ab8eb8b8b9,35926223.01,35926223.01,0,35926223.01,67186385.1836241,103247045.268973,36060660.0853491,93431901.62,93431901.62,1.077706812,0.999439858,0.1516388447,0.1742959075
2024-08-11,20508813,1723420799,Syrup USDC,0x80ac24aa929eaf5013f6436cda2a7ba190f5cc0b,18725000,18725000,0,18725000,32898178.3854439,58073740.5373247,25175562.1518807,21820000,21820000,1.020964541,0.7451099596,0.09809194668,0.1468067827
2024-08-10,20501654,1723334399,Syrup USDT,0x356b8d89c1e1239cbbb9de4815c39a1474d5ba7d,0,0,0,0,0,4,4,,,1.025641026,0,,
2024-08-10,20501654,1723334399,Syrup USDC,0x80ac24aa929eaf5013f6436cda2a7ba190f5cc0b,18725000,18725000,0,18725000,33132661.1167391,58276465.4349898,25143804.3182507,21820000,21820000,1.020759919,0.745902865,0.1005002903,0.1542678034
2024-08-10,20501654,1723334399,High Yield Secured Lending Maple Pool USDC1,0xc39a5a616f0ad1ff45077fa2de3f79ab8eb8b8b9,35926223.01,35926223.01,0,35926223.01,68282967.8312442,104334677.735749,36051709.9045047,93431901.62,93431901.62,1.077439328,0.999439858,0.1516688725,0.1895452778
2024-08-09,20494484,1723247999,Syrup USDT,0x356b8d89c1e1239cbbb9de4815c39a1474d5ba7d,0,0,0,0,0,4,4,,,1.025641026,0,,
2024-08-09,20494484,1723247999,Syrup USDC,0x80ac24aa929eaf5013f6436cda2a7ba190f5cc0b,18725000,18725000,0,18725000,33883847.1218355,59558939.7850901,25675092.6632546,21820000,21820000,1.020558677,0.7303003105,0.1032924092,0.1547689208
2024-08-09,20494484,1723247999,High Yield Secured Lending Maple Pool USDC1,0xc39a5a616f0ad1ff45077fa2de3f79ab8eb8b8b9,35926223.01,35926223.01,0,35926223.01,71093919.674378,107136679.398038,36042759.7236602,93431901.62,93431901.62,1.077171843,0.999439858,0.151698916,0.1895971242
2024-08-08,20487316,1723161599,High Yield Secured Lending Maple Pool USDC1,0xc39a5a616f0ad1ff45077fa2de3f79ab8eb8b8b9,35795541.71,35795541.71,0,35795541.71,63288258.5377845,99302151.2956409,36013892.7578564,92460678.61,92460678.61,1.076309127,0.9963625093,0.1756807829,0.1816796675
2024-08-08,20487316,1723161599,Syrup USDC,0x80ac24aa929eaf5013f6436cda2a7ba190f5cc0b,18725000,18725000,0,18725000,31095332.9341197,56635571.0786821,25540238.1445624,21820000,21820000,1.020357263,0.7352520789,0.1229144951,0.1558139588
2024-08-08,20487316,1723161599,Syrup USDT,0x356b8d89c1e1239cbbb9de4815c39a1474d5ba7d,0,0,0,0,0,0,0,,,0,0,,
2024-08-07,20480141,1723075199,Syrup USDT,0x356b8d89c1e1239cbbb9de4815c39a1474d5ba7d,0,0,0,0,0,0,0,,,0,0,,
2024-08-07,20480141,1723075199,Syrup USDC,0x80ac24aa929eaf5013f6436cda2a7ba190f5cc0b,18725000,18725000,0,18725000,31114399.0714269,56047049.6731492,24932650.6017223,21820000,21820000,1.020153543,0.7530692175,0.1256274896,0.1688921355
2024-08-07,20480141,1723075199,High Yield Secured Lending Maple Pool USDC1,0xc39a5a616f0ad1ff45077fa2de3f79ab8eb8b8b9,35795541.71,35795541.71,0,35795541.71,62682562.4937438,98686521.1670759,36003958.6733321,89020678.61,89020678.61,1.076042117,0.9971425387,0.1757506126,0.1940590202
2024-08-06,20472970,1722988799,High Yield Secured Lending Maple Pool USDC1,0xc39a5a616f0ad1ff45077fa2de3f79ab8eb8b8b9,35884541.71,35884541.71,0,35884541.71,56712061.7998812,92708999.1685618,35996937.3686806,88091136.9,88091136.9,1.075774862,0.9995745421,0.175881428,0.1937902242
2024-08-06,20472970,1722988799,Syrup USDC,0x80ac24aa929eaf5013f6436cda2a7ba190f5cc0b,18725000,18725000,0,18725000,29520005.5026643,48313612.4807545,18793606.9780902,21820000,21820000,1.019915008,0.9996843537,0.1266995354,0.1692143975
2024-06-10,20064866,1718063999,Syrup USDC,0x80ac24aa929eaf5013f6436cda2a7ba190f5cc0b,0,0,0,0,0,0,0,,,0,0,,
2024-06-09,20057708,1717977599,High Yield Secured Lending Maple Pool USDC1,0xc39a5a616f0ad1ff45077fa2de3f79ab8eb8b8b9,23220050,23220050,0,23220050,37852653.475,61245534.7711057,23392881.2961057,36156330.78,36156330.78,1.045531349,0.9942039794,0.1687111669,0.2110275428
2024-06-09,20057708,1717977599,Syrup USDC,0x80ac24aa929eaf5013f6436cda2a7ba190f5cc0b,0,0,0,0,0,0,0,,,0,0,,
2024-06-08,20050552,1717891199,High Yield Secured Lending Maple Pool USDC1,0xc39a5a616f0ad1ff45077fa2de3f79ab8eb8b8b9,23220050,23220050,0,23220050,38875053.153,62261933.4485495,23386880.2955495,36156330.78,36156330.78,1.045263138,0.9942039794,0.1683327094,0.2110204585
2024-06-08,20050552,1717891199,Syrup USDC,0x80ac24aa929eaf5013f6436cda2a7ba190f5cc0b,0,0,0,0,0,0,0,,,0,0,,
2024-06-07,20043388,1717804799,High Yield Secured Lending Maple Pool USDC1,0xc39a5a616f0ad1ff45077fa2de3f79ab8eb8b8b9,23220050,23220050,0,23220050,40770191.896,64151071.1909933,23380879.2949933,36156330.78,36156330.78,1.044994926,0.9942039794,0.1679822427,0.2102628672
2024-06-07,20043388,1717804799,Syrup USDC,0x80ac24aa929eaf5013f6436cda2a7ba190f5cc0b,0,0,0,0,0,0,0,,,0,0,,
2024-06-06,20036226,1717718399,Syrup USDC,0x80ac24aa929eaf5013f6436cda2a7ba190f5cc0b,0,0,0,0,0,0,0,,,0,0,,
2024-06-06,20036226,1717718399,High Yield Secured Lending Maple Pool USDC1,0xc39a5a616f0ad1ff45077fa2de3f79ab8eb8b8b9,23220050,23220050,0,23220050,41583058.101,64957936.3954371,23374878.2944371,36156330.78,36156330.78,1.044726715,0.9942039794,0.2287864561,0.2311370356
2024-06-05,20029069,1717631999,Syrup USDC,0x80ac24aa929eaf5013f6436cda2a7ba190f5cc0b,0,0,0,0,0,0,0,,,0,0,,
2024-06-05,20029069,1717631999,High Yield Secured Lending Maple Pool USDC1,0xc39a5a616f0ad1ff45077fa2de3f79ab8eb8b8b9,23220050,23220050,0,23220050,41094541.509,64463418.8028809,23368877.2938809,36156330.78,36156330.78,1.044458504,0.9942039794,0.2282601794,0.2310387923
2024-06-04,20021901,1717545599,High Yield Secured Lending Maple Pool USDC1,0xc39a5a616f0ad1ff45077fa2de3f79ab8eb8b8b9,21675050,21675050,0,21675050,39439643.215,62790341.2164067,23350698.0014067,36156330.78,36156330.78,1.044193629,0.9320146745,0.2281560231,0.2309914989
2024-06-04,20021901,1717545599,Syrup USDC,0x80ac24aa929eaf5013f6436cda2a7ba190f5cc0b,0,0,0,0,0,0,0,,,0,0,,
2024-06-03,20014732,1717459199,High Yield Secured Lending Maple Pool USDC1,0xc39a5a616f0ad1ff45077fa2de3f79ab8eb8b8b9,22597358.25,22597358.25,0,22597358.25,36538552.96,59754064.8151594,23215511.8551594,35233972.53,35233972.53,1.042668205,0.9771385111,0.2378775576,0.2129822298
2024-06-03,20014732,1717459199,Syrup USDC,0x80ac24aa929eaf5013f6436cda2a7ba190f5cc0b,0,0,0,0,0,0,0,,,0,0,,
2024-06-02,20007576,1717372799,High Yield Secured Lending Maple Pool USDC1,0xc39a5a616f0ad1ff45077fa2de3f79ab8eb8b8b9,22597358.25,22597358.25,0,22597358.25,37175765.76,60126440.5870815,22950674.8270815,35233972.53,35233972.53,1.04240999,0.9882115988,0.2383357936,0.2130518645
2024-06-02,20007576,1717372799,Syrup USDC,0x80ac24aa929eaf5013f6436cda2a7ba190f5cc0b,0,0,0,0,0,0,0,,,0,0,,
2024-06-01,20000415,1717286399,Syrup USDC,0x80ac24aa929eaf5013f6436cda2a7ba190f5cc0b,0,0,0,0,0,0,0,,,0,0,,
2024-06-01,20000415,1717286399,High Yield Secured Lending Maple Pool USDC1,0xc39a5a616f0ad1ff45077fa2de3f79ab8eb8b8b9,22597358.25,22597358.25,0,22597358.25,37164630.72,59909600.0944266,22744969.3744266,35233972.53,35233972.53,1.042149053,0.9969310144,0.2386256456,0.2128138869
2024-05-31,19993249,1717199999,High Yield Secured Lending Maple Pool USDC1,0xc39a5a616f0ad1ff45077fa2de3f79ab8eb8b8b9,22597358.25,22597358.25,0,22597358.25,37411241.28,60150505.2017717,22739263.9217717,35233972.53,35233972.53,1.041887636,0.9969310144,0.2388867946,0.2126847988
2024-05-31,19993249,1717199999,Syrup USDC,0x80ac24aa929eaf5013f6436cda2a7ba190f5cc0b,0,0,0,0,0,0,0,,,0,0,,
2024-05-30,19986092,1717113599,Syrup USDC,0x80ac24aa929eaf5013f6436cda2a7ba190f5cc0b,0,0,0,0,0,0,0,,,0,0,,
2024-05-30,19986092,1717113599,High Yield Secured Lending Maple Pool USDC1,0xc39a5a616f0ad1ff45077fa2de3f79ab8eb8b8b9,22597358.25,22597358.25,0,22597358.25,37662345.28,60373657.7491168,22711312.4691168,35233972.53,35233972.53,1.040606931,0.9979103937,0.225798586,0.1983178171
2024-05-29,19978946,1717027199,Syrup USDC,0x80ac24aa929eaf5013f6436cda2a7ba190f5cc0b,0,0,0,0,0,0,0,,,0,0,,
2024-05-29,19978946,1717027199,High Yield Secured Lending Maple Pool USDC1,0xc39a5a616f0ad1ff45077fa2de3f79ab8eb8b8b9,21900209.18,21900209.18,0,21900209.18,37800125.44,60505793.803384,22705668.363384,34311614.28,34311614.28,1.040348325,0.9691490898,0.2262615479,0.2253341825
2024-05-28,19971800,1716940799,High Yield Secured Lending Maple Pool USDC1,0xc39a5a616f0ad1ff45077fa2de3f79ab8eb8b8b9,21900209.18,21900209.18,0,21900209.18,38038432.32,60238479.9120643,22200047.5920643,34311614.28,34311614.28,1.040086184,0.9910781611,0.2265076067,0.225325003
2024-05-28,19971800,1716940799,Syrup USDC,0x80ac24aa929eaf5013f6436cda2a7ba190f5cc0b,0,0,0,0,0,0,0,,,0,0,,
2024-05-27,19964643,1716854399,High Yield Secured Lending Maple Pool USDC1,0xc39a5a616f0ad1ff45077fa2de3f79ab8eb8b8b9,21900209.18,21900209.18,0,21900209.18,36592326.4,58656747.9207446,22064421.5207446,34311614.28,34311614.28,1.038409732,0.9969434747,0.23161126,0.2051940208
2024-05-27,19964643,1716854399,Syrup USDC,0x80ac24aa929eaf5013f6436cda2a7ba190f5cc0b,0,0,0,0,0,0,0,,,0,0,,
2024-05-26,19957489,1716767999,Syrup USDC,0x80ac24aa929eaf5013f6436cda2a7ba190f5cc0b,0,0,0,0,0,0,0,,,0,0,,
2024-05-26,19957489,1716767999,High Yield Secured Lending Maple Pool USDC1,0xc39a5a616f0ad1ff45077fa2de3f79ab8eb8b8b9,21900209.18,21900209.18,0,21900209.18,37714832.96,59773633.7094249,22058800.7494249,34311614.28,34311614.28,1.038145204,0.9969434747,0.2317124974,0.2051481961
2024-05-25,19950329,1716681599,Syrup USDC,0x80ac24aa929eaf5013f6436cda2a7ba190f5cc0b,0,0,0,0,0,0,0,,,0,0,,
2024-05-25,19950329,1716681599,High Yield Secured Lending Maple Pool USDC1,0xc39a5a616f0ad1ff45077fa2de3f79ab8eb8b8b9,21900209.18,21900209.18,0,21900209.18,37579781.12,59632961.0981051,22053179.9781051,34311614.28,34311614.28,1.037880676,0.9969434747,0.231813795,0.2045403964
2024-05-24,19943176,1716595199,High Yield Secured Lending Maple Pool USDC1,0xc39a5a616f0ad1ff45077fa2de3f79ab8eb8b8b9,21900209.18,21900209.18,0,21900209.18,39438349.44,61435908.6467854,21997559.2067854,34311614.28,34311614.28,1.037616134,0.9992177992,0.2319143107,0.2042260565
2024-05-24,19943176,1716595199,Syrup USDC,0x80ac24aa929eaf5013f6436cda2a7ba190f5cc0b,0,0,0,0,0,0,0,,,0,0,,
2024-05-23,19936018,1716508799,Syrup USDC,0x80ac24aa929eaf5013f6436cda2a7ba190f5cc0b,0,0,0,0,0,0,0,,,0,0,,
2024-05-23,19936018,1716508799,High Yield Secured Lending Maple Pool USDC1,0xc39a5a616f0ad1ff45077fa2de3f79ab8eb8b8b9,21789690.84,21789690.84,0,21789690.84,39618622.4,61543574.2581197,21924951.8581197,34086405.1,34086405.1,1.036551788,0.99723259,0.2343214037,0.1926784277
2024-05-22,19928861,1716422399,Syrup USDC,0x80ac24aa929eaf5013f6436cda2a7ba190f5cc0b,0,0,0,0,0,0,0,,,0,0,,
2024-05-22,19928861,1716422399,High Yield Secured Lending Maple Pool USDC1,0xc39a5a616f0ad1ff45077fa2de3f79ab8eb8b8b9,21789690.84,21789690.84,0,21789690.84,39911085.76,61830430.1978,21919344.4378,34086405.1,34086405.1,1.036286685,0.99723259,0.2342745908,0.1923770453
2024-05-21,19921719,1716335999,High Yield Secured Lending Maple Pool USDC1,0xc39a5a616f0ad1ff45077fa2de3f79ab8eb8b8b9,21789690.84,21789690.84,0,21789690.84,41736782.08,63650519.0974803,21913737.0174803,34086405.1,34086405.1,1.036021581,0.99723259,0.3373342592,0.2508978512
2024-05-20,19914564,1716249599,High Yield Secured Lending Maple Pool USDC1,0xc39a5a616f0ad1ff45077fa2de3f79ab8eb8b8b9,21789690.84,21789690.84,0,21789690.84,38095086.4,59971759.7371606,21876673.3371606,34086405.1,34086405.1,1.034269312,0.998670311,0.2408199052,0.2289268293
2024-05-19,19907419,1716163199,High Yield Secured Lending Maple Pool USDC1,0xc39a5a616f0ad1ff45077fa2de3f79ab8eb8b8b9,21789690.84,21789690.84,0,21789690.84,38628988.16,60500054.0768409,21871065.9168409,34086405.1,34086405.1,1.034004208,0.998670311,0.2408159097,0.2286281005
2024-05-18,19900267,1716076799,High Yield Secured Lending Maple Pool USDC1,0xc39a5a616f0ad1ff45077fa2de3f79ab8eb8b8b9,21789690.84,21789690.84,0,21789690.84,37967935.04,59833393.5365212,21865458.4965212,34086405.1,34086405.1,1.033739105,0.998670311,0.2408119122,0.22833566
2024-05-17,19893121,1715990399,High Yield Secured Lending Maple Pool USDC1,0xc39a5a616f0ad1ff45077fa2de3f79ab8eb8b8b9,21789690.84,21789690.84,0,21789690.84,35648556.16,57508407.2362015,21859851.0762015,34086405.1,34086405.1,1.033474001,0.998670311,0.2408079126,0.2280476932
2024-05-16,19885976,1715903999,High Yield Secured Lending Maple Pool USDC1,0xc39a5a616f0ad1ff45077fa2de3f79ab8eb8b8b9,19709690.84,19709690.84,0,19709690.84,33893816.385,53730488.6808029,19836672.2958029,26806405.1,26806405.1,1.032375255,0.9959562411,0.1896391712,0.2157615485
2024-05-15,19878820,1715817599,High Yield Secured Lending Maple Pool USDC1,0xc39a5a616f0ad1ff45077fa2de3f79ab8eb8b8b9,19709690.84,19709690.84,0,19709690.84,30477123.105,50308736.4935791,19831613.3885791,26806405.1,26806405.1,1.032111971,0.9959562411,0.1865500392,0.2154998957
2024-05-14,19871652,1715731199,High Yield Secured Lending Maple Pool USDC1,0xc39a5a616f0ad1ff45077fa2de3f79ab8eb8b8b9,19709690.84,19709690.84,0,19709690.84,31562529.57,51309059.2586783,19746529.6886783,26806405.1,26806405.1,1.03026219,0.9999999976,0.1784349444,0.1926838768
2024-05-13,19864533,1715644799,High Yield Secured Lending Maple Pool USDC1,0xc39a5a616f0ad1ff45077fa2de3f79ab8eb8b8b9,19709690.84,19709690.84,0,19709690.84,30799480.14,50540950.9214545,19741470.7814545,26806405.1,26806405.1,1.029998245,0.9999999976,0.1780649373,0.1923906673
2024-05-12,19857378,1715558399,High Yield Secured Lending Maple Pool USDC1,0xc39a5a616f0ad1ff45077fa2de3f79ab8eb8b8b9,19709690.84,19709690.84,0,19709690.84,31168641.075,50905052.9492307,19736411.8742307,26806405.1,26806405.1,1.0297343,0.9999999976,0.1777076975,0.1920973855
2024-05-11,19850229,1715471999,High Yield Secured Lending Maple Pool USDC1,0xc39a5a616f0ad1ff45077fa2de3f79ab8eb8b8b9,19709690.84,19709690.84,0,19709690.84,31383602.25,51114955.2170069,19731352.9670069,26806405.1,26806405.1,1.029470354,0.9999999976,0.1773538189,0.1918163807
2024-05-10,19843075,1715385599,High Yield Secured Lending Maple Pool USDC1,0xc39a5a616f0ad1ff45077fa2de3f79ab8eb8b8b9,19709690.84,19709690.84,0,19709690.84,32759630.475,52485924.5347831,19726294.0597831,26806405.1,26806405.1,1.029206409,0.9999999976,0.177106703,0.1913364654
2024-05-09,19835922,1715299199,High Yield Secured Lending Maple Pool USDC1,0xc39a5a616f0ad1ff45077fa2de3f79ab8eb8b8b9,19595050,19595050,0,19595050,30569686.29,50290929.4249766,19721243.1349766,26691714.26,26691714.26,1.028942881,0.994183529,0.1757659614,0.2291660916
2024-05-08,19828770,1715212799,High Yield Secured Lending Maple Pool USDC1,0xc39a5a616f0ad1ff45077fa2de3f79ab8eb8b8b9,14395050,14395050,0,14395050,24006290.76,43723487.5876955,19717196.8276955,21491714.26,21491714.26,1.028731767,0.7323492089,0.1780323161,0.2295358785
2024-05-07,19821623,1715126399,High Yield Secured Lending Maple Pool USDC1,0xc39a5a616f0ad1ff45077fa2de3f79ab8eb8b8b9,14395050,14395050,0,14395050,24730087.32,39415131.2222238,14685043.9022238,21491714.26,21491714.26,1.027023206,0.9841078524,0.09442553565,0.2083066064
2024-05-06,19814477,1715039999,High Yield Secured Lending Maple Pool USDC1,0xc39a5a616f0ad1ff45077fa2de3f79ab8eb8b8b9,14395050,14395050,0,14395050,23601085.02,38282455.1467521,14681370.1267521,21491714.26,21491714.26,1.026766275,0.9841078524,0.204052084,0.2080206879
2024-05-05,19807330,1714953599,High Yield Secured Lending Maple Pool USDC1,0xc39a5a616f0ad1ff45077fa2de3f79ab8eb8b8b9,14395050,14395050,0,14395050,23669988.48,38332159.0235824,14662170.5435824,21491714.26,21491714.26,1.026509128,0.9851535055,0.2041095667,0.2077316275
2024-05-04,19800179,1714867199,High Yield Secured Lending Maple Pool USDC1,0xc39a5a616f0ad1ff45077fa2de3f79ab8eb8b8b9,14395050,14395050,0,14395050,23255078.94,37913575.7081107,14658496.7681107,21491714.26,21491714.26,1.026251925,0.9851535055,0.2041720202,0.2074630386
2024-05-03,19793022,1714780799,High Yield Secured Lending Maple Pool USDC1,0xc39a5a616f0ad1ff45077fa2de3f79ab8eb8b8b9,14395050,14395050,0,14395050,22342335.3,36797158.292639,14454822.992639,21491714.26,21491714.26,1.025992935,0.9988248129,0.2041252105,0.2071821744
2024-05-02,19785869,1714694399,High Yield Secured Lending Maple Pool USDC1,0xc39a5a616f0ad1ff45077fa2de3f79ab8eb8b8b9,13259311.17,13259311.17,0,13259311.17,20810001.5366,35261439.2218349,14451437.6852349,21377403.09,21377403.09,1.025752648,0.9206502825,0.2028169295,0.2071690097
2024-05-01,19778725,1714607999,High Yield Secured Lending Maple Pool USDC1,0xc39a5a616f0ad1ff45077fa2de3f79ab8eb8b8b9,13259311.17,13259311.17,0,13259311.17,19618645.1244,33001742.0142257,13383096.8898257,21377403.09,21377403.09,1.025504316,0.994166263,0.2022739097,0.2070406113
2024-04-30,19771559,1714521599,High Yield Secured Lending Maple Pool USDC1,0xc39a5a616f0ad1ff45077fa2de3f79ab8eb8b8b9,13259311.17,13259311.17,0,13259311.17,21260606.6564,34586933.3513726,13326326.6949726,21377403.09,21377403.09,1.02524755,0.9981648689,0.2012659764,0.2068046439
2024-04-29,19764400,1714435199,High Yield Secured Lending Maple Pool USDC1,0xc39a5a616f0ad1ff45077fa2de3f79ab8eb8b8b9,13146545.96,13146545.96,0,13146545.96,13014339.66,26290683.9316774,13276344.2716774,21263091.92,21263091.92,1.023116229,0.9931641783,0.09102879919,0.1800372564
2024-04-28,19757250,1714348799,High Yield Secured Lending Maple Pool USDC1,0xc39a5a616f0ad1ff45077fa2de3f79ab8eb8b8b9,13146545.96,13146545.96,0,13146545.96,13379481.045,26611663.6825853,13232182.6375853,21263091.92,21263091.92,1.02285906,0.9962373264,0.3400329141,0.179848616
2024-04-27,19750102,1714262399,High Yield Secured Lending Maple Pool USDC1,0xc39a5a616f0ad1ff45077fa2de3f79ab8eb8b8b9,13146545.96,13146545.96,0,13146545.96,13159976.445,26388830.4484932,13228854.0034932,21263091.92,21263091.92,1.022601754,0.9962373264,0.3389661896,0.1796579815
2024-04-26,19742955,1714175999,High Yield Secured Lending Maple Pool USDC1,0xc39a5a616f0ad1ff45077fa2de3f79ab8eb8b8b9,13146545.96,13146545.96,0,13146545.96,13701359.385,26926884.7544011,13225525.3694011,21263091.92,21263091.92,1.022344448,0.9962373264,0.3378997943,0.178833278
2024-04-25,19735821,1714089599,High Yield Secured Lending Maple Pool USDC1,0xc39a5a616f0ad1ff45077fa2de3f79ab8eb8b8b9,8046545.96,8046545.96,0,8046545.96,13961911.005,22185343.6442284,8223432.63922839,16163091.92,16163091.92,1.022126325,0.981742609,0.3395383966,0.2439761272
2024-04-24,19728664,1714003199,High Yield Secured Lending Maple Pool USDC1,0xc39a5a616f0ad1ff45077fa2de3f79ab8eb8b8b9,8046545.96,8046545.96,0,8046545.96,14618569.77,22840082.7304788,8221512.96047878,16163091.92,16163091.92,1.02188772,0.981742609,0.3398000438,0.2436170102
2024-04-23,19721527,1713916799,High Yield Secured Lending Maple Pool USDC1,0xc39a5a616f0ad1ff45077fa2de3f79ab8eb8b8b9,8046545.96,8046545.96,0,8046545.96,14835760.065,23020353.3467292,8184593.28172918,16163091.92,16163091.92,1.021648293,0.9859529024,0.3400067955,0.2435597747
2024-04-22,19714372,1713830399,High Yield Secured Lending Maple Pool USDC1,0xc39a5a616f0ad1ff45077fa2de3f79ab8eb8b8b9,8046545.96,8046545.96,0,8046545.96,14056067.97,22215568.3229796,8159500.35297957,16163091.92,16163091.92,1.021408217,0.9887604343,0.3401712579,0.2436034212
2024-04-21,19707222,1713743999,High Yield Secured Lending Maple Pool USDC1,0xc39a5a616f0ad1ff45077fa2de3f79ab8eb8b8b9,8046545.96,8046545.96,0,8046545.96,14223865.005,22348217.15923,8124352.15422997,16163091.92,16163091.92,1.017133517,0.9928142179,0.09028664116,0.1851657897
2024-04-20,19700062,1713657599,High Yield Secured Lending Maple Pool USDC1,0xc39a5a616f0ad1ff45077fa2de3f79ab8eb8b8b9,8046545.96,8046545.96,0,8046545.96,13536649.665,21659082.1404804,8122432.47548036,16163091.92,16163091.92,1.016893181,0.9928142179,0.09026967724,0.1844711002
2024-04-19,19692913,1713571199,High Yield Secured Lending Maple Pool USDC1,0xc39a5a616f0ad1ff45077fa2de3f79ab8eb8b8b9,8046545.96,8046545.96,0,8046545.96,13431447.54,21551960.3367308,8120512.79673075,16163091.92,16163091.92,1.016652846,0.9928142179,0.09025270558,0.1836058388
2024-04-18,19685777,1713484799,High Yield Secured Lending Maple Pool USDC1,0xc39a5a616f0ad1ff45077fa2de3f79ab8eb8b8b9,8046545.96,8046545.96,0,8046545.96,12524193.675,20617792.5070591,8093598.83205915,16163091.92,16163091.92,1.016412078,0.9958854215,0.09025993798,0.182951025
2024-04-17,19678625,1713398399,High Yield Secured Lending Maple Pool USDC1,0xc39a5a616f0ad1ff45077fa2de3f79ab8eb8b8b9,8046545.96,8046545.96,0,8046545.96,12891316.725,20982995.8783095,8091679.15330954,16163091.92,16163091.92,1.016171,0.9958854215,0.08947035634,0.1824321241
2024-04-16,19671470,1713311999,High Yield Secured Lending Maple Pool USDC1,0xc39a5a616f0ad1ff45077fa2de3f79ab8eb8b8b9,8046545.96,8046545.96,0,8046545.96,13080108.825,21168368.2995599,8088259.47455994,16163091.92,16163091.92,1.015929907,0.9960703403,0.246879673,0.1819129947
2024-04-15,19664338,1713225599,High Yield Secured Lending Maple Pool USDC1,0xc39a5a616f0ad1ff45077fa2de3f79ab8eb8b8b9,8046545.96,8046545.96,0,8046545.96,14321165.04,22407504.8358103,8086339.79581033,16163091.92,16163091.92,1.015688784,0.9960703403,0.2463953805,0.1813934618
2024-04-14,19657200,1713139199,High Yield Secured Lending Maple Pool USDC1,0xc39a5a616f0ad1ff45077fa2de3f79ab8eb8b8b9,8046545.96,8046545.96,0,8046545.96,13247118.675,21381741.2614007,8134622.58640073,16163091.92,16163091.92,1.015448745,0.9899185003,0.2460274768,0.1808892457
2024-04-13,19650066,1713052799,High Yield Secured Lending Maple Pool USDC1,0xc39a5a616f0ad1ff45077fa2de3f79ab8eb8b8b9,8046545.96,8046545.96,0,8046545.96,14531102.46,22663805.3676511,8132702.90765112,16163091.92,16163091.92,1.01520911,0.9899185003,0.2456854412,0.1803907578
2024-04-12,19642952,1712966399,High Yield Secured Lending Maple Pool USDC1,0xc39a5a616f0ad1ff45077fa2de3f79ab8eb8b8b9,8046545.96,8046545.96,0,8046545.96,13729344.72,21860127.9489015,8130783.22890152,16163091.92,16163091.92,1.014969476,0.9899185003,0.2453433398,0.1798922624
2024-04-11,19635809,1712879999,High Yield Secured Lending Maple Pool USDC1,0xc39a5a616f0ad1ff45077fa2de3f79ab8eb8b8b9,8046545.96,8046545.96,0,8046545.96,11685732.3,19762595.8501519,8076863.55015191,16163091.92,16163091.92,1.014728977,0.996292029,0.2450402888,0.1793815389
2024-04-10,19628668,1712793599,High Yield Secured Lending Maple Pool USDC1,0xc39a5a616f0ad1ff45077fa2de3f79ab8eb8b8b9,7441545.96,7441545.96,0,7441545.96,9921431.8,17991492.482691,8070060.68269096,16163091.92,16163091.92,1.014502395,0.9247942715,0.2456868622,0.1790675702
2024-04-09,19621517,1712707199,High Yield Secured Lending Maple Pool USDC1,0xc39a5a616f0ad1ff45077fa2de3f79ab8eb8b8b9,7441545.96,7441545.96,0,7441545.96,10386965.025,18135094.2377975,7748129.21279752,16163091.92,16163091.92,1.011640049,0.9631139145,0.08820369736,0.1420208113
2024-04-08,19614375,1712620799,High Yield Secured Lending Maple Pool USDC1,0xc39a5a616f0ad1ff45077fa2de3f79ab8eb8b8b9,7441545.96,7441545.96,0,7441545.96,10325975.925,18022329.8079041,7696353.88290408,16163091.92,16163091.92,1.011407481,0.969387007,0.08840035088,0.1416262343
2024-04-07,19607241,1712534399,High Yield Secured Lending Maple Pool USDC1,0xc39a5a616f0ad1ff45077fa2de3f79ab8eb8b8b9,7441545.96,7441545.96,0,7441545.96,10290182.75,17984761.3030106,7694578.55301064,16163091.92,16163091.92,1.011174178,0.969387007,0.08860712411,0.1412215429
2024-04-06,19600113,1712447999,High Yield Secured Lending Maple Pool USDC1,0xc39a5a616f0ad1ff45077fa2de3f79ab8eb8b8b9,7441545.96,7441545.96,0,7441545.96,10072169.2,17764972.4231172,7692803.2231172,16163091.92,16163091.92,1.010940875,0.969387007,0.08898645129,0.14081682
2024-04-05,19592970,1712361599,High Yield Secured Lending Maple Pool USDC1,0xc39a5a616f0ad1ff45077fa2de3f79ab8eb8b8b9,7441545.96,7441545.96,0,7441545.96,10569733.95,18260761.8432238,7691027.89322376,16163091.92,16163091.92,1.010707572,0.969387007,0.08940927663,0.1383530568
2024-04-04,19585828,1712275199,High Yield Secured Lending Maple Pool USDC1,0xc39a5a616f0ad1ff45077fa2de3f79ab8eb8b8b9,7441545.96,7441545.96,0,7441545.96,10666891.7,18278211.7933303,7611320.09333033,16163091.92,16163091.92,1.010472799,0.9793291764,0.08974983032,0.1351391571
2024-04-03,19578682,1712188799,High Yield Secured Lending Maple Pool USDC1,0xc39a5a616f0ad1ff45077fa2de3f79ab8eb8b8b9,7441545.96,7441545.96,0,7441545.96,10432854.05,18042398.8134369,7609544.76343689,16163091.92,16163091.92,1.010237108,0.9793291764,0.08753000882,0.1319219851
2024-04-02,19571531,1712102399,High Yield Secured Lending Maple Pool USDC1,0xc39a5a616f0ad1ff45077fa2de3f79ab8eb8b8b9,7441545.96,7441545.96,0,7441545.96,11081701.875,18689471.3085434,7607769.43354345,16163091.92,16163091.92,1.010001417,0.9793291764,0.3680508934,
2024-04-01,19564408,1712015999,High Yield Secured Lending Maple Pool USDC1,0xc39a5a616f0ad1ff45077fa2de3f79ab8eb8b8b9,7441545.96,7441545.96,0,7441545.96,11661823.975,19267818.07865,7605994.10365001,16163091.92,16163091.92,1.009765725,0.9793291764,0.3663650014,
2024-03-31,19557288,1711929599,High Yield Secured Lending Maple Pool USDC1,0xc39a5a616f0ad1ff45077fa2de3f79ab8eb8b8b9,7441545.96,7441545.96,0,7441545.96,11182659.8,18736878.5737566,7554218.77375657,16163091.92,16163091.92,1.009529123,0.9858159895,0.3660944223,
2024-03-30,19550182,1711843199,High Yield Secured Lending Maple Pool USDC1,0xc39a5a616f0ad1ff45077fa2de3f79ab8eb8b8b9,7441545.96,7441545.96,0,7441545.96,11041568.025,18494011.4688631,7452443.44386313,16163091.92,16163091.92,1.009289456,0.9990508783,0.3661277438,
2024-03-29,19543073,1711756799,High Yield Secured Lending Maple Pool USDC1,0xc39a5a616f0ad1ff45077fa2de3f79ab8eb8b8b9,7441545.96,7441545.96,0,7441545.96,10900561.925,18351230.0389697,7450668.11396969,16163091.92,16163091.92,1.009049022,0.9990508783,0.3661069223,
2024-03-28,19535951,1711670399,High Yield Secured Lending Maple Pool USDC1,0xc39a5a616f0ad1ff45077fa2de3f79ab8eb8b8b9,7441545.96,7441545.96,0,7441545.96,10702989.05,18151881.8340763,7448892.78407625,16163091.92,16163091.92,1.008808588,0.9990508783,0.3625369535,
2024-03-27,19528923,1711583999,High Yield Secured Lending Maple Pool USDC1,0xc39a5a616f0ad1ff45077fa2de3f79ab8eb8b8b9,5011545.96,5011545.96,0,5011545.96,6062185.955,11759874.4563627,5697688.50136272,8011545.96,8011545.96,1.008612727,0.8804207326,0.3612684511,
2024-03-26,19522002,1711497599,High Yield Secured Lending Maple Pool USDC1,0xc39a5a616f0ad1ff45077fa2de3f79ab8eb8b8b9,5011545.96,5011545.96,0,5011545.96,5991200.145,11147077.5709556,5155877.42595565,8011545.96,8011545.96,1.00394935,0.9728281387,0.07977317123,
2024-03-25,19514905,1711411199,High Yield Secured Lending Maple Pool USDC1,0xc39a5a616f0ad1ff45077fa2de3f79ab8eb8b8b9,4300000,4300000,0,4300000,5833492.962,10848334.0794056,5014841.11740558,7300000,7300000,1.003738807,0.8580186695,0.07928993818,
2024-03-24,19507815,1711324799,High Yield Secured Lending Maple Pool USDC1,0xc39a5a616f0ad1ff45077fa2de3f79ab8eb8b8b9,4300000,4300000,0,4300000,5498484.509,9811514.26321764,4313029.75421764,7300000,7300000,1.003507429,0.9975037929,0.07763941111,
2024-03-23,19500710,1711238399,High Yield Secured Lending Maple Pool USDC1,0xc39a5a616f0ad1ff45077fa2de3f79ab8eb8b8b9,4300000,4300000,0,4300000,5498543.788,9810547.59166971,4312003.80366971,7300000,7300000,1.003268722,0.9975037929,0.07558095867,
2024-03-22,19493590,1711151999,High Yield Secured Lending Maple Pool USDC1,0xc39a5a616f0ad1ff45077fa2de3f79ab8eb8b8b9,4300000,4300000,0,4300000,5691876.382,10002854.2351218,4310977.85312178,7300000,7300000,1.003030015,0.9975037929,0.07352553654,
2024-03-21,19486456,1711065599,High Yield Secured Lending Maple Pool USDC1,0xc39a5a616f0ad1ff45077fa2de3f79ab8eb8b8b9,3000000,3000000,0,3000000,5609247.084,9669443.4617085,4060196.3777085,3000000,3000000,1.002841339,0.7407407407,0.07426411616,
2024-03-20,19479340,1710979199,High Yield Secured Lending Maple Pool USDC1,0xc39a5a616f0ad1ff45077fa2de3f79ab8eb8b8b9,3000000,3000000,0,3000000,4969208.508,9028689.10625643,4059480.59825644,3000000,3000000,1.002664547,0.7407407407,0.07566803425,
2024-03-19,19472214,1710892799,High Yield Secured Lending Maple Pool USDC1,0xc39a5a616f0ad1ff45077fa2de3f79ab8eb8b8b9,3000000,3000000,0,3000000,5752916.997,9311681.81580437,3558764.81880437,3000000,3000000,1.002472687,0.8450704225,0.07623054484,
2024-03-18,19465095,1710806399,High Yield Secured Lending Maple Pool USDC1,0xc39a5a616f0ad1ff45077fa2de3f79ab8eb8b8b9,3000000,3000000,0,3000000,5933804.063,9491853.1023523,3558049.0393523,3000000,3000000,1.002271058,0.8450704225,0.07624646182,
2024-03-17,19457982,1710719999,High Yield Secured Lending Maple Pool USDC1,0xc39a5a616f0ad1ff45077fa2de3f79ab8eb8b8b9,3000000,3000000,0,3000000,5297490.982,8854824.24190024,3557333.25990024,3000000,3000000,1.002069429,0.8450704225,0.07626238544,
2024-03-16,19450869,1710633599,High Yield Secured Lending Maple Pool USDC1,0xc39a5a616f0ad1ff45077fa2de3f79ab8eb8b8b9,3000000,3000000,0,3000000,5388981.404,8945598.88444817,3556617.48044817,3000000,3000000,1.0018678,0.8450704225,0.07627831571,
2024-03-15,19443767,1710547199,High Yield Secured Lending Maple Pool USDC1,0xc39a5a616f0ad1ff45077fa2de3f79ab8eb8b8b9,3000000,3000000,0,3000000,5163333.9,8719235.6009961,3555901.7009961,3000000,3000000,1.001666172,0.8450704225,0.07629425264,
2024-03-14,19436644,1710460799,High Yield Secured Lending Maple Pool USDC1,0xc39a5a616f0ad1ff45077fa2de3f79ab8eb8b8b9,3000000,3000000,0,3000000,4794235.94,8349421.86154404,3555185.92154404,3000000,3000000,1.001464543,0.8450704225,0.07631019622,
2024-03-13,19429555,1710374399,High Yield Secured Lending Maple Pool USDC1,0xc39a5a616f0ad1ff45077fa2de3f79ab8eb8b8b9,3000000,3000000,0,3000000,4416385.191,7970855.33309197,3554470.14209197,3000000,3000000,1.001262914,0.8450704225,0.06802237844,
2024-03-12,19422438,1710287999,High Yield Secured Lending Maple Pool USDC1,0xc39a5a616f0ad1ff45077fa2de3f79ab8eb8b8b9,3000000,3000000,0,3000000,4359643.104,7913397.4666399,3553754.3626399,3000000,3000000,1.001061285,0.8450704225,0.0568617387,
2024-03-11,19415285,1710201599,High Yield Secured Lending Maple Pool USDC1,0xc39a5a616f0ad1ff45077fa2de3f79ab8eb8b8b9,3000000,3000000,0,3000000,4226751.196,7779789.77918784,3553038.58318784,3000000,3000000,1.000859657,0.8450704225,0.04581917861,
2024-03-10,19408133,1710115199,High Yield Secured Lending Maple Pool USDC1,0xc39a5a616f0ad1ff45077fa2de3f79ab8eb8b8b9,3000000,3000000,0,3000000,4243142.495,7795465.29873577,3552322.80373577,3000000,3000000,1.000658028,0.8450704225,,
2024-03-09,19400981,1710028799,High Yield Secured Lending Maple Pool USDC1,0xc39a5a616f0ad1ff45077fa2de3f79ab8eb8b8b9,3000000,3000000,0,3000000,4254109.778,7805716.8022837,3551607.0242837,3000000,3000000,1.000456399,0.8450704225,,
2024-03-08,19393821,1709942399,High Yield Secured Lending Maple Pool USDC1,0xc39a5a616f0ad1ff45077fa2de3f79ab8eb8b8b9,3000000,3000000,0,3000000,4222277.379,7773168.62383164,3550891.24483164,3000000,3000000,1.00025477,0.8450704225,,
2024-03-07,19386733,1709855999,High Yield Secured Lending Maple Pool USDC1,0xc39a5a616f0ad1ff45077fa2de3f79ab8eb8b8b9,3000000,3000000,0,3000000,3828544.858,7378720.32337957,3550175.46537957,3000000,3000000,1.000053142,0.8450704225,,
2024-03-06,19379573,1709769599,High Yield Secured Lending Maple Pool USDC1,0xc39a5a616f0ad1ff45077fa2de3f79ab8eb8b8b9,0,0,0,0,0,3050000,3050000,,,1.000000033,0,,
2024-03-05,19372410,1709683199,High Yield Secured Lending Maple Pool USDC1,0xc39a5a616f0ad1ff45077fa2de3f79ab8eb8b8b9,0,0,0,0,0,1000000,1000000,,,1.0000001,0,,
2024-03-04,19365246,1709596799,High Yield Secured Lending Maple Pool USDC1,0xc39a5a616f0ad1ff45077fa2de3f79ab8eb8b8b9,0,0,0,0,0,1000000,1000000,,,1.0000001,0,,
2025-01-14,21626161,1736899199,High Yield Secured Lending Maple Pool USDC1,0xc39a5a616f0ad1ff45077fa2de3f79ab8eb8b8b9,46487121.21,46487121.21,0,46487121.21,81142502.84145,127839162.643304,46696659.8018538,292611967.51,292611967.51,1.138671818,0.9991031169,0.1392328628,0.1482800265
2025-01-14,21626161,1736899199,Syrup USDT,0x356b8d89c1e1239cbbb9de4815c39a1474d5ba7d,22950000,22950000,0,22950000,36557916.4175,59650238.1887253,23092321.7712253,119828201.11,119828201.11,1.037760928,0.9962000408,0.1367275037,0.1386706839
2025-01-14,21626161,1736899199,Syrup USDC,0x80ac24aa929eaf5013f6436cda2a7ba190f5cc0b,60276100,60276100,0,60276100,101332775.3554,162156743.021067,60823967.6656665,496515370.53,496515370.53,1.068923392,0.994667279,0.1340728945,0.1347220599
2025-01-13,21619004,1736812799,Syrup USDT,0x356b8d89c1e1239cbbb9de4815c39a1474d5ba7d,23200000,23200000,0,23200000,35641216,59141978.1533068,23500762.1533068,119128201.11,119128201.11,1.037392476,0.9891835511,0.1364076806,0.1386242059
2025-01-13,21619004,1736812799,Syrup USDC,0x80ac24aa929eaf5013f6436cda2a7ba190f5cc0b,58056100,58056100,0,58056100,94567178.8618,153331771.847263,58764592.9854632,490844270.53,490844270.53,1.068644455,0.9915621713,0.1343406908,0.1343345855
2025-01-13,21619004,1736812799,High Yield Secured Lending Maple Pool USDC1,0xc39a5a616f0ad1ff45077fa2de3f79ab8eb8b8b9,46562121.21,46562121.21,0,46562121.21,76643195.3022,123366928.168483,46723732.8662831,288529946.3,288529946.3,1.138320659,0.9998346646,0.1398324686,0.1478658026
2025-01-12,21611852,1736726399,Syrup USDT,0x356b8d89c1e1239cbbb9de4815c39a1474d5ba7d,23200000,23200000,0,23200000,34462977.5675,58275082.0862135,23812104.5187135,119128201.11,119128201.11,1.037028936,0.9758837478,0.1361235958,0.1386354506
2025-01-12,21611852,1736726399,High Yield Secured Lending Maple Pool USDC1,0xc39a5a616f0ad1ff45077fa2de3f79ab8eb8b8b9,46355640.91,46355640.91,0,46355640.91,80768000.9257,127402999.549516,46634998.6238157,280387493.53,280387493.53,1.137813992,0.9978266422,0.1389952852,0.1455459186
2025-01-12,21611852,1736726399,Syrup USDC,0x80ac24aa929eaf5013f6436cda2a7ba190f5cc0b,58056100,58056100,0,58056100,99070901.2664,157807467.75082,58736566.4844196,490844270.53,490844270.53,1.06836026,0.9918230734,0.1340704892,0.1338733153
2025-01-11,21604680,1736639999,Syrup USDC,0x80ac24aa929eaf5013f6436cda2a7ba190f5cc0b,58056100,58056100,0,58056100,99339668.7302,158064441.150425,58724772.4202249,490844270.53,490844270.53,1.067966556,0.9918089991,0.1246384133,0.1319993272
2025-01-11,21604680,1736639999,Syrup USDT,0x356b8d89c1e1239cbbb9de4815c39a1474d5ba7d,23200000,23200000,0,23200000,34615156.9425,58378965.9540902,23763809.0115902,119128201.11,119128201.11,1.036667107,0.9775284964,0.1357506901,0.1381827885
2025-01-11,21604680,1736639999,High Yield Secured Lending Maple Pool USDC1,0xc39a5a616f0ad1ff45077fa2de3f79ab8eb8b8b9,46355640.91,46355640.91,0,46355640.91,81348652.51645,127933433.534079,46584781.017629,280387493.53,280387493.53,1.13745926,0.998593679,0.1394298293,0.1450628236
2025-01-10,21597520,1736553599,High Yield Secured Lending Maple Pool USDC1,0xc39a5a616f0ad1ff45077fa2de3f79ab8eb8b8b9,46355640.91,46355640.91,0,46355640.91,82218116.9467,128788364.468033,46570247.5213333,280387493.53,280387493.53,1.137104396,0.9992455373,0.1398526365,0.1443974519
2025-01-10,21597520,1736553599,Syrup USDT,0x356b8d89c1e1239cbbb9de4815c39a1474d5ba7d,23200000,23200000,0,23200000,34982947.9425,58490174.4864812,23507226.5439812,119128201.11,119128201.11,1.036302979,0.9927805322,0.13517586,0.1378391641
2025-01-10,21597520,1736553599,Syrup USDC,0x80ac24aa929eaf5013f6436cda2a7ba190f5cc0b,58056100,58056100,0,58056100,100905756.5246,159481085.326531,58575328.8019313,490844270.53,490844270.53,1.067517883,0.9941326487,0.1124099982,0.1293446107
2025-01-09,21590362,1736467199,High Yield Secured Lending Maple Pool USDC1,0xc39a5a616f0ad1ff45077fa2de3f79ab8eb8b8b9,45339131.35,45339131.35,0,45339131.35,79122887.1143,124714309.49277,45591422.3784697,277051902.62,277051902.62,1.136548014,0.9980913337,0.129271762,0.1414489733
2025-01-09,21590362,1736467199,Syrup USDC,0x80ac24aa929eaf5013f6436cda2a7ba190f5cc0b,59245100,59245100,0,59245100,101447822.6826,161055274.926098,59607452.2434983,484684170.53,484684170.53,1.067073681,0.9966938948,0.1181083902,0.1267394904
2025-01-09,21590362,1736467199,Syrup USDT,0x356b8d89c1e1239cbbb9de4815c39a1474d5ba7d,23200000,23200000,0,23200000,34605429.985,58124566.3011709,23519136.3161709,119128201.11,119128201.11,1.035937329,0.9919228863,0.1345427537,0.1374581365
2025-01-08,21583203,1736380799,Syrup USDC,0x80ac24aa929eaf5013f6436cda2a7ba190f5cc0b,59245100,59245100,0,59245100,103079894.9502,162808472.053865,59728577.1036648,484684170.53,484684170.53,1.066683816,0.9944530291,0.1261397088,0.1247602594
2025-01-08,21583203,1736380799,Syrup USDT,0x356b8d89c1e1239cbbb9de4815c39a1474d5ba7d,23700000,23700000,0,23700000,35112854.5075,59276929.8373963,24164075.3298963,114428201.11,114428201.11,1.035576584,0.9872575483,0.1340132513,0.1371285417
2025-01-08,21583203,1736380799,High Yield Secured Lending Maple Pool USDC1,0xc39a5a616f0ad1ff45077fa2de3f79ab8eb8b8b9,44566030.2,44566030.2,0,44566030.2,80851800.3488,125686932.68424,44835132.3354396,274436922.42,274436922.42,1.136189866,0.9993048856,0.1287386518,0.1408466422
2025-01-07,21576035,1736294399,Syrup USDC,0x80ac24aa929eaf5013f6436cda2a7ba190f5cc0b,59245100,59245100,0,59245100,110641435.07,170221524.975456,59580089.9054564,484684170.53,484684170.53,1.066347297,0.996722815,0.1198128191,0.1235512746
2025-01-07,21576035,1736294399,Syrup USDT,0x356b8d89c1e1239cbbb9de4815c39a1474d5ba7d,23700000,23700000,0,23700000,37774789.5075,61624605.3193834,23849815.8118834,114428201.11,114428201.11,1.035213515,0.9999995124,0.1332915832,0.1367746655
2025-01-07,21576035,1736294399,High Yield Secured Lending Maple Pool USDC1,0xc39a5a616f0ad1ff45077fa2de3f79ab8eb8b8b9,44566030.2,44566030.2,0,44566030.2,88088594.96355,132879482.631715,44790887.6681655,274436922.42,274436922.42,1.135828738,0.9999775611,0.1280269131,0.1404095213
2025-01-06,21568863,1736207999,Syrup USDC,0x80ac24aa929eaf5013f6436cda2a7ba190f5cc0b,59245100,59245100,0,59245100,111063036.5902,170639024.620684,59575988.0304839,484684170.53,484684170.53,1.066064205,0.9965766658,0.1316505413,0.1229933606
2025-01-06,21568863,1736207999,Syrup USDT,0x356b8d89c1e1239cbbb9de4815c39a1474d5ba7d,23700000,23700000,0,23700000,37720513.3425,61681375.7903125,23960862.4478125,114428201.11,114428201.11,1.034851552,0.9949858037,0.1326555003,0.136450877
2025-01-06,21568863,1736207999,High Yield Secured Lending Maple Pool USDC1,0xc39a5a616f0ad1ff45077fa2de3f79ab8eb8b8b9,44270131.35,44270131.35,0,44270131.35,88511365.9858,133037049.686649,44525683.7008488,274140973.57,274140973.57,1.135466997,0.9989642832,0.1276870516,0.1399976009
2025-01-05,21561709,1736121599,Syrup USDT,0x356b8d89c1e1239cbbb9de4815c39a1474d5ba7d,24500000,24500000,0,24500000,37944675.3225,62635670.3575464,24690995.0350464,110928201.11,110928201.11,1.034493862,0.9976901317,0.1321148021,0.1395183158
2025-01-05,21561709,1736121599,High Yield Secured Lending Maple Pool USDC1,0xc39a5a616f0ad1ff45077fa2de3f79ab8eb8b8b9,44270131.35,44270131.35,0,44270131.35,86094292.1168,130603786.040862,44509493.924062,274140973.57,274140973.57,1.134977593,0.9990091367,0.1207343886,0.1380298807
2025-01-05,21561709,1736121599,Syrup USDC,0x80ac24aa929eaf5013f6436cda2a7ba190f5cc0b,57745100,57745100,0,57745100,108327395.9364,168059536.121929,59732140.1855287,476604120.53,476604120.53,1.065785564,0.9697464657,0.1476880571,0.1225127948
2025-01-04,21554556,1736035187,Syrup USDT,0x356b8d89c1e1239cbbb9de4815c39a1474d5ba7d,24500000,24500000,0,24500000,37885075.895,62883311.7491063,24998235.8541063,110928201.11,110928201.11,1.034139428,0.9850247085,0.1316868958,0.1391085964
2025-01-04,21554556,1736035187,Syrup USDC,0x80ac24aa929eaf5013f6436cda2a7ba190f5cc0b,57745100,57745100,0,57745100,108733952.3982,169422847.691641,60688895.2934408,476604120.53,476604120.53,1.065563469,0.95421328,0.158335547,0.1286468577
2025-01-04,21554556,1736035187,High Yield Secured Lending Maple Pool USDC1,0xc39a5a616f0ad1ff45077fa2de3f79ab8eb8b8b9,44270131.35,44270131.35,0,44270131.35,86311798.90355,130807090.777224,44495291.873674,274140973.57,274140973.57,1.134615446,0.9990091367,0.1202985503,0.1463265361
2025-01-03,21547396,1735948799,High Yield Secured Lending Maple Pool USDC1,0xc39a5a616f0ad1ff45077fa2de3f79ab8eb8b8b9,44270131.35,44270131.35,0,44270131.35,84020799.6108,128501893.378552,44481093.7677523,274140973.57,274140973.57,1.134253399,0.9990091367,0.1198720569,0.1455932932
2025-01-03,21547396,1735948799,Syrup USDT,0x356b8d89c1e1239cbbb9de4815c39a1474d5ba7d,24500000,24500000,0,24500000,36872172.1975,61699808.3356513,24827636.1381513,110928201.11,110928201.11,1.033786225,0.9914861948,0.131222012,0.1383045898
2025-01-03,21547396,1735948799,Syrup USDC,0x80ac24aa929eaf5013f6436cda2a7ba190f5cc0b,57745100,57745100,0,57745100,106735843.6572,164927452.915853,58191609.2586532,476604120.53,476604120.53,1.065339151,0.9963860256,0.160958547,0.1348853341
2025-01-02,21540232,1735862399,Syrup USDT,0x356b8d89c1e1239cbbb9de4815c39a1474d5ba7d,24500000,24500000,0,24500000,36939155.9175,61612278.6429564,24673122.7254564,104928201.11,104928201.11,1.03343252,0.9999302599,0.13057344,0.1408884846
2025-01-02,21540232,1735862399,Syrup USDC,0x80ac24aa929eaf5013f6436cda2a7ba190f5cc0b,56965100,56965100,0,56965100,104827743.3664,162288876.463854,57461133.0974541,473424070.53,473424070.53,1.064791511,0.9954404988,0.1452836959,0.1348795704
2025-01-02,21540232,1735862399,High Yield Secured Lending Maple Pool USDC1,0xc39a5a616f0ad1ff45077fa2de3f79ab8eb8b8b9,43820725.72,43820725.72,0,43820725.72,81048083.8909,125064878.031461,44016794.1405607,268840297.85,268840297.85,1.133901198,0.9999999999,0.1199555331,0.1449795435
2025-01-01,21533058,1735775999,Syrup USDT,0x356b8d89c1e1239cbbb9de4815c39a1474d5ba7d,24250050,24250050,0,24250050,35333875.8675,60133205.0164426,24799329.1489426,102928201.11,102928201.11,1.033081896,0.9843454272,0.1300051981,0.145443741
2025-01-01,21533058,1735775999,Syrup USDC,0x80ac24aa929eaf5013f6436cda2a7ba190f5cc0b,55385100,55385100,0,55385100,97938533.3914,155388975.393261,57450442.0018609,471844020.53,471844020.53,1.064256387,0.9678087172,0.1352937812,0.1350430955
2025-01-01,21533058,1735775999,High Yield Secured Lending Maple Pool USDC1,0xc39a5a616f0ad1ff45077fa2de3f79ab8eb8b8b9,42430694.37,42430694.37,0,42430694.37,75052688.75315,119056010.845183,44003322.0920334,267450266.5,267450266.5,1.133554149,0.9682791344,0.1203130899,0.14441648
2024-12-31,21525890,1735689599,High Yield Secured Lending Maple Pool USDC1,0xc39a5a616f0ad1ff45077fa2de3f79ab8eb8b8b9,42430694.37,42430694.37,0,42430694.37,76287604.3504,120279429.330825,43991824.9804253,267450266.5,267450266.5,1.133207567,0.9682358713,0.1315749714,0.1438788213
2024-12-31,21525890,1735689599,Syrup USDC,0x80ac24aa929eaf5013f6436cda2a7ba190f5cc0b,55385100,55385100,0,55385100,99065839.0668,156789344.971554,57723505.9047542,471844020.53,471844020.53,1.064035596,0.963012424,0.1387539119,0.1355973882
2024-12-31,21525890,1735689599,Syrup USDT,0x356b8d89c1e1239cbbb9de4815c39a1474d5ba7d,24250050,24250050,0,24250050,35754594.0775,60480741.8426426,24726147.7651426,102928201.11,102928201.11,1.032732309,0.9869415017,0.1294774195,0.1446405693
2024-12-30,21518734,1735603199,Syrup USDT,0x356b8d89c1e1239cbbb9de4815c39a1474d5ba7d,24250050,24250050,0,24250050,35920585.9625,60613671.580192,24693085.617692,99928201.11,99928201.11,1.032382329,0.9886282825,0.1288789574,0.1438323586
2024-12-30,21518734,1735603199,Syrup USDC,0x80ac24aa929eaf5013f6436cda2a7ba190f5cc0b,55385100,55385100,0,55385100,99339554.92,157019311.056729,57679756.1367294,471844020.53,471844020.53,1.063538612,0.9635450648,0.1236330061,0.1325565911
2024-12-30,21518734,1735603199,High Yield Secured Lending Maple Pool USDC1,0xc39a5a616f0ad1ff45077fa2de3f79ab8eb8b8b9,42430694.37,42430694.37,0,42430694.37,77081888.74715,119754612.022343,42672723.2751925,267450266.5,267450266.5,1.132853208,0.9999357665,0.142628741,0.1432652161
2024-12-29,21511571,1735516799,High Yield Secured Lending Maple Pool USDC1,0xc39a5a616f0ad1ff45077fa2de3f79ab8eb8b8b9,42802694.37,42802694.37,0,42802694.37,77999854.5834,121357460.39785,43357605.8144498,266667622.13,266667622.13,1.132499244,0.9923890826,0.1651481924,0.1426588563
2024-12-29,21511571,1735516799,Syrup USDC,0x80ac24aa929eaf5013f6436cda2a7ba190f5cc0b,55385100,55385100,0,55385100,99831631.6918,157328494.42849,57496862.7366897,471844020.53,471844020.53,1.062973718,0.9664190082,0.1084552196,0.1307609171
2024-12-29,21511571,1735516799,Syrup USDT,0x356b8d89c1e1239cbbb9de4815c39a1474d5ba7d,25000050,25000050,0,25000050,36704034.9725,61946023.4049518,25241988.4324519,97428151.11,97428151.11,1.032034944,0.996630802,0.1285507184,0.1430602681
2024-12-28,21504401,1735430399,Syrup USDT,0x356b8d89c1e1239cbbb9de4815c39a1474d5ba7d,25000050,25000050,0,25000050,36320844.1475,61533476.3510778,25212632.2035778,97428151.11,97428151.11,1.031688832,0.9974615683,0.140734898,0.1423071149
2024-12-28,21504401,1735430399,Syrup USDC,0x80ac24aa929eaf5013f6436cda2a7ba190f5cc0b,55385100,55385100,0,55385100,97451951.6458,154941076.507605,57489124.8618049,471844020.53,471844020.53,1.06256401,0.9663478598,0.09832811656,0.1327858725
2024-12-28,21504401,1735430399,High Yield Secured Lending Maple Pool USDC1,0xc39a5a616f0ad1ff45077fa2de3f79ab8eb8b8b9,42802694.37,42802694.37,0,42802694.37,77295531.64665,120639626.280171,43344094.6335209,266667622.13,266667622.13,1.132146333,0.9923890826,0.1766624372,0.1420672317
2024-12-27,21497235,1735343999,Syrup USDC,0x80ac24aa929eaf5013f6436cda2a7ba190f5cc0b,55385100,55385100,0,55385100,99270433.5042,155776345.997004,56505912.4928042,471844020.53,471844020.53,1.062294241,0.9830061356,0.10095744,0.1346346726
2024-12-27,21497235,1735343999,Syrup USDT,0x356b8d89c1e1239cbbb9de4815c39a1474d5ba7d,25000050,25000050,0,25000050,37049985.3425,62605216.5354796,25555231.1929797,97428151.11,97428151.11,1.031344593,0.983683277,0.1497918973,0.1415826862
2024-12-27,21497235,1735343999,High Yield Secured Lending Maple Pool USDC1,0xc39a5a616f0ad1ff45077fa2de3f79ab8eb8b8b9,42802694.37,42802694.37,0,42802694.37,79535268.55565,122848352.008242,43313083.452592,266667622.13,266667622.13,1.131793338,0.992791899,0.1882954286,0.1414825448
2024-12-26,21490077,1735257599,High Yield Secured Lending Maple Pool USDC1,0xc39a5a616f0ad1ff45077fa2de3f79ab8eb8b8b9,42802694.37,42802694.37,0,42802694.37,78768906.1599,122068478.431563,43299572.2716631,266667622.13,266667622.13,1.131440284,0.992791899,0.2000275246,0.1408835688
2024-12-26,21490077,1735257599,Syrup USDT,0x356b8d89c1e1239cbbb9de4815c39a1474d5ba7d,25000050,25000050,0,25000050,36877748.15,62428008.4804405,25550260.3304406,97428151.11,97428151.11,1.031003062,0.9835481013,0.1513914223,0.1404794243
2024-12-26,21490077,1735257599,Syrup USDC,0x80ac24aa929eaf5013f6436cda2a7ba190f5cc0b,55385100,55385100,0,55385100,98745112.701,155245742.279389,56500629.5783894,471844020.53,471844020.53,1.062025,0.9828897008,0.1103385065,0.1346449398
2024-12-25,21482924,1735171199,Syrup USDC,0x80ac24aa929eaf5013f6436cda2a7ba190f5cc0b,55385100,55385100,0,55385100,100992556.586,157656989.256869,56664432.6708687,471844020.53,471844020.53,1.061669631,0.9798334762,0.1240662697,0.1336103203
2024-12-25,21482924,1735171199,Syrup USDT,0x356b8d89c1e1239cbbb9de4815c39a1474d5ba7d,25000050,25000050,0,25000050,37627589.9925,63411072.9579695,25783482.9654695,97428151.11,97428151.11,1.0306632,0.9742842272,0.1530174512,0.1392747195
2024-12-25,21482924,1735171199,High Yield Secured Lending Maple Pool USDC1,0xc39a5a616f0ad1ff45077fa2de3f79ab8eb8b8b9,42802694.37,42802694.37,0,42802694.37,81461580.8699,124712641.960634,43251061.0907341,266667622.13,266667622.13,1.131087064,0.9935985136,0.210063103,0.1402223762
2024-12-24,21475764,1735084799,Syrup USDT,0x356b8d89c1e1239cbbb9de4815c39a1474d5ba7d,25000050,25000050,0,25000050,36646556.8725,62158736.1176514,25512179.2451514,97428151.11,97428151.11,1.030323663,0.9843673099,0.1547473648,0.1377644651
2024-12-24,21475764,1735084799,High Yield Secured Lending Maple Pool USDC1,0xc39a5a616f0ad1ff45077fa2de3f79ab8eb8b8b9,42802694.37,42802694.37,0,42802694.37,79753308.2685,122947858.178305,43194549.9098052,266667622.13,266667622.13,1.130524354,0.9945912934,0.2078963153,0.1369891259
2024-12-24,21475764,1735084799,Syrup USDC,0x80ac24aa929eaf5013f6436cda2a7ba190f5cc0b,55385100,55385100,0,55385100,99188398.8914,155845241.916568,56656843.0251679,471844020.53,471844020.53,1.06138743,0.97975777,0.1409192317,0.1343384078
2024-12-23,21468617,1734998399,Syrup USDT,0x356b8d89c1e1239cbbb9de4815c39a1474d5ba7d,22500050,22500050,0,22500050,33869259.9275,58694241.368366,24824981.440866,94928101.11,94928101.11,1.029984968,0.9102619807,0.1567455949,0.1362370181
2024-12-23,21468617,1734998399,High Yield Secured Lending Maple Pool USDC1,0xc39a5a616f0ad1ff45077fa2de3f79ab8eb8b8b9,42802694.37,42802694.37,0,42802694.37,78162004.77625,121127583.244761,42965578.4685113,266667622.13,266667622.13,1.129960154,0.999595845,0.1941729461,0.1348400584
2024-12-23,21468617,1734998399,Syrup USDC,0x80ac24aa929eaf5013f6436cda2a7ba190f5cc0b,55385100,55385100,0,55385100,96721191.1356,153449212.846159,56728021.7105591,471844020.53,471844020.53,1.061163689,0.978318986,0.1613464915,0.134736063
2024-12-22,21461471,1734911999,High Yield Secured Lending Maple Pool USDC1,0xc39a5a616f0ad1ff45077fa2de3f79ab8eb8b8b9,42887694.37,42887694.37,0,42887694.37,79414680.90575,122450868.891029,43036187.9852794,265799977.76,265799977.76,1.129184369,0.9996257305,0.1691641748,0.1290204698
2024-12-22,21461471,1734911999,Syrup USDT,0x356b8d89c1e1239cbbb9de4815c39a1474d5ba7d,22500050,22500050,0,22500050,34304233.2025,58852693.5454784,24548460.3429784,94928101.11,94928101.11,1.029644132,0.9202521989,0.158485179,0.1347340054
2024-12-22,21461471,1734911999,Syrup USDC,0x80ac24aa929eaf5013f6436cda2a7ba190f5cc0b,55385100,55385100,0,55385100,97953500.4618,155167644.887743,57214144.4259434,471844020.53,471844020.53,1.060876717,0.9697867483,0.1591120426,0.1343189841
2024-12-21,21454314,1734825599,High Yield Secured Lending Maple Pool USDC1,0xc39a5a616f0ad1ff45077fa2de3f79ab8eb8b8b9,42887694.37,42887694.37,0,42887694.37,81508344.50125,124523008.496915,43014663.9956655,265799977.76,265799977.76,1.128619622,0.9998121593,0.1557399185,0.1298676568
2024-12-21,21454314,1734825599,Syrup USDC,0x80ac24aa929eaf5013f6436cda2a7ba190f5cc0b,55385100,55385100,0,55385100,100038203.2174,157303854.265446,57265651.048046,471844020.53,471844020.53,1.060654499,0.9687368304,0.1605287319,0.1347897648
2024-12-21,21454314,1734825599,Syrup USDT,0x356b8d89c1e1239cbbb9de4815c39a1474d5ba7d,22500050,22500050,0,22500050,34877450.33,59217100.3471239,24339650.0171239,94928101.11,94928101.11,1.029086867,0.9278660178,0.147087658,0.1353847226
2024-12-20,21447175,1734739199,High Yield Secured Lending Maple Pool USDC1,0xc39a5a616f0ad1ff45077fa2de3f79ab8eb8b8b9,42887694.37,42887694.37,0,42887694.37,74629641.2575,117622781.263552,42993140.0060516,265799977.76,265799977.76,1.128054875,0.9999986577,0.1424627219,0.1307125201
2024-12-20,21447175,1734739199,Syrup USDT,0x356b8d89c1e1239cbbb9de4815c39a1474d5ba7d,22500050,22500050,0,22500050,32119207.1975,54963914.6135933,22844707.4160933,94928101.11,94928101.11,1.028587484,0.9884708003,0.1390961422,0.1374835026
2024-12-20,21447175,1734739199,Syrup USDC,0x80ac24aa929eaf5013f6436cda2a7ba190f5cc0b,55385100,55385100,0,55385100,92528033.0476,149807356.871704,57279323.8241043,471844020.53,471844020.53,1.060336591,0.9683027453,0.1564677319,0.1347937531
2024-12-19,21440009,1734652799,Syrup USDT,0x356b8d89c1e1239cbbb9de4815c39a1474d5ba7d,22500050,22500050,0,22500050,37104782.1875,60139019.0313098,23034236.8438098,94928101.11,94928101.11,1.028219452,0.9799590594,0.1366292618,0.140691945
2024-12-19,21440009,1734652799,Syrup USDC,0x80ac24aa929eaf5013f6436cda2a7ba190f5cc0b,56600100,56600100,0,56600100,106817735.899,164992582.828092,58174846.9290916,457844020.53,457844020.53,1.059895364,0.9756014538,0.1454504305,0.1324081697
2024-12-19,21440009,1734652799,High Yield Secured Lending Maple Pool USDC1,0xc39a5a616f0ad1ff45077fa2de3f79ab8eb8b8b9,42963332.36,42963332.36,0,42963332.36,84996086.672,128072747.82385,43076661.15185,257722333.39,257722333.39,1.127490528,0.9995977593,0.1292398021,0.131562652
2024-12-18,21432852,1734566399,Syrup USDT,0x356b8d89c1e1239cbbb9de4815c39a1474d5ba7d,22500050,22500050,0,22500050,38573979.0725,61513236.9903272,22939257.9178272,94928101.11,94928101.11,1.027852689,0.9836777105,0.1348367104,0.1389128403
2024-12-18,21432852,1734566399,Syrup USDC,0x80ac24aa929eaf5013f6436cda2a7ba190f5cc0b,62600100,62600100,0,62600100,115040924.793,177962545.850769,62921621.0577691,445844020.53,445844020.53,1.05929105,0.9989230053,0.1251403815,0.1280239416
2024-12-18,21432852,1734566399,High Yield Secured Lending Maple Pool USDC1,0xc39a5a616f0ad1ff45077fa2de3f79ab8eb8b8b9,42763332.36,42763332.36,0,42763332.36,87354898.3135,130306253.890515,42951355.5770149,252564051.03,252564051.03,1.126958534,0.9989895116,0.1170762882,0.1287088342
2024-12-17,21425699,1734479999,Syrup USDC,0x80ac24aa929eaf5013f6436cda2a7ba190f5cc0b,62600100,62600100,0,62600100,117487521.275,180445937.659007,62958416.3840074,445844020.53,445844020.53,1.058707284,0.9983810878,0.1062417548,0.123912534
2024-12-17,21425699,1734479999,High Yield Secured Lending Maple Pool USDC1,0xc39a5a616f0ad1ff45077fa2de3f79ab8eb8b8b9,41747849.41,41747849.41,0,41747849.41,89030664.8136,131927140.936439,42896476.1228387,250905768.67,250905768.67,1.126436595,0.9762534186,0.1063023182,0.1287320865
2024-12-17,21425699,1734479999,Syrup USDT,0x356b8d89c1e1239cbbb9de4815c39a1474d5ba7d,22500050,22500050,0,22500050,39651488.8575,62260533.4873547,22609044.6298547,94928101.11,94928101.11,1.027484535,0.9977245658,0.1328935331,0.1385475009
2024-12-16,21418529,1734393599,High Yield Secured Lending Maple Pool USDC1,0xc39a5a616f0ad1ff45077fa2de3f79ab8eb8b8b9,42537849.41,42537849.41,0,42537849.41,88210095.7211,130903254.903706,42693159.1826055,242905768.67,242905768.67,1.126121182,0.9994170066,0.1058257488,0.1283921117
2024-12-16,21418529,1734393599,Syrup USDT,0x356b8d89c1e1239cbbb9de4815c39a1474d5ba7d,22500050,22500050,0,22500050,38585884.735,61136726.4861211,22550841.7511211,94928101.11,94928101.11,1.027112716,0.9999425587,0.1306824114,0.1364594933
2024-12-16,21418529,1734393599,Syrup USDC,0x80ac24aa929eaf5013f6436cda2a7ba190f5cc0b,62600100,62600100,0,62600100,114424970.425,177311716.549645,62886746.1246453,445844020.53,445844020.53,1.058123934,0.9992892978,0.08735610351,0.1198084143
2024-12-15,21411356,1734307199,High Yield Secured Lending Maple Pool USDC1,0xc39a5a616f0ad1ff45077fa2de3f79ab8eb8b8b9,42537849.41,42537849.41,0,42537849.41,86790641.5256,129451845.645605,42661204.1200053,242905768.67,242905768.67,1.125804903,0.9998860767,0.1061427528,0.1294848584
2024-12-15,21411356,1734307199,Syrup USDC,0x80ac24aa929eaf5013f6436cda2a7ba190f5cc0b,62600100,62600100,0,62600100,114679167.7795,177537440.904411,62858273.1249113,445844020.53,445844020.53,1.057876856,0.9995093119,0.08699354532,0.1199900828
2024-12-15,21411356,1734307199,Syrup USDT,0x356b8d89c1e1239cbbb9de4815c39a1474d5ba7d,22500050,22500050,0,22500050,38267227.1575,61164324.5026376,22897097.3451376,94928101.11,94928101.11,1.02674324,0.9844359129,0.1286377398,0.1343924966
2024-12-14,21404196,1734220799,Syrup USDC,0x80ac24aa929eaf5013f6436cda2a7ba190f5cc0b,62600100,62600100,0,62600100,115637618.6145,178787438.621504,63149820.0070042,445844020.53,445844020.53,1.057630489,0.9946460384,0.08652748731,0.1201701705
2024-12-14,21404196,1734220799,Syrup USDT,0x356b8d89c1e1239cbbb9de4815c39a1474d5ba7d,22500050,22500050,0,22500050,38241848.49,61821842.505608,23579994.015608,94928101.11,94928101.11,1.026382143,0.9555436533,0.127140654,0.1322581428
2024-12-14,21404196,1734220799,High Yield Secured Lending Maple Pool USDC1,0xc39a5a616f0ad1ff45077fa2de3f79ab8eb8b8b9,43147849.41,43147849.41,0,43147849.41,88212476.4061,131528070.52833,43315594.1222298,241652969.26,241652969.26,1.125491087,0.9985901122,0.1067227139,0.1333293195
2024-12-13,21397030,1734134399,High Yield Secured Lending Maple Pool USDC1,0xc39a5a616f0ad1ff45077fa2de3f79ab8eb8b8b9,43147849.41,43147849.41,0,43147849.41,87799444.2866,131102958.575079,43303514.2884789,241652969.26,241652969.26,1.12517721,0.9985901122,0.1073113907,0.1330855244
2024-12-13,21397030,1734134399,Syrup USDC,0x80ac24aa929eaf5013f6436cda2a7ba190f5cc0b,62600100,62600100,0,62600100,115710928.689,178845735.197789,63134806.5087892,445844020.53,445844020.53,1.05738457,0.9946512531,0.08616952823,0.1203739191
2024-12-13,21397030,1734134399,Syrup USDT,0x356b8d89c1e1239cbbb9de4815c39a1474d5ba7d,22500050,22500050,0,22500050,38121538.5875,61108143.7246354,22986605.1371354,94928101.11,94928101.11,1.026021628,0.9798969317,0.1399037692,0.1299999792
2024-12-12,21389868,1734047999,Syrup USDC,0x80ac24aa929eaf5013f6436cda2a7ba190f5cc0b,62600100,62600100,0,62600100,116482002.5695,179594759.305432,63112756.7359321,445844020.53,445844020.53,1.057138623,0.9947676827,0.1104334076,0.1205177483
2024-12-12,21389868,1734047999,Syrup USDT,0x356b8d89c1e1239cbbb9de4815c39a1474d5ba7d,22600050,22600050,0,22600050,35728822.59,58396025.892595,22667203.302595,94928101.11,94928101.11,1.02569716,0.999776423,0.1397152542,0.1282391343
2024-12-12,21389868,1734047999,High Yield Secured Lending Maple Pool USDC1,0xc39a5a616f0ad1ff45077fa2de3f79ab8eb8b8b9,48295100,48295100,0,48295100,99892781.1281,148347437.532739,48454656.404639,233400169.85,233400169.85,1.124865415,0.9999998004,0.1448288766,0.1356785299
2024-12-11,21382702,1733961599,High Yield Secured Lending Maple Pool USDC1,0xc39a5a616f0ad1ff45077fa2de3f79ab8eb8b8b9,41580100,41580100,0,41580100,86569535.9181,136331660.272702,49762124.3546017,217355169.85,217355169.85,1.124568204,0.8385336906,0.1449660877,0.139112727
2024-12-11,21382702,1733961599,Syrup USDC,0x80ac24aa929eaf5013f6436cda2a7ba190f5cc0b,63400100,63400100,0,63400100,113019778.4045,176614440.489316,63594662.0848165,442043970.53,442043970.53,1.056898439,0.999606764,0.1359891136,0.1206677529
2024-12-11,21382702,1733961599,Syrup USDT,0x356b8d89c1e1239cbbb9de4815c39a1474d5ba7d,22600050,22600050,0,22600050,34566479.55,57348174.4015917,22781694.8515917,94928101.11,94928101.11,1.025362333,0.99441336,0.1371672102,0.1262940495
2024-12-10,21375545,1733875199,Syrup USDT,0x356b8d89c1e1239cbbb9de4815c39a1474d5ba7d,22600050,22600050,0,22600050,34567959.42,57456494.7887704,22888535.3687704,94928101.11,94928101.11,1.02502876,0.9894388442,0.1492793843,0.1244691071
2024-12-10,21375545,1733875199,Syrup USDC,0x80ac24aa929eaf5013f6436cda2a7ba190f5cc0b,63400100,63400100,0,63400100,111639045.403655,175388386.253125,63749340.8494704,442043970.53,442043970.53,1.056659206,0.996948959,0.1531403603,0.1208580323
2024-12-10,21375545,1733875199,High Yield Secured Lending Maple Pool USDC1,0xc39a5a616f0ad1ff45077fa2de3f79ab8eb8b8b9,46485750,46485750,0,46485750,91672870.2722,138321900.548539,46649030.276339,212449469.85,212449469.85,1.124256314,0.9999999384,0.1443176031,0.1396114051
2024-12-09,21368389,1733788799,High Yield Secured Lending Maple Pool USDC1,0xc39a5a616f0ad1ff45077fa2de3f79ab8eb8b8b9,41580100,41580100,0,41580100,89439162.5752,135975523.352118,46536360.7769178,207543769.85,207543769.85,1.123950799,0.8963980847,0.1439535825,0.1397870649
2024-12-09,21368389,1733788799,Syrup USDT,0x356b8d89c1e1239cbbb9de4815c39a1474d5ba7d,22600050,22600050,0,22600050,35041834.73,57811261.7585931,22769427.0285931,94928101.11,94928101.11,1.024696222,0.9943006411,0.1699815144,0.1227001266
2024-12-09,21368389,1733788799,Syrup USDC,0x80ac24aa929eaf5013f6436cda2a7ba190f5cc0b,69600100,69600100,0,69600100,124667676.655605,194463820.981107,69796144.3255024,439743920.53,439743920.53,1.056425795,0.9997261962,0.170930391,0.1210945255
2024-12-08,21361217,1733702399,High Yield Secured Lending Maple Pool USDC1,0xc39a5a616f0ad1ff45077fa2de3f79ab8eb8b8b9,46175100,46175100,0,46175100,109315349.7542,155819175.635235,46503825.8810349,207543769.85,207543769.85,1.123628953,0.9964834975,0.1428075731,0.1387744849
2024-12-08,21361217,1733702399,Syrup USDT,0x356b8d89c1e1239cbbb9de4815c39a1474d5ba7d,22600050,22600050,0,22600050,35945648.52,58795217.0508128,22849568.5308128,94928101.11,94928101.11,1.024363172,0.9904848905,0.1672833713,0.120872354
2024-12-08,21361217,1733702399,Syrup USDC,0x80ac24aa929eaf5013f6436cda2a7ba190f5cc0b,69600100,69600100,0,69600100,128494404.721135,198985979.931568,70491575.2104333,436243920.53,436243920.53,1.056185867,0.9898823332,0.17218098,0.121107522
2024-12-07,21354047,1733615999,Syrup USDC,0x80ac24aa929eaf5013f6436cda2a7ba190f5cc0b,69600100,69600100,0,69600100,129180218.65985,199641155.015665,70460936.3558152,436243920.53,436243920.53,1.05594858,0.9900907839,0.1735333476,0.1210063842
2024-12-07,21354047,1733615999,Syrup USDT,0x356b8d89c1e1239cbbb9de4815c39a1474d5ba7d,22600050,22600050,0,22600050,36032616.48,58740567.8519365,22707951.3719365,94928101.11,94928101.11,1.024028979,0.9963447133,0.1645228786,0.1190446546
2024-12-07,21354047,1733615999,High Yield Secured Lending Maple Pool USDC1,0xc39a5a616f0ad1ff45077fa2de3f79ab8eb8b8b9,46175100,46175100,0,46175100,109849131.2322,156333526.021407,46484394.7892068,207543769.85,207543769.85,1.123304451,0.9966125856,0.1416052657,0.1377523139
2024-12-06,21346894,1733529599,Syrup USDC,0x80ac24aa929eaf5013f6436cda2a7ba190f5cc0b,69600100,69600100,0,69600100,126669750.52485,196418287.997305,69748537.472455,436243920.53,436243920.53,1.055709723,0.9999996861,0.1842686854,0.1211900136
2024-12-06,21346894,1733529599,High Yield Secured Lending Maple Pool USDC1,0xc39a5a616f0ad1ff45077fa2de3f79ab8eb8b8b9,46175100,46175100,0,46175100,108185986.3212,154606736.301283,46420749.9800827,207543769.85,207543769.85,1.122979732,0.9976939092,0.1404023138,0.1376056908
2024-12-06,21346894,1733529599,Syrup USDT,0x356b8d89c1e1239cbbb9de4815c39a1474d5ba7d,22600050,22600050,0,22600050,35188006.38,57883080.2958122,22695073.9158122,94928101.11,94928101.11,1.023448262,0.9965843948,0.1472731676,0.1138274284
2024-12-05,21339732,1733443199,Syrup USDT,0x356b8d89c1e1239cbbb9de4815c39a1474d5ba7d,22600050,22600050,0,22600050,36339031.25,59016944.0757577,22677912.8257577,94928101.11,94928101.11,1.023127853,0.9989917705,0.145368477,0.1120526111
2024-12-05,21339732,1733443199,Syrup USDC,0x80ac24aa929eaf5013f6436cda2a7ba190f5cc0b,69600100,69600100,0,69600100,130130008.33575,199914777.839673,69784769.5039228,436243920.53,436243920.53,1.055017057,0.9992521475,0.1766507797,0.1155434568
2024-12-05,21339732,1733443199,High Yield Secured Lending Maple Pool USDC1,0xc39a5a616f0ad1ff45077fa2de3f79ab8eb8b8b9,46161050,46161050,0,46161050,104903273.7702,151267017.76935,46363743.9991496,206307769.85,206307769.85,1.121951369,0.9999996288,0.1025674488,0.1280142008
2024-12-04,21332578,1733356799,Syrup USDT,0x356b8d89c1e1239cbbb9de4815c39a1474d5ba7d,25750050,25750050,0,25750050,38602509.38,64445465.3687563,25842955.9887563,89328101.11,89328101.11,1.022837768,0.9997516406,0.1452497821,0.1111182583
2024-12-04,21332578,1733356799,High Yield Secured Lending Maple Pool USDC1,0xc39a5a616f0ad1ff45077fa2de3f79ab8eb8b8b9,46161050,46161050,0,46161050,100180207.9252,146531595.185578,46351387.2603779,198262769.85,198262769.85,1.121652349,0.9999996288,0.1027513647,0.1273835903
2024-12-04,21332578,1733356799,Syrup USDC,0x80ac24aa929eaf5013f6436cda2a7ba190f5cc0b,67088357.09,67088357.09,0,67088357.09,119412599.61075,186622535.903789,67209936.2930386,431755613.44,431755613.44,1.054317186,0.9999471596,0.1598600017,0.1098218202
2024-12-03,21325415,1733270399,High Yield Secured Lending Maple Pool USDC1,0xc39a5a616f0ad1ff45077fa2de3f79ab8eb8b8b9,46161050,46161050,0,46161050,97461412.6823,143800443.211233,46339030.5289332,198262769.85,198262769.85,1.121353452,0.9999996286,0.102885647,0.1277578375
2024-12-03,21325415,1733270399,Syrup USDT,0x356b8d89c1e1239cbbb9de4815c39a1474d5ba7d,25750050,25750050,0,25750050,37881425.37,63710725.3000034,25829299.9300034,84828101.11,84828101.11,1.022297275,0.9999996099,0.1288371977,0.1064753436
2024-12-03,21325415,1733270399,Syrup USDC,0x80ac24aa929eaf5013f6436cda2a7ba190f5cc0b,67088357.09,67088357.09,0,67088357.09,116173787.7094,183365644.741061,67191857.0316609,431755613.44,431755613.44,1.053775652,0.9999999983,0.1442692622,0.1062017577
2024-12-02,21318259,1733183999,Syrup USDT,0x356b8d89c1e1239cbbb9de4815c39a1474d5ba7d,25750050,25750050,0,25750050,37862547.82,63754060.2162896,25891512.3962895,84828101.11,84828101.11,1.02161578,0.9973085595,0.1041527098,0.1020963873
2024-12-02,21318259,1733183999,High Yield Secured Lending Maple Pool USDC1,0xc39a5a616f0ad1ff45077fa2de3f79ab8eb8b8b9,46161050,46161050,0,46161050,96485251.8153,142914717.751901,46429465.9366015,198262769.85,198262769.85,1.121055566,0.9977777623,0.102822586,0.127156421
2024-12-02,21318259,1733183999,Syrup USDC,0x80ac24aa929eaf5013f6436cda2a7ba190f5cc0b,69750100,69750100,0,69750100,113359494.07762,183437710.664536,70078216.5869161,410767306.35,410767306.35,1.053233592,0.9981352279,0.1291646846,0.1024371257
2024-12-01,21311105,1733097599,Syrup USDC,0x80ac24aa929eaf5013f6436cda2a7ba190f5cc0b,69750100,69750100,0,69750100,116215169.155,186346753.551472,70131584.3964715,410767306.35,410767306.35,1.052972833,0.9974756111,0.1333531302,0.1024386743
2024-12-01,21311105,1733097599,Syrup USDT,0x356b8d89c1e1239cbbb9de4815c39a1474d5ba7d,25750050,25750050,0,25750050,38750868.23,64635111.3780017,25884243.1480017,84828101.11,84828101.11,1.021328953,0.9973085595,0.1006844464,0.1029558536
2024-12-01,21311105,1733097599,High Yield Secured Lending Maple Pool USDC1,0xc39a5a616f0ad1ff45077fa2de3f79ab8eb8b8b9,44925050,44925050,0,44925050,98262863.4913,143577815.64812,45314952.1568197,197026769.85,197026769.85,1.120756092,0.9947636242,0.1026530167,0.1265365409
2024-11-30,21303933,1733011199,Syrup USDT,0x356b8d89c1e1239cbbb9de4815c39a1474d5ba7d,25750050,25750050,0,25750050,38450431.26,64322429.3953036,25871998.1353036,84828101.11,84828101.11,1.021042112,0.9981743826,0.09710173777,0.1038419938
2024-11-30,21303933,1733011199,Syrup USDC,0x80ac24aa929eaf5013f6436cda2a7ba190f5cc0b,69750100,69750100,0,69750100,115612035.867981,185769176.069171,70157140.2011902,410767306.35,410767306.35,1.052712988,0.9968644065,0.1329293442,0.10239562
2024-11-30,21303933,1733011199,High Yield Secured Lending Maple Pool USDC1,0xc39a5a616f0ad1ff45077fa2de3f79ab8eb8b8b9,44925050,44925050,0,44925050,97743125.3503,143009907.021697,45266781.6713966,197026769.85,197026769.85,1.120455039,0.9970970865,0.1069754849,0.128687804
2024-11-29,21296777,1732924799,High Yield Secured Lending Maple Pool USDC1,0xc39a5a616f0ad1ff45077fa2de3f79ab8eb8b8b9,44925050,44925050,0,44925050,97400617.2443,142655228.430273,45254611.1859728,197026769.85,197026769.85,1.120153792,0.9970970865,0.1067056678,0.1280374932
2024-11-29,21296777,1732924799,Syrup USDT,0x356b8d89c1e1239cbbb9de4815c39a1474d5ba7d,25750050,25750050,0,25750050,38463002.91,64312739.3740747,25849736.4640747,84828101.11,84828101.11,1.020755191,0.9987548249,0.09373896457,0.1047111405
2024-11-29,21296777,1732924799,Syrup USDC,0x80ac24aa929eaf5013f6436cda2a7ba190f5cc0b,69750100,69750100,0,69750100,115900284.179203,185978237.826517,70077953.6473138,410767306.35,410767306.35,1.052291074,0.9977466344,0.1234807338,0.1003486343
2024-11-28,21289632,1732838399,Syrup USDT,0x356b8d89c1e1239cbbb9de4815c39a1474d5ba7d,25750050,25750050,0,25750050,38074291.83,63915769.0457869,25841477.2157869,84828101.11,84828101.11,1.020468143,0.9987931772,0.1114019301,0.1054495552
2024-11-28,21289632,1732838399,Syrup USDC,0x80ac24aa929eaf5013f6436cda2a7ba190f5cc0b,69750100,69750100,0,69750100,114525528.32083,184578204.717612,70052676.3967824,410767306.35,410767306.35,1.051730808,0.9978602432,0.1066792201,0.0964380335
2024-11-28,21289632,1732838399,High Yield Secured Lending Maple Pool USDC1,0xc39a5a616f0ad1ff45077fa2de3f79ab8eb8b8b9,44925050,44925050,0,44925050,96507048.8173,141630585.917849,45123537.100549,197026769.85,197026769.85,1.119852395,0.9997354155,0.1237324323,0.1273944075
2024-11-27,21282522,1732751999,Syrup USDC,0x80ac24aa929eaf5013f6436cda2a7ba190f5cc0b,69750100,69750100,0,69750100,111610368.824393,181855632.839315,70245264.0149221,410767306.35,410767306.35,1.051322867,0.994872683,0.1016191303,0.09449069123
2024-11-27,21282522,1732751999,Syrup USDT,0x356b8d89c1e1239cbbb9de4815c39a1474d5ba7d,25750050,25750050,0,25750050,36892809.31,62695923.739433,25803114.429433,84828101.11,84828101.11,1.02018084,0.9999992327,0.132201731,0.1039996195
2024-11-27,21282522,1732751999,High Yield Secured Lending Maple Pool USDC1,0xc39a5a616f0ad1ff45077fa2de3f79ab8eb8b8b9,44925050,44925050,0,44925050,93792526.7103,138903793.325425,45111266.6151253,197026769.85,197026769.85,1.119550353,0.9997376403,0.1409847101,0.1267476831
2024-11-26,21275369,1732665599,High Yield Secured Lending Maple Pool USDC1,0xc39a5a616f0ad1ff45077fa2de3f79ab8eb8b8b9,44925050,44925050,0,44925050,90788980.3724,136099685.635399,45310705.2629985,197026769.85,197026769.85,1.119249402,0.9953114401,0.1585703373,0.1261150938
2024-11-26,21275369,1732665599,Syrup USDC,0x80ac24aa929eaf5013f6436cda2a7ba190f5cc0b,70250100,70250100,0,70250100,107020541.117447,177395477.791947,70374936.6744998,410767306.35,410767306.35,1.051055624,0.9999996395,0.1009880399,0.09427939259
2024-11-26,21275369,1732665599,Syrup USDT,0x356b8d89c1e1239cbbb9de4815c39a1474d5ba7d,25750050,25750050,0,25750050,40130864.1975,65944060.6957881,25813196.4982881,76828101.11,76828101.11,1.019924057,0.999999665,0.1523112211,0.1029770941
2024-11-25,21268202,1732579199,High Yield Secured Lending Maple Pool USDC1,0xc39a5a616f0ad1ff45077fa2de3f79ab8eb8b8b9,50175050,50175050,0,50175050,107956204.061642,158318336.532719,50362132.4710766,197026769.85,197026769.85,1.118953302,0.9999996319,0.1585589942,0.1255419308
2024-11-25,21268202,1732579199,Syrup USDT,0x356b8d89c1e1239cbbb9de4815c39a1474d5ba7d,25750050,25750050,0,25750050,42850818.5625,68667184.7380026,25816366.1755026,76828101.11,76828101.11,1.019676419,0.9996326877,0.1514486511,0.1022053805
2024-11-25,21268202,1732579199,Syrup USDC,0x80ac24aa929eaf5013f6436cda2a7ba190f5cc0b,70250100,70250100,0,70250100,112712281.891541,183154907.058364,70442625.1668232,410767306.35,410767306.35,1.050782711,0.9987771374,0.1005176921,0.09399540413
2024-11-24,21261045,1732492799,High Yield Secured Lending Maple Pool USDC1,0xc39a5a616f0ad1ff45077fa2de3f79ab8eb8b8b9,50175050,50175050,0,50175050,105427190.117433,155826905.551302,50399715.4338695,197026769.85,197026769.85,1.118657689,0.9989863444,0.1707481607,0.1249747339
2024-11-24,21261045,1732492799,Syrup USDC,0x80ac24aa929eaf5013f6436cda2a7ba190f5cc0b,67250100,67250100,0,67250100,111230186.054189,179444993.781801,68214807.7276117,398767306.35,398767306.35,1.050447968,0.9878376197,0.09665156016,0.09379553825
2024-11-24,21261045,1732492799,Syrup USDT,0x356b8d89c1e1239cbbb9de4815c39a1474d5ba7d,24250050,24250050,0,24250050,40249689.2325,65984680.3696985,25734991.1371985,73828101.11,73828101.11,1.019451644,0.9444360683,0.1581571769,0.1040441089
2024-11-23,21253879,1732406399,Syrup USDT,0x356b8d89c1e1239cbbb9de4815c39a1474d5ba7d,24250050,24250050,0,24250050,40848343.675,65789381.1119854,24941037.4369854,73828101.11,73828101.11,1.019229057,0.9743547088,0.1577165822,0.1035112219
2024-11-23,21253879,1732406399,Syrup USDC,0x80ac24aa929eaf5013f6436cda2a7ba190f5cc0b,67250100,67250100,0,67250100,112036157.367298,179580044.117756,67543886.7504581,398767306.35,398767306.35,1.050196278,0.9974300098,0.09727152344,0.09383118131
2024-11-23,21253879,1732406399,High Yield Secured Lending Maple Pool USDC1,0xc39a5a616f0ad1ff45077fa2de3f79ab8eb8b8b9,50175050,50175050,0,50175050,106050477.097315,156432873.90262,50382396.8053045,197026769.85,197026769.85,1.11827329,0.9990660739,0.1653643571,0.1246562357
2024-11-22,21246710,1732319999,High Yield Secured Lending Maple Pool USDC1,0xc39a5a616f0ad1ff45077fa2de3f79ab8eb8b8b9,50175050,50175050,0,50175050,105969338.050352,156338325.970394,50368987.9200413,197026769.85,197026769.85,1.117977856,0.9992428574,0.1712265704,0.1241991235
2024-11-22,21246710,1732319999,Syrup USDC,0x80ac24aa929eaf5013f6436cda2a7ba190f5cc0b,67250100,67250100,0,67250100,112290373.283243,179708555.997395,67418182.7141525,398767306.35,398767306.35,1.049943997,0.9990524964,0.09765001858,0.09389814781
