day,pool,inflow_usd
2023-01-26 00:00:00.000 UTC,AQRU Receivables Financing,2159990.06
2023-02-05 00:00:00.000 UTC,AQRU Receivables Financing,3000000.000007
2023-03-08 00:00:00.000 UTC,AQRU Receivables Financing,3000000
2023-03-17 00:00:00.000 UTC,AQRU Receivables Financing,251000
2023-03-21 00:00:00.000 UTC,AQRU Receivables Financing,200000
2023-03-22 00:00:00.000 UTC,AQRU Receivables Financing,100000
2023-03-24 00:00:00.000 UTC,AQRU Receivables Financing,90000.802947
2023-03-30 00:00:00.000 UTC,M11 Credit USDC3,3500000
2023-04-11 00:00:00.000 UTC,AQRU Receivables Financing,8000
2023-04-21 00:00:00.000 UTC,AQRU Receivables Financing,300000
2023-05-04 00:00:00.000 UTC,Maple Cash USDC1,500000
2023-05-23 00:00:00.000 UTC,Maple Cash USDC1,1767817.906773
2023-05-25 00:00:00.000 UTC,Maple Cash USDC1,2000000
2023-05-29 00:00:00.000 UTC,Maple Cash USDC1,10000
2023-06-01 00:00:00.000 UTC,Maple Cash USDC1,3600000
2023-06-05 00:00:00.000 UTC,Maple Cash USDC1,3042000
2023-06-07 00:00:00.000 UTC,Maple Cash USDC1,1159189.6181390001
2023-06-12 00:00:00.000 UTC,Maple Cash USDC1,600000
2023-06-14 00:00:00.000 UTC,Maple Cash USDC1,23784
2023-06-15 00:00:00.000 UTC,Maple Cash USDC1,500000
2023-06-16 00:00:00.000 UTC,Maple Cash USDC1,500000
2023-06-19 00:00:00.000 UTC,Maple Cash USDC1,149976
2023-06-20 00:00:00.000 UTC,Maple Cash USDC1,550000
2023-06-23 00:00:00.000 UTC,Maple Cash USDC1,250000
2023-06-26 00:00:00.000 UTC,Maple Cash USDC1,260000
2023-06-27 00:00:00.000 UTC,Maple Cash USDC1,4327811
2023-06-28 00:00:00.000 UTC,Maple Cash USDC1,985882
2023-07-04 00:00:00.000 UTC,Maple Cash USDC1,650000
2023-07-06 00:00:00.000 UTC,Maple Cash USDT1,500000
2023-07-07 00:00:00.000 UTC,Maple Cash USDC1,130000
2023-07-09 00:00:00.000 UTC,Maple Cash USDC1,5000000
2023-07-11 00:00:00.000 UTC,Maple Cash USDC1,1044022.686522
2023-07-18 00:00:00.000 UTC,Maple Cash USDC1,260123
2023-08-01 00:00:00.000 UTC,Maple Cash USDC1,439780.579276
2023-08-02 00:00:00.000 UTC,Maple Cash USDC1,350000
2023-08-06 00:00:00.000 UTC,Maple Cash USDC1,120000
2023-08-07 00:00:00.000 UTC,Maple Cash USDC1,199900
2023-08-09 00:00:00.000 UTC,Maple Cash USDC1,1
2023-08-09 00:00:00.000 UTC,Secured Lending,75000
2023-08-10 00:00:00.000 UTC,Maple Cash USDC1,1000010
2023-08-11 00:00:00.000 UTC,AQRU Receivables Financing,1000173.30841
2023-08-14 00:00:00.000 UTC,AQRU Receivables Financing,250000
2023-08-15 00:00:00.000 UTC,AQRU Receivables Financing,79861.19
2023-08-16 00:00:00.000 UTC,AQRU Receivables Financing,252964.59
2023-08-17 00:00:00.000 UTC,AQRU Receivables Financing,400000
2023-08-18 00:00:00.000 UTC,AQRU Receivables Financing,745119.306771
2023-08-20 00:00:00.000 UTC,Maple Cash USDC1,375117
2023-08-22 00:00:00.000 UTC,Maple Cash USDT1,109867.101919
2023-08-22 00:00:00.000 UTC,Maple Cash USDC1,1041634.464534
2023-08-24 00:00:00.000 UTC,Maple Cash USDC1,4000000.008505
2023-08-24 00:00:00.000 UTC,AQRU Receivables Financing,2879710.88
2023-08-29 00:00:00.000 UTC,Maple Cash USDC1,100000
2023-08-31 00:00:00.000 UTC,Maple Cash USDC1,100000
2023-09-03 00:00:00.000 UTC,AQRU Receivables Financing,935846.18968
2023-09-04 00:00:00.000 UTC,Maple Cash USDC1,549959.897789
2023-09-06 00:00:00.000 UTC,Maple Cash USDC1,129059.460391
2023-09-06 00:00:00.000 UTC,AQRU Receivables Financing,80000
2023-09-12 00:00:00.000 UTC,Secured Lending,5000000
2023-09-13 00:00:00.000 UTC,Secured Lending,1299991.38
2023-09-13 00:00:00.000 UTC,Maple Cash USDC1,1542207.898452
2023-09-14 00:00:00.000 UTC,Maple Cash USDC1,10
2023-09-14 00:00:00.000 UTC,Secured Lending,1700000
2023-09-15 00:00:00.000 UTC,Maple Cash USDC1,30
2023-09-17 00:00:00.000 UTC,Maple Cash USDC1,34.5
2023-09-19 00:00:00.000 UTC,Maple Cash USDC1,4
2023-09-21 00:00:00.000 UTC,Maple Cash USDT1,50
2023-09-25 00:00:00.000 UTC,Maple Cash USDC1,1050096.999987
2023-09-27 00:00:00.000 UTC,Maple Cash USDC1,19604
2023-09-29 00:00:00.000 UTC,Maple Cash USDC1,11648.75
2023-10-02 00:00:00.000 UTC,AQRU Receivables Financing,51000
2023-10-04 00:00:00.000 UTC,Maple Cash USDC1,2239287.393385
2023-10-04 00:00:00.000 UTC,AQRU Receivables Financing,50598.461183
2023-10-06 00:00:00.000 UTC,Maple Cash USDC1,554060
2023-10-07 00:00:00.000 UTC,AQRU Receivables Financing,502421.509088
2023-10-08 00:00:00.000 UTC,Maple Cash USDC1,213362.605918
2023-10-12 00:00:00.000 UTC,Maple Cash USDC1,300198.26
2023-10-13 00:00:00.000 UTC,AQRU Receivables Financing,1000000
2023-10-14 00:00:00.000 UTC,Maple Cash USDC1,2000000
2023-10-16 00:00:00.000 UTC,AQRU Receivables Financing,4574429.974305
2023-10-18 00:00:00.000 UTC,Osprey Total Return Credit,50
2023-10-19 00:00:00.000 UTC,AQRU Receivables Financing,90000
2023-10-20 00:00:00.000 UTC,Maple Cash USDC1,100.510324
2023-10-20 00:00:00.000 UTC,Osprey Total Return Credit,8000000
2023-10-21 00:00:00.000 UTC,AQRU Receivables Financing,340000
2023-10-23 00:00:00.000 UTC,Maple Cash USDC1,24.998745
2023-10-23 00:00:00.000 UTC,Osprey Total Return Credit,100000
2023-10-23 00:00:00.000 UTC,Secured Lending,500000
2023-10-24 00:00:00.000 UTC,Maple Cash USDC1,42082.655095
2023-10-24 00:00:00.000 UTC,Secured Lending,500
2023-10-25 00:00:00.000 UTC,Secured Lending,1250059.559046
2023-10-25 00:00:00.000 UTC,AQRU Receivables Financing,810000
2023-10-26 00:00:00.000 UTC,Maple Cash USDC1,1000000
2023-10-26 00:00:00.000 UTC,Secured Lending,5709934.633
2023-10-27 00:00:00.000 UTC,Secured Lending,1483000
2023-11-02 00:00:00.000 UTC,Secured Lending,250000
2023-11-06 00:00:00.000 UTC,Maple Cash USDC1,32580.234886
2023-11-07 00:00:00.000 UTC,Maple Cash USDC1,75000
2023-11-07 00:00:00.000 UTC,AQRU Receivables Financing,100000
2023-11-09 00:00:00.000 UTC,Maple Cash USDC1,93177.85197
2023-11-11 00:00:00.000 UTC,AQRU Receivables Financing,89477.864165
2023-11-13 00:00:00.000 UTC,AQRU Receivables Financing,2000000
2023-11-16 00:00:00.000 UTC,AQRU Receivables Financing,50000
2023-11-18 00:00:00.000 UTC,AQRU Receivables Financing,50090.37391
2023-11-19 00:00:00.000 UTC,AQRU Receivables Financing,18203.040292
2023-11-19 00:00:00.000 UTC,Maple Cash USDC1,100
2023-11-21 00:00:00.000 UTC,Secured Lending,10000012
2023-11-22 00:00:00.000 UTC,Secured Lending,1403573.83
2023-11-22 00:00:00.000 UTC,Maple Cash USDC1,200000
2023-11-23 00:00:00.000 UTC,Maple Cash USDC1,650000
2023-11-28 00:00:00.000 UTC,AQRU Receivables Financing,249980.00152
2023-11-30 00:00:00.000 UTC,Maple Cash USDC1,365000
2023-12-02 00:00:00.000 UTC,Maple Cash USDC1,200000
2023-12-08 00:00:00.000 UTC,Maple Cash USDC1,700000
2023-12-12 00:00:00.000 UTC,AQRU Receivables Financing,409672.960096
2023-12-13 00:00:00.000 UTC,AQRU Receivables Financing,589479.47747
2023-12-16 00:00:00.000 UTC,AQRU Receivables Financing,52000
2023-12-17 00:00:00.000 UTC,High Yield Corporate USDC,250000
2023-12-18 00:00:00.000 UTC,High Yield Corporate USDC,500000
2023-12-19 00:00:00.000 UTC,High Yield Corporate USDC,2700000
2023-12-21 00:00:00.000 UTC,Maple Cash USDC1,325537.85
2023-12-26 00:00:00.000 UTC,Secured Lending,1067055.4917310001
2023-12-28 00:00:00.000 UTC,Maple Cash USDC1,19000
2023-12-29 00:00:00.000 UTC,AQRU Receivables Financing,18000
2023-12-31 00:00:00.000 UTC,AQRU Receivables Financing,50000
2024-01-04 00:00:00.000 UTC,AQRU Receivables Financing,400000
2024-01-07 00:00:00.000 UTC,AQRU Receivables Financing,50000
2024-01-10 00:00:00.000 UTC,Maple Cash USDC1,100000
2024-01-11 00:00:00.000 UTC,Maple Cash USDC1,850000
2024-01-16 00:00:00.000 UTC,AQRU Receivables Financing,100000
2024-01-17 00:00:00.000 UTC,AQRU Receivables Financing,300000
2024-01-18 00:00:00.000 UTC,Secured Lending,25000
2024-01-18 00:00:00.000 UTC,AQRU Receivables Financing,48086.206106
2024-01-19 00:00:00.000 UTC,AQRU Receivables Financing,25000
2024-01-19 00:00:00.000 UTC,Secured Lending,5314703.95
2024-01-20 00:00:00.000 UTC,Maple Cash USDC1,5000
2024-01-22 00:00:00.000 UTC,High Yield Corporate USDC,400000
2024-01-23 00:00:00.000 UTC,AQRU Receivables Financing,167085.463253
2024-01-24 00:00:00.000 UTC,Secured Lending,76000
2024-01-25 00:00:00.000 UTC,AQRU Receivables Financing,90638.611296
2024-01-25 00:00:00.000 UTC,Maple Cash USDC1,352831.777366
2024-01-26 00:00:00.000 UTC,Maple Cash USDC1,615389.99762
2024-01-27 00:00:00.000 UTC,AQRU Receivables Financing,40041.93634
2024-01-29 00:00:00.000 UTC,Secured Lending,105000
2024-01-30 00:00:00.000 UTC,Maple Cash USDC1,223955.96
2024-01-31 00:00:00.000 UTC,Maple Cash USDC1,139984.342
2024-01-31 00:00:00.000 UTC,Secured Lending,750000
2024-02-02 00:00:00.000 UTC,Secured Lending,65000
2024-02-05 00:00:00.000 UTC,Maple Cash USDC1,100000
2024-02-09 00:00:00.000 UTC,Maple Cash USDC1,50000
2024-02-11 00:00:00.000 UTC,AQRU Receivables Financing,23790.045259
2024-02-14 00:00:00.000 UTC,AQRU Receivables Financing,23000
2024-02-14 00:00:00.000 UTC,Maple Cash USDC1,900000
2024-02-16 00:00:00.000 UTC,Maple Cash USDC1,3000
2024-02-16 00:00:00.000 UTC,Secured Lending,25000
2024-02-20 00:00:00.000 UTC,AQRU Receivables Financing,10690.798436
2024-02-21 00:00:00.000 UTC,High Yield Corporate USDC,601102.983378
2024-02-22 00:00:00.000 UTC,High Yield Corporate USDC,37846.000454
2024-02-28 00:00:00.000 UTC,Secured Lending,552455.81
2024-03-04 00:00:00.000 UTC,High Yield Secured Lending,1000000
2024-03-06 00:00:00.000 UTC,High Yield Secured Lending,2050000
2024-03-07 00:00:00.000 UTC,High Yield Secured Lending,500000
2024-03-15 00:00:00.000 UTC,Maple Cash USDC1,5000000
2024-03-20 00:00:00.000 UTC,High Yield Secured Lending,500000
2024-03-22 00:00:00.000 UTC,Maple Cash USDC1,100000
2024-03-22 00:00:00.000 UTC,High Yield Secured Lending,250000
2024-03-25 00:00:00.000 UTC,High Yield Secured Lending,700785.41264
2024-03-25 00:00:00.000 UTC,Maple Cash USDC1,131226
2024-03-26 00:00:00.000 UTC,Secured Lending,80000
2024-03-26 00:00:00.000 UTC,High Yield Secured Lending,139976.44868
2024-03-27 00:00:00.000 UTC,Secured Lending,25000
2024-03-27 00:00:00.000 UTC,High Yield Secured Lending,517859.92
2024-03-28 00:00:00.000 UTC,High Yield Secured Lending,1750000
2024-03-31 00:00:00.000 UTC,High Yield Secured Lending,100000
2024-04-01 00:00:00.000 UTC,Secured Lending,500000
2024-04-01 00:00:00.000 UTC,High Yield Secured Lending,50000
2024-04-05 00:00:00.000 UTC,High Yield Secured Lending,77932.47
2024-04-09 00:00:00.000 UTC,High Yield Secured Lending,50000
2024-04-10 00:00:00.000 UTC,High Yield Secured Lending,300000
2024-04-11 00:00:00.000 UTC,High Yield Secured Lending,4999.9108
2024-04-12 00:00:00.000 UTC,High Yield Secured Lending,52000
2024-04-17 00:00:00.000 UTC,Secured Lending,1100000.001435
2024-04-17 00:00:00.000 UTC,High Yield Secured Lending,1500
2024-04-18 00:00:00.000 UTC,Secured Lending,1007385
2024-04-19 00:00:00.000 UTC,High Yield Secured Lending,24994.285922
2024-04-22 00:00:00.000 UTC,High Yield Secured Lending,1000
2024-04-23 00:00:00.000 UTC,Secured Lending,250000
2024-04-23 00:00:00.000 UTC,High Yield Corporate USDC,1000
2024-04-23 00:00:00.000 UTC,High Yield Secured Lending,23173.25
2024-04-24 00:00:00.000 UTC,High Yield Secured Lending,35000
2024-04-26 00:00:00.000 UTC,High Yield Secured Lending,5000000
2024-04-28 00:00:00.000 UTC,Secured Lending,275000
2024-04-29 00:00:00.000 UTC,Secured Lending,60050
2024-04-29 00:00:00.000 UTC,High Yield Secured Lending,40833
2024-04-30 00:00:00.000 UTC,High Yield Secured Lending,22279.224652
2024-05-01 00:00:00.000 UTC,High Yield Secured Lending,53427.919717
2024-05-02 00:00:00.000 UTC,High Yield Secured Lending,1064998.520273
2024-05-04 00:00:00.000 UTC,Maple Cash USDC1,848698.09
2024-05-04 00:00:00.000 UTC,High Yield Secured Lending,200000
2024-05-04 00:00:00.000 UTC,Secured Lending,200000
2024-05-05 00:00:00.000 UTC,Maple Cash USDC1,1000000
2024-05-06 00:00:00.000 UTC,High Yield Secured Lending,15525.807698
2024-05-08 00:00:00.000 UTC,Secured Lending,4100000
2024-05-08 00:00:00.000 UTC,High Yield Secured Lending,5000000
2024-05-08 00:00:00.000 UTC,Maple Cash USDC1,1001004.053545
2024-05-09 00:00:00.000 UTC,Secured Lending,3000000
2024-05-10 00:00:00.000 UTC,Secured Lending,315992.6
2024-05-15 00:00:00.000 UTC,High Yield Secured Lending,50000
2024-05-15 00:00:00.000 UTC,Maple Cash USDC1,100
2024-05-16 00:00:00.000 UTC,High Yield Corporate USDC,2007254
2024-05-16 00:00:00.000 UTC,Maple Cash USDC1,1000000
2024-05-17 00:00:00.000 UTC,High Yield Secured Lending,2000000
2024-05-21 00:00:00.000 UTC,Maple Cash USDC1,100010
2024-05-23 00:00:00.000 UTC,Secured Lending,50000
2024-05-24 00:00:00.000 UTC,High Yield Secured Lending,50050
2024-05-25 00:00:00.000 UTC,Secured Lending,50000
2024-05-25 00:00:00.000 UTC,High Yield Secured Lending,50000
2024-05-26 00:00:00.000 UTC,Secured Lending,3668.2485
2024-05-27 00:00:00.000 UTC,Secured Lending,2000000
2024-05-28 00:00:00.000 UTC,High Yield Secured Lending,100000
2024-05-29 00:00:00.000 UTC,High Yield Secured Lending,500000
2024-05-30 00:00:00.000 UTC,Maple Cash USDC1,250000
2024-06-02 00:00:00.000 UTC,High Yield Secured Lending,200000
2024-06-03 00:00:00.000 UTC,High Yield Secured Lending,259131.575423
2024-06-04 00:00:00.000 UTC,High Yield Secured Lending,101083.180118
2024-06-04 00:00:00.000 UTC,Maple Cash USDC1,999991
2024-06-05 00:00:00.000 UTC,High Yield Secured Lending,1056646.612811
2024-06-07 00:00:00.000 UTC,Secured Lending,2910164.01
2024-06-10 00:00:00.000 UTC,High Yield Secured Lending,384110.390923
2024-06-12 00:00:00.000 UTC,High Yield Secured Lending,300000
2024-06-13 00:00:00.000 UTC,High Yield Secured Lending,150000
2024-06-14 00:00:00.000 UTC,Secured Lending,250000
2024-06-15 00:00:00.000 UTC,Syrup USDC,12
2024-06-15 00:00:00.000 UTC,High Yield Secured Lending,2503
2024-06-16 00:00:00.000 UTC,Syrup USDC,2500000
2024-06-17 00:00:00.000 UTC,Syrup USDC,500000
2024-06-18 00:00:00.000 UTC,High Yield Secured Lending,1894714.93
2024-06-18 00:00:00.000 UTC,Secured Lending,775000
2024-06-19 00:00:00.000 UTC,High Yield Secured Lending,1306977.907929
2024-06-21 00:00:00.000 UTC,Secured Lending,499595
2024-06-23 00:00:00.000 UTC,High Yield Secured Lending,300000
2024-06-23 00:00:00.000 UTC,Maple Cash USDC1,990000
2024-06-24 00:00:00.000 UTC,High Yield Secured Lending,99550.9698
2024-06-25 00:00:00.000 UTC,Syrup USDC,1379999.670529
2024-06-25 00:00:00.000 UTC,Secured Lending,100000
2024-06-26 00:00:00.000 UTC,Syrup USDC,119571.394392
2024-06-27 00:00:00.000 UTC,Secured Lending,50000
2024-06-27 00:00:00.000 UTC,Syrup USDC,92248.04427400001
2024-06-28 00:00:00.000 UTC,Syrup USDC,91445.138766
2024-06-28 00:00:00.000 UTC,High Yield Secured Lending,15000
2024-06-29 00:00:00.000 UTC,Syrup USDC,370266.75937999994
2024-06-30 00:00:00.000 UTC,Syrup USDC,966491.054414
2024-07-01 00:00:00.000 UTC,Secured Lending,513936.06
2024-07-01 00:00:00.000 UTC,Syrup USDC,147561.395637
2024-07-02 00:00:00.000 UTC,High Yield Secured Lending,1297500
2024-07-02 00:00:00.000 UTC,Syrup USDC,19571.150959
2024-07-03 00:00:00.000 UTC,High Yield Secured Lending,1798856.999999
2024-07-03 00:00:00.000 UTC,Secured Lending,84000
2024-07-03 00:00:00.000 UTC,Syrup USDC,13872.899538
2024-07-04 00:00:00.000 UTC,Maple Cash USDC1,2000000
2024-07-04 00:00:00.000 UTC,Syrup USDC,1078.186715
2024-07-05 00:00:00.000 UTC,Maple Cash USDC1,41337.167597
2024-07-06 00:00:00.000 UTC,Syrup USDC,501240.576479
2024-07-07 00:00:00.000 UTC,Syrup USDC,14.524625
2024-07-08 00:00:00.000 UTC,High Yield Secured Lending,184999.5
2024-07-08 00:00:00.000 UTC,Syrup USDC,37374.84229
2024-07-09 00:00:00.000 UTC,Syrup USDC,50948.940992
2024-07-09 00:00:00.000 UTC,High Yield Secured Lending,10000
2024-07-10 00:00:00.000 UTC,Syrup USDC,391120.415674
2024-07-11 00:00:00.000 UTC,Syrup USDC,985942.895428
2024-07-11 00:00:00.000 UTC,High Yield Secured Lending,285603.76368000003
2024-07-12 00:00:00.000 UTC,High Yield Secured Lending,379492.9092
2024-07-12 00:00:00.000 UTC,Secured Lending,10000
2024-07-12 00:00:00.000 UTC,Syrup USDC,1330780.8389629999
2024-07-13 00:00:00.000 UTC,High Yield Secured Lending,43995.009328
2024-07-13 00:00:00.000 UTC,Secured Lending,30000
2024-07-13 00:00:00.000 UTC,Syrup USDC,648723.5911179999
2024-07-14 00:00:00.000 UTC,High Yield Secured Lending,7497.354346
2024-07-14 00:00:00.000 UTC,Syrup USDC,299159.607676
2024-07-15 00:00:00.000 UTC,High Yield Secured Lending,504000
2024-07-15 00:00:00.000 UTC,Syrup USDC,714289.5932949999
2024-07-16 00:00:00.000 UTC,High Yield Secured Lending,760250.686079
2024-07-16 00:00:00.000 UTC,Syrup USDC,1309075.4552510001
2024-07-17 00:00:00.000 UTC,Syrup USDC,162938.266076
2024-07-18 00:00:00.000 UTC,High Yield Secured Lending,250000
2024-07-18 00:00:00.000 UTC,Syrup USDC,103176
2024-07-18 00:00:00.000 UTC,Maple Cash USDC1,500000
2024-07-19 00:00:00.000 UTC,Secured Lending,342000
2024-07-19 00:00:00.000 UTC,High Yield Secured Lending,1871784.85
2024-07-19 00:00:00.000 UTC,Syrup USDC,14189.217768
2024-07-20 00:00:00.000 UTC,Syrup USDC,45273.70858399999
2024-07-21 00:00:00.000 UTC,Syrup USDC,155844.45738100001
2024-07-22 00:00:00.000 UTC,Syrup USDC,76170.306462
2024-07-22 00:00:00.000 UTC,High Yield Secured Lending,426000
2024-07-23 00:00:00.000 UTC,High Yield Secured Lending,135000
2024-07-23 00:00:00.000 UTC,Syrup USDC,8725.480875
2024-07-23 00:00:00.000 UTC,Secured Lending,261233.963909
2024-07-24 00:00:00.000 UTC,Syrup USDC,405994.382154
2024-07-24 00:00:00.000 UTC,High Yield Secured Lending,100000.000015
2024-07-25 00:00:00.000 UTC,High Yield Secured Lending,415737
2024-07-25 00:00:00.000 UTC,Syrup USDC,1863709.3079559999
2024-07-26 00:00:00.000 UTC,Syrup USDC,257334.182571
2024-07-26 00:00:00.000 UTC,High Yield Secured Lending,9800
2024-07-27 00:00:00.000 UTC,Syrup USDC,4798.959495
2024-07-28 00:00:00.000 UTC,Syrup USDC,317684.347111
2024-07-29 00:00:00.000 UTC,High Yield Secured Lending,3212.34
2024-07-29 00:00:00.000 UTC,Maple Cash USDC1,20000.000533
2024-07-29 00:00:00.000 UTC,Syrup USDC,2281
2024-07-30 00:00:00.000 UTC,Syrup USDC,194077.60490200002
2024-07-31 00:00:00.000 UTC,High Yield Secured Lending,57528.502853
2024-07-31 00:00:00.000 UTC,Syrup USDC,138235.471767
2024-08-01 00:00:00.000 UTC,High Yield Corporate USDC,699000
2024-08-01 00:00:00.000 UTC,Syrup USDC,1787558.2991129998
2024-08-01 00:00:00.000 UTC,Secured Lending,105575
2024-08-01 00:00:00.000 UTC,High Yield Secured Lending,255614.611456
2024-08-02 00:00:00.000 UTC,Syrup USDC,1161225.250395
2024-08-02 00:00:00.000 UTC,High Yield Secured Lending,265315.72080799995
2024-08-02 00:00:00.000 UTC,High Yield Corporate USDC,1500555
2024-08-03 00:00:00.000 UTC,Syrup USDC,56652.257196
2024-08-04 00:00:00.000 UTC,Syrup USDC,469951.459267
2024-08-05 00:00:00.000 UTC,High Yield Corporate USDC,107000
2024-08-05 00:00:00.000 UTC,Secured Lending,150000
2024-08-05 00:00:00.000 UTC,Syrup USDC,1400000
2024-08-05 00:00:00.000 UTC,High Yield Secured Lending,150000
2024-08-05 00:00:00.000 UTC,Maple Cash USDC1,200000
2024-08-06 00:00:00.000 UTC,Maple Cash USDC1,1321211
2024-08-06 00:00:00.000 UTC,Syrup USDC,193130.925678
2024-08-07 00:00:00.000 UTC,High Yield Secured Lending,100000
2024-08-07 00:00:00.000 UTC,Syrup USDC,6134999.891157
2024-08-08 00:00:00.000 UTC,Syrup USDC,602543.80921
2024-08-08 00:00:00.000 UTC,High Yield Secured Lending,1000
2024-08-09 00:00:00.000 UTC,Syrup USDT,4
2024-08-09 00:00:00.000 UTC,Syrup USDC,129801.37000000001
2024-08-10 00:00:00.000 UTC,Syrup USDC,15104.16
2024-08-10 00:00:00.000 UTC,Secured Lending,499875
2024-08-11 00:00:00.000 UTC,Syrup USDC,26714.1
2024-08-12 00:00:00.000 UTC,Syrup USDC,764889.7233779998
2024-08-12 00:00:00.000 UTC,High Yield Secured Lending,130247.40436300001
2024-08-13 00:00:00.000 UTC,Syrup USDC,152757.58000000002
2024-08-13 00:00:00.000 UTC,Maple Cash USDC1,36305.477771
2024-08-13 00:00:00.000 UTC,Secured Lending,135000
2024-08-13 00:00:00.000 UTC,High Yield Secured Lending,841008.147136
2024-08-14 00:00:00.000 UTC,High Yield Secured Lending,219699.942004
2024-08-14 00:00:00.000 UTC,Syrup USDC,483401.9
2024-08-15 00:00:00.000 UTC,High Yield Secured Lending,2930.387913
2024-08-15 00:00:00.000 UTC,Secured Lending,368000
2024-08-15 00:00:00.000 UTC,Syrup USDC,78236.75809799999
2024-08-16 00:00:00.000 UTC,Secured Lending,575000
2024-08-16 00:00:00.000 UTC,Syrup USDC,2694415.38
2024-08-16 00:00:00.000 UTC,High Yield Secured Lending,299951.779323
2024-08-17 00:00:00.000 UTC,Syrup USDC,768182.062097
2024-08-17 00:00:00.000 UTC,High Yield Secured Lending,119150
2024-08-18 00:00:00.000 UTC,Syrup USDC,79059.084745
2024-08-19 00:00:00.000 UTC,Syrup USDC,176981.61246200002
2024-08-19 00:00:00.000 UTC,Secured Lending,109960.256907
2024-08-19 00:00:00.000 UTC,High Yield Corporate USDC,103213.58347
2024-08-20 00:00:00.000 UTC,Syrup USDC,571544.11
2024-08-20 00:00:00.000 UTC,High Yield Secured Lending,57351.149265
2024-08-21 00:00:00.000 UTC,High Yield Secured Lending,251401.312459
2024-08-21 00:00:00.000 UTC,Syrup USDC,37330.36256
2024-08-21 00:00:00.000 UTC,Maple Cash USDC1,400000
2024-08-22 00:00:00.000 UTC,High Yield Secured Lending,500000
2024-08-22 00:00:00.000 UTC,Maple Cash USDC1,1000000
2024-08-22 00:00:00.000 UTC,Syrup USDC,247140.687629
2024-08-23 00:00:00.000 UTC,Syrup USDC,211010.29
2024-08-23 00:00:00.000 UTC,High Yield Secured Lending,299996.5652
2024-08-24 00:00:00.000 UTC,Syrup USDC,62598.39
2024-08-25 00:00:00.000 UTC,Syrup USDC,526034.224879
2024-08-26 00:00:00.000 UTC,Secured Lending,500251.030139
2024-08-26 00:00:00.000 UTC,High Yield Secured Lending,6067.81415
2024-08-26 00:00:00.000 UTC,Syrup USDC,48863.770000000004
2024-08-27 00:00:00.000 UTC,Syrup USDC,1332077.831003
2024-08-28 00:00:00.000 UTC,High Yield Secured Lending,232339.637897
2024-08-28 00:00:00.000 UTC,Syrup USDC,2198095.757234
2024-08-29 00:00:00.000 UTC,High Yield Secured Lending,100058.664677
2024-08-29 00:00:00.000 UTC,Syrup USDC,152366.94
2024-08-30 00:00:00.000 UTC,High Yield Secured Lending,495632.902527
2024-08-30 00:00:00.000 UTC,Syrup USDC,467836.739534
2024-08-31 00:00:00.000 UTC,High Yield Secured Lending,1039
2024-08-31 00:00:00.000 UTC,Syrup USDC,692836.657823
2024-09-01 00:00:00.000 UTC,Syrup USDC,12272
2024-09-02 00:00:00.000 UTC,High Yield Secured Lending,414.041762
2024-09-02 00:00:00.000 UTC,Syrup USDC,1052454.78
2024-09-03 00:00:00.000 UTC,High Yield Secured Lending,135046
2024-09-03 00:00:00.000 UTC,Syrup USDC,5550.25
2024-09-04 00:00:00.000 UTC,Syrup USDT,5
2024-09-04 00:00:00.000 UTC,Syrup USDC,31983.618585
2024-09-04 00:00:00.000 UTC,High Yield Secured Lending,9177.15
2024-09-05 00:00:00.000 UTC,Syrup USDT,7000000
2024-09-05 00:00:00.000 UTC,High Yield Secured Lending,2753220
2024-09-05 00:00:00.000 UTC,Syrup USDC,574236.199089
2024-09-06 00:00:00.000 UTC,Syrup USDC,612420.5400000002
2024-09-06 00:00:00.000 UTC,High Yield Secured Lending,221900.523242
2024-09-06 00:00:00.000 UTC,Syrup USDT,500000
2024-09-07 00:00:00.000 UTC,Syrup USDC,202265.15
2024-09-08 00:00:00.000 UTC,Syrup USDC,552571
2024-09-09 00:00:00.000 UTC,Syrup USDC,84545.87317499999
2024-09-09 00:00:00.000 UTC,High Yield Secured Lending,23300
2024-09-10 00:00:00.000 UTC,Syrup USDT,1120496.8864659998
2024-09-10 00:00:00.000 UTC,High Yield Secured Lending,25000.154724
2024-09-10 00:00:00.000 UTC,Syrup USDC,38418.72
2024-09-10 00:00:00.000 UTC,Secured Lending,567000
2024-09-11 00:00:00.000 UTC,Syrup USDT,2220190.69
2024-09-11 00:00:00.000 UTC,Syrup USDC,200253.966708
2024-09-12 00:00:00.000 UTC,High Yield Secured Lending,341642.18509499996
2024-09-12 00:00:00.000 UTC,Syrup USDC,212967.027411
2024-09-12 00:00:00.000 UTC,Syrup USDT,275444.08999999997
2024-09-13 00:00:00.000 UTC,Syrup USDC,1187780.545058
2024-09-13 00:00:00.000 UTC,Syrup USDT,795022.05
2024-09-14 00:00:00.000 UTC,Syrup USDT,50
2024-09-14 00:00:00.000 UTC,Secured Lending,45500
2024-09-14 00:00:00.000 UTC,Syrup USDC,202992.16
2024-09-15 00:00:00.000 UTC,High Yield Secured Lending,50000
2024-09-15 00:00:00.000 UTC,Syrup USDC,1130880.885559
2024-09-15 00:00:00.000 UTC,Syrup USDT,627969.3
2024-09-16 00:00:00.000 UTC,Secured Lending,50000
2024-09-16 00:00:00.000 UTC,Syrup USDT,2416050.183421
2024-09-16 00:00:00.000 UTC,Syrup USDC,4189671.1070800005
2024-09-16 00:00:00.000 UTC,High Yield Secured Lending,465220.43
2024-09-17 00:00:00.000 UTC,Syrup USDC,481294.617286
2024-09-17 00:00:00.000 UTC,Syrup USDT,116680
2024-09-18 00:00:00.000 UTC,Syrup USDT,1007558.914031
2024-09-18 00:00:00.000 UTC,High Yield Secured Lending,1103.102697
2024-09-18 00:00:00.000 UTC,Syrup USDC,212627.817252
2024-09-19 00:00:00.000 UTC,Syrup USDC,290241.54000000004
2024-09-19 00:00:00.000 UTC,Syrup USDT,114221
2024-09-20 00:00:00.000 UTC,Syrup USDC,2395865.157076
2024-09-20 00:00:00.000 UTC,Syrup USDT,600071.72
2024-09-20 00:00:00.000 UTC,High Yield Secured Lending,50900
2024-09-21 00:00:00.000 UTC,Syrup USDC,549024.988614
2024-09-21 00:00:00.000 UTC,Syrup USDT,400362.95963299996
2024-09-22 00:00:00.000 UTC,Syrup USDT,313576.42599699995
2024-09-22 00:00:00.000 UTC,Syrup USDC,532955.375669
2024-09-23 00:00:00.000 UTC,Secured Lending,30000
2024-09-23 00:00:00.000 UTC,High Yield Secured Lending,10001.179837
2024-09-23 00:00:00.000 UTC,Syrup USDT,375903
2024-09-23 00:00:00.000 UTC,Syrup USDC,1390766.007175
2024-09-24 00:00:00.000 UTC,Syrup USDT,91679.52
2024-09-24 00:00:00.000 UTC,High Yield Secured Lending,200000
2024-09-24 00:00:00.000 UTC,Syrup USDC,250459.3
2024-09-24 00:00:00.000 UTC,Secured Lending,200000
2024-09-25 00:00:00.000 UTC,Syrup USDT,104837.518
2024-09-25 00:00:00.000 UTC,Secured Lending,10
2024-09-25 00:00:00.000 UTC,High Yield Secured Lending,50000
2024-09-25 00:00:00.000 UTC,Syrup USDC,4400816.463754999
2024-09-26 00:00:00.000 UTC,Secured Lending,30010
2024-09-26 00:00:00.000 UTC,High Yield Secured Lending,276253.317165
2024-09-26 00:00:00.000 UTC,Syrup USDT,737934.12
2024-09-26 00:00:00.000 UTC,Syrup USDC,203839.35
2024-09-27 00:00:00.000 UTC,Syrup USDC,387977.75
2024-09-27 00:00:00.000 UTC,High Yield Corporate USDC,18000
2024-09-27 00:00:00.000 UTC,High Yield Secured Lending,223190.971186
2024-09-27 00:00:00.000 UTC,Syrup USDT,1049776.05
2024-09-28 00:00:00.000 UTC,Syrup USDC,1051312.1600000001
2024-09-28 00:00:00.000 UTC,Syrup USDT,3000
2024-09-29 00:00:00.000 UTC,High Yield Secured Lending,20094.740873
2024-09-29 00:00:00.000 UTC,Syrup USDC,15000
2024-09-30 00:00:00.000 UTC,Syrup USDT,10021
2024-09-30 00:00:00.000 UTC,High Yield Secured Lending,227428.665563
2024-09-30 00:00:00.000 UTC,Syrup USDC,583609.74048
2024-09-30 00:00:00.000 UTC,Maple Cash USDC1,52671.35
2024-10-01 00:00:00.000 UTC,Syrup USDC,444000
2024-10-01 00:00:00.000 UTC,High Yield Secured Lending,30165.015169000002
2024-10-01 00:00:00.000 UTC,Syrup USDT,158994
2024-10-02 00:00:00.000 UTC,Syrup USDC,5000
2024-10-02 00:00:00.000 UTC,Syrup USDT,5594.798930999999
2024-10-03 00:00:00.000 UTC,Syrup USDC,16928
2024-10-03 00:00:00.000 UTC,Syrup USDT,10008.09
2024-10-04 00:00:00.000 UTC,Syrup USDC,291611.863762
2024-10-04 00:00:00.000 UTC,High Yield Corporate USDC,50000
2024-10-04 00:00:00.000 UTC,High Yield Secured Lending,50000
2024-10-04 00:00:00.000 UTC,Syrup USDT,3175.6134739999998
2024-10-05 00:00:00.000 UTC,Syrup USDT,1248242.7779700002
2024-10-05 00:00:00.000 UTC,Syrup USDC,4000
2024-10-06 00:00:00.000 UTC,Syrup USDT,3592.52
2024-10-06 00:00:00.000 UTC,Syrup USDC,3502.139503
2024-10-07 00:00:00.000 UTC,Syrup USDT,9543.650000000001
2024-10-07 00:00:00.000 UTC,High Yield Corporate USDC,101162.7092
2024-10-07 00:00:00.000 UTC,Syrup USDC,151749.56
2024-10-07 00:00:00.000 UTC,High Yield Secured Lending,175022.83003999997
2024-10-08 00:00:00.000 UTC,Syrup USDT,105147
2024-10-08 00:00:00.000 UTC,Syrup USDC,402086.27
2024-10-09 00:00:00.000 UTC,High Yield Secured Lending,6068.089197
2024-10-09 00:00:00.000 UTC,Syrup USDC,105973.728005
2024-10-09 00:00:00.000 UTC,Syrup USDT,20.931452
2024-10-09 00:00:00.000 UTC,Secured Lending,362741.876882
2024-10-10 00:00:00.000 UTC,Syrup USDC,1165284.155363
2024-10-10 00:00:00.000 UTC,High Yield Secured Lending,2000.558847
2024-10-10 00:00:00.000 UTC,Syrup USDT,846889.99
2024-10-11 00:00:00.000 UTC,Maple Cash USDC1,80000
2024-10-11 00:00:00.000 UTC,High Yield Secured Lending,99000.01479
2024-10-11 00:00:00.000 UTC,Syrup USDC,413736.80508099997
2024-10-11 00:00:00.000 UTC,Syrup USDT,1500000
2024-10-12 00:00:00.000 UTC,Syrup USDT,51148.44
2024-10-12 00:00:00.000 UTC,Syrup USDC,296842.699769
2024-10-13 00:00:00.000 UTC,Syrup USDT,2846.94
2024-10-13 00:00:00.000 UTC,High Yield Secured Lending,22290
2024-10-13 00:00:00.000 UTC,Syrup USDC,3000
2024-10-14 00:00:00.000 UTC,Syrup USDC,119749.97513600001
2024-10-14 00:00:00.000 UTC,Secured Lending,1000000
2024-10-14 00:00:00.000 UTC,Syrup USDT,29160.252535
2024-10-14 00:00:00.000 UTC,High Yield Secured Lending,1016290.690243
2024-10-15 00:00:00.000 UTC,Syrup USDT,99111.77
2024-10-15 00:00:00.000 UTC,Secured Lending,2500000
2024-10-15 00:00:00.000 UTC,Syrup USDC,770382.1420979999
2024-10-15 00:00:00.000 UTC,High Yield Secured Lending,2388975
2024-10-16 00:00:00.000 UTC,High Yield Secured Lending,400
2024-10-16 00:00:00.000 UTC,Syrup USDT,349881.588396
2024-10-16 00:00:00.000 UTC,Syrup USDC,1703049.332062
2024-10-17 00:00:00.000 UTC,Syrup USDC,2791087.2536739996
2024-10-17 00:00:00.000 UTC,High Yield Secured Lending,200000
2024-10-17 00:00:00.000 UTC,Maple Cash USDC1,173917
2024-10-17 00:00:00.000 UTC,Syrup USDT,590483.77
2024-10-18 00:00:00.000 UTC,High Yield Secured Lending,30515.507991
2024-10-18 00:00:00.000 UTC,Syrup USDC,1252307.2351080002
2024-10-18 00:00:00.000 UTC,Syrup USDT,734129.21
2024-10-19 00:00:00.000 UTC,Syrup USDC,3231545.154282
2024-10-19 00:00:00.000 UTC,Syrup USDT,1781.21
2024-10-20 00:00:00.000 UTC,Syrup USDC,2044400.450124
2024-10-21 00:00:00.000 UTC,Syrup USDT,520007.1
2024-10-21 00:00:00.000 UTC,Syrup USDC,954760.9133840001
2024-10-22 00:00:00.000 UTC,Syrup USDT,5320440.9097179985
2024-10-22 00:00:00.000 UTC,Secured Lending,15738
2024-10-22 00:00:00.000 UTC,Syrup USDC,4744816.004303999
2024-10-23 00:00:00.000 UTC,Syrup USDC,1660382.114939
2024-10-23 00:00:00.000 UTC,Syrup USDT,858343.0716589999
2024-10-23 00:00:00.000 UTC,High Yield Secured Lending,56720.366858
2024-10-24 00:00:00.000 UTC,Secured Lending,15760.859063
2024-10-24 00:00:00.000 UTC,Syrup USDT,3065806.4281659997
2024-10-24 00:00:00.000 UTC,Syrup USDC,1727740.0145210002
2024-10-24 00:00:00.000 UTC,High Yield Secured Lending,19395
2024-10-25 00:00:00.000 UTC,Syrup USDT,2417192.261504
2024-10-25 00:00:00.000 UTC,Syrup USDC,2372089.57272
2024-10-26 00:00:00.000 UTC,Syrup USDC,1334982.9855840001
2024-10-26 00:00:00.000 UTC,Syrup USDT,556658.8817530001
2024-10-27 00:00:00.000 UTC,Syrup USDC,1695498.318065
2024-10-27 00:00:00.000 UTC,Syrup USDT,305625.822005
2024-10-28 00:00:00.000 UTC,Syrup USDC,382074.4095379999
2024-10-28 00:00:00.000 UTC,High Yield Secured Lending,196.963456
2024-10-28 00:00:00.000 UTC,Syrup USDT,2558131.3985370006
2024-10-29 00:00:00.000 UTC,High Yield Secured Lending,78476.938492
2024-10-29 00:00:00.000 UTC,Syrup USDT,2270686.520627
2024-10-29 00:00:00.000 UTC,Syrup USDC,908104.4016460001
2024-10-30 00:00:00.000 UTC,Syrup USDC,4535039.17849
2024-10-30 00:00:00.000 UTC,Secured Lending,330000
2024-10-30 00:00:00.000 UTC,High Yield Secured Lending,50302.365638
2024-10-30 00:00:00.000 UTC,Syrup USDT,101495
2024-10-31 00:00:00.000 UTC,High Yield Secured Lending,203980
2024-10-31 00:00:00.000 UTC,High Yield Corporate USDC,50000
2024-10-31 00:00:00.000 UTC,Syrup USDT,22009.860373
2024-10-31 00:00:00.000 UTC,Syrup USDC,3266601.954562001
2024-10-31 00:00:00.000 UTC,Secured Lending,200000
2024-11-01 00:00:00.000 UTC,Syrup USDT,1142039.5990590001
2024-11-01 00:00:00.000 UTC,Syrup USDC,2203206.4766889997
2024-11-01 00:00:00.000 UTC,High Yield Secured Lending,22930.267446
2024-11-01 00:00:00.000 UTC,Secured Lending,500
2024-11-02 00:00:00.000 UTC,High Yield Corporate USDC,637278.295258
2024-11-02 00:00:00.000 UTC,Syrup USDT,308929.782474
2024-11-02 00:00:00.000 UTC,Syrup USDC,193577.78043599997
2024-11-02 00:00:00.000 UTC,High Yield Secured Lending,108200
2024-11-02 00:00:00.000 UTC,Secured Lending,1000
2024-11-03 00:00:00.000 UTC,Syrup USDT,1112652.3951649999
2024-11-03 00:00:00.000 UTC,High Yield Secured Lending,2007.418113
2024-11-03 00:00:00.000 UTC,Syrup USDC,8358634.351136999
2024-11-04 00:00:00.000 UTC,High Yield Secured Lending,500000
2024-11-04 00:00:00.000 UTC,Syrup USDC,317795.48563999997
2024-11-04 00:00:00.000 UTC,Secured Lending,1440000
2024-11-04 00:00:00.000 UTC,Syrup USDT,1343422.1009999998
2024-11-05 00:00:00.000 UTC,High Yield Secured Lending,50000
2024-11-05 00:00:00.000 UTC,Syrup USDC,1656341.3580909998
2024-11-05 00:00:00.000 UTC,Syrup USDT,482487.96126
2024-11-06 00:00:00.000 UTC,Syrup USDC,1183756.902517
2024-11-06 00:00:00.000 UTC,High Yield Secured Lending,200950.013
2024-11-06 00:00:00.000 UTC,Syrup USDT,5037.331795
2024-11-06 00:00:00.000 UTC,Secured Lending,154000
2024-11-07 00:00:00.000 UTC,Syrup USDC,12607272.047001
2024-11-07 00:00:00.000 UTC,High Yield Secured Lending,406277.403
2024-11-07 00:00:00.000 UTC,Syrup USDT,200000.011515
2024-11-08 00:00:00.000 UTC,Syrup USDT,267905.24003399996
2024-11-08 00:00:00.000 UTC,High Yield Secured Lending,9019.86
2024-11-08 00:00:00.000 UTC,Syrup USDC,1662188.967139
2024-11-08 00:00:00.000 UTC,Secured Lending,700000
2024-11-09 00:00:00.000 UTC,High Yield Secured Lending,468721.05
2024-11-09 00:00:00.000 UTC,Syrup USDT,343829.99012800003
2024-11-09 00:00:00.000 UTC,High Yield Corporate USDC,200000
2024-11-09 00:00:00.000 UTC,Syrup USDC,2682805.467564
2024-11-09 00:00:00.000 UTC,Secured Lending,200000
2024-11-10 00:00:00.000 UTC,Syrup USDC,1163130.2383499998
2024-11-10 00:00:00.000 UTC,Syrup USDT,34918.893845
2024-11-11 00:00:00.000 UTC,Syrup USDC,2754576.7800000003
2024-11-11 00:00:00.000 UTC,Syrup USDT,43868.78
2024-11-12 00:00:00.000 UTC,High Yield Secured Lending,130054.059886
2024-11-12 00:00:00.000 UTC,Secured Lending,1200000
2024-11-12 00:00:00.000 UTC,Syrup USDC,1681056.487748
2024-11-12 00:00:00.000 UTC,Syrup USDT,1.73
2024-11-13 00:00:00.000 UTC,Syrup USDC,99994.7177
2024-11-13 00:00:00.000 UTC,Syrup USDT,326468.072414
2024-11-14 00:00:00.000 UTC,High Yield Secured Lending,671000
2024-11-14 00:00:00.000 UTC,Syrup USDC,104002.21207
2024-11-15 00:00:00.000 UTC,Syrup USDC,2.592406
2024-11-15 00:00:00.000 UTC,Secured Lending,1000234.044706
2024-11-15 00:00:00.000 UTC,Syrup USDT,128165.96798799999
2024-11-16 00:00:00.000 UTC,Secured Lending,500000
2024-11-16 00:00:00.000 UTC,Syrup USDT,1999.11
2024-11-16 00:00:00.000 UTC,Syrup USDC,2184.823622
2024-11-17 00:00:00.000 UTC,Syrup USDT,765.479738
2024-11-17 00:00:00.000 UTC,Syrup USDC,22124.105251
2024-11-18 00:00:00.000 UTC,Syrup USDC,25100
2024-11-18 00:00:00.000 UTC,Syrup USDT,20000
2024-11-19 00:00:00.000 UTC,Syrup USDC,4986.1452469999995
2024-11-20 00:00:00.000 UTC,Syrup USDC,66358.447944
2024-11-20 00:00:00.000 UTC,Syrup USDT,437494.955017
2024-11-20 00:00:00.000 UTC,Secured Lending,589738.945
2024-11-21 00:00:00.000 UTC,Syrup USDC,1509747.625385
2024-11-21 00:00:00.000 UTC,Syrup USDT,92844.405061
2024-11-21 00:00:00.000 UTC,High Yield Secured Lending,415005.574632
2024-11-22 00:00:00.000 UTC,High Yield Secured Lending,38000
2024-11-22 00:00:00.000 UTC,Syrup USDT,496494.589146
2024-11-22 00:00:00.000 UTC,Secured Lending,15252
2024-11-22 00:00:00.000 UTC,Syrup USDC,1572937.827668
2024-11-23 00:00:00.000 UTC,Syrup USDT,172103.940695
2024-11-23 00:00:00.000 UTC,High Yield Secured Lending,98.489668
2024-11-23 00:00:00.000 UTC,Syrup USDC,502905.119735
2024-11-24 00:00:00.000 UTC,Syrup USDT,824484.379548
2024-11-24 00:00:00.000 UTC,Syrup USDC,2028728.657468
2024-11-25 00:00:00.000 UTC,Syrup USDT,80033.921363
2024-11-25 00:00:00.000 UTC,Syrup USDC,2508852.658684
2024-11-26 00:00:00.000 UTC,Syrup USDT,218377.501829
2024-11-26 00:00:00.000 UTC,High Yield Secured Lending,100000
2024-11-26 00:00:00.000 UTC,Syrup USDC,108486.834355
2024-11-27 00:00:00.000 UTC,Syrup USDT,357150.452087
2024-11-27 00:00:00.000 UTC,High Yield Secured Lending,50100
2024-11-27 00:00:00.000 UTC,Syrup USDC,365950
2024-11-27 00:00:00.000 UTC,Secured Lending,250100
2024-11-28 00:00:00.000 UTC,Syrup USDT,31093.538066
2024-11-28 00:00:00.000 UTC,Syrup USDC,933062.42
2024-11-28 00:00:00.000 UTC,High Yield Secured Lending,100
2024-11-29 00:00:00.000 UTC,High Yield Secured Lending,118903.6
2024-11-29 00:00:00.000 UTC,Syrup USDC,3275.738875
2024-11-29 00:00:00.000 UTC,Syrup USDT,990
2024-11-30 00:00:00.000 UTC,Syrup USDT,14992.422941
2024-11-30 00:00:00.000 UTC,Syrup USDC,67663.357881
2024-12-01 00:00:00.000 UTC,Syrup USDT,4975.76441
2024-12-01 00:00:00.000 UTC,High Yield Secured Lending,36000
2024-12-01 00:00:00.000 UTC,Syrup USDC,339529.429597
2024-12-02 00:00:00.000 UTC,Syrup USDC,490056.45342200005
2024-12-02 00:00:00.000 UTC,High Yield Secured Lending,1102326.531557
2024-12-03 00:00:00.000 UTC,Secured Lending,230000
2024-12-03 00:00:00.000 UTC,Syrup USDT,2582670.070522
2024-12-03 00:00:00.000 UTC,High Yield Secured Lending,607289.747296
2024-12-04 00:00:00.000 UTC,High Yield Secured Lending,46000
2024-12-04 00:00:00.000 UTC,Syrup USDT,0.00001
2024-12-04 00:00:00.000 UTC,Syrup USDC,100000
2024-12-05 00:00:00.000 UTC,Syrup USDC,2530026.522557
2024-12-05 00:00:00.000 UTC,Secured Lending,72000
2024-12-06 00:00:00.000 UTC,Syrup USDT,10056.083849999999
2024-12-06 00:00:00.000 UTC,High Yield Secured Lending,14500
2024-12-06 00:00:00.000 UTC,Syrup USDC,310400
2024-12-07 00:00:00.000 UTC,High Yield Corporate USDC,100
2024-12-07 00:00:00.000 UTC,High Yield Secured Lending,50215.737296
2024-12-07 00:00:00.000 UTC,Syrup USDC,696563.197264
2024-12-08 00:00:00.000 UTC,High Yield Secured Lending,6002.02
2024-12-08 00:00:00.000 UTC,Syrup USDC,14803.168522
2024-12-08 00:00:00.000 UTC,Syrup USDT,134195.022609
2024-12-09 00:00:00.000 UTC,High Yield Secured Lending,19213.814706
2024-12-09 00:00:00.000 UTC,Syrup USDT,120285.86756500001
2024-12-09 00:00:00.000 UTC,Syrup USDC,898.538259
2024-12-10 00:00:00.000 UTC,Syrup USDC,1339809.7612049999
2024-12-10 00:00:00.000 UTC,Syrup USDT,112697.972857
2024-12-10 00:00:00.000 UTC,Secured Lending,244425.884358
2024-12-10 00:00:00.000 UTC,High Yield Secured Lending,100000
2024-12-11 00:00:00.000 UTC,Syrup USDC,214531.66754
2024-12-11 00:00:00.000 UTC,Secured Lending,550
2024-12-11 00:00:00.000 UTC,High Yield Secured Lending,3100059.581849
2024-12-12 00:00:00.000 UTC,Syrup USDC,5000
2024-12-12 00:00:00.000 UTC,High Yield Secured Lending,1000
2024-12-12 00:00:00.000 UTC,Secured Lending,100000
2024-12-12 00:00:00.000 UTC,Syrup USDT,20000
2024-12-13 00:00:00.000 UTC,Syrup USDT,458132.578537
2024-12-13 00:00:00.000 UTC,Syrup USDC,10417.56
2024-12-13 00:00:00.000 UTC,High Yield Secured Lending,60919.5
2024-12-14 00:00:00.000 UTC,Syrup USDC,329.96588599999995
2024-12-14 00:00:00.000 UTC,Syrup USDT,708800.199412
2024-12-15 00:00:00.000 UTC,Syrup USDC,195000
2024-12-15 00:00:00.000 UTC,High Yield Secured Lending,29746.37
2024-12-16 00:00:00.000 UTC,Syrup USDC,3499978.033438
2024-12-16 00:00:00.000 UTC,High Yield Secured Lending,19967.15
2024-12-16 00:00:00.000 UTC,Syrup USDT,158058.634489
2024-12-17 00:00:00.000 UTC,Secured Lending,22969.615067
2024-12-17 00:00:00.000 UTC,High Yield Secured Lending,191330.245644
2024-12-17 00:00:00.000 UTC,Syrup USDT,50021.639521
2024-12-17 00:00:00.000 UTC,Syrup USDC,700248.063527
2024-12-18 00:00:00.000 UTC,Syrup USDC,1500
2024-12-18 00:00:00.000 UTC,High Yield Secured Lending,35000
2024-12-18 00:00:00.000 UTC,Syrup USDT,322032.04876000003
2024-12-19 00:00:00.000 UTC,Syrup USDT,617576.569033
2024-12-19 00:00:00.000 UTC,High Yield Secured Lending,105000
2024-12-20 00:00:00.000 UTC,Syrup USDC,134.742768
2024-12-21 00:00:00.000 UTC,Syrup USDC,1022.242627
2024-12-21 00:00:00.000 UTC,Syrup USDT,1504000
2024-12-22 00:00:00.000 UTC,Syrup USDT,683057.829596
2024-12-22 00:00:00.000 UTC,Syrup USDC,275777.712993
2024-12-23 00:00:00.000 UTC,Syrup USDC,21090.449075
2024-12-23 00:00:00.000 UTC,Syrup USDT,367136.11751999997
2024-12-24 00:00:00.000 UTC,Syrup USDT,1022990.2015099999
2024-12-24 00:00:00.000 UTC,High Yield Secured Lending,207460.260365
2024-12-24 00:00:00.000 UTC,Syrup USDC,70310
2024-12-25 00:00:00.000 UTC,Syrup USDC,2422
2024-12-25 00:00:00.000 UTC,High Yield Secured Lending,35000
2024-12-25 00:00:00.000 UTC,Syrup USDT,285323.581105
2024-12-26 00:00:00.000 UTC,Syrup USDT,20497.14488
2024-12-26 00:00:00.000 UTC,High Yield Secured Lending,35000
2024-12-26 00:00:00.000 UTC,Syrup USDC,2111.390192
2024-12-27 00:00:00.000 UTC,Syrup USDT,5200
2024-12-27 00:00:00.000 UTC,Syrup USDC,28991.584634
2024-12-28 00:00:00.000 UTC,Syrup USDC,990616.6442750001
2024-12-28 00:00:00.000 UTC,High Yield Secured Lending,17500
2024-12-28 00:00:00.000 UTC,Syrup USDT,546633.400086
2024-12-29 00:00:00.000 UTC,Syrup USDC,5087.042061
2024-12-29 00:00:00.000 UTC,Syrup USDT,20892.445141
2024-12-30 00:00:00.000 UTC,Syrup USDC,200478.46
2024-12-30 00:00:00.000 UTC,Syrup USDT,8671.564693999999
2024-12-31 00:00:00.000 UTC,Syrup USDC,37915
2024-12-31 00:00:00.000 UTC,Syrup USDT,24683.127073
2024-12-31 00:00:00.000 UTC,High Yield Secured Lending,1305646.5811359999
2025-01-01 00:00:00.000 UTC,Syrup USDC,401997.68949099997
2025-01-01 00:00:00.000 UTC,Syrup USDT,326947.647511
2025-01-01 00:00:00.000 UTC,High Yield Secured Lending,200000
2025-01-02 00:00:00.000 UTC,Syrup USDT,119158.164539
2025-01-02 00:00:00.000 UTC,Secured Lending,7081.6058
2025-01-03 00:00:00.000 UTC,High Yield Corporate USDC,40000
2025-01-03 00:00:00.000 UTC,Syrup USDT,466691.93304000003
2025-01-03 00:00:00.000 UTC,High Yield Secured Lending,450569.520225
2025-01-03 00:00:00.000 UTC,Syrup USDC,964526.937595
2025-01-04 00:00:00.000 UTC,Syrup USDC,2487481.7284770003
2025-01-04 00:00:00.000 UTC,Syrup USDT,162093.16813200002
2025-01-05 00:00:00.000 UTC,Syrup USDT,161658.61801
2025-01-05 00:00:00.000 UTC,Syrup USDC,2154121.9912050003
2025-01-06 00:00:00.000 UTC,Syrup USDC,2966.443378
2025-01-06 00:00:00.000 UTC,Syrup USDT,4982.514901
2025-01-06 00:00:00.000 UTC,Secured Lending,100.249306
2025-01-07 00:00:00.000 UTC,Syrup USDC,11038.462783
2025-01-07 00:00:00.000 UTC,High Yield Secured Lending,251000
2025-01-08 00:00:00.000 UTC,Syrup USDT,351558.29
2025-01-08 00:00:00.000 UTC,Syrup USDC,238031.45425799998
2025-01-08 00:00:00.000 UTC,High Yield Secured Lending,30000
2025-01-08 00:00:00.000 UTC,Secured Lending,13936.16
2025-01-09 00:00:00.000 UTC,High Yield Secured Lending,742021.231649
2025-01-09 00:00:00.000 UTC,Syrup USDC,50000
2025-01-09 00:00:00.000 UTC,Syrup USDT,182026
2025-01-10 00:00:00.000 UTC,High Yield Corporate USDC,570000.011067
2025-01-10 00:00:00.000 UTC,High Yield Secured Lending,956425.5410559999
2025-01-10 00:00:00.000 UTC,Syrup USDC,106973.968856
2025-01-11 00:00:00.000 UTC,Syrup USDC,150366.811
2025-01-11 00:00:00.000 UTC,Syrup USDT,248286.960487
2025-01-12 00:00:00.000 UTC,High Yield Secured Lending,35684.109892
2025-01-12 00:00:00.000 UTC,Syrup USDC,224973.463434
2025-01-12 00:00:00.000 UTC,Syrup USDT,40000
2025-01-13 00:00:00.000 UTC,Syrup USDC,46417.594117
2025-01-13 00:00:00.000 UTC,Syrup USDT,267.01604
2025-01-13 00:00:00.000 UTC,High Yield Secured Lending,68000
2025-01-13 00:00:00.000 UTC,Secured Lending,50009.690167
2025-01-14 00:00:00.000 UTC,High Yield Secured Lending,184348.3589
2025-01-14 00:00:00.000 UTC,Syrup USDT,12894.781649999999
2025-01-14 00:00:00.000 UTC,Syrup USDC,2162367.389132
2025-01-14 00:00:00.000 UTC,Secured Lending,200000
2025-01-15 00:00:00.000 UTC,High Yield Secured Lending,449992.5
2025-01-15 00:00:00.000 UTC,Syrup USDT,252879.08428
2025-01-15 00:00:00.000 UTC,Syrup USDC,1842948.479642
2025-01-16 00:00:00.000 UTC,Syrup USDT,122302.06863199998
2025-01-16 00:00:00.000 UTC,Syrup USDC,1056373.4281020002
2025-01-17 00:00:00.000 UTC,Syrup USDC,941950.421296
2025-01-17 00:00:00.000 UTC,Syrup USDT,350000
2025-01-18 00:00:00.000 UTC,Syrup USDC,144883.212682
2025-01-18 00:00:00.000 UTC,Syrup USDT,50000.249176
2025-01-19 00:00:00.000 UTC,Syrup USDT,88359.89806
2025-01-19 00:00:00.000 UTC,Syrup USDC,950139.1889630001
2025-01-20 00:00:00.000 UTC,High Yield Secured Lending,411046.93313
2025-01-21 00:00:00.000 UTC,High Yield Secured Lending,50000
2025-01-21 00:00:00.000 UTC,Syrup USDC,450855.737097
2025-01-21 00:00:00.000 UTC,Syrup USDT,427076.2924
2025-01-22 00:00:00.000 UTC,High Yield Secured Lending,308729.921887
2025-01-22 00:00:00.000 UTC,Syrup USDC,954521.951897
2025-01-22 00:00:00.000 UTC,Secured Lending,4000
2025-01-23 00:00:00.000 UTC,High Yield Secured Lending,19.768537
2025-01-23 00:00:00.000 UTC,Syrup USDC,647043.565699
2025-01-23 00:00:00.000 UTC,Syrup USDT,20
2025-01-24 00:00:00.000 UTC,Syrup USDC,1352481.3539469999
2025-01-24 00:00:00.000 UTC,Syrup USDT,1579994.29275
2025-01-25 00:00:00.000 UTC,Syrup USDC,131280.558579
2025-01-25 00:00:00.000 UTC,Syrup USDT,553761.281978
2025-01-26 00:00:00.000 UTC,Syrup USDT,20859.129284000002
2025-01-26 00:00:00.000 UTC,Syrup USDC,231576.223059
2025-01-27 00:00:00.000 UTC,Syrup USDC,2125140.615219
2025-01-27 00:00:00.000 UTC,Syrup USDT,9997.76
2025-01-27 00:00:00.000 UTC,Secured Lending,450000
2025-01-27 00:00:00.000 UTC,High Yield Secured Lending,2247019.067048
2025-01-28 00:00:00.000 UTC,Syrup USDT,1178490
2025-01-28 00:00:00.000 UTC,High Yield Secured Lending,2000000
2025-01-28 00:00:00.000 UTC,Syrup USDC,1257942.915078
2025-01-29 00:00:00.000 UTC,Syrup USDC,823782.687035
2025-01-29 00:00:00.000 UTC,High Yield Secured Lending,138000
2025-01-29 00:00:00.000 UTC,Syrup USDT,8998.27
2025-01-30 00:00:00.000 UTC,Syrup USDC,648928.9921389999
2025-01-30 00:00:00.000 UTC,Syrup USDT,392961.666801
2025-01-30 00:00:00.000 UTC,High Yield Secured Lending,3528650.008169
2025-01-31 00:00:00.000 UTC,Syrup USDC,311242.03324
2025-01-31 00:00:00.000 UTC,Syrup USDT,293644.502492
2025-02-01 00:00:00.000 UTC,High Yield Secured Lending,800000
2025-02-01 00:00:00.000 UTC,Syrup USDC,461779.229991
2025-02-01 00:00:00.000 UTC,Syrup USDT,2400213.809165
2025-02-02 00:00:00.000 UTC,Syrup USDC,2297.065
2025-02-03 00:00:00.000 UTC,Secured Lending,500000
2025-02-03 00:00:00.000 UTC,Syrup USDC,3643229.660643
2025-02-04 00:00:00.000 UTC,Syrup USDT,1327377.427653
2025-02-04 00:00:00.000 UTC,Secured Lending,2030009.532225
2025-02-04 00:00:00.000 UTC,Syrup USDC,1064350.137679
2025-02-04 00:00:00.000 UTC,High Yield Secured Lending,1935001
2025-02-05 00:00:00.000 UTC,Syrup USDT,469960
2025-02-05 00:00:00.000 UTC,Syrup USDC,467454.607094
2025-02-05 00:00:00.000 UTC,Secured Lending,500001
2025-02-05 00:00:00.000 UTC,High Yield Secured Lending,56603.964719
2025-02-06 00:00:00.000 UTC,Syrup USDC,2408606.953149
2025-02-06 00:00:00.000 UTC,Syrup USDT,189318
2025-02-06 00:00:00.000 UTC,High Yield Secured Lending,49770
2025-02-07 00:00:00.000 UTC,Syrup USDC,1429010.603319
2025-02-07 00:00:00.000 UTC,Syrup USDT,95553.916955
2025-02-07 00:00:00.000 UTC,High Yield Secured Lending,713519.38113
2025-02-08 00:00:00.000 UTC,High Yield Secured Lending,2470.298437
2025-02-08 00:00:00.000 UTC,Syrup USDC,2760474.7517810003
2025-02-08 00:00:00.000 UTC,Secured Lending,2000.011
2025-02-08 00:00:00.000 UTC,Syrup USDT,1050
2025-02-09 00:00:00.000 UTC,Syrup USDC,1154739.537696
2025-02-09 00:00:00.000 UTC,High Yield Secured Lending,25000
2025-02-09 00:00:00.000 UTC,Syrup USDT,530
2025-02-10 00:00:00.000 UTC,Syrup USDC,4589555.473099999
2025-02-10 00:00:00.000 UTC,High Yield Secured Lending,2519.311546
2025-02-10 00:00:00.000 UTC,Syrup USDT,780165.7390239999
2025-02-11 00:00:00.000 UTC,Secured Lending,500500
2025-02-11 00:00:00.000 UTC,Syrup USDT,14898.25261
2025-02-11 00:00:00.000 UTC,High Yield Secured Lending,500500
2025-02-11 00:00:00.000 UTC,Syrup USDC,2341113.1885669995
2025-02-12 00:00:00.000 UTC,Secured Lending,1350500
2025-02-12 00:00:00.000 UTC,High Yield Secured Lending,1350500
2025-02-12 00:00:00.000 UTC,Syrup USDC,915679.382217
2025-02-12 00:00:00.000 UTC,Syrup USDT,50091.039015
2025-02-13 00:00:00.000 UTC,Syrup USDC,1632786.843665
2025-02-13 00:00:00.000 UTC,Syrup USDT,1100
2025-02-14 00:00:00.000 UTC,Syrup USDT,55950.360741
2025-02-14 00:00:00.000 UTC,Syrup USDC,1808002.192219
2025-02-15 00:00:00.000 UTC,Syrup USDT,13508.474124999999
2025-02-15 00:00:00.000 UTC,Syrup USDC,1392140.607876
2025-02-16 00:00:00.000 UTC,Syrup USDC,601201.041071
2025-02-16 00:00:00.000 UTC,Syrup USDT,39611.156655000006
2025-02-17 00:00:00.000 UTC,Syrup USDC,717137.0655080002
2025-02-17 00:00:00.000 UTC,Syrup USDT,2000
2025-02-18 00:00:00.000 UTC,High Yield Secured Lending,5154.677606
2025-02-18 00:00:00.000 UTC,Syrup USDC,34769.405128
2025-02-18 00:00:00.000 UTC,Syrup USDT,1164173.970776
2025-02-19 00:00:00.000 UTC,High Yield Secured Lending,159978.050992
2025-02-19 00:00:00.000 UTC,Secured Lending,394949.334103
2025-02-19 00:00:00.000 UTC,Syrup USDT,1000
2025-02-19 00:00:00.000 UTC,Syrup USDC,2031792.1907529999
2025-02-20 00:00:00.000 UTC,Secured Lending,50000
2025-02-20 00:00:00.000 UTC,Syrup USDC,741347.648191
2025-02-20 00:00:00.000 UTC,Syrup USDT,61386.729295
2025-02-20 00:00:00.000 UTC,High Yield Secured Lending,2300
2025-02-21 00:00:00.000 UTC,Syrup USDC,877441.1146010001
2025-02-21 00:00:00.000 UTC,Secured Lending,411693.482788
2025-02-21 00:00:00.000 UTC,High Yield Secured Lending,1119997.0293999999
2025-02-21 00:00:00.000 UTC,Syrup USDT,73607.06927400001
2025-02-22 00:00:00.000 UTC,Syrup USDC,566714.8761689998
2025-02-22 00:00:00.000 UTC,Syrup USDT,998.5
2025-02-23 00:00:00.000 UTC,Syrup USDC,26430.717967
2025-02-23 00:00:00.000 UTC,Syrup USDT,10511.32
2025-02-23 00:00:00.000 UTC,Secured Lending,75000
2025-02-24 00:00:00.000 UTC,Syrup USDT,262272.31432099995
2025-02-24 00:00:00.000 UTC,Syrup USDC,215829.81020799998
2025-02-24 00:00:00.000 UTC,Secured Lending,11762.939118
2025-02-25 00:00:00.000 UTC,Syrup USDC,3398904.2073679995
2025-02-25 00:00:00.000 UTC,High Yield Secured Lending,84987.72171099999
2025-02-25 00:00:00.000 UTC,Syrup USDT,324033.714974
2025-02-26 00:00:00.000 UTC,High Yield Corporate USDC,450000
2025-02-26 00:00:00.000 UTC,Syrup USDT,17000
2025-02-26 00:00:00.000 UTC,High Yield Secured Lending,200473.597339
2025-02-26 00:00:00.000 UTC,Secured Lending,150000
2025-02-26 00:00:00.000 UTC,Syrup USDC,924743.44343
2025-02-27 00:00:00.000 UTC,Secured Lending,100000
2025-02-27 00:00:00.000 UTC,Syrup USDT,2018955.399635
2025-02-27 00:00:00.000 UTC,Syrup USDC,2928648.779369
2025-02-28 00:00:00.000 UTC,Syrup USDC,803858.7260769999
2025-02-28 00:00:00.000 UTC,Syrup USDT,47377.726678
2025-02-28 00:00:00.000 UTC,High Yield Secured Lending,4385916.08427
2025-03-01 00:00:00.000 UTC,Syrup USDT,2000
2025-03-01 00:00:00.000 UTC,Syrup USDC,2375987.457754
2025-03-01 00:00:00.000 UTC,High Yield Secured Lending,33500
2025-03-02 00:00:00.000 UTC,Syrup USDT,2
2025-03-02 00:00:00.000 UTC,Syrup USDC,680211.131404
2025-03-03 00:00:00.000 UTC,Syrup USDT,12003.05193
2025-03-03 00:00:00.000 UTC,High Yield Secured Lending,1323007.577767
2025-03-03 00:00:00.000 UTC,Syrup USDC,1577987.212646
2025-03-04 00:00:00.000 UTC,Syrup USDT,1
2025-03-04 00:00:00.000 UTC,Secured Lending,766581.833951
2025-03-04 00:00:00.000 UTC,Syrup USDC,6231402.289042
2025-03-04 00:00:00.000 UTC,High Yield Secured Lending,4200000
2025-03-05 00:00:00.000 UTC,Syrup USDC,244136.116295
2025-03-05 00:00:00.000 UTC,Secured Lending,1510000
2025-03-05 00:00:00.000 UTC,Syrup USDT,10232.746958
2025-03-06 00:00:00.000 UTC,High Yield Secured Lending,160117.482302
2025-03-06 00:00:00.000 UTC,Syrup USDT,141178.435913
2025-03-06 00:00:00.000 UTC,Syrup USDC,3274692.0420680004
2025-03-07 00:00:00.000 UTC,Secured Lending,45000
2025-03-07 00:00:00.000 UTC,Syrup USDT,202821.52227000002
2025-03-07 00:00:00.000 UTC,Syrup USDC,5875448.569717
2025-03-08 00:00:00.000 UTC,Secured Lending,45000
2025-03-08 00:00:00.000 UTC,Syrup USDC,1021639.3024020001
2025-03-08 00:00:00.000 UTC,High Yield Secured Lending,55318.838611
2025-03-08 00:00:00.000 UTC,Syrup USDT,30700.391864999998
2025-03-09 00:00:00.000 UTC,Syrup USDC,1508407.343249
2025-03-09 00:00:00.000 UTC,Syrup USDT,605829.407984
2025-03-10 00:00:00.000 UTC,Syrup USDC,1109740.0642990002
2025-03-10 00:00:00.000 UTC,Syrup USDT,317682.503849
2025-03-11 00:00:00.000 UTC,Secured Lending,580000
2025-03-11 00:00:00.000 UTC,High Yield Secured Lending,580000
2025-03-11 00:00:00.000 UTC,Syrup USDT,1429200.003861
2025-03-11 00:00:00.000 UTC,Syrup USDC,612873.999007
2025-03-12 00:00:00.000 UTC,Syrup USDT,513247.673823
2025-03-12 00:00:00.000 UTC,High Yield Secured Lending,701099.120176
2025-03-12 00:00:00.000 UTC,Syrup USDC,497776.618881
2025-03-12 00:00:00.000 UTC,Secured Lending,299995.497601
2025-03-13 00:00:00.000 UTC,High Yield Secured Lending,6822299.850000001
2025-03-13 00:00:00.000 UTC,High Yield Corporate USDC,271.720114
2025-03-13 00:00:00.000 UTC,Secured Lending,30000
2025-03-13 00:00:00.000 UTC,Syrup USDT,1130515.4808190002
2025-03-13 00:00:00.000 UTC,Syrup USDC,2954936.8571960004
2025-03-14 00:00:00.000 UTC,Syrup USDT,332022.84158099996
2025-03-14 00:00:00.000 UTC,Syrup USDC,378539.48658199987
2025-03-14 00:00:00.000 UTC,High Yield Secured Lending,616177.181609
2025-03-14 00:00:00.000 UTC,Secured Lending,170000
2025-03-15 00:00:00.000 UTC,Syrup USDC,144561.119915
2025-03-15 00:00:00.000 UTC,Syrup USDT,82325.267879
2025-03-15 00:00:00.000 UTC,High Yield Secured Lending,813154.128842
2025-03-16 00:00:00.000 UTC,High Yield Secured Lending,45860
2025-03-16 00:00:00.000 UTC,Syrup USDC,26800.551622
2025-03-16 00:00:00.000 UTC,Syrup USDT,674.78555
2025-03-17 00:00:00.000 UTC,Secured Lending,5451.54
2025-03-17 00:00:00.000 UTC,Syrup USDT,80009.21
2025-03-17 00:00:00.000 UTC,Syrup USDC,419750.969573
2025-03-18 00:00:00.000 UTC,Syrup USDT,20100.897045
2025-03-18 00:00:00.000 UTC,High Yield Secured Lending,117788.097666
2025-03-18 00:00:00.000 UTC,Syrup USDC,363524.824132
2025-03-19 00:00:00.000 UTC,Syrup USDC,93513.83254999999
2025-03-19 00:00:00.000 UTC,High Yield Secured Lending,104183.442218
2025-03-19 00:00:00.000 UTC,Syrup USDT,35310.63202999999
2025-03-19 00:00:00.000 UTC,Secured Lending,58000
2025-03-20 00:00:00.000 UTC,Syrup USDC,59596.82921
2025-03-20 00:00:00.000 UTC,Syrup USDT,16870.920893000002
2025-03-20 00:00:00.000 UTC,Secured Lending,1987989.897164
2025-03-21 00:00:00.000 UTC,Syrup USDT,168493.333078
2025-03-21 00:00:00.000 UTC,Syrup USDC,2066315.4663440003
2025-03-21 00:00:00.000 UTC,High Yield Secured Lending,23000
2025-03-22 00:00:00.000 UTC,Syrup USDC,55832.02412
2025-03-22 00:00:00.000 UTC,Syrup USDT,131982.976948
2025-03-23 00:00:00.000 UTC,Syrup USDT,29999.306651
2025-03-23 00:00:00.000 UTC,Syrup USDC,62095.359889
2025-03-24 00:00:00.000 UTC,High Yield Secured Lending,799138.4594
2025-03-24 00:00:00.000 UTC,Secured Lending,50000
2025-03-24 00:00:00.000 UTC,Syrup USDT,129998.9424
2025-03-24 00:00:00.000 UTC,Syrup USDC,3908302.179455
2025-03-24 00:00:00.000 UTC,High Yield Corporate USDC,3000.25841
2025-03-25 00:00:00.000 UTC,Syrup USDT,719150.257156
2025-03-25 00:00:00.000 UTC,High Yield Secured Lending,20001
2025-03-25 00:00:00.000 UTC,Syrup USDC,20469801.836140003
2025-03-26 00:00:00.000 UTC,Syrup USDC,5340737.374795998
2025-03-26 00:00:00.000 UTC,Syrup USDT,667082.78057
2025-03-26 00:00:00.000 UTC,High Yield Secured Lending,248496.322433
2025-03-26 00:00:00.000 UTC,Secured Lending,1299500
2025-03-27 00:00:00.000 UTC,Syrup USDT,54853.735729
2025-03-27 00:00:00.000 UTC,Syrup USDC,5738386.7910939995
2025-03-27 00:00:00.000 UTC,High Yield Secured Lending,1075192.284264
2025-03-28 00:00:00.000 UTC,Syrup USDT,1301039.375754
2025-03-28 00:00:00.000 UTC,Syrup USDC,9334821.209544
2025-03-29 00:00:00.000 UTC,Syrup USDT,231959.728902
2025-03-29 00:00:00.000 UTC,High Yield Secured Lending,18939.371884
2025-03-29 00:00:00.000 UTC,High Yield Corporate USDC,10000
2025-03-29 00:00:00.000 UTC,Syrup USDC,2831728.004131
2025-03-30 00:00:00.000 UTC,Syrup USDT,2263996.96997
2025-03-30 00:00:00.000 UTC,Syrup USDC,1712074.951556
2025-03-30 00:00:00.000 UTC,High Yield Secured Lending,6.298832
2025-03-31 00:00:00.000 UTC,Syrup USDT,930585.3498360001
2025-03-31 00:00:00.000 UTC,Syrup USDC,3090511.7937080003
2025-03-31 00:00:00.000 UTC,High Yield Secured Lending,200339.19085400001
2025-04-01 00:00:00.000 UTC,Syrup USDC,658418.122466
2025-04-01 00:00:00.000 UTC,Syrup USDT,561241.4851619999
2025-04-01 00:00:00.000 UTC,High Yield Secured Lending,199999.15
2025-04-02 00:00:00.000 UTC,Syrup USDC,170199.875272
2025-04-02 00:00:00.000 UTC,Secured Lending,50000
2025-04-02 00:00:00.000 UTC,Syrup USDT,260739.781763
2025-04-02 00:00:00.000 UTC,High Yield Secured Lending,1852598.657315
2025-04-03 00:00:00.000 UTC,Syrup USDC,458235.09527000005
2025-04-03 00:00:00.000 UTC,High Yield Corporate USDC,515787
2025-04-03 00:00:00.000 UTC,High Yield Secured Lending,5330
2025-04-03 00:00:00.000 UTC,Syrup USDT,1348311.444194
2025-04-04 00:00:00.000 UTC,Syrup USDC,14047493.230951
2025-04-04 00:00:00.000 UTC,Syrup USDT,17052.66
2025-04-05 00:00:00.000 UTC,Syrup USDT,41068.452833
2025-04-05 00:00:00.000 UTC,High Yield Secured Lending,8177771
2025-04-05 00:00:00.000 UTC,Syrup USDC,927466.8929399999
2025-04-06 00:00:00.000 UTC,Syrup USDT,78540.52867100001
2025-04-06 00:00:00.000 UTC,Syrup USDC,1368082.685347
2025-04-07 00:00:00.000 UTC,Syrup USDT,179785.114314
2025-04-07 00:00:00.000 UTC,Secured Lending,750000
2025-04-07 00:00:00.000 UTC,Syrup USDC,30156964.794563
2025-04-08 00:00:00.000 UTC,Syrup USDC,8828278.847005
2025-04-08 00:00:00.000 UTC,Secured Lending,42284.41
2025-04-08 00:00:00.000 UTC,High Yield Secured Lending,66189.855833
2025-04-08 00:00:00.000 UTC,Syrup USDT,435099.203194
2025-04-09 00:00:00.000 UTC,Syrup USDT,473808.49391900003
2025-04-09 00:00:00.000 UTC,High Yield Secured Lending,25000
2025-04-09 00:00:00.000 UTC,Syrup USDC,280313.73604999995
2025-04-09 00:00:00.000 UTC,High Yield Corporate USDC,9000
2025-04-10 00:00:00.000 UTC,Syrup USDT,540507.2106999999
2025-04-10 00:00:00.000 UTC,Syrup USDC,12946233.222765999
2025-04-11 00:00:00.000 UTC,Syrup USDT,186076.194195
2025-04-11 00:00:00.000 UTC,Syrup USDC,17229644.250336003
2025-04-12 00:00:00.000 UTC,Syrup USDC,5385435.21396
2025-04-12 00:00:00.000 UTC,Secured Lending,25000
2025-04-12 00:00:00.000 UTC,Syrup USDT,123265.942232
2025-04-13 00:00:00.000 UTC,Syrup USDC,49133.766664
2025-04-13 00:00:00.000 UTC,Syrup USDT,226616.763866
2025-04-14 00:00:00.000 UTC,Syrup USDC,1103263.90949
2025-04-15 00:00:00.000 UTC,High Yield Secured Lending,2200000
2025-04-15 00:00:00.000 UTC,Syrup USDT,1888020.479439
2025-04-15 00:00:00.000 UTC,Secured Lending,7400000
2025-04-15 00:00:00.000 UTC,Syrup USDC,25128473.771256
2025-04-16 00:00:00.000 UTC,Syrup USDT,2821241.266365
2025-04-16 00:00:00.000 UTC,High Yield Secured Lending,81681.39236
2025-04-16 00:00:00.000 UTC,Syrup USDC,6781813.611895
2025-04-17 00:00:00.000 UTC,Syrup USDC,1866070.578342
2025-04-17 00:00:00.000 UTC,High Yield Secured Lending,416050.303302
2025-04-17 00:00:00.000 UTC,Syrup USDT,43987.265756
2025-04-18 00:00:00.000 UTC,Syrup USDC,11456128.518161003
2025-04-18 00:00:00.000 UTC,Syrup USDT,43099.100086
2025-04-18 00:00:00.000 UTC,High Yield Corporate USDC,11131.206432
2025-04-19 00:00:00.000 UTC,High Yield Secured Lending,2100000
2025-04-19 00:00:00.000 UTC,Syrup USDT,500
2025-04-19 00:00:00.000 UTC,Syrup USDC,452292.809345
2025-04-20 00:00:00.000 UTC,High Yield Secured Lending,28999.6785
2025-04-20 00:00:00.000 UTC,High Yield Corporate USDC,6800
2025-04-20 00:00:00.000 UTC,Syrup USDT,3216.4559910000003
2025-04-20 00:00:00.000 UTC,Syrup USDC,574498.2012230001
2025-04-21 00:00:00.000 UTC,Syrup USDC,15141815.423852
2025-04-21 00:00:00.000 UTC,High Yield Secured Lending,4109236.447402
2025-04-21 00:00:00.000 UTC,Secured Lending,19000
2025-04-21 00:00:00.000 UTC,Syrup USDT,162067.57773999998
2025-04-22 00:00:00.000 UTC,High Yield Secured Lending,500000
2025-04-22 00:00:00.000 UTC,Syrup USDT,1998075.612308
2025-04-22 00:00:00.000 UTC,Syrup USDC,7654614.082691
2025-04-23 00:00:00.000 UTC,Secured Lending,250012.34
2025-04-23 00:00:00.000 UTC,Syrup USDT,303439.384564
2025-04-23 00:00:00.000 UTC,Syrup USDC,385827.75178100006
2025-04-23 00:00:00.000 UTC,High Yield Secured Lending,2000038.24
2025-04-24 00:00:00.000 UTC,Syrup USDT,1585654.682956
2025-04-24 00:00:00.000 UTC,Secured Lending,12000000
2025-04-24 00:00:00.000 UTC,Syrup USDC,8227981.562711999
2025-04-24 00:00:00.000 UTC,High Yield Secured Lending,5318905.8
2025-04-25 00:00:00.000 UTC,High Yield Corporate USDC,126504.41
2025-04-25 00:00:00.000 UTC,Syrup USDC,5222973.541641999
2025-04-25 00:00:00.000 UTC,Syrup USDT,177987.99313000002
2025-04-25 00:00:00.000 UTC,High Yield Secured Lending,180633.528968
2025-04-25 00:00:00.000 UTC,Secured Lending,1360062.37362
2025-04-26 00:00:00.000 UTC,Secured Lending,489983.110516
2025-04-26 00:00:00.000 UTC,Syrup USDC,1296079.642084
2025-04-26 00:00:00.000 UTC,Syrup USDT,6281.148946
2025-04-27 00:00:00.000 UTC,Syrup USDT,15310.970411
2025-04-27 00:00:00.000 UTC,Syrup USDC,7473639.260681
2025-04-28 00:00:00.000 UTC,Syrup USDC,1614054.240603
2025-04-28 00:00:00.000 UTC,High Yield Secured Lending,51971.203378
2025-04-28 00:00:00.000 UTC,Syrup USDT,2245200.147856
2025-04-29 00:00:00.000 UTC,High Yield Secured Lending,379812.898006
2025-04-29 00:00:00.000 UTC,Syrup USDC,552708.1748540001
2025-04-29 00:00:00.000 UTC,Secured Lending,40000
2025-04-29 00:00:00.000 UTC,Syrup USDT,43000.0366
2025-04-30 00:00:00.000 UTC,High Yield Secured Lending,10000
2025-04-30 00:00:00.000 UTC,Syrup USDC,30948.360423000002
2025-04-30 00:00:00.000 UTC,Syrup USDT,66794.17424600001
2025-05-01 00:00:00.000 UTC,Syrup USDC,5939409.559881
2025-05-01 00:00:00.000 UTC,High Yield Secured Lending,26000
2025-05-01 00:00:00.000 UTC,Syrup USDT,3108.838489
2025-05-02 00:00:00.000 UTC,Syrup USDT,2790345.855427
2025-05-02 00:00:00.000 UTC,High Yield Secured Lending,58023.15648
2025-05-02 00:00:00.000 UTC,Syrup USDC,5908165.279590001
2025-05-03 00:00:00.000 UTC,Syrup USDC,275803.306925
2025-05-03 00:00:00.000 UTC,High Yield Secured Lending,55965.72
2025-05-04 00:00:00.000 UTC,Syrup USDT,399302.321616
2025-05-04 00:00:00.000 UTC,Syrup USDC,1875928.771114
2025-05-05 00:00:00.000 UTC,Syrup USDT,414859.704371
2025-05-05 00:00:00.000 UTC,Syrup USDC,12103669.192286998
2025-05-06 00:00:00.000 UTC,High Yield Secured Lending,1550000
2025-05-06 00:00:00.000 UTC,Syrup USDC,8888660.167587
2025-05-06 00:00:00.000 UTC,Secured Lending,1500000
2025-05-06 00:00:00.000 UTC,Syrup USDT,2217741.536891
2025-05-07 00:00:00.000 UTC,Syrup USDT,23061.130119
2025-05-07 00:00:00.000 UTC,Syrup USDC,5107656.884823999
2025-05-07 00:00:00.000 UTC,High Yield Secured Lending,206669.559143
2025-05-08 00:00:00.000 UTC,Syrup USDT,45559.671417
2025-05-08 00:00:00.000 UTC,Syrup USDC,35557117.42771001
2025-05-09 00:00:00.000 UTC,Syrup USDT,38797.765285
2025-05-09 00:00:00.000 UTC,Syrup USDC,6395249.703596
2025-05-09 00:00:00.000 UTC,High Yield Secured Lending,19999.1355
2025-05-10 00:00:00.000 UTC,High Yield Secured Lending,10440.509407000001
2025-05-10 00:00:00.000 UTC,Syrup USDT,29302.226062
2025-05-10 00:00:00.000 UTC,Syrup USDC,3339659.6113690003
2025-05-10 00:00:00.000 UTC,High Yield Corporate USDC,2000
2025-05-11 00:00:00.000 UTC,Syrup USDT,889208.5525550001
2025-05-11 00:00:00.000 UTC,Syrup USDC,3053455.9912
2025-05-12 00:00:00.000 UTC,Syrup USDC,4619927.089112
2025-05-12 00:00:00.000 UTC,Syrup USDT,200082.556774
2025-05-13 00:00:00.000 UTC,Syrup USDT,6832
2025-05-13 00:00:00.000 UTC,Syrup USDC,1147632.125947
2025-05-13 00:00:00.000 UTC,Secured Lending,604359.251928
2025-05-14 00:00:00.000 UTC,Secured Lending,500000
2025-05-14 00:00:00.000 UTC,High Yield Secured Lending,3226
2025-05-14 00:00:00.000 UTC,Syrup USDC,20365985.321009
2025-05-15 00:00:00.000 UTC,High Yield Secured Lending,100002
2025-05-15 00:00:00.000 UTC,Syrup USDT,1006999.11
2025-05-15 00:00:00.000 UTC,Syrup USDC,9144527.497044
2025-05-16 00:00:00.000 UTC,Syrup USDT,1024337.590431
2025-05-16 00:00:00.000 UTC,Syrup USDC,3696905.084995
2025-05-17 00:00:00.000 UTC,Syrup USDT,22032.292289999998
2025-05-17 00:00:00.000 UTC,Syrup USDC,193542.286514
2025-05-18 00:00:00.000 UTC,High Yield Secured Lending,7900
2025-05-18 00:00:00.000 UTC,Syrup USDT,157914.27416600002
2025-05-18 00:00:00.000 UTC,Syrup USDC,472169.658167
2025-05-19 00:00:00.000 UTC,Syrup USDT,8568.331922000001
2025-05-19 00:00:00.000 UTC,High Yield Corporate USDC,1010576.4515
2025-05-19 00:00:00.000 UTC,Syrup USDC,11507453.33815
2025-05-20 00:00:00.000 UTC,Syrup USDC,33462117.437466994
2025-05-20 00:00:00.000 UTC,Syrup USDT,25123119.968523
2025-05-21 00:00:00.000 UTC,Syrup USDC,6657236.252038999
2025-05-21 00:00:00.000 UTC,Syrup USDT,251000
2025-05-21 00:00:00.000 UTC,Secured Lending,1000
2025-05-22 00:00:00.000 UTC,Syrup USDT,6000
2025-05-22 00:00:00.000 UTC,Syrup USDC,52915196.331207
2025-05-22 00:00:00.000 UTC,Secured Lending,29252.46
2025-05-23 00:00:00.000 UTC,Syrup USDC,8812438.253947001
2025-05-23 00:00:00.000 UTC,High Yield Secured Lending,1100196.541322
2025-05-23 00:00:00.000 UTC,High Yield Corporate USDC,50000
2025-05-23 00:00:00.000 UTC,Syrup USDT,16131.814689
2025-05-24 00:00:00.000 UTC,High Yield Corporate USDC,19990
2025-05-24 00:00:00.000 UTC,Syrup USDC,2991866.5230239993
2025-05-25 00:00:00.000 UTC,Syrup USDC,5325927.044519996
2025-05-25 00:00:00.000 UTC,Secured Lending,250026.957941
2025-05-26 00:00:00.000 UTC,Syrup USDC,20907002.671799004
2025-05-26 00:00:00.000 UTC,Secured Lending,146203.632107
2025-05-27 00:00:00.000 UTC,Syrup USDT,0.2
2025-05-27 00:00:00.000 UTC,Syrup USDC,30832874.623645004
2025-05-28 00:00:00.000 UTC,High Yield Secured Lending,1500000
2025-05-28 00:00:00.000 UTC,Syrup USDC,5799904.707828
2025-05-29 00:00:00.000 UTC,Syrup USDC,26670532.505975995
2025-05-29 00:00:00.000 UTC,High Yield Secured Lending,4520503.480095
2025-05-29 00:00:00.000 UTC,High Yield Corporate USDC,41442.054811
2025-05-29 00:00:00.000 UTC,Secured Lending,504.999999
2025-05-29 00:00:00.000 UTC,Syrup USDT,100997.923339
2025-05-30 00:00:00.000 UTC,Syrup USDC,9168707.618890002
2025-05-30 00:00:00.000 UTC,High Yield Corporate USDC,16000
2025-05-30 00:00:00.000 UTC,Syrup USDT,2500000
2025-05-30 00:00:00.000 UTC,Secured Lending,242007.059931
2025-05-31 00:00:00.000 UTC,Syrup USDT,35240.830462
2025-05-31 00:00:00.000 UTC,Syrup USDC,4488233.842989999
2025-06-01 00:00:00.000 UTC,Syrup USDC,32642344.86138701
2025-06-01 00:00:00.000 UTC,Syrup USDT,9999.375
2025-06-02 00:00:00.000 UTC,Syrup USDT,4272775.380425001
2025-06-02 00:00:00.000 UTC,High Yield Secured Lending,20000
2025-06-02 00:00:00.000 UTC,Syrup USDC,4672104.845461
2025-06-02 00:00:00.000 UTC,High Yield Corporate USDC,18908.39891
2025-06-03 00:00:00.000 UTC,Syrup USDT,249.700143
2025-06-03 00:00:00.000 UTC,Syrup USDC,6332427.001911001
2025-06-03 00:00:00.000 UTC,High Yield Corporate USDC,500
2025-06-03 00:00:00.000 UTC,High Yield Secured Lending,499.028342
2025-06-04 00:00:00.000 UTC,High Yield Corporate USDC,23000
2025-06-04 00:00:00.000 UTC,High Yield Secured Lending,41062.97
2025-06-04 00:00:00.000 UTC,Syrup USDC,42088425.494747
2025-06-04 00:00:00.000 UTC,Syrup USDT,47316.955799
2025-06-05 00:00:00.000 UTC,High Yield Secured Lending,200428.469054
2025-06-05 00:00:00.000 UTC,Syrup USDC,18362693.372031994
2025-06-05 00:00:00.000 UTC,High Yield Corporate USDC,1270
2025-06-05 00:00:00.000 UTC,Syrup USDT,1300845.7759019998
2025-06-06 00:00:00.000 UTC,Syrup USDT,561481.9979129999
2025-06-06 00:00:00.000 UTC,High Yield Secured Lending,600000
2025-06-06 00:00:00.000 UTC,Syrup USDC,41003780.045223005
2025-06-07 00:00:00.000 UTC,Syrup USDC,13956606.957430998
2025-06-07 00:00:00.000 UTC,Syrup USDT,208897.061316
2025-06-08 00:00:00.000 UTC,Syrup USDC,8587158.438788002
2025-06-09 00:00:00.000 UTC,Syrup USDT,364070.615618
2025-06-09 00:00:00.000 UTC,Secured Lending,2100000
2025-06-09 00:00:00.000 UTC,High Yield Secured Lending,1958019.200744
2025-06-09 00:00:00.000 UTC,Syrup USDC,5602796.478205
2025-06-10 00:00:00.000 UTC,Syrup USDT,439984.143348
2025-06-10 00:00:00.000 UTC,Syrup USDC,11107164.278998999
2025-06-10 00:00:00.000 UTC,High Yield Secured Lending,200009.508397
2025-06-11 00:00:00.000 UTC,Syrup USDC,21329259.233414996
2025-06-11 00:00:00.000 UTC,High Yield Secured Lending,111963
2025-06-11 00:00:00.000 UTC,Syrup USDT,55956.1
2025-06-12 00:00:00.000 UTC,High Yield Secured Lending,500000
2025-06-12 00:00:00.000 UTC,Syrup USDC,29310901.029536
2025-06-12 00:00:00.000 UTC,Syrup USDT,524
2025-06-12 00:00:00.000 UTC,Secured Lending,500000
2025-06-13 00:00:00.000 UTC,High Yield Corporate USDC,27500
2025-06-13 00:00:00.000 UTC,Syrup USDT,10010
2025-06-13 00:00:00.000 UTC,Syrup USDC,2355001.8757739994
2025-06-14 00:00:00.000 UTC,Syrup USDT,3300
2025-06-14 00:00:00.000 UTC,Syrup USDC,786743.523207
2025-06-14 00:00:00.000 UTC,High Yield Secured Lending,100004.032012
2025-06-15 00:00:00.000 UTC,Syrup USDC,2447048.371127
2025-06-15 00:00:00.000 UTC,Syrup USDT,288235.241569
2025-06-16 00:00:00.000 UTC,High Yield Secured Lending,485000
2025-06-16 00:00:00.000 UTC,Secured Lending,11985.250225
2025-06-16 00:00:00.000 UTC,Syrup USDC,107915417.047421
2025-06-16 00:00:00.000 UTC,Syrup USDT,552209.230722
2025-06-17 00:00:00.000 UTC,Syrup USDC,8846528.411115998
2025-06-17 00:00:00.000 UTC,High Yield Secured Lending,50787.32654
2025-06-17 00:00:00.000 UTC,Syrup USDT,806701.29067
2025-06-18 00:00:00.000 UTC,Syrup USDC,12696425.395408
2025-06-18 00:00:00.000 UTC,High Yield Secured Lending,199995.191198
2025-06-18 00:00:00.000 UTC,Syrup USDT,0.1
2025-06-19 00:00:00.000 UTC,High Yield Secured Lending,450023.755112
2025-06-19 00:00:00.000 UTC,Syrup USDC,7821747.935897
2025-06-19 00:00:00.000 UTC,Syrup USDT,394389.46932000003
2025-06-20 00:00:00.000 UTC,Secured Lending,30299
2025-06-20 00:00:00.000 UTC,Syrup USDT,1361.931477
2025-06-20 00:00:00.000 UTC,High Yield Secured Lending,10131298.844321
2025-06-20 00:00:00.000 UTC,Syrup USDC,3343169.2647909997
2025-06-20 00:00:00.000 UTC,High Yield Corporate USDC,10000
2025-06-21 00:00:00.000 UTC,Syrup USDT,42915.833778
2025-06-21 00:00:00.000 UTC,Syrup USDC,3104394.444399
2025-06-21 00:00:00.000 UTC,High Yield Secured Lending,99999.849073
2025-06-22 00:00:00.000 UTC,Syrup USDT,119455.71817400001
2025-06-22 00:00:00.000 UTC,Syrup USDC,5115719.768320999
2025-06-22 00:00:00.000 UTC,High Yield Secured Lending,99999.719827
2025-06-23 00:00:00.000 UTC,Syrup USDT,3697250.1426810003
2025-06-23 00:00:00.000 UTC,Syrup USDC,109072365.83392599
2025-06-23 00:00:00.000 UTC,High Yield Secured Lending,480279
2025-06-24 00:00:00.000 UTC,High Yield Secured Lending,135590.167503
2025-06-24 00:00:00.000 UTC,Syrup USDC,3259435.505964001
2025-06-24 00:00:00.000 UTC,High Yield Corporate USDC,199071.687961
2025-06-24 00:00:00.000 UTC,Syrup USDT,1121451.327186
2025-06-25 00:00:00.000 UTC,Syrup USDT,2874164.340256
2025-06-25 00:00:00.000 UTC,High Yield Secured Lending,92000
2025-06-25 00:00:00.000 UTC,Syrup USDC,14059039.107007999
2025-06-25 00:00:00.000 UTC,High Yield Corporate USDC,75000
2025-06-26 00:00:00.000 UTC,Syrup USDC,3142491.7222990002
2025-06-26 00:00:00.000 UTC,Syrup USDT,2012472.3583059998
2025-06-26 00:00:00.000 UTC,High Yield Secured Lending,672009.028366
2025-06-27 00:00:00.000 UTC,Syrup USDC,4200194.28926
2025-06-27 00:00:00.000 UTC,Secured Lending,2000000
2025-06-27 00:00:00.000 UTC,Syrup USDT,3219541.4049460003
2025-06-28 00:00:00.000 UTC,Syrup USDC,2691093.757836
2025-06-28 00:00:00.000 UTC,High Yield Secured Lending,99999.850404
2025-06-28 00:00:00.000 UTC,Syrup USDT,854287.362378
2025-06-29 00:00:00.000 UTC,Syrup USDT,72219.669158
2025-06-29 00:00:00.000 UTC,Syrup USDC,7254941.697417
2025-06-29 00:00:00.000 UTC,Secured Lending,3668.870803
2025-06-30 00:00:00.000 UTC,Syrup USDC,3397716.741294
2025-06-30 00:00:00.000 UTC,Secured Lending,50000
2025-06-30 00:00:00.000 UTC,Syrup USDT,4204464.588389999
2025-06-30 00:00:00.000 UTC,High Yield Secured Lending,70761.10799399999
2025-07-01 00:00:00.000 UTC,Syrup USDC,6281540.029793998
2025-07-01 00:00:00.000 UTC,Syrup USDT,3305300.4917220003
2025-07-02 00:00:00.000 UTC,High Yield Secured Lending,763549.4055939999
2025-07-02 00:00:00.000 UTC,Syrup USDC,15145152.609149994
2025-07-02 00:00:00.000 UTC,Syrup USDT,176138.780725
2025-07-03 00:00:00.000 UTC,Syrup USDC,3503983.7080840003
2025-07-03 00:00:00.000 UTC,High Yield Corporate USDC,18000
2025-07-03 00:00:00.000 UTC,Syrup USDT,703110.379045
2025-07-04 00:00:00.000 UTC,Syrup USDT,409520.290297
2025-07-04 00:00:00.000 UTC,Secured Lending,537507.032955
2025-07-04 00:00:00.000 UTC,Syrup USDC,11513058.227389999
2025-07-05 00:00:00.000 UTC,Syrup USDT,19563.217935
2025-07-05 00:00:00.000 UTC,Syrup USDC,4244585.073322999
2025-07-06 00:00:00.000 UTC,Syrup USDT,71656.746448
2025-07-06 00:00:00.000 UTC,Syrup USDC,3805021.5541109997
2025-07-07 00:00:00.000 UTC,High Yield Secured Lending,122561.203493
2025-07-07 00:00:00.000 UTC,Syrup USDC,10908722.942605998
2025-07-07 00:00:00.000 UTC,Syrup USDT,90949.64899799999
2025-07-08 00:00:00.000 UTC,Syrup USDT,150930.159809
2025-07-08 00:00:00.000 UTC,Syrup USDC,4513243.603244999
2025-07-08 00:00:00.000 UTC,High Yield Secured Lending,1795999.526922
2025-07-09 00:00:00.000 UTC,Syrup USDC,742641.8859600001
2025-07-09 00:00:00.000 UTC,Syrup USDT,381054.690999
2025-07-09 00:00:00.000 UTC,High Yield Secured Lending,1499473.082829
2025-07-10 00:00:00.000 UTC,Syrup USDC,13478557.096389996
2025-07-10 00:00:00.000 UTC,Syrup USDT,94150.255398
2025-07-11 00:00:00.000 UTC,High Yield Corporate USDC,55000
2025-07-11 00:00:00.000 UTC,Syrup USDC,5029514.42712
2025-07-11 00:00:00.000 UTC,Syrup USDT,644502.582221
2025-07-12 00:00:00.000 UTC,Syrup USDC,3644256.2876899997
2025-07-12 00:00:00.000 UTC,Syrup USDT,490252.689128
2025-07-13 00:00:00.000 UTC,Syrup USDC,2963529.17043
2025-07-13 00:00:00.000 UTC,High Yield Secured Lending,117910.906231
2025-07-13 00:00:00.000 UTC,Syrup USDT,130870.008639
2025-07-13 00:00:00.000 UTC,Secured Lending,20000
2025-07-14 00:00:00.000 UTC,Syrup USDC,2900113.433404
2025-07-14 00:00:00.000 UTC,High Yield Secured Lending,77368.178997
2025-07-14 00:00:00.000 UTC,Syrup USDT,177860.074563
2025-07-15 00:00:00.000 UTC,High Yield Secured Lending,2343728.450227
2025-07-15 00:00:00.000 UTC,Syrup USDC,2795747.0872549997
2025-07-15 00:00:00.000 UTC,Syrup USDT,2357048.275145
2025-07-16 00:00:00.000 UTC,Syrup USDT,231371.617751
2025-07-16 00:00:00.000 UTC,Syrup USDC,2094192.493616
2025-07-16 00:00:00.000 UTC,Secured Lending,4703.823198
2025-07-16 00:00:00.000 UTC,High Yield Secured Lending,50
2025-07-17 00:00:00.000 UTC,Syrup USDC,4748074.566059
2025-07-17 00:00:00.000 UTC,Syrup USDT,100
2025-07-17 00:00:00.000 UTC,High Yield Secured Lending,223354.974026
2025-07-18 00:00:00.000 UTC,High Yield Secured Lending,1016663.659678
2025-07-18 00:00:00.000 UTC,Syrup USDC,43945360.557188
2025-07-19 00:00:00.000 UTC,High Yield Secured Lending,446904.940412
2025-07-19 00:00:00.000 UTC,Syrup USDC,2177470.97435
2025-07-19 00:00:00.000 UTC,Syrup USDT,11533.853059000001
2025-07-20 00:00:00.000 UTC,Syrup USDC,161905.918681
2025-07-20 00:00:00.000 UTC,Syrup USDT,43296.860566999996
2025-07-21 00:00:00.000 UTC,Secured Lending,210000
2025-07-21 00:00:00.000 UTC,High Yield Secured Lending,1100000.001001
2025-07-21 00:00:00.000 UTC,Syrup USDC,4151105.747448
2025-07-21 00:00:00.000 UTC,Syrup USDT,185876.03739399998
2025-07-22 00:00:00.000 UTC,Syrup USDC,1930483.594335
2025-07-22 00:00:00.000 UTC,High Yield Secured Lending,26244.428317
2025-07-22 00:00:00.000 UTC,Syrup USDT,46672.634823
2025-07-23 00:00:00.000 UTC,Syrup USDT,16321.690921
2025-07-23 00:00:00.000 UTC,Syrup USDC,4888382.103468
2025-07-24 00:00:00.000 UTC,Syrup USDC,303148.03229400003
2025-07-24 00:00:00.000 UTC,High Yield Corporate USDC,2000
2025-07-24 00:00:00.000 UTC,Secured Lending,50000
2025-07-24 00:00:00.000 UTC,Syrup USDT,1093128.375174
2025-07-25 00:00:00.000 UTC,High Yield Secured Lending,30000
2025-07-25 00:00:00.000 UTC,Syrup USDT,211076.18107999998
2025-07-25 00:00:00.000 UTC,Syrup USDC,5626556.904332001
2025-07-26 00:00:00.000 UTC,High Yield Secured Lending,117926.48928699999
2025-07-26 00:00:00.000 UTC,Syrup USDC,1728932.283288
2025-07-26 00:00:00.000 UTC,High Yield Corporate USDC,1228712.209339
2025-07-26 00:00:00.000 UTC,Syrup USDT,224258.526188
2025-07-26 00:00:00.000 UTC,Secured Lending,135139.874686
2025-07-27 00:00:00.000 UTC,Syrup USDC,2302249.564285
2025-07-27 00:00:00.000 UTC,Syrup USDT,224950.511385
2025-07-28 00:00:00.000 UTC,Syrup USDC,8483646.651529
2025-07-28 00:00:00.000 UTC,Syrup USDT,98821.903106
2025-07-29 00:00:00.000 UTC,High Yield Secured Lending,7989.693104
2025-07-29 00:00:00.000 UTC,Syrup USDC,13746242.871722002
2025-07-29 00:00:00.000 UTC,Syrup USDT,2806553.6161680003
2025-07-30 00:00:00.000 UTC,Syrup USDC,2672323.358423
2025-07-30 00:00:00.000 UTC,Syrup USDT,63709.130917999995
2025-07-31 00:00:00.000 UTC,Syrup USDC,1073016.9758479998
2025-07-31 00:00:00.000 UTC,High Yield Secured Lending,143651.863073
2025-07-31 00:00:00.000 UTC,Syrup USDT,947360.828562
2025-08-01 00:00:00.000 UTC,High Yield Secured Lending,149993.83671
2025-08-01 00:00:00.000 UTC,Syrup USDT,159153.620425
2025-08-01 00:00:00.000 UTC,Syrup USDC,1051701.272314
2025-08-02 00:00:00.000 UTC,High Yield Secured Lending,67408.594733
2025-08-02 00:00:00.000 UTC,Syrup USDT,275143.566391
2025-08-02 00:00:00.000 UTC,Syrup USDC,2498901.563841
2025-08-03 00:00:00.000 UTC,Syrup USDT,961599.575147
2025-08-03 00:00:00.000 UTC,Syrup USDC,621952.9529070001
2025-08-04 00:00:00.000 UTC,High Yield Secured Lending,506978.6042
2025-08-04 00:00:00.000 UTC,Syrup USDC,19084820.223647
2025-08-04 00:00:00.000 UTC,Syrup USDT,1821338.990937
2025-08-05 00:00:00.000 UTC,High Yield Secured Lending,1599912.625601
2025-08-05 00:00:00.000 UTC,Syrup USDC,107575260.833984
2025-08-05 00:00:00.000 UTC,Syrup USDT,621614.8334809999
2025-08-06 00:00:00.000 UTC,Syrup USDC,4175792.8358970005
2025-08-06 00:00:00.000 UTC,High Yield Corporate USDC,100000
2025-08-06 00:00:00.000 UTC,Syrup USDT,352886.33543
2025-08-06 00:00:00.000 UTC,High Yield Secured Lending,249994.04486
2025-08-06 00:00:00.000 UTC,Secured Lending,100000.030991
2025-08-07 00:00:00.000 UTC,Syrup USDT,61921.574941000006
2025-08-07 00:00:00.000 UTC,High Yield Secured Lending,1000000
2025-08-07 00:00:00.000 UTC,Secured Lending,14942.597273
2025-08-07 00:00:00.000 UTC,Syrup USDC,3530710.8167680004
2025-08-08 00:00:00.000 UTC,Syrup USDT,580055.9
2025-08-08 00:00:00.000 UTC,Syrup USDC,1404046.898327
2025-08-09 00:00:00.000 UTC,Syrup USDC,3718975.001372
2025-08-09 00:00:00.000 UTC,Syrup USDT,978410.1317949999
2025-08-09 00:00:00.000 UTC,High Yield Secured Lending,100019.206342
2025-08-10 00:00:00.000 UTC,Syrup USDT,343267.35605400003
2025-08-10 00:00:00.000 UTC,High Yield Secured Lending,80077
2025-08-10 00:00:00.000 UTC,Syrup USDC,2640155.165487
2025-08-11 00:00:00.000 UTC,Syrup USDT,895492.956331
2025-08-11 00:00:00.000 UTC,High Yield Secured Lending,197297.429581
2025-08-11 00:00:00.000 UTC,Syrup USDC,4585677.767896999
2025-08-12 00:00:00.000 UTC,Syrup USDT,22045012.275247
2025-08-12 00:00:00.000 UTC,Syrup USDC,3978468.917547
2025-08-13 00:00:00.000 UTC,Syrup USDT,14885.170197
2025-08-13 00:00:00.000 UTC,Syrup USDC,62704064.69394601
2025-08-13 00:00:00.000 UTC,High Yield Secured Lending,111517.82000400001
2025-08-14 00:00:00.000 UTC,Syrup USDT,2527147.7356209997
2025-08-14 00:00:00.000 UTC,Syrup USDC,3065996.2208510004
2025-08-14 00:00:00.000 UTC,High Yield Secured Lending,200150.10199599998
2025-08-15 00:00:00.000 UTC,Secured Lending,4543.286633
2025-08-15 00:00:00.000 UTC,Syrup USDT,206809.302654
2025-08-15 00:00:00.000 UTC,Syrup USDC,3482265.989252001
2025-08-15 00:00:00.000 UTC,High Yield Secured Lending,100000
2025-08-16 00:00:00.000 UTC,High Yield Secured Lending,105411
2025-08-16 00:00:00.000 UTC,Syrup USDC,3346023.376975
2025-08-16 00:00:00.000 UTC,Syrup USDT,11926.336851
2025-08-17 00:00:00.000 UTC,Syrup USDC,1511766.160167
2025-08-17 00:00:00.000 UTC,Syrup USDT,10004.000009
2025-08-17 00:00:00.000 UTC,High Yield Secured Lending,88951.44941
2025-08-18 00:00:00.000 UTC,Syrup USDT,1509336.516829
2025-08-18 00:00:00.000 UTC,Syrup USDC,7334059.609668
2025-08-18 00:00:00.000 UTC,High Yield Secured Lending,50000.003805
2025-08-19 00:00:00.000 UTC,Syrup USDT,553651.952129
2025-08-19 00:00:00.000 UTC,Secured Lending,100000
2025-08-19 00:00:00.000 UTC,High Yield Secured Lending,1415009.654853
2025-08-19 00:00:00.000 UTC,Syrup USDC,16626508.361981
2025-08-20 00:00:00.000 UTC,Syrup USDC,8786722.767160997
2025-08-20 00:00:00.000 UTC,Syrup USDT,1276999.0015
2025-08-21 00:00:00.000 UTC,Syrup USDC,3246757.4834030005
2025-08-21 00:00:00.000 UTC,Syrup USDT,86825.705839
2025-08-22 00:00:00.000 UTC,High Yield Secured Lending,1355787.651521
2025-08-22 00:00:00.000 UTC,Syrup USDC,1067108.2300890002
2025-08-22 00:00:00.000 UTC,Syrup USDT,22569.927122
2025-08-23 00:00:00.000 UTC,Syrup USDT,1063125.247513
2025-08-23 00:00:00.000 UTC,Syrup USDC,3595980.3956210003
2025-08-23 00:00:00.000 UTC,High Yield Secured Lending,207341.869525
2025-08-24 00:00:00.000 UTC,Syrup USDC,1068928.939786
2025-08-24 00:00:00.000 UTC,Syrup USDT,345756.22253599996
2025-08-25 00:00:00.000 UTC,Syrup USDT,119204.241477
2025-08-25 00:00:00.000 UTC,Syrup USDC,261454.483668
2025-08-25 00:00:00.000 UTC,High Yield Secured Lending,649998.8
2025-08-26 00:00:00.000 UTC,Syrup USDC,16056296.86602
2025-08-26 00:00:00.000 UTC,Syrup USDT,29226.557231
2025-08-26 00:00:00.000 UTC,High Yield Secured Lending,99999.884161
2025-08-27 00:00:00.000 UTC,Syrup USDC,27372240.117489
2025-08-27 00:00:00.000 UTC,High Yield Secured Lending,155000
2025-08-27 00:00:00.000 UTC,Secured Lending,265000
2025-08-27 00:00:00.000 UTC,Syrup USDT,50102
2025-08-28 00:00:00.000 UTC,Syrup USDT,260218.002669
2025-08-28 00:00:00.000 UTC,Syrup USDC,53368816.587738976
2025-08-28 00:00:00.000 UTC,High Yield Secured Lending,99999.71658
2025-08-29 00:00:00.000 UTC,Syrup USDC,14799075.910385003
2025-08-29 00:00:00.000 UTC,High Yield Secured Lending,553970.363351
2025-08-29 00:00:00.000 UTC,Syrup USDT,213679.52223200002
2025-08-30 00:00:00.000 UTC,Syrup USDC,3907973.4136229996
2025-08-30 00:00:00.000 UTC,Secured Lending,25000
2025-08-30 00:00:00.000 UTC,Syrup USDT,2952867.434047
2025-08-30 00:00:00.000 UTC,High Yield Secured Lending,1499.732092
2025-08-31 00:00:00.000 UTC,Syrup USDC,9040843.249081999
2025-08-31 00:00:00.000 UTC,Syrup USDT,2627.246418
2025-09-01 00:00:00.000 UTC,High Yield Corporate USDC,1000000
2025-09-01 00:00:00.000 UTC,Secured Lending,778452.775571
2025-09-01 00:00:00.000 UTC,High Yield Secured Lending,2536649.98454
2025-09-01 00:00:00.000 UTC,Syrup USDT,100113.60595299999
2025-09-01 00:00:00.000 UTC,Syrup USDC,5580197.682135
2025-09-02 00:00:00.000 UTC,Syrup USDT,490167.454249
2025-09-02 00:00:00.000 UTC,Syrup USDC,2934967.1377710006
2025-09-03 00:00:00.000 UTC,Syrup USDC,34322287.61511099
2025-09-03 00:00:00.000 UTC,Syrup USDT,32391.441189999998
2025-09-03 00:00:00.000 UTC,Secured Lending,3154000
2025-09-03 00:00:00.000 UTC,High Yield Secured Lending,245243.960165
2025-09-04 00:00:00.000 UTC,Syrup USDC,59994103.769906
2025-09-04 00:00:00.000 UTC,High Yield Secured Lending,397016.119732
2025-09-04 00:00:00.000 UTC,Syrup USDT,287678.07375
2025-09-05 00:00:00.000 UTC,Syrup USDC,12787655.615183998
2025-09-05 00:00:00.000 UTC,Syrup USDT,50
2025-09-06 00:00:00.000 UTC,High Yield Secured Lending,1156147.8418049999
2025-09-06 00:00:00.000 UTC,Syrup USDC,6452531.863644999
2025-09-06 00:00:00.000 UTC,Syrup USDT,241350
2025-09-07 00:00:00.000 UTC,Syrup USDC,2315743.04873
2025-09-07 00:00:00.000 UTC,Syrup USDT,562852.548724
2025-09-08 00:00:00.000 UTC,Syrup USDC,6038868.988869999
2025-09-08 00:00:00.000 UTC,Syrup USDT,82528.42410799999
2025-09-09 00:00:00.000 UTC,Syrup USDT,718354.9979480001
2025-09-09 00:00:00.000 UTC,Syrup USDC,6004212.314457
2025-09-09 00:00:00.000 UTC,High Yield Secured Lending,20000
2025-09-09 00:00:00.000 UTC,High Yield Corporate USDC,15000
2025-09-10 00:00:00.000 UTC,Syrup USDT,135649.905666
2025-09-10 00:00:00.000 UTC,Syrup USDC,5325906.5915749995
2025-09-11 00:00:00.000 UTC,Syrup USDT,855000.393607
2025-09-11 00:00:00.000 UTC,Syrup USDC,30220572.20094399
2025-09-11 00:00:00.000 UTC,High Yield Secured Lending,1052154.884744
2025-09-12 00:00:00.000 UTC,Syrup USDT,369942.74779399997
2025-09-12 00:00:00.000 UTC,Syrup USDC,12543279.776097
2025-09-12 00:00:00.000 UTC,High Yield Secured Lending,944552.85769
2025-09-12 00:00:00.000 UTC,Secured Lending,100939.0149
2025-09-13 00:00:00.000 UTC,Syrup USDC,8818207.518156001
2025-09-13 00:00:00.000 UTC,High Yield Secured Lending,24999.717058
2025-09-13 00:00:00.000 UTC,Syrup USDT,259112.821976
2025-09-14 00:00:00.000 UTC,High Yield Secured Lending,1306000.008717
2025-09-14 00:00:00.000 UTC,Syrup USDT,33933.168666000005
2025-09-14 00:00:00.000 UTC,Syrup USDC,13104749.918561999
2025-09-15 00:00:00.000 UTC,Syrup USDC,6893146.22241
2025-09-15 00:00:00.000 UTC,Syrup USDT,18396732.686494
2025-09-16 00:00:00.000 UTC,Syrup USDC,1633355.0384179996
2025-09-16 00:00:00.000 UTC,High Yield Secured Lending,717358.5727380001
2025-09-16 00:00:00.000 UTC,Syrup USDT,99890893.079334
2025-09-17 00:00:00.000 UTC,High Yield Secured Lending,427084.44874
2025-09-17 00:00:00.000 UTC,Syrup USDC,7212338.301708001
2025-09-17 00:00:00.000 UTC,Syrup USDT,27450372.568547
2025-09-18 00:00:00.000 UTC,High Yield Secured Lending,220890
2025-09-18 00:00:00.000 UTC,Secured Lending,3500000
2025-09-18 00:00:00.000 UTC,Syrup USDT,33107897.522101007
2025-09-18 00:00:00.000 UTC,Syrup USDC,7284635.026001999
2025-09-19 00:00:00.000 UTC,High Yield Secured Lending,384.857969
2025-09-19 00:00:00.000 UTC,Syrup USDT,36110114.554266
2025-09-19 00:00:00.000 UTC,Syrup USDC,7984678.031677999
2025-09-19 00:00:00.000 UTC,Secured Lending,1202212.85
2025-09-20 00:00:00.000 UTC,High Yield Secured Lending,50256.227306
2025-09-20 00:00:00.000 UTC,Syrup USDC,9826247.021312002
2025-09-20 00:00:00.000 UTC,Syrup USDT,5876283.959576999
2025-09-21 00:00:00.000 UTC,Syrup USDC,6702072.829483001
2025-09-21 00:00:00.000 UTC,Syrup USDT,5601719.296921
2025-09-21 00:00:00.000 UTC,High Yield Secured Lending,21518.278744
2025-09-22 00:00:00.000 UTC,Syrup USDT,531788.502717
2025-09-22 00:00:00.000 UTC,Syrup USDC,10125763.530411
2025-09-22 00:00:00.000 UTC,High Yield Secured Lending,252733.197368
2025-09-23 00:00:00.000 UTC,Syrup USDC,4277823.088076999
2025-09-23 00:00:00.000 UTC,High Yield Secured Lending,680521.43129
2025-09-23 00:00:00.000 UTC,Syrup USDT,6257.707754
2025-09-24 00:00:00.000 UTC,High Yield Secured Lending,1179148.8
2025-09-24 00:00:00.000 UTC,Syrup USDC,8755224.771891
2025-09-24 00:00:00.000 UTC,Syrup USDT,10335.312403
2025-09-24 00:00:00.000 UTC,Secured Lending,21000
2025-09-25 00:00:00.000 UTC,Syrup USDC,12598065.945794
2025-09-25 00:00:00.000 UTC,High Yield Secured Lending,387656.640901
2025-09-25 00:00:00.000 UTC,Syrup USDT,28358528.655892998
2025-09-26 00:00:00.000 UTC,Syrup USDC,3083852.245421
2025-09-26 00:00:00.000 UTC,Syrup USDT,3157506.9054649994
2025-09-27 00:00:00.000 UTC,Syrup USDT,3571118.1291389996
2025-09-27 00:00:00.000 UTC,Syrup USDC,1185996.249116
2025-09-28 00:00:00.000 UTC,Syrup USDC,4019370.467041
2025-09-28 00:00:00.000 UTC,Syrup USDT,301463.66453500005
2025-09-29 00:00:00.000 UTC,Syrup USDT,2604769.336406
2025-09-29 00:00:00.000 UTC,Syrup USDC,7899148.901278
2025-09-29 00:00:00.000 UTC,High Yield Secured Lending,117905.053675
2025-09-30 00:00:00.000 UTC,Syrup USDC,3764958.499922
2025-09-30 00:00:00.000 UTC,Syrup USDT,11064531.380937
2025-09-30 00:00:00.000 UTC,High Yield Secured Lending,330124.615465
2025-10-01 00:00:00.000 UTC,High Yield Secured Lending,178070.222792
2025-10-01 00:00:00.000 UTC,Syrup USDC,6753533.420632999
2025-10-01 00:00:00.000 UTC,Syrup USDT,2170882.866485
2025-10-02 00:00:00.000 UTC,Syrup USDC,2789727.962215
2025-10-02 00:00:00.000 UTC,High Yield Secured Lending,31522.99
2025-10-02 00:00:00.000 UTC,Syrup USDT,10089866.66676
2025-10-03 00:00:00.000 UTC,Syrup USDC,17866148.521318
2025-10-03 00:00:00.000 UTC,High Yield Secured Lending,379909.808967
2025-10-03 00:00:00.000 UTC,Syrup USDT,57995417.971305974
2025-10-04 00:00:00.000 UTC,Syrup USDT,62074702.77546201
2025-10-04 00:00:00.000 UTC,Syrup USDC,9916775.856683
2025-10-05 00:00:00.000 UTC,Syrup USDT,4700972.733134999
2025-10-05 00:00:00.000 UTC,Syrup USDC,4965843.995363
2025-10-06 00:00:00.000 UTC,Syrup USDT,6129065.144270001
2025-10-06 00:00:00.000 UTC,Syrup USDC,4404951.934307
2025-10-07 00:00:00.000 UTC,Syrup USDC,4854577.062376
2025-10-07 00:00:00.000 UTC,High Yield Secured Lending,340288.701643
2025-10-07 00:00:00.000 UTC,Syrup USDT,13341054.892586
2025-10-08 00:00:00.000 UTC,Syrup USDT,2292454.2656070003
2025-10-08 00:00:00.000 UTC,High Yield Secured Lending,53414.341981
2025-10-08 00:00:00.000 UTC,Syrup USDC,11142902.106747001
2025-10-09 00:00:00.000 UTC,Syrup USDC,11262063.382470002
2025-10-09 00:00:00.000 UTC,Syrup USDT,15185702.553481998
2025-10-10 00:00:00.000 UTC,Syrup USDT,9008946.933723
2025-10-10 00:00:00.000 UTC,Syrup USDC,1699693.237478
2025-10-11 00:00:00.000 UTC,Syrup USDC,275292.78578599996
2025-10-11 00:00:00.000 UTC,Syrup USDT,2525.058361
2025-10-12 00:00:00.000 UTC,High Yield Secured Lending,100.026699
2025-10-12 00:00:00.000 UTC,Syrup USDC,9582489.056942001
2025-10-12 00:00:00.000 UTC,Syrup USDT,1000060.8010000001
2025-10-13 00:00:00.000 UTC,Syrup USDC,30398878.763912003
2025-10-13 00:00:00.000 UTC,Secured Lending,4480995
2025-10-13 00:00:00.000 UTC,Syrup USDT,410043.7239
2025-10-13 00:00:00.000 UTC,High Yield Secured Lending,7500000
2025-10-14 00:00:00.000 UTC,Syrup USDT,510489.435973
2025-10-14 00:00:00.000 UTC,Syrup USDC,18674425.987196
2025-10-14 00:00:00.000 UTC,High Yield Secured Lending,311886.609723
2025-10-15 00:00:00.000 UTC,High Yield Secured Lending,1000
2025-10-15 00:00:00.000 UTC,Syrup USDC,24780862.431178007
2025-10-15 00:00:00.000 UTC,Syrup USDT,4685695.28293
2025-10-16 00:00:00.000 UTC,Syrup USDC,44305343.381122
2025-10-16 00:00:00.000 UTC,Syrup USDT,589747.346003
2025-10-17 00:00:00.000 UTC,Secured Lending,1000000
2025-10-17 00:00:00.000 UTC,Syrup USDT,488058.45399099996
2025-10-17 00:00:00.000 UTC,High Yield Secured Lending,1186760.270916
2025-10-17 00:00:00.000 UTC,Syrup USDC,6423237.600334001
2025-10-18 00:00:00.000 UTC,High Yield Secured Lending,552598.779709
2025-10-18 00:00:00.000 UTC,Syrup USDT,6739725.129941001
2025-10-18 00:00:00.000 UTC,Syrup USDC,11970905.374413
2025-10-19 00:00:00.000 UTC,High Yield Secured Lending,167286.536902
2025-10-19 00:00:00.000 UTC,Syrup USDC,16575414.366235
2025-10-19 00:00:00.000 UTC,Syrup USDT,4690695.585901
2025-10-20 00:00:00.000 UTC,Syrup USDT,22445871.528070997
2025-10-20 00:00:00.000 UTC,Syrup USDC,15785231.099991
2025-10-21 00:00:00.000 UTC,Syrup USDT,21632226.286209002
2025-10-21 00:00:00.000 UTC,High Yield Secured Lending,100495.359066
2025-10-21 00:00:00.000 UTC,Syrup USDC,31353505.773499
2025-10-22 00:00:00.000 UTC,High Yield Secured Lending,3500
2025-10-22 00:00:00.000 UTC,Syrup USDC,27041281.290614996
2025-10-22 00:00:00.000 UTC,Syrup USDT,56278809.169705994
2025-10-23 00:00:00.000 UTC,Syrup USDT,60472179.314260006
2025-10-23 00:00:00.000 UTC,High Yield Secured Lending,1247254.964346
2025-10-23 00:00:00.000 UTC,Syrup USDC,1697647.015784
2025-10-24 00:00:00.000 UTC,Syrup USDC,9986267.512710001
2025-10-24 00:00:00.000 UTC,Syrup USDT,8970599.540737
2025-10-25 00:00:00.000 UTC,Syrup USDT,489051.121518
2025-10-25 00:00:00.000 UTC,Syrup USDC,115591.244735
2025-10-26 00:00:00.000 UTC,Syrup USDC,6812196.0481630005
2025-10-26 00:00:00.000 UTC,High Yield Secured Lending,1097.574394
2025-10-26 00:00:00.000 UTC,Syrup USDT,9440929.204281
2025-10-27 00:00:00.000 UTC,Syrup USDT,8797165.984402
2025-10-27 00:00:00.000 UTC,Syrup USDC,8889832.59244
2025-10-28 00:00:00.000 UTC,High Yield Secured Lending,278663.887963
2025-10-28 00:00:00.000 UTC,Secured Lending,1740300
2025-10-28 00:00:00.000 UTC,Syrup USDT,102980087.64975001
2025-10-28 00:00:00.000 UTC,Syrup USDC,23185279.106264
2025-10-29 00:00:00.000 UTC,High Yield Secured Lending,4199473.668076
2025-10-29 00:00:00.000 UTC,Syrup USDT,66387648.606582
2025-10-29 00:00:00.000 UTC,Syrup USDC,15612179.191980999
2025-10-30 00:00:00.000 UTC,High Yield Secured Lending,174240.16524200002
2025-10-30 00:00:00.000 UTC,Syrup USDT,3459384.94037
2025-10-30 00:00:00.000 UTC,Syrup USDC,10615626.47672
2025-10-30 00:00:00.000 UTC,Secured Lending,7500000
2025-10-31 00:00:00.000 UTC,Syrup USDC,19404606.807922997
2025-10-31 00:00:00.000 UTC,High Yield Secured Lending,466268.223287
2025-10-31 00:00:00.000 UTC,Syrup USDT,2835205.322044
2025-11-01 00:00:00.000 UTC,Syrup USDT,457828.12108599994
2025-11-01 00:00:00.000 UTC,Secured Lending,70000
2025-11-01 00:00:00.000 UTC,High Yield Secured Lending,706390.416723
2025-11-01 00:00:00.000 UTC,Syrup USDC,3851421.743358
2025-11-02 00:00:00.000 UTC,Syrup USDC,7059269.119567
2025-11-02 00:00:00.000 UTC,High Yield Secured Lending,249219.056537
2025-11-02 00:00:00.000 UTC,Syrup USDT,2456412.4076420004
2025-11-03 00:00:00.000 UTC,Syrup USDC,26724320.874511
2025-11-03 00:00:00.000 UTC,High Yield Secured Lending,3398797.1105500003
2025-11-03 00:00:00.000 UTC,Syrup USDT,408451.5455850001
2025-11-04 00:00:00.000 UTC,Syrup USDC,3862151.326299001
2025-11-04 00:00:00.000 UTC,High Yield Secured Lending,2515736
2025-11-04 00:00:00.000 UTC,Syrup USDT,1440666.429146
2025-11-05 00:00:00.000 UTC,Syrup USDT,365258.966111
2025-11-05 00:00:00.000 UTC,Syrup USDC,5188669.175876
2025-11-05 00:00:00.000 UTC,High Yield Secured Lending,421032.289742
2025-11-06 00:00:00.000 UTC,Syrup USDT,1264858.941204
2025-11-06 00:00:00.000 UTC,Syrup USDC,16309439.359777002
2025-11-06 00:00:00.000 UTC,High Yield Secured Lending,871471.449545
2025-11-07 00:00:00.000 UTC,High Yield Secured Lending,2734642.972797
2025-11-07 00:00:00.000 UTC,Syrup USDC,10913784.274588998
2025-11-07 00:00:00.000 UTC,Syrup USDT,1699953.4771659998
2025-11-08 00:00:00.000 UTC,High Yield Secured Lending,496.506202
2025-11-08 00:00:00.000 UTC,Syrup USDT,3806713.2187670004
2025-11-08 00:00:00.000 UTC,Syrup USDC,1889745.064409
2025-11-09 00:00:00.000 UTC,High Yield Secured Lending,754260.167621
2025-11-09 00:00:00.000 UTC,Syrup USDC,561695.894571
2025-11-09 00:00:00.000 UTC,Syrup USDT,160250.95
2025-11-10 00:00:00.000 UTC,Syrup USDT,216826.24463700003
2025-11-10 00:00:00.000 UTC,Syrup USDC,33145066.990936995
2025-11-10 00:00:00.000 UTC,High Yield Secured Lending,2717764.906513
2025-11-10 00:00:00.000 UTC,Secured Lending,8000000
2025-11-11 00:00:00.000 UTC,Syrup USDC,9804088.366034001
2025-11-11 00:00:00.000 UTC,High Yield Secured Lending,1558642.849339
2025-11-11 00:00:00.000 UTC,Syrup USDT,9083872.207092
2025-11-12 00:00:00.000 UTC,Syrup USDC,6627619.555798
2025-11-12 00:00:00.000 UTC,High Yield Secured Lending,472008.559553
2025-11-12 00:00:00.000 UTC,Syrup USDT,49864141.175674
2025-11-12 00:00:00.000 UTC,Secured Lending,5200000
2025-11-13 00:00:00.000 UTC,Syrup USDC,2716082.9004100002
2025-11-13 00:00:00.000 UTC,High Yield Secured Lending,2649123.739675
2025-11-13 00:00:00.000 UTC,Syrup USDT,2452602.612509
2025-11-14 00:00:00.000 UTC,Syrup USDT,5425765.915956
2025-11-14 00:00:00.000 UTC,Syrup USDC,15043112.331695005
2025-11-14 00:00:00.000 UTC,High Yield Secured Lending,861383.69749
2025-11-15 00:00:00.000 UTC,Syrup USDC,2116171.8626259994
2025-11-15 00:00:00.000 UTC,Syrup USDT,3515166.5973369996
2025-11-15 00:00:00.000 UTC,High Yield Secured Lending,100.858862
2025-11-16 00:00:00.000 UTC,Syrup USDT,1333674.235621
2025-11-16 00:00:00.000 UTC,Syrup USDC,3416070.6571540004
2025-11-17 00:00:00.000 UTC,High Yield Secured Lending,459298.285197
2025-11-17 00:00:00.000 UTC,Secured Lending,2700000
2025-11-17 00:00:00.000 UTC,Syrup USDC,3072233.2060060003
2025-11-17 00:00:00.000 UTC,Syrup USDT,2703834.7310430002
2025-11-18 00:00:00.000 UTC,Syrup USDC,74013729.97366497
2025-11-18 00:00:00.000 UTC,Syrup USDT,15398509.819233002
2025-11-19 00:00:00.000 UTC,Syrup USDT,53384363.098652
2025-11-19 00:00:00.000 UTC,High Yield Secured Lending,532552.125459
2025-11-19 00:00:00.000 UTC,Syrup USDC,34689543.53114399
2025-11-20 00:00:00.000 UTC,High Yield Secured Lending,1116843
2025-11-20 00:00:00.000 UTC,Secured Lending,450000
2025-11-20 00:00:00.000 UTC,Syrup USDT,1428192.430222
2025-11-20 00:00:00.000 UTC,Syrup USDC,36862496.62862399
2025-11-21 00:00:00.000 UTC,Syrup USDT,54511.258812
2025-11-21 00:00:00.000 UTC,Syrup USDC,23258351.710716
2025-11-21 00:00:00.000 UTC,High Yield Secured Lending,17950010.91
2025-11-22 00:00:00.000 UTC,Syrup USDC,754601.7362739999
2025-11-22 00:00:00.000 UTC,Syrup USDT,1128982.237945
2025-11-22 00:00:00.000 UTC,High Yield Secured Lending,15150
2025-11-23 00:00:00.000 UTC,Syrup USDT,1178725.25247
2025-11-23 00:00:00.000 UTC,Syrup USDC,2816152.5901639992
2025-11-24 00:00:00.000 UTC,Syrup USDT,22139313.363454994
2025-11-24 00:00:00.000 UTC,High Yield Secured Lending,152809.99
2025-11-24 00:00:00.000 UTC,Syrup USDC,41371547.121458
2025-11-25 00:00:00.000 UTC,Syrup USDT,81090365.926716
2025-11-25 00:00:00.000 UTC,High Yield Secured Lending,18150000
2025-11-25 00:00:00.000 UTC,Syrup USDC,39437967.837784
2025-11-26 00:00:00.000 UTC,Syrup USDC,8025873.663408999
2025-11-26 00:00:00.000 UTC,High Yield Secured Lending,304737.797685
2025-11-26 00:00:00.000 UTC,Syrup USDT,1244315.162057
2025-11-27 00:00:00.000 UTC,Syrup USDC,3579504.5753109995
2025-11-27 00:00:00.000 UTC,Syrup USDT,42110649.295264
2025-11-28 00:00:00.000 UTC,Syrup USDC,26462116.039891
2025-11-28 00:00:00.000 UTC,High Yield Secured Lending,1103274.254102
2025-11-28 00:00:00.000 UTC,Syrup USDT,7563283.905554
2025-11-29 00:00:00.000 UTC,High Yield Secured Lending,7797.74
2025-11-29 00:00:00.000 UTC,Syrup USDC,3853100.808123
2025-11-29 00:00:00.000 UTC,Syrup USDT,1368266.733168
2025-11-30 00:00:00.000 UTC,Syrup USDT,3218378.459486
2025-11-30 00:00:00.000 UTC,Syrup USDC,2886844.2717379997
2025-11-30 00:00:00.000 UTC,High Yield Secured Lending,29098.81569
2025-12-01 00:00:00.000 UTC,High Yield Secured Lending,1715200
2025-12-01 00:00:00.000 UTC,Syrup USDC,34241700.196282
2025-12-01 00:00:00.000 UTC,Syrup USDT,44667584.900851004
2025-12-02 00:00:00.000 UTC,Syrup USDT,11024262.763625998
2025-12-02 00:00:00.000 UTC,High Yield Secured Lending,796328.588124
2025-12-02 00:00:00.000 UTC,Syrup USDC,14470878.180099003
2025-12-03 00:00:00.000 UTC,Syrup USDC,48984970.133010015
2025-12-03 00:00:00.000 UTC,High Yield Secured Lending,1555602.58
2025-12-03 00:00:00.000 UTC,Syrup USDT,79267025.07421103
2025-12-04 00:00:00.000 UTC,Syrup USDC,26680406.114883997
2025-12-04 00:00:00.000 UTC,Syrup USDT,14013727.022257002
2025-12-04 00:00:00.000 UTC,High Yield Secured Lending,1034982.980789
2025-12-05 00:00:00.000 UTC,High Yield Secured Lending,641455.1388480001
2025-12-05 00:00:00.000 UTC,Syrup USDC,29873351.218712006
2025-12-05 00:00:00.000 UTC,Syrup USDT,66204804.563712
2025-12-06 00:00:00.000 UTC,High Yield Secured Lending,45001.43
2025-12-06 00:00:00.000 UTC,Syrup USDT,1237462.9479079999
2025-12-06 00:00:00.000 UTC,Syrup USDC,8201240.803042
2025-12-07 00:00:00.000 UTC,Syrup USDT,414661.619482
2025-12-07 00:00:00.000 UTC,High Yield Secured Lending,25854.59
2025-12-07 00:00:00.000 UTC,Syrup USDC,2603527.190385
2025-12-08 00:00:00.000 UTC,High Yield Secured Lending,423057.52
2025-12-08 00:00:00.000 UTC,Syrup USDT,5162548.998658
2025-12-08 00:00:00.000 UTC,Syrup USDC,23796853.576799992
2025-12-09 00:00:00.000 UTC,High Yield Secured Lending,2356302.04
2025-12-09 00:00:00.000 UTC,Syrup USDT,57889773.42165
2025-12-09 00:00:00.000 UTC,Syrup USDC,37905681.153376006
2025-12-10 00:00:00.000 UTC,Syrup USDC,21756984.734036006
2025-12-10 00:00:00.000 UTC,Syrup USDT,946399.9549579999
2025-12-10 00:00:00.000 UTC,High Yield Secured Lending,277462.019756
2025-12-11 00:00:00.000 UTC,High Yield Secured Lending,8205013.19662
2025-12-11 00:00:00.000 UTC,Syrup USDC,5428102.150095
2025-12-11 00:00:00.000 UTC,Syrup USDT,1284311.137577
2025-12-12 00:00:00.000 UTC,High Yield Secured Lending,51616.554936
2025-12-12 00:00:00.000 UTC,Syrup USDC,45676738.237730995
2025-12-12 00:00:00.000 UTC,Syrup USDT,2032064.5033660003
2025-12-13 00:00:00.000 UTC,Syrup USDT,460623.48318499996
2025-12-13 00:00:00.000 UTC,Syrup USDC,15234272.53787
2025-12-13 00:00:00.000 UTC,High Yield Secured Lending,355028.162079
2025-12-14 00:00:00.000 UTC,Syrup USDC,4355349.183842999
2025-12-14 00:00:00.000 UTC,Syrup USDT,2361617.7094020005
2025-12-14 00:00:00.000 UTC,High Yield Secured Lending,85844.54
2025-12-15 00:00:00.000 UTC,Syrup USDT,225183.87537899998
2025-12-15 00:00:00.000 UTC,High Yield Secured Lending,322230.05476200004
2025-12-15 00:00:00.000 UTC,Syrup USDC,7420876.311164999
2025-12-16 00:00:00.000 UTC,Syrup USDC,48934187.688832976
2025-12-16 00:00:00.000 UTC,Syrup USDT,2125901.579089
2025-12-16 00:00:00.000 UTC,High Yield Secured Lending,244031.584973
2025-12-17 00:00:00.000 UTC,High Yield Secured Lending,730240.74
2025-12-17 00:00:00.000 UTC,Syrup USDT,717387.1109600002
2025-12-17 00:00:00.000 UTC,Syrup USDC,12667929.296014002
2025-12-18 00:00:00.000 UTC,Syrup USDT,712524.2007830001
2025-12-18 00:00:00.000 UTC,High Yield Secured Lending,2374907.385725
2025-12-18 00:00:00.000 UTC,Syrup USDC,3794281.9713029996
2025-12-19 00:00:00.000 UTC,High Yield Secured Lending,1080576.2931279999
2025-12-19 00:00:00.000 UTC,Syrup USDT,852398.473073
2025-12-19 00:00:00.000 UTC,Syrup USDC,11003545.076342002
2025-12-20 00:00:00.000 UTC,Syrup USDT,1441666.0990160003
2025-12-20 00:00:00.000 UTC,Syrup USDC,4004240.9275320005
2025-12-20 00:00:00.000 UTC,High Yield Secured Lending,33000
2025-12-21 00:00:00.000 UTC,High Yield Secured Lending,12879.61
2025-12-21 00:00:00.000 UTC,Syrup USDT,390326.1610630001
2025-12-21 00:00:00.000 UTC,Syrup USDC,553127.7712579999
2025-12-22 00:00:00.000 UTC,Syrup USDC,42898973.075577006
2025-12-22 00:00:00.000 UTC,Syrup USDT,6140542.297080001
2025-12-22 00:00:00.000 UTC,High Yield Secured Lending,1007986.3
2025-12-23 00:00:00.000 UTC,High Yield Secured Lending,1258741.220188
2025-12-23 00:00:00.000 UTC,Syrup USDC,5534155.399774
2025-12-23 00:00:00.000 UTC,Syrup USDT,843437.004702
2025-12-24 00:00:00.000 UTC,Syrup USDT,2424481.767833
2025-12-24 00:00:00.000 UTC,High Yield Secured Lending,455920.980176
2025-12-24 00:00:00.000 UTC,Syrup USDC,27033101.387916002
2025-12-25 00:00:00.000 UTC,Syrup USDT,4410883.905733
2025-12-25 00:00:00.000 UTC,Syrup USDC,488097.6893839999
2025-12-26 00:00:00.000 UTC,Syrup USDC,6231412.224307998
2025-12-26 00:00:00.000 UTC,High Yield Secured Lending,506123.060105
2025-12-26 00:00:00.000 UTC,Syrup USDT,850337.820921
2025-12-27 00:00:00.000 UTC,High Yield Secured Lending,11492.82
2025-12-27 00:00:00.000 UTC,Syrup USDT,1058906.987619
2025-12-27 00:00:00.000 UTC,Syrup USDC,5252800.504805
2025-12-28 00:00:00.000 UTC,High Yield Secured Lending,70000
2025-12-28 00:00:00.000 UTC,Syrup USDC,2263954.93244
2025-12-28 00:00:00.000 UTC,Syrup USDT,18697843.209569
2025-12-29 00:00:00.000 UTC,Syrup USDC,456303.78803999996
2025-12-29 00:00:00.000 UTC,Syrup USDT,90695832.26012199
2025-12-30 00:00:00.000 UTC,Syrup USDT,37775182.853405006
2025-12-30 00:00:00.000 UTC,Syrup USDC,53723773.20847101
2025-12-31 00:00:00.000 UTC,Syrup USDT,30394862.950252
2025-12-31 00:00:00.000 UTC,Syrup USDC,28921579.355056003
2025-12-31 00:00:00.000 UTC,High Yield Secured Lending,356720.09760200005
2026-01-01 00:00:00.000 UTC,Syrup USDC,36453635.718452
2026-01-01 00:00:00.000 UTC,Syrup USDT,2714978.2091089995
2026-01-01 00:00:00.000 UTC,High Yield Secured Lending,360816.88
2026-01-02 00:00:00.000 UTC,Syrup USDC,25850172.13439
2026-01-02 00:00:00.000 UTC,High Yield Secured Lending,260900
2026-01-02 00:00:00.000 UTC,Syrup USDT,18142106.201188996
2026-01-03 00:00:00.000 UTC,Syrup USDT,2445800.049313
2026-01-03 00:00:00.000 UTC,Syrup USDC,28906387.209359005
2026-01-04 00:00:00.000 UTC,Syrup USDC,21017697.11021399
2026-01-04 00:00:00.000 UTC,Syrup USDT,198366.11471999998
2026-01-05 00:00:00.000 UTC,Syrup USDT,48275983.238725
2026-01-05 00:00:00.000 UTC,High Yield Secured Lending,2600000
2026-01-05 00:00:00.000 UTC,Syrup USDC,31461727.046319
2026-01-06 00:00:00.000 UTC,Syrup USDC,42236480.39349799
2026-01-06 00:00:00.000 UTC,Syrup USDT,196257.147046
2026-01-06 00:00:00.000 UTC,High Yield Secured Lending,224694.91999999998
2026-01-07 00:00:00.000 UTC,High Yield Secured Lending,1013321.9897670001
2026-01-07 00:00:00.000 UTC,Syrup USDC,24194890.424692
2026-01-07 00:00:00.000 UTC,Syrup USDT,3412391.5150949997
2026-01-08 00:00:00.000 UTC,High Yield Secured Lending,49925.120531
2026-01-08 00:00:00.000 UTC,Syrup USDC,4028199.238568
2026-01-08 00:00:00.000 UTC,Syrup USDT,34657244.755461
2026-01-09 00:00:00.000 UTC,High Yield Secured Lending,7431.35
2026-01-09 00:00:00.000 UTC,Syrup USDC,14390387.823162002
2026-01-09 00:00:00.000 UTC,Syrup USDT,21125394.191874
2026-01-10 00:00:00.000 UTC,Syrup USDC,6300258.939781
2026-01-10 00:00:00.000 UTC,High Yield Secured Lending,4200
2026-01-10 00:00:00.000 UTC,Syrup USDT,360914.546822
2026-01-11 00:00:00.000 UTC,High Yield Secured Lending,5000
2026-01-11 00:00:00.000 UTC,Syrup USDC,151855.192727
2026-01-11 00:00:00.000 UTC,Syrup USDT,5934438.120051
2026-01-12 00:00:00.000 UTC,Syrup USDC,9030470.817594
2026-01-12 00:00:00.000 UTC,Syrup USDT,13715682.733990999
2026-01-13 00:00:00.000 UTC,Syrup USDC,17046910.330121998
2026-01-13 00:00:00.000 UTC,High Yield Secured Lending,1241253.658356
2026-01-13 00:00:00.000 UTC,Syrup USDT,18040350.535316005
2026-01-14 00:00:00.000 UTC,Syrup USDC,17892688.939528
2026-01-14 00:00:00.000 UTC,Syrup USDT,8827389.810599003
2026-01-14 00:00:00.000 UTC,High Yield Secured Lending,100001.3
2026-01-15 00:00:00.000 UTC,Syrup USDC,7474198.186298999
2026-01-15 00:00:00.000 UTC,High Yield Secured Lending,1000000
2026-01-15 00:00:00.000 UTC,Syrup USDT,1827080.3654930003
2026-01-16 00:00:00.000 UTC,Syrup USDC,3857455.3143309997
2026-01-16 00:00:00.000 UTC,Syrup USDT,3751517.739005
2026-01-16 00:00:00.000 UTC,High Yield Secured Lending,299999.87
2026-01-17 00:00:00.000 UTC,High Yield Secured Lending,4311251.136461
2026-01-17 00:00:00.000 UTC,Syrup USDC,6065213.328673
2026-01-17 00:00:00.000 UTC,Syrup USDT,5553491.9907599995
2026-01-18 00:00:00.000 UTC,Syrup USDC,2550072.429297
2026-01-18 00:00:00.000 UTC,Syrup USDT,16899660.124257002
2026-01-19 00:00:00.000 UTC,High Yield Secured Lending,27502.35
2026-01-19 00:00:00.000 UTC,Syrup USDT,63062015.781136
2026-01-19 00:00:00.000 UTC,Syrup USDC,16936014.117532
2026-01-20 00:00:00.000 UTC,High Yield Secured Lending,1575362.881106
2026-01-20 00:00:00.000 UTC,Syrup USDC,12273258.169137
2026-01-20 00:00:00.000 UTC,Syrup USDT,9725944.679165998
2026-01-21 00:00:00.000 UTC,Syrup USDT,26498297.657425996
2026-01-21 00:00:00.000 UTC,High Yield Secured Lending,47855.420921
2026-01-21 00:00:00.000 UTC,Syrup USDC,15667258.576911
2026-01-22 00:00:00.000 UTC,Syrup USDC,7822465.4934129985
2026-01-22 00:00:00.000 UTC,Syrup USDT,20135896.963677995
2026-01-22 00:00:00.000 UTC,High Yield Secured Lending,3141030.441403
2026-01-23 00:00:00.000 UTC,High Yield Secured Lending,2969775.526795
2026-01-23 00:00:00.000 UTC,Syrup USDC,14417914.86969
2026-01-23 00:00:00.000 UTC,Syrup USDT,9435530.553793998
2026-01-24 00:00:00.000 UTC,Syrup USDC,8344591.9054930005
2026-01-24 00:00:00.000 UTC,Syrup USDT,7083275.649348
2026-01-24 00:00:00.000 UTC,High Yield Secured Lending,41890
2026-01-25 00:00:00.000 UTC,Syrup USDC,29868926.175491996
2026-01-25 00:00:00.000 UTC,High Yield Secured Lending,11060.11
2026-01-25 00:00:00.000 UTC,Syrup USDT,30405569.444507997
2026-01-26 00:00:00.000 UTC,Syrup USDC,33013159.923483998
2026-01-26 00:00:00.000 UTC,Syrup USDT,7106342.451616
2026-01-26 00:00:00.000 UTC,High Yield Secured Lending,31300.09
2026-01-27 00:00:00.000 UTC,High Yield Secured Lending,613511.21
2026-01-27 00:00:00.000 UTC,Syrup USDC,65846931.44834402
2026-01-27 00:00:00.000 UTC,Syrup USDT,10171041.767128002
2026-01-28 00:00:00.000 UTC,Syrup USDC,8778360.254642
2026-01-28 00:00:00.000 UTC,Syrup USDT,14534838.276356999
2026-01-28 00:00:00.000 UTC,High Yield Secured Lending,790300.654894
2026-01-29 00:00:00.000 UTC,Syrup USDC,103510408.80936
2026-01-29 00:00:00.000 UTC,Syrup USDT,15785613.857744003
2026-01-29 00:00:00.000 UTC,High Yield Secured Lending,1497176.3556149998
2026-01-30 00:00:00.000 UTC,Syrup USDC,40920152.357297
2026-01-30 00:00:00.000 UTC,Syrup USDT,28497545.944406
2026-01-30 00:00:00.000 UTC,High Yield Secured Lending,2868284.8755099997
2026-01-31 00:00:00.000 UTC,Syrup USDT,36879723.196533
2026-01-31 00:00:00.000 UTC,Syrup USDC,30071186.549810003
2026-02-01 00:00:00.000 UTC,Syrup USDC,7503269.955746999
2026-02-01 00:00:00.000 UTC,Syrup USDT,13183310.610521004
2026-02-02 00:00:00.000 UTC,Syrup USDC,4763213.038434999
2026-02-02 00:00:00.000 UTC,Syrup USDT,11989898.877576
2026-02-03 00:00:00.000 UTC,High Yield Secured Lending,1063172.431669
2026-02-03 00:00:00.000 UTC,Syrup USDT,2425551.6001449996
2026-02-03 00:00:00.000 UTC,Syrup USDC,119326402.18460299
2026-02-04 00:00:00.000 UTC,Syrup USDC,12313230.422707003
2026-02-04 00:00:00.000 UTC,Syrup USDT,14616695.533474
2026-02-05 00:00:00.000 UTC,Syrup USDC,7587855.052712
2026-02-05 00:00:00.000 UTC,Syrup USDT,29400015.699754
2026-02-05 00:00:00.000 UTC,High Yield Secured Lending,10425700.472975
2026-02-06 00:00:00.000 UTC,High Yield Secured Lending,14982.722169
2026-02-06 00:00:00.000 UTC,Syrup USDT,8162705.648046
2026-02-06 00:00:00.000 UTC,Syrup USDC,12119170.642653001
2026-02-07 00:00:00.000 UTC,Syrup USDC,59495569.723615
2026-02-07 00:00:00.000 UTC,Syrup USDT,314141.86630600004
2026-02-08 00:00:00.000 UTC,High Yield Secured Lending,57883.445287
2026-02-08 00:00:00.000 UTC,Syrup USDT,494277.725279
2026-02-08 00:00:00.000 UTC,Syrup USDC,27503782.356631998
2026-02-09 00:00:00.000 UTC,Syrup USDC,110135461.50674799
2026-02-09 00:00:00.000 UTC,Syrup USDT,1263946.940317
2026-02-09 00:00:00.000 UTC,High Yield Secured Lending,260740.122516
2026-02-10 00:00:00.000 UTC,Syrup USDC,29744637.658925004
2026-02-10 00:00:00.000 UTC,High Yield Secured Lending,9819.56
2026-02-10 00:00:00.000 UTC,Syrup USDT,4774066.126446
2026-02-11 00:00:00.000 UTC,High Yield Secured Lending,84975
2026-02-11 00:00:00.000 UTC,Syrup USDC,11842267.858042
2026-02-11 00:00:00.000 UTC,Syrup USDT,220979.439108
2026-02-12 00:00:00.000 UTC,Syrup USDC,7497978.361938001
2026-02-12 00:00:00.000 UTC,High Yield Secured Lending,1000
2026-02-12 00:00:00.000 UTC,Syrup USDT,74386044.80781999
2026-02-13 00:00:00.000 UTC,High Yield Secured Lending,87632.68
2026-02-13 00:00:00.000 UTC,Syrup USDC,2674013.226006
2026-02-13 00:00:00.000 UTC,Syrup USDT,8336994.132295999
2026-02-14 00:00:00.000 UTC,Syrup USDT,9152992.073309
2026-02-14 00:00:00.000 UTC,Syrup USDC,8517257.629182002
2026-02-14 00:00:00.000 UTC,High Yield Secured Lending,1000000
2026-02-15 00:00:00.000 UTC,Syrup USDT,6428786.200834
2026-02-15 00:00:00.000 UTC,High Yield Secured Lending,1104527.942223
2026-02-15 00:00:00.000 UTC,Syrup USDC,5166553.792238001
2026-02-16 00:00:00.000 UTC,Syrup USDT,2730549.7958620004
2026-02-16 00:00:00.000 UTC,Syrup USDC,14969351.151412997
2026-02-16 00:00:00.000 UTC,High Yield Secured Lending,774422.6276949999
2026-02-17 00:00:00.000 UTC,Syrup USDC,17054829.073726
2026-02-17 00:00:00.000 UTC,Syrup USDT,16979406.613683
2026-02-17 00:00:00.000 UTC,High Yield Secured Lending,1617137.151341
2026-02-18 00:00:00.000 UTC,Syrup USDC,10798455.473001001
2026-02-18 00:00:00.000 UTC,Syrup USDT,7107050.216803
2026-02-18 00:00:00.000 UTC,High Yield Secured Lending,964420.638895
2026-02-19 00:00:00.000 UTC,Syrup USDT,1789623.6130670004
2026-02-19 00:00:00.000 UTC,High Yield Secured Lending,526000.237008
2026-02-19 00:00:00.000 UTC,Syrup USDC,30127339.582259998
2026-02-20 00:00:00.000 UTC,High Yield Secured Lending,621851.020115
2026-02-20 00:00:00.000 UTC,Syrup USDT,2678013.936121
2026-02-20 00:00:00.000 UTC,Syrup USDC,9517087.896940999
2026-02-21 00:00:00.000 UTC,Syrup USDC,2787509.329343
2026-02-21 00:00:00.000 UTC,Syrup USDT,136638.62423
2026-02-22 00:00:00.000 UTC,Syrup USDC,3716032.169958
2026-02-22 00:00:00.000 UTC,Syrup USDT,761996.1487080001
2026-02-23 00:00:00.000 UTC,Syrup USDC,6921211.976606
2026-02-23 00:00:00.000 UTC,Syrup USDT,6254120.988032001
2026-02-23 00:00:00.000 UTC,High Yield Secured Lending,499000
2026-02-24 00:00:00.000 UTC,Syrup USDT,1095772.649161
2026-02-24 00:00:00.000 UTC,Syrup USDC,11379578.687454
2026-02-24 00:00:00.000 UTC,High Yield Secured Lending,447307.13100299996
2026-02-25 00:00:00.000 UTC,Syrup USDC,10793191.815866996
2026-02-25 00:00:00.000 UTC,High Yield Secured Lending,588804.882762
2026-02-25 00:00:00.000 UTC,Syrup USDT,41825166.172593005
2026-02-26 00:00:00.000 UTC,High Yield Secured Lending,8374.01
2026-02-26 00:00:00.000 UTC,Syrup USDT,6270526.549930003
2026-02-26 00:00:00.000 UTC,Syrup USDC,11070686.410462
2026-02-27 00:00:00.000 UTC,High Yield Secured Lending,670392.00064
2026-02-27 00:00:00.000 UTC,Syrup USDC,11008445.118428001
2026-02-27 00:00:00.000 UTC,Syrup USDT,3269747.009607
2026-02-28 00:00:00.000 UTC,Syrup USDT,13463656.528304998
2026-02-28 00:00:00.000 UTC,Syrup USDC,3400424.4242289998
2026-03-01 00:00:00.000 UTC,Syrup USDT,7338718.669642
2026-03-01 00:00:00.000 UTC,Syrup USDC,14741762.588390002
2026-03-02 00:00:00.000 UTC,High Yield Secured Lending,120395.861498
2026-03-02 00:00:00.000 UTC,Syrup USDC,3492529.230188
2026-03-02 00:00:00.000 UTC,Syrup USDT,14855849.542098999
2026-03-03 00:00:00.000 UTC,Syrup USDC,2648689.346903
2026-03-03 00:00:00.000 UTC,Syrup USDT,13800258.730917998
2026-03-03 00:00:00.000 UTC,High Yield Secured Lending,41025
2026-03-04 00:00:00.000 UTC,Syrup USDT,28497557.208875004
2026-03-04 00:00:00.000 UTC,Syrup USDC,22725517.138601
2026-03-05 00:00:00.000 UTC,High Yield Secured Lending,150322.07724
2026-03-05 00:00:00.000 UTC,Syrup USDC,45665075.999433994
2026-03-05 00:00:00.000 UTC,Syrup USDT,5051342.872102
2026-03-06 00:00:00.000 UTC,Syrup USDT,6273654.196071
2026-03-06 00:00:00.000 UTC,Syrup USDC,18958863.990189
2026-03-07 00:00:00.000 UTC,High Yield Secured Lending,27265.477656
2026-03-07 00:00:00.000 UTC,Syrup USDC,21225713.242058005
2026-03-07 00:00:00.000 UTC,Syrup USDT,838482.037171
2026-03-08 00:00:00.000 UTC,Syrup USDC,3232843.0708420007
2026-03-08 00:00:00.000 UTC,Syrup USDT,19300361.063307
2026-03-09 00:00:00.000 UTC,Syrup USDC,8511922.458735999
2026-03-09 00:00:00.000 UTC,Syrup USDT,48723268.04677033
2026-03-10 00:00:00.000 UTC,Syrup USDT,88904650.22798304
2026-03-10 00:00:00.000 UTC,Syrup USDC,41764056.992305
2026-03-11 00:00:00.000 UTC,Syrup USDT,79626788.79245198
2026-03-11 00:00:00.000 UTC,High Yield Secured Lending,953317.278196
2026-03-11 00:00:00.000 UTC,Syrup USDC,47069270.08009603
2026-03-12 00:00:00.000 UTC,Syrup USDC,62255736.37414501
2026-03-12 00:00:00.000 UTC,Syrup USDT,15137833.05606
2026-03-13 00:00:00.000 UTC,Syrup USDT,69066552.488296
2026-03-13 00:00:00.000 UTC,High Yield Secured Lending,2012871.43
2026-03-13 00:00:00.000 UTC,Syrup USDC,6338558.890317001
2026-03-14 00:00:00.000 UTC,Syrup USDC,15157977.075647997
2026-03-14 00:00:00.000 UTC,High Yield Secured Lending,13165.97
2026-03-14 00:00:00.000 UTC,Syrup USDT,18876213.268164
2026-03-15 00:00:00.000 UTC,Syrup USDC,27231186.696310997
2026-03-15 00:00:00.000 UTC,Syrup USDT,470760.011264
2026-03-16 00:00:00.000 UTC,High Yield Secured Lending,501000.148588
2026-03-16 00:00:00.000 UTC,Syrup USDT,14826951.096755998
2026-03-16 00:00:00.000 UTC,Syrup USDC,25309348.142727
2026-03-17 00:00:00.000 UTC,Syrup USDC,77571399.98701599
2026-03-17 00:00:00.000 UTC,Syrup USDT,33977526.791653
2026-03-17 00:00:00.000 UTC,High Yield Secured Lending,200000
2026-03-18 00:00:00.000 UTC,High Yield Secured Lending,1535460
2026-03-18 00:00:00.000 UTC,Syrup USDC,30795364.153780997
2026-03-18 00:00:00.000 UTC,Syrup USDT,18818017.211783998
2026-03-19 00:00:00.000 UTC,Syrup USDT,19449074.659582
2026-03-19 00:00:00.000 UTC,High Yield Secured Lending,19299.23
2026-03-19 00:00:00.000 UTC,Syrup USDC,28303093.491495017
2026-03-20 00:00:00.000 UTC,Syrup USDC,59603331.98854401
2026-03-20 00:00:00.000 UTC,Syrup USDT,5009488.970947001
2026-03-21 00:00:00.000 UTC,Syrup USDT,1208159.518223
2026-03-21 00:00:00.000 UTC,Syrup USDC,16694269.092373
2026-03-22 00:00:00.000 UTC,Syrup USDC,5841932.776179999
2026-03-22 00:00:00.000 UTC,Syrup USDT,2337445.809913
2026-03-23 00:00:00.000 UTC,Syrup USDT,10420704.461615
2026-03-23 00:00:00.000 UTC,Syrup USDC,7127493.585139
2026-03-24 00:00:00.000 UTC,Syrup USDT,25845619.956448004
2026-03-24 00:00:00.000 UTC,Syrup USDC,14726932.306883998
2026-03-24 00:00:00.000 UTC,High Yield Secured Lending,17199.73
2026-03-25 00:00:00.000 UTC,Syrup USDT,3557091.9659060007
2026-03-25 00:00:00.000 UTC,Syrup USDC,10272966.142346
2026-03-26 00:00:00.000 UTC,Syrup USDC,12456891.283519
2026-03-26 00:00:00.000 UTC,Syrup USDT,59754593.504376285
2026-03-26 00:00:00.000 UTC,High Yield Secured Lending,223644.554213
2026-03-27 00:00:00.000 UTC,Syrup USDT,16518519.187849
2026-03-27 00:00:00.000 UTC,High Yield Secured Lending,1000000
2026-03-27 00:00:00.000 UTC,Syrup USDC,11688518.579879
2026-03-28 00:00:00.000 UTC,Syrup USDT,975469.7472249999
2026-03-28 00:00:00.000 UTC,Syrup USDC,20466019.519236002
2026-03-29 00:00:00.000 UTC,Syrup USDT,4169505.93126
2026-03-29 00:00:00.000 UTC,Syrup USDC,2629155.024080001
2026-03-30 00:00:00.000 UTC,Syrup USDT,1557404.777735
2026-03-30 00:00:00.000 UTC,Syrup USDC,12858653.468354002
2026-03-31 00:00:00.000 UTC,High Yield Secured Lending,210000
2026-03-31 00:00:00.000 UTC,Syrup USDT,2237950.196375
2026-03-31 00:00:00.000 UTC,Syrup USDC,30836158.527623005
2026-04-01 00:00:00.000 UTC,Syrup USDC,30727012.627496988
2026-04-01 00:00:00.000 UTC,Syrup USDT,706967.6207389999
2026-04-02 00:00:00.000 UTC,Syrup USDT,1729115.170957
2026-04-02 00:00:00.000 UTC,Syrup USDC,48390578.05340499
2026-04-02 00:00:00.000 UTC,High Yield Secured Lending,100000
2026-04-03 00:00:00.000 UTC,Syrup USDT,5791.2578459999995
2026-04-03 00:00:00.000 UTC,Syrup USDC,11660062.856945
2026-04-04 00:00:00.000 UTC,High Yield Secured Lending,24335.947608
2026-04-04 00:00:00.000 UTC,Syrup USDT,1984347.323545
2026-04-04 00:00:00.000 UTC,Syrup USDC,2832394.8463609996
2026-04-05 00:00:00.000 UTC,Syrup USDC,2965074.6478219996
2026-04-05 00:00:00.000 UTC,Syrup USDT,131680.652162
2026-04-06 00:00:00.000 UTC,Syrup USDC,63242644.71986599
2026-04-06 00:00:00.000 UTC,Syrup USDT,24087532.343413997
2026-04-07 00:00:00.000 UTC,Syrup USDC,49129980.51211199
2026-04-07 00:00:00.000 UTC,Syrup USDT,4937000.791335
2026-04-08 00:00:00.000 UTC,Syrup USDT,763229.778356
2026-04-08 00:00:00.000 UTC,Syrup USDC,5358035.737801998
2026-04-09 00:00:00.000 UTC,Syrup USDC,20832111.392685
2026-04-09 00:00:00.000 UTC,Syrup USDT,1947661.4202319998
2026-04-09 00:00:00.000 UTC,High Yield Secured Lending,28853.16
2026-04-10 00:00:00.000 UTC,Syrup USDT,596476.7339639999
2026-04-10 00:00:00.000 UTC,High Yield Secured Lending,2328339.629536
2026-04-10 00:00:00.000 UTC,Syrup USDC,3585116.5375480005
2026-04-11 00:00:00.000 UTC,Syrup USDC,7868715.717924003
2026-04-11 00:00:00.000 UTC,Syrup USDT,2830281.7940330002
2026-04-12 00:00:00.000 UTC,Syrup USDC,3765990.931465001
2026-04-12 00:00:00.000 UTC,Syrup USDT,4497524.875616
2026-04-13 00:00:00.000 UTC,Syrup USDT,126425850.34215601
2026-04-13 00:00:00.000 UTC,Syrup USDC,1447611.041727
2026-04-14 00:00:00.000 UTC,High Yield Secured Lending,1009980.0619000001
2026-04-14 00:00:00.000 UTC,Syrup USDT,6333822.518858001
2026-04-14 00:00:00.000 UTC,Syrup USDC,11732446.933000999
2026-04-15 00:00:00.000 UTC,Syrup USDC,330880.284753
2026-04-15 00:00:00.000 UTC,Syrup USDT,114831171.395577
2026-04-16 00:00:00.000 UTC,Syrup USDC,14566811.376679
2026-04-16 00:00:00.000 UTC,Syrup USDT,95313680.97340524
2026-04-16 00:00:00.000 UTC,High Yield Secured Lending,1000000
2026-04-17 00:00:00.000 UTC,Syrup USDC,31177466.533935
2026-04-17 00:00:00.000 UTC,High Yield Secured Lending,10401.34
2026-04-17 00:00:00.000 UTC,Syrup USDT,28828525.677649
2026-04-18 00:00:00.000 UTC,Syrup USDT,2994907.758119
2026-04-18 00:00:00.000 UTC,Syrup USDC,3494395.1411379995
2026-04-19 00:00:00.000 UTC,Syrup USDT,158029.533027
2026-04-19 00:00:00.000 UTC,High Yield Secured Lending,1012350.81
2026-04-19 00:00:00.000 UTC,Syrup USDC,10405655.538345
2026-04-20 00:00:00.000 UTC,Syrup USDT,1653031.158519
2026-04-20 00:00:00.000 UTC,Syrup USDC,1712417.1335129999
2026-04-20 00:00:00.000 UTC,High Yield Secured Lending,3356959.8692840002
2026-04-21 00:00:00.000 UTC,Syrup USDC,1108494.558949
2026-04-21 00:00:00.000 UTC,Syrup USDT,389727.92332500004
2026-04-21 00:00:00.000 UTC,High Yield Secured Lending,141598.60202
2026-04-22 00:00:00.000 UTC,Syrup USDC,2806143.1389260003
2026-04-22 00:00:00.000 UTC,High Yield Secured Lending,14089.57
2026-04-22 00:00:00.000 UTC,Syrup USDT,2867806.062458
2026-04-23 00:00:00.000 UTC,Syrup USDC,14196586.945818996
2026-04-23 00:00:00.000 UTC,Syrup USDT,1357084.47076
2026-04-23 00:00:00.000 UTC,High Yield Secured Lending,190204.920512
2026-04-24 00:00:00.000 UTC,Syrup USDC,17295628.087208
2026-04-24 00:00:00.000 UTC,Syrup USDT,14930530.362158
2026-04-25 00:00:00.000 UTC,Syrup USDC,8313646.742727999
2026-04-25 00:00:00.000 UTC,Syrup USDT,484419.579008
2026-04-26 00:00:00.000 UTC,Syrup USDC,3938925.9283489995
2026-04-26 00:00:00.000 UTC,Syrup USDT,1049898.601815
2026-04-27 00:00:00.000 UTC,Syrup USDT,2072263.386513
2026-04-27 00:00:00.000 UTC,Syrup USDC,7024791.390116001
2026-04-28 00:00:00.000 UTC,Syrup USDT,84838160.92959994
2026-04-28 00:00:00.000 UTC,Syrup USDC,114392057.80515902
2026-04-28 00:00:00.000 UTC,High Yield Secured Lending,1
2026-04-29 00:00:00.000 UTC,Syrup USDT,1292362.2876980002
2026-04-29 00:00:00.000 UTC,Syrup USDC,12666024.012063999
2026-04-30 00:00:00.000 UTC,Syrup USDC,8867842.849782001
2026-04-30 00:00:00.000 UTC,Syrup USDT,12925747.662151
2026-04-30 00:00:00.000 UTC,High Yield Secured Lending,10052.48
2026-05-01 00:00:00.000 UTC,Syrup USDT,5682050.802599002
2026-05-01 00:00:00.000 UTC,Syrup USDC,4958507.52864
2026-05-02 00:00:00.000 UTC,Syrup USDT,1988732.603205
2026-05-02 00:00:00.000 UTC,Syrup USDC,14495834.453286998
2026-05-03 00:00:00.000 UTC,Syrup USDT,203756.651287
2026-05-03 00:00:00.000 UTC,Syrup USDC,5503114.2727109995
2026-05-03 00:00:00.000 UTC,High Yield Secured Lending,66600
2026-05-04 00:00:00.000 UTC,Syrup USDC,7530016.8348819995
2026-05-04 00:00:00.000 UTC,Syrup USDT,17442166.251406003
2026-05-05 00:00:00.000 UTC,Syrup USDC,5599575.241859
2026-05-05 00:00:00.000 UTC,Syrup USDT,6405943.088935999
2026-05-05 00:00:00.000 UTC,High Yield Secured Lending,34361.86
2026-05-06 00:00:00.000 UTC,Syrup USDC,4532988.954770001
2026-05-06 00:00:00.000 UTC,Syrup USDT,177554.908928
2026-05-07 00:00:00.000 UTC,Syrup USDC,11120782.710299002
2026-05-07 00:00:00.000 UTC,High Yield Secured Lending,21413.29
2026-05-07 00:00:00.000 UTC,Syrup USDT,18892676.130395
2026-05-08 00:00:00.000 UTC,Syrup USDC,57443047.155434005
2026-05-08 00:00:00.000 UTC,Syrup USDT,2875392.305055
2026-05-09 00:00:00.000 UTC,Syrup USDT,9277921.253671
2026-05-09 00:00:00.000 UTC,Syrup USDC,15173161.866124999
2026-05-10 00:00:00.000 UTC,High Yield Secured Lending,11106.106228
2026-05-10 00:00:00.000 UTC,Syrup USDC,4482831.976505002
2026-05-10 00:00:00.000 UTC,Syrup USDT,10767406.060875
2026-05-11 00:00:00.000 UTC,Syrup USDT,2995411.660419
2026-05-11 00:00:00.000 UTC,High Yield Secured Lending,1999.95
2026-05-11 00:00:00.000 UTC,Syrup USDC,55668038.32696
2026-05-12 00:00:00.000 UTC,Syrup USDC,45491110.40761001
2026-05-12 00:00:00.000 UTC,Syrup USDT,10649596.997961
2026-05-13 00:00:00.000 UTC,Syrup USDT,16213519.535728
2026-05-13 00:00:00.000 UTC,Syrup USDC,23173447.767480996
2026-05-14 00:00:00.000 UTC,Syrup USDC,12452734.586884
2026-05-14 00:00:00.000 UTC,High Yield Secured Lending,84011.696973
2026-05-14 00:00:00.000 UTC,Syrup USDT,33596587.887129
2026-05-15 00:00:00.000 UTC,High Yield Secured Lending,78009.864603
2026-05-15 00:00:00.000 UTC,Syrup USDC,16916359.097024996
2026-05-15 00:00:00.000 UTC,Syrup USDT,10478752.835854001
2026-05-16 00:00:00.000 UTC,Syrup USDT,4462775.636723
2026-05-16 00:00:00.000 UTC,Syrup USDC,2895374.447486
2026-05-17 00:00:00.000 UTC,Syrup USDT,1995170.625606
2026-05-17 00:00:00.000 UTC,Syrup USDC,3729100.299057001
2026-05-18 00:00:00.000 UTC,High Yield Secured Lending,100150
2026-05-18 00:00:00.000 UTC,Syrup USDT,2945102.5489090006
2026-05-18 00:00:00.000 UTC,Syrup USDC,25763181.877573997
2026-05-19 00:00:00.000 UTC,Syrup USDC,8787273.724150002
2026-05-19 00:00:00.000 UTC,Syrup USDT,9302479.268843
2026-05-19 00:00:00.000 UTC,High Yield Secured Lending,31440.782286
2026-05-20 00:00:00.000 UTC,Syrup USDT,9590972.205757001
2026-05-20 00:00:00.000 UTC,Syrup USDC,2862328.968473
2026-05-21 00:00:00.000 UTC,Syrup USDC,7117234.53555
2026-05-21 00:00:00.000 UTC,Syrup USDT,9060314.295092
2026-05-22 00:00:00.000 UTC,Syrup USDT,818276.7602540001
2026-05-22 00:00:00.000 UTC,Syrup USDC,4785142.380103
2026-05-23 00:00:00.000 UTC,Syrup USDC,1804915.7868
2026-05-23 00:00:00.000 UTC,Syrup USDT,4548921.316348
2026-05-24 00:00:00.000 UTC,Syrup USDC,3630116.1938460004
2026-05-24 00:00:00.000 UTC,Syrup USDT,2113397.24221
2026-05-25 00:00:00.000 UTC,High Yield Secured Lending,927644.6005299999
2026-05-25 00:00:00.000 UTC,Syrup USDT,846550.310287
2026-05-25 00:00:00.000 UTC,Syrup USDG,10
2026-05-25 00:00:00.000 UTC,Syrup USDC,278466.05651100003
2026-05-26 00:00:00.000 UTC,Syrup USDT,2104643.656474
2026-05-26 00:00:00.000 UTC,Syrup USDC,257264.391608
2026-05-26 00:00:00.000 UTC,High Yield Secured Lending,107700.695919
2026-05-27 00:00:00.000 UTC,High Yield Secured Lending,250000
2026-05-27 00:00:00.000 UTC,Syrup USDT,17313901.582309
2026-05-27 00:00:00.000 UTC,Syrup USDC,1923203.1197089998
2026-05-28 00:00:00.000 UTC,Syrup USDG,5
2026-05-28 00:00:00.000 UTC,Syrup USDC,11875713.932555
2026-05-28 00:00:00.000 UTC,Syrup USDT,3099282.120189
2026-05-29 00:00:00.000 UTC,Syrup USDT,28836172.06681
2026-05-29 00:00:00.000 UTC,Syrup USDC,13112042.228377
2026-05-29 00:00:00.000 UTC,Syrup USDG,15
2026-05-30 00:00:00.000 UTC,Syrup USDT,3076570.633065
2026-05-30 00:00:00.000 UTC,Syrup USDC,4011193.1602959996
2026-05-31 00:00:00.000 UTC,Syrup USDC,994752.55758
2026-05-31 00:00:00.000 UTC,Syrup USDT,214441.937906
2026-06-01 00:00:00.000 UTC,Syrup USDC,5626220.663095
2026-06-01 00:00:00.000 UTC,Syrup USDG,5
2026-06-01 00:00:00.000 UTC,Syrup USDT,9696431.150391001
2026-06-02 00:00:00.000 UTC,High Yield Secured Lending,247.711304
2026-06-02 00:00:00.000 UTC,Syrup USDT,2086162.433631
2026-06-02 00:00:00.000 UTC,Syrup USDC,7495111.139858
2026-06-03 00:00:00.000 UTC,Syrup USDT,808398.807454
2026-06-03 00:00:00.000 UTC,Syrup USDC,4925634.13952
2026-06-04 00:00:00.000 UTC,Syrup USDT,174915
2026-06-04 00:00:00.000 UTC,Syrup USDC,3689387.209293
2026-06-05 00:00:00.000 UTC,Syrup USDC,3214705.047539
2026-06-05 00:00:00.000 UTC,Syrup USDG,14.5
2026-06-05 00:00:00.000 UTC,High Yield Secured Lending,10344.733627
2026-06-05 00:00:00.000 UTC,Syrup USDT,665200.645949
2026-06-06 00:00:00.000 UTC,Syrup USDT,1391807.219519
2026-06-06 00:00:00.000 UTC,Syrup USDC,1673109.035906
2026-06-07 00:00:00.000 UTC,Syrup USDC,1890932.282324
2026-06-07 00:00:00.000 UTC,Syrup USDT,45446
2026-06-08 00:00:00.000 UTC,Syrup USDC,10516949.101563
2026-06-08 00:00:00.000 UTC,Syrup USDG,5000
2026-06-08 00:00:00.000 UTC,Syrup USDT,2538229.107344
2026-06-09 00:00:00.000 UTC,Syrup USDC,9224697.740291998
2026-06-09 00:00:00.000 UTC,Syrup USDT,210315.480042
2026-06-09 00:00:00.000 UTC,High Yield Secured Lending,12679.99
2026-06-10 00:00:00.000 UTC,Syrup USDT,10510308.85
2026-06-10 00:00:00.000 UTC,High Yield Secured Lending,800010
2026-06-10 00:00:00.000 UTC,Syrup USDC,1181879.103876
2026-06-11 00:00:00.000 UTC,Syrup USDC,9008613.476579
2026-06-11 00:00:00.000 UTC,Syrup USDT,1244744.786105
2026-06-12 00:00:00.000 UTC,High Yield Secured Lending,49999995
2026-06-12 00:00:00.000 UTC,Syrup USDC,7379192.475066
2026-06-12 00:00:00.000 UTC,Syrup USDT,15434240.895635998
2026-06-13 00:00:00.000 UTC,Syrup USDC,7936641.573162001
2026-06-13 00:00:00.000 UTC,Syrup USDT,5996902.099378999
2026-06-13 00:00:00.000 UTC,High Yield Secured Lending,300000
2026-06-14 00:00:00.000 UTC,Syrup USDC,4833974.240088
2026-06-14 00:00:00.000 UTC,Syrup USDT,522287.547151
2026-06-15 00:00:00.000 UTC,Syrup USDC,1009537.028221
2026-06-15 00:00:00.000 UTC,Syrup USDT,31076254.882416002
2026-06-16 00:00:00.000 UTC,Syrup USDC,11056243.956276001
2026-06-16 00:00:00.000 UTC,Syrup USDT,3868328.9249800006
2026-06-17 00:00:00.000 UTC,Syrup USDC,6999768.382320999
2026-06-17 00:00:00.000 UTC,Syrup USDT,4237814.032200001
2026-06-18 00:00:00.000 UTC,Syrup USDT,31500522.23484
2026-06-18 00:00:00.000 UTC,Syrup USDC,10400137.060646001
2026-06-19 00:00:00.000 UTC,Syrup USDT,13753908.005463999
2026-06-19 00:00:00.000 UTC,Syrup USDC,2657620.946668
2026-06-19 00:00:00.000 UTC,Syrup USDG,124512.166794
2026-06-20 00:00:00.000 UTC,Syrup USDT,25720843.603570998
2026-06-20 00:00:00.000 UTC,Syrup USDC,2712209.906541
2026-06-21 00:00:00.000 UTC,Syrup USDC,2931411.744985
2026-06-21 00:00:00.000 UTC,Syrup USDT,81641.754795
2026-06-22 00:00:00.000 UTC,Syrup USDC,6909126.7764719995
2026-06-22 00:00:00.000 UTC,Syrup USDT,727588.740385
2026-06-23 00:00:00.000 UTC,Syrup USDT,287531.713629
2026-06-23 00:00:00.000 UTC,Syrup USDC,705641.053937
2026-06-24 00:00:00.000 UTC,Syrup USDT,7456001.386069001
2026-06-24 00:00:00.000 UTC,High Yield Secured Lending,10977.96
2026-06-24 00:00:00.000 UTC,Syrup USDC,4816969.136812
2026-06-25 00:00:00.000 UTC,Syrup USDT,8101536.209538
2026-06-25 00:00:00.000 UTC,Syrup USDC,6833178.977279001
2026-06-25 00:00:00.000 UTC,Syrup USDG,20000000
2026-06-26 00:00:00.000 UTC,Syrup USDG,1374999.98
2026-06-26 00:00:00.000 UTC,Syrup USDC,14678729.390761
2026-06-26 00:00:00.000 UTC,High Yield Secured Lending,100005984.08
2026-06-26 00:00:00.000 UTC,Syrup USDT,10554130.134238
2026-06-27 00:00:00.000 UTC,Syrup USDC,515265.3236989999
2026-06-27 00:00:00.000 UTC,Syrup USDT,61167.787241
2026-06-28 00:00:00.000 UTC,Syrup USDC,2605140.1074940003
2026-06-28 00:00:00.000 UTC,High Yield Secured Lending,13329.13
2026-06-28 00:00:00.000 UTC,Syrup USDT,2213729.288951
2026-06-29 00:00:00.000 UTC,Syrup USDT,2677986.5737890005
2026-06-29 00:00:00.000 UTC,Syrup USDC,4116682.383068
2026-06-29 00:00:00.000 UTC,High Yield Secured Lending,100006022.78
2026-06-30 00:00:00.000 UTC,High Yield Secured Lending,50000015
2026-06-30 00:00:00.000 UTC,Syrup USDT,7555404.724056998
2026-06-30 00:00:00.000 UTC,Syrup USDC,15573807.979729
2026-06-30 00:00:00.000 UTC,Syrup USDG,10600000.9
2026-07-01 00:00:00.000 UTC,Syrup USDG,3
2026-07-01 00:00:00.000 UTC,Syrup USDT,2836338.568115
2026-07-01 00:00:00.000 UTC,Syrup USDC,11963149.600309
2026-07-01 00:00:00.000 UTC,High Yield Secured Lending,18759.841481000003
2026-07-02 00:00:00.000 UTC,Syrup USDT,9822412.778209
2026-07-02 00:00:00.000 UTC,Syrup USDC,16334456.49993
2026-07-02 00:00:00.000 UTC,High Yield Secured Lending,3705677.66
2026-07-02 00:00:00.000 UTC,Syrup USDG,20008.561981
2026-07-03 00:00:00.000 UTC,Syrup USDT,6888098.429651
2026-07-03 00:00:00.000 UTC,Syrup USDC,23664766.901819006
2026-07-03 00:00:00.000 UTC,Syrup USDG,14700429.040349
2026-07-04 00:00:00.000 UTC,Syrup USDC,7861405.02528
2026-07-04 00:00:00.000 UTC,Syrup USDT,41487.073542
2026-07-05 00:00:00.000 UTC,Syrup USDT,262423.00552400004
2026-07-05 00:00:00.000 UTC,Syrup USDC,12277141.082097001
2026-07-05 00:00:00.000 UTC,Syrup USDG,9082.120638
2026-07-06 00:00:00.000 UTC,Syrup USDT,1289779.0961860002
2026-07-06 00:00:00.000 UTC,Syrup USDC,13714791.317171
2026-07-07 00:00:00.000 UTC,Syrup USDC,24130775.790089004
2026-07-07 00:00:00.000 UTC,Syrup USDT,32883.997164
2026-07-07 00:00:00.000 UTC,Syrup USDG,37792028.309701
2026-07-07 00:00:00.000 UTC,High Yield Secured Lending,3441.1383
2026-07-08 00:00:00.000 UTC,Syrup USDG,6131979.469412001
2026-07-08 00:00:00.000 UTC,Syrup USDC,12436677.600539997
2026-07-08 00:00:00.000 UTC,Syrup USDT,174527.979796
2026-07-09 00:00:00.000 UTC,Syrup USDG,2410288.065865
2026-07-09 00:00:00.000 UTC,Syrup USDC,7156851.720843
2026-07-09 00:00:00.000 UTC,Syrup USDT,15794.992369
2026-07-09 00:00:00.000 UTC,High Yield Secured Lending,50000100
2026-07-10 00:00:00.000 UTC,Syrup USDG,3677132.0525579997
2026-07-10 00:00:00.000 UTC,Syrup USDC,5578957.532294
2026-07-10 00:00:00.000 UTC,High Yield Secured Lending,11330.79
2026-07-10 00:00:00.000 UTC,Syrup USDT,1145985.766671
2026-07-11 00:00:00.000 UTC,Syrup USDT,722997.3822019999
2026-07-11 00:00:00.000 UTC,Syrup USDG,2650656.2491579996
2026-07-11 00:00:00.000 UTC,Syrup USDC,426364.770904
2026-07-12 00:00:00.000 UTC,Syrup USDC,10719839.757499
2026-07-12 00:00:00.000 UTC,Syrup USDT,506742.27474599995
2026-07-13 00:00:00.000 UTC,Syrup USDC,11261471.186125001
2026-07-13 00:00:00.000 UTC,Syrup USDT,173485.67275
2026-07-14 00:00:00.000 UTC,Syrup USDT,3503605.800953
2026-07-14 00:00:00.000 UTC,Syrup USDG,2500000
2026-07-14 00:00:00.000 UTC,Syrup USDC,25264273.346693996
2026-07-15 00:00:00.000 UTC,Syrup USDT,178357.640311
2026-07-15 00:00:00.000 UTC,Syrup USDG,13165326.035853999
2026-07-15 00:00:00.000 UTC,Syrup USDC,31497887.293387998
2026-07-16 00:00:00.000 UTC,Syrup USDC,19627831.047718
2026-07-16 00:00:00.000 UTC,High Yield Secured Lending,60000015
2026-07-16 00:00:00.000 UTC,Syrup USDG,204494.74642
2026-07-16 00:00:00.000 UTC,Syrup USDT,74901.82623800001
2026-07-17 00:00:00.000 UTC,Syrup USDT,2715868.3545939997
2026-07-17 00:00:00.000 UTC,Syrup USDG,700599.281131
2026-07-17 00:00:00.000 UTC,Syrup USDC,4035254.5741530005
2026-07-18 00:00:00.000 UTC,Syrup USDT,14577.280647
2026-07-18 00:00:00.000 UTC,Syrup USDC,3449581.3605419993
2026-07-18 00:00:00.000 UTC,Syrup USDG,1683974.468538
2026-07-18 00:00:00.000 UTC,High Yield Secured Lending,10.291968
2026-07-19 00:00:00.000 UTC,Syrup USDG,17998.972199
2026-07-19 00:00:00.000 UTC,Syrup USDT,76.529055
2026-07-19 00:00:00.000 UTC,Syrup USDC,1478929.068611
2026-07-20 00:00:00.000 UTC,Syrup USDC,14623809.388233999
2026-07-20 00:00:00.000 UTC,High Yield Secured Lending,140000000
2026-07-20 00:00:00.000 UTC,Syrup USDT,678590.12058
2026-07-20 00:00:00.000 UTC,Syrup USDG,1352682.051057
2026-07-21 00:00:00.000 UTC,Syrup USDT,108679.318549
2026-07-21 00:00:00.000 UTC,Syrup USDG,11999011.876131002
2026-07-21 00:00:00.000 UTC,Syrup USDC,7083368.736327
2026-07-22 00:00:00.000 UTC,Syrup USDG,3050864.205979
2026-07-22 00:00:00.000 UTC,Syrup USDC,2407684.271666
2026-07-22 00:00:00.000 UTC,Syrup USDT,1901499.831793
2026-07-23 00:00:00.000 UTC,Syrup USDC,12022154.115304999
2026-07-23 00:00:00.000 UTC,Syrup USDG,7504516.302019001
2026-07-23 00:00:00.000 UTC,Syrup USDT,12885.329354
2026-07-24 00:00:00.000 UTC,Syrup USDT,17493599.572373
2026-07-24 00:00:00.000 UTC,Syrup USDC,917770.714368
2026-07-24 00:00:00.000 UTC,Syrup USDG,1196386.155636
2026-07-25 00:00:00.000 UTC,Syrup USDT,313236.38485599996
2026-07-25 00:00:00.000 UTC,Syrup USDC,3134067.0077629997
2026-07-25 00:00:00.000 UTC,Syrup USDG,251878.237929
2026-07-26 00:00:00.000 UTC,Syrup USDG,2008572.6019589999
2026-07-26 00:00:00.000 UTC,Syrup USDC,424127.930004
2026-07-26 00:00:00.000 UTC,Syrup USDT,947779.931535
2026-07-27 00:00:00.000 UTC,Syrup USDG,3670848.777991
2026-07-27 00:00:00.000 UTC,Syrup USDC,3744462.2073390004
2026-07-27 00:00:00.000 UTC,Syrup USDT,4872862.7114470005
2026-07-28 00:00:00.000 UTC,Syrup USDC,14415780.281599
2026-07-28 00:00:00.000 UTC,Syrup USDG,1248675.6071559999
2026-07-28 00:00:00.000 UTC,Syrup USDT,3900776.700665999
2026-07-29 00:00:00.000 UTC,Syrup USDC,4803008.130422
2026-07-29 00:00:00.000 UTC,Syrup USDT,2682246.315545
2026-07-29 00:00:00.000 UTC,Syrup USDG,1280209.057927
2026-07-30 00:00:00.000 UTC,Syrup USDG,1898356.301781
2026-07-30 00:00:00.000 UTC,Syrup USDT,11847550.707461
2026-07-30 00:00:00.000 UTC,High Yield Secured Lending,55475
2026-07-30 00:00:00.000 UTC,Syrup USDC,4555803.497412
2026-07-31 00:00:00.000 UTC,Syrup USDT,10995543.772597002
2026-07-31 00:00:00.000 UTC,Syrup USDC,3916366.7890920006
2026-07-31 00:00:00.000 UTC,Syrup USDG,3108452.447058
2026-08-01 00:00:00.000 UTC,High Yield Secured Lending,24102.61
2026-08-01 00:00:00.000 UTC,Syrup USDG,6342376.574495
2026-08-01 00:00:00.000 UTC,Syrup USDC,10570124.909789002
2026-08-01 00:00:00.000 UTC,Syrup USDT,17235766.097445
2026-08-02 00:00:00.000 UTC,Syrup USDC,2038832.4786719999
2026-08-02 00:00:00.000 UTC,Syrup USDT,5047025.936408999
2026-08-02 00:00:00.000 UTC,Syrup USDG,2203106.449197
2026-08-03 00:00:00.000 UTC,Syrup USDC,9653884.164305998
2026-08-03 00:00:00.000 UTC,Syrup USDG,2357955.847445
2026-08-03 00:00:00.000 UTC,Syrup USDT,1357927.3202509999
2026-08-04 00:00:00.000 UTC,Syrup USDG,3611860.348437
2026-08-04 00:00:00.000 UTC,Syrup USDC,20844043.485354997
2026-08-04 00:00:00.000 UTC,Syrup USDT,2854109.9830780006
2026-08-05 00:00:00.000 UTC,Syrup USDG,10834449.324119
2026-08-05 00:00:00.000 UTC,Syrup USDT,3285797.6189980004
2026-08-05 00:00:00.000 UTC,Syrup USDC,15844592.263106
2026-08-06 00:00:00.000 UTC,Syrup USDC,8554640.272383
2026-08-06 00:00:00.000 UTC,Syrup USDT,2552272.6485059992
2026-08-06 00:00:00.000 UTC,High Yield Secured Lending,20010
2026-08-06 00:00:00.000 UTC,Syrup USDG,6374659.200727001
2026-08-07 00:00:00.000 UTC,Syrup USDC,3407210.9949580007
2026-08-07 00:00:00.000 UTC,Syrup USDG,176892.66023
2026-08-07 00:00:00.000 UTC,Syrup USDT,193263.32381600002
2026-08-08 00:00:00.000 UTC,Syrup USDC,1503167.371734
2026-08-08 00:00:00.000 UTC,Syrup USDG,7614549.8406259995
2026-08-08 00:00:00.000 UTC,Syrup USDT,17097.438117
2026-08-09 00:00:00.000 UTC,Syrup USDG,941760.57262
2026-08-09 00:00:00.000 UTC,Syrup USDC,253749.540768
2026-08-09 00:00:00.000 UTC,Syrup USDT,90024.459371
2026-08-10 00:00:00.000 UTC,Syrup USDT,839016.433482
2026-08-10 00:00:00.000 UTC,Syrup USDG,354001.516019
2026-08-10 00:00:00.000 UTC,Syrup USDC,5293701.463814
2026-08-11 00:00:00.000 UTC,Syrup USDT,512568.71915799996
2026-08-11 00:00:00.000 UTC,Syrup USDC,3820395.270088999
2026-08-11 00:00:00.000 UTC,Syrup USDG,2548289.119594
2026-08-12 00:00:00.000 UTC,Syrup USDG,2186179.438207
2026-08-12 00:00:00.000 UTC,Syrup USDT,898329.5787849999
2026-08-12 00:00:00.000 UTC,High Yield Secured Lending,8586.78
2026-08-12 00:00:00.000 UTC,Syrup USDC,466547.6312680001
2026-08-13 00:00:00.000 UTC,High Yield Secured Lending,5145.39
2026-08-13 00:00:00.000 UTC,Syrup USDT,609608.96156
2026-08-13 00:00:00.000 UTC,Syrup USDG,465426.74159899994
2026-08-13 00:00:00.000 UTC,Syrup USDC,297436.6940469999
2026-08-14 00:00:00.000 UTC,Syrup USDT,3269088.95043
2026-08-14 00:00:00.000 UTC,Syrup USDG,11122071.028762002
2026-08-14 00:00:00.000 UTC,Syrup USDC,2102614.441176
2026-08-15 00:00:00.000 UTC,Syrup USDG,100101.01
2026-08-15 00:00:00.000 UTC,Syrup USDC,1580460.205148
2026-08-15 00:00:00.000 UTC,Syrup USDT,864137.38459
2026-08-16 00:00:00.000 UTC,Syrup USDG,3160101.264895
2026-08-16 00:00:00.000 UTC,Syrup USDC,3329276.43257
2026-08-16 00:00:00.000 UTC,Syrup USDT,226426.845369
2026-08-17 00:00:00.000 UTC,Syrup USDC,5801494.103491999
2026-08-17 00:00:00.000 UTC,Syrup USDT,740380.531765
2026-08-17 00:00:00.000 UTC,Syrup USDG,3918497.284
2026-08-18 00:00:00.000 UTC,Syrup USDG,4003898.232114
2026-08-18 00:00:00.000 UTC,Syrup USDC,3133523.491751
2026-08-18 00:00:00.000 UTC,Syrup USDT,1182525.908546
2026-08-19 00:00:00.000 UTC,Syrup USDT,7150906.032703999
2026-08-19 00:00:00.000 UTC,Syrup USDG,165765.383166
2026-08-19 00:00:00.000 UTC,Syrup USDC,1549573.520468
2026-08-20 00:00:00.000 UTC,Syrup USDC,6367410.3851
2026-08-20 00:00:00.000 UTC,Syrup USDT,673806.382294
2026-08-20 00:00:00.000 UTC,Syrup USDG,1895410.5588560002
2026-08-20 00:00:00.000 UTC,High Yield Secured Lending,20410
2026-08-21 00:00:00.000 UTC,Syrup USDC,2391424.7909589997
2026-08-21 00:00:00.000 UTC,Syrup USDT,17888086.269568
2026-08-21 00:00:00.000 UTC,Syrup USDG,767849.808354
2026-08-22 00:00:00.000 UTC,Syrup USDT,13254.485906
2026-08-22 00:00:00.000 UTC,Syrup USDG,3854037.406137
2026-08-22 00:00:00.000 UTC,Syrup USDC,2258213.942202
2026-08-23 00:00:00.000 UTC,Syrup USDC,608858.0691089999
2026-08-23 00:00:00.000 UTC,Syrup USDT,468488.242685
2026-08-23 00:00:00.000 UTC,Syrup USDG,2450000
2026-08-24 00:00:00.000 UTC,Syrup USDG,10657142.514992002
2026-08-24 00:00:00.000 UTC,Syrup USDT,726168.230317
2026-08-24 00:00:00.000 UTC,Syrup USDC,3817657.8740449995
2026-08-25 00:00:00.000 UTC,Syrup USDG,13.466953
2026-08-25 00:00:00.000 UTC,Syrup USDT,164371.76719
2026-08-25 00:00:00.000 UTC,Syrup USDC,1933898.8980729997
2026-08-26 00:00:00.000 UTC,Syrup USDT,67045.69872999999
2026-08-26 00:00:00.000 UTC,Syrup USDG,747020.3902189999
2026-08-26 00:00:00.000 UTC,Syrup USDC,2202408.702393
2026-08-27 00:00:00.000 UTC,Syrup USDT,755582.457017
2026-08-27 00:00:00.000 UTC,Syrup USDC,658903.432963
2026-08-28 00:00:00.000 UTC,Syrup USDT,101333.271624
2026-08-28 00:00:00.000 UTC,Syrup USDC,3185497.4252420003
2026-08-29 00:00:00.000 UTC,Syrup USDT,4013.6597629999997
2026-08-29 00:00:00.000 UTC,Syrup USDG,247447.199934
2026-08-29 00:00:00.000 UTC,Syrup USDC,739765.4719550001
2026-08-30 00:00:00.000 UTC,Syrup USDT,401675.34700500005
2026-08-30 00:00:00.000 UTC,Syrup USDC,13216399.356913002
2026-08-31 00:00:00.000 UTC,Syrup USDC,4677514.666467001
2026-08-31 00:00:00.000 UTC,Syrup USDG,12396271.253188
2026-08-31 00:00:00.000 UTC,Syrup USDT,1519377.511356
2026-09-01 00:00:00.000 UTC,Syrup USDG,4308679.839201
2026-09-01 00:00:00.000 UTC,Syrup USDC,1349959.21776
2026-09-01 00:00:00.000 UTC,High Yield Secured Lending,901088.826782
2026-09-01 00:00:00.000 UTC,Syrup USDT,731195.496241
2026-09-02 00:00:00.000 UTC,Syrup USDT,924432.183775
2026-09-02 00:00:00.000 UTC,Syrup USDG,7061919.168669
2026-09-02 00:00:00.000 UTC,Syrup USDC,1576474.4436110004
2026-09-02 00:00:00.000 UTC,High Yield Secured Lending,5999.83
2026-09-03 00:00:00.000 UTC,Syrup USDG,995999.721811
2026-09-03 00:00:00.000 UTC,Syrup USDC,12796733.418689998
2026-09-03 00:00:00.000 UTC,Syrup USDT,9534510.134714
2026-09-04 00:00:00.000 UTC,Syrup USDT,1571540.090623
2026-09-04 00:00:00.000 UTC,Syrup USDG,2788705.21289
2026-09-04 00:00:00.000 UTC,Syrup USDC,4841260.488721
2026-09-04 00:00:00.000 UTC,High Yield Secured Lending,2002.21003
2026-09-05 00:00:00.000 UTC,Syrup USDT,5064.062014
2026-09-05 00:00:00.000 UTC,High Yield Secured Lending,7272.63
2026-09-05 00:00:00.000 UTC,Syrup USDC,1298110.897852
2026-09-05 00:00:00.000 UTC,Syrup USDG,247105.128417
2026-09-06 00:00:00.000 UTC,Syrup USDC,4070891.7625179994
2026-09-06 00:00:00.000 UTC,Syrup USDT,1061.4404599999998
2026-09-06 00:00:00.000 UTC,Syrup USDG,700000.813915
2026-09-07 00:00:00.000 UTC,Syrup USDC,4939241.506767
2026-09-07 00:00:00.000 UTC,High Yield Secured Lending,250000
2026-09-07 00:00:00.000 UTC,Syrup USDT,91216.915
2026-09-07 00:00:00.000 UTC,Syrup USDG,950274.6745239999
2026-09-08 00:00:00.000 UTC,Syrup USDT,1002.825075
2026-09-08 00:00:00.000 UTC,Syrup USDG,3574871.83765
2026-09-08 00:00:00.000 UTC,Syrup USDC,1112969.5060339998
2026-09-09 00:00:00.000 UTC,Syrup USDT,624726.1978219999
2026-09-09 00:00:00.000 UTC,Syrup USDG,930617.74314
2026-09-09 00:00:00.000 UTC,Syrup USDC,4239672.297369
2026-09-10 00:00:00.000 UTC,Syrup USDG,1272576.731697
2026-09-10 00:00:00.000 UTC,Syrup USDC,3468454.0538050006
2026-09-10 00:00:00.000 UTC,High Yield Secured Lending,9796.5
2026-09-10 00:00:00.000 UTC,Syrup USDT,10000.13648
2026-09-11 00:00:00.000 UTC,Syrup USDC,7213271.107088
2026-09-11 00:00:00.000 UTC,Syrup USDT,4133333.2841170006
2026-09-11 00:00:00.000 UTC,Syrup USDG,19914.983883
