date,pool_name,xirr_30day
2023-06-05,Maple Cash USDC1,0.02078456916
2023-06-06,Maple Cash USDC1,0.02238487454
2023-06-07,Maple Cash USDC1,0.02394159632
2023-06-08,Maple Cash USDC1,0.02547273308
2023-06-09,Maple Cash USDC1,0.02702592917
2023-06-10,Maple Cash USDC1,0.02858128414
2023-06-11,Maple Cash USDC1,0.0301388007
2023-06-12,Maple Cash USDC1,0.03168167469
2023-06-13,Maple Cash USDC1,0.03324656527
2023-06-14,Maple Cash USDC1,0.0348121937
2023-06-15,Maple Cash USDC1,0.03637085791
2023-06-16,Maple Cash USDC1,0.03790724717
2023-06-17,Maple Cash USDC1,0.03948352229
2023-06-18,Maple Cash USDC1,0.04106199427
2023-06-19,Maple Cash USDC1,0.0426398005
2023-06-20,Maple Cash USDC1,0.04420036043
2023-06-21,Maple Cash USDC1,0.04575256693
2023-06-22,Maple Cash USDC1,0.04731424773
2023-06-23,Maple Cash USDC1,0.04890943106
2023-06-24,Maple Cash USDC1,0.04874195355
2023-06-25,Maple Cash USDC1,0.04851875336
2023-06-26,Maple Cash USDC1,0.04825136149
2023-06-27,Maple Cash USDC1,0.04793358585
2023-06-28,Maple Cash USDC1,0.04759404809
2023-06-29,Maple Cash USDC1,0.04736235532
2023-06-30,Maple Cash USDC1,0.04714616974
2023-07-01,Maple Cash USDC1,0.04707135375
2023-07-02,Maple Cash USDC1,0.04704496423
2023-07-03,Maple Cash USDC1,0.04700682552
2023-07-04,Maple Cash USDC1,0.04693195505
2023-07-05,Maple Cash USDC1,0.04704731024
2023-07-06,Maple Cash USDC1,0.04699955847
2023-07-07,Maple Cash USDC1,0.0468026849
2023-07-08,Maple Cash USDC1,0.04687945794
2023-07-09,Maple Cash USDC1,0.04663218962
2023-07-10,Maple Cash USDC1,0.04645669548
2023-07-11,Maple Cash USDC1,0.04650992443
2023-07-12,Maple Cash USDC1,0.04656063457
2023-07-13,Maple Cash USDC1,0.04662894319
2023-07-14,Maple Cash USDC1,0.04668726368
2023-07-15,Maple Cash USDC1,0.04675480543
2023-07-16,Maple Cash USDC1,0.0468565204
2023-07-17,Maple Cash USDC1,0.04693240382
2023-07-18,Maple Cash USDC1,0.04699839388
2023-07-19,Maple Cash USDC1,0.04705109592
2023-07-20,Maple Cash USDC1,0.04712328209
2023-07-21,Maple Cash USDC1,0.04720649327
2023-07-22,Maple Cash USDC1,0.04728552902
2023-07-23,Maple Cash USDC1,0.0464395458
2023-07-24,Maple Cash USDC1,0.0464912299
2023-07-25,Maple Cash USDC1,0.04654290347
2023-07-26,Maple Cash USDC1,0.04663879516
2023-07-27,Maple Cash USDC1,0.04682375871
2023-07-28,Maple Cash USDC1,0.04702444351
2023-07-29,Maple Cash USDC1,0.04712134339
2023-07-30,Maple Cash USDC1,0.04720996599
2023-07-31,Maple Cash USDC1,0.04728231692
2023-08-01,Maple Cash USDC1,0.04734707311
2023-08-02,Maple Cash USDC1,0.04741776089
2023-08-03,Maple Cash USDC1,0.04751334118
2023-08-04,Maple Cash USDC1,0.0476211956
2023-08-05,Maple Cash USDC1,0.04777019211
2023-08-06,Maple Cash USDC1,0.04806579319
2023-08-07,Maple Cash USDC1,0.04811426811
2023-08-08,Maple Cash USDC1,0.04847037952
2023-08-09,Maple Cash USDC1,0.04875702971
2023-08-10,Maple Cash USDC1,0.0487860354
2023-08-11,Maple Cash USDC1,0.04879411352
2023-08-12,Maple Cash USDC1,0.04883401203
2023-08-13,Maple Cash USDC1,0.04888535787
2023-08-14,Maple Cash USDC1,0.04893669281
2023-08-14,AQRU Maple Pool USDC1,0.1217831433
2023-08-15,Maple Cash USDC1,0.0489784507
2023-08-15,AQRU Maple Pool USDC1,0.1235152356
2023-08-16,AQRU Maple Pool USDC1,0.12530556
2023-08-16,Maple Cash USDC1,0.04900792326
2023-08-17,Maple Cash USDC1,0.04904342458
2023-08-17,AQRU Maple Pool USDC1,0.1268303085
2023-08-18,AQRU Maple Pool USDC1,0.1282150057
2023-08-18,Maple Cash USDC1,0.0490980743
2023-08-19,AQRU Maple Pool USDC1,0.1299390557
2023-08-19,Maple Cash USDC1,0.04915271258
2023-08-20,AQRU Maple Pool USDC1,0.1316646368
2023-08-20,Maple Cash USDC1,0.04919991199
2023-08-21,AQRU Maple Pool USDC1,0.1333917492
2023-08-21,Maple Cash USDC1,0.04923829579
2023-08-22,AQRU Maple Pool USDC1,0.1351203928
2023-08-22,Maple Cash USDC1,0.04928334056
2023-08-23,Maple Cash USDC1,0.04934089921
2023-08-23,AQRU Maple Pool USDC1,0.1368505677
2023-08-24,Maple Cash USDC1,0.04931282969
2023-08-24,AQRU Maple Pool USDC1,0.1382454986
2023-08-25,Maple Cash USDC1,0.04922575712
2023-08-25,AQRU Maple Pool USDC1,0.1392965721
2023-08-26,AQRU Maple Pool USDC1,0.1410484041
2023-08-26,Maple Cash USDC1,0.04924619463
2023-08-27,AQRU Maple Pool USDC1,0.1428018089
2023-08-27,Maple Cash USDC1,0.04927381673
2023-08-28,AQRU Maple Pool USDC1,0.1445567865
2023-08-28,Maple Cash USDC1,0.04930081698
2023-08-29,AQRU Maple Pool USDC1,0.146313337
2023-08-29,Maple Cash USDC1,0.04931513006
2023-08-30,AQRU Maple Pool USDC1,0.1472894004
2023-08-30,Maple Cash USDC1,0.0493285908
2023-08-31,Maple Cash USDC1,0.04934794678
2023-08-31,AQRU Maple Pool USDC1,0.1529221174
2023-09-01,Maple Cash USDC1,0.04936417379
2023-09-01,AQRU Maple Pool USDC1,0.1498791615
2023-09-02,Maple Cash USDC1,0.04940008484
2023-09-02,AQRU Maple Pool USDC1,0.1497666061
2023-09-03,AQRU Maple Pool USDC1,0.1495302887
2023-09-03,Maple Cash USDC1,0.04942094067
2023-09-04,AQRU Maple Pool USDC1,0.1491174213
2023-09-04,Maple Cash USDC1,0.05020674006
2023-09-05,AQRU Maple Pool USDC1,0.1488731053
2023-09-05,Maple Cash USDC1,0.05019530991
2023-09-06,AQRU Maple Pool USDC1,0.1488457787
2023-09-06,Maple Cash USDC1,0.05019973715
2023-09-07,Maple Cash USDC1,0.05019541352
2023-09-07,AQRU Maple Pool USDC1,0.148801546
2023-09-08,Maple Cash USDC1,0.05019417049
2023-09-08,AQRU Maple Pool USDC1,0.1487573485
2023-09-09,AQRU Maple Pool USDC1,0.148713186
2023-09-09,Maple Cash USDC1,0.05022872692
2023-09-10,Maple Cash USDC1,0.05030385249
2023-09-10,AQRU Maple Pool USDC1,0.1486998712
2023-09-11,AQRU Maple Pool USDC1,0.1491585064
2023-09-11,Maple Cash USDC1,0.05030919838
2023-09-12,Maple Cash USDC1,0.0503057708
2023-09-12,AQRU Maple Pool USDC1,0.1496169947
2023-09-13,AQRU Maple Pool USDC1,0.1499655795
2023-09-13,Maple Cash USDC1,0.05026509997
2023-09-14,AQRU Maple Pool USDC1,0.14989802
2023-09-14,Maple Cash USDC1,0.05022891584
2023-09-15,Maple Cash USDC1,0.05023496975
2023-09-15,AQRU Maple Pool USDC1,0.1499480896
2023-09-16,AQRU Maple Pool USDC1,0.1500491861
2023-09-16,Maple Cash USDC1,0.05024488821
2023-09-17,AQRU Maple Pool USDC1,0.1501825301
2023-09-17,Maple Cash USDC1,0.05025182728
2023-09-18,AQRU Maple Pool USDC1,0.1500839351
2023-09-18,Maple Cash USDC1,0.05025876356
2023-09-19,AQRU Maple Pool USDC1,0.1499854231
2023-09-19,Maple Cash USDC1,0.05027260464
2023-09-20,Maple Cash USDC1,0.05029404381
2023-09-20,AQRU Maple Pool USDC1,0.1498869941
2023-09-21,Maple Cash USDC1,0.0503088016
2023-09-21,AQRU Maple Pool USDC1,0.149788648
2023-09-22,AQRU Maple Pool USDC1,0.1496903846
2023-09-22,Maple Cash USDC1,0.05031102028
2023-09-23,AQRU Maple Pool USDC1,0.1499323364
2023-09-23,Maple Cash USDC1,0.05039893624
2023-09-24,AQRU Maple Pool USDC1,0.1505221654
2023-09-24,Maple Cash USDC1,0.05054591861
2023-09-25,Maple Cash USDC1,0.05053835754
2023-09-25,AQRU Maple Pool USDC1,0.150405296
2023-09-26,Maple Cash USDC1,0.05053844822
2023-09-26,AQRU Maple Pool USDC1,0.1502885268
2023-09-27,AQRU Maple Pool USDC1,0.1501718578
2023-09-27,Maple Cash USDC1,0.05053816955
2023-09-28,AQRU Maple Pool USDC1,0.1500552887
2023-09-28,Maple Cash USDC1,0.05054256805
2023-09-29,Maple Cash USDC1,0.05054762002
2023-09-29,AQRU Maple Pool USDC1,0.1567944149
2023-09-30,Maple Cash USDC1,0.05055383413
2023-09-30,AQRU Maple Pool USDC1,0.1527315104
2023-10-01,AQRU Maple Pool USDC1,0.1526314383
2023-10-01,Maple Cash USDC1,0.05055721235
2023-10-02,AQRU Maple Pool USDC1,0.1525198511
2023-10-02,Maple Cash USDC1,0.05055277056
2023-10-03,AQRU Maple Pool USDC1,0.1525523381
2023-10-03,Maple Cash USDC1,0.05054832997
2023-10-04,Maple Cash USDC1,0.05047865315
2023-10-04,AQRU Maple Pool USDC1,0.1528181626
2023-10-05,Maple Cash USDC1,0.0504900634
2023-10-05,AQRU Maple Pool USDC1,0.1529002093
2023-10-06,Maple Cash USDC1,0.05049165232
2023-10-06,AQRU Maple Pool USDC1,0.1527646653
2023-10-07,Maple Cash USDC1,0.05046541363
2023-10-07,AQRU Maple Pool USDC1,0.1524975315
2023-10-08,AQRU Maple Pool USDC1,0.1522248022
2023-10-08,Maple Cash USDC1,0.05044182698
2023-10-09,Maple Cash USDC1,0.05039980122
2023-10-09,AQRU Maple Pool USDC1,0.1519523374
2023-10-10,Maple Cash USDC1,0.05037767148
2023-10-10,AQRU Maple Pool USDC1,0.1516801366
2023-10-11,AQRU Maple Pool USDC1,0.1514081995
2023-10-11,Maple Cash USDC1,0.05038292044
2023-10-12,Maple Cash USDC1,0.05037946581
2023-10-12,AQRU Maple Pool USDC1,0.1512201114
2023-10-13,Maple Cash USDC1,0.05040665526
2023-10-13,AQRU Maple Pool USDC1,0.1511248684
2023-10-14,AQRU Maple Pool USDC1,0.1510723522
2023-10-14,Maple Cash USDC1,0.0503661343
2023-10-15,AQRU Maple Pool USDC1,0.1510198776
2023-10-15,Maple Cash USDC1,0.05024044619
2023-10-16,Maple Cash USDC1,0.05016137759
2023-10-16,AQRU Maple Pool USDC1,0.1507065849
2023-10-17,Maple Cash USDC1,0.05013667044
2023-10-17,AQRU Maple Pool USDC1,0.1489284692
2023-10-18,Maple Cash USDC1,0.05009985713
2023-10-18,AQRU Maple Pool USDC1,0.1490125085
2023-10-19,Maple Cash USDC1,0.05005633033
2023-10-19,AQRU Maple Pool USDC1,0.1490846381
2023-10-20,Maple Cash USDC1,0.05002792277
2023-10-20,AQRU Maple Pool USDC1,0.149147298
2023-10-21,AQRU Maple Pool USDC1,0.149179458
2023-10-21,Maple Cash USDC1,0.04999548659
2023-10-22,AQRU Maple Pool USDC1,0.149163324
2023-10-22,Maple Cash USDC1,0.04996305998
2023-10-23,AQRU Maple Pool USDC1,0.1491472023
2023-10-23,Maple Cash USDC1,0.0499306421
2023-10-24,Maple Cash USDC1,0.04989671876
2023-10-24,AQRU Maple Pool USDC1,0.1491686112
2023-10-25,Maple Cash USDC1,0.04978595282
2023-10-25,AQRU Maple Pool USDC1,0.149227524
2023-10-26,AQRU Maple Pool USDC1,0.1491962545
2023-10-26,Maple Cash USDC1,0.04960446541
2023-10-27,Maple Cash USDC1,0.04953142309
2023-10-27,AQRU Maple Pool USDC1,0.1492875269
2023-10-27,Maple Direct USDC1,0.08216095648
2023-10-28,AQRU Maple Pool USDC1,0.1493787378
2023-10-28,Maple Direct USDC1,0.08228034173
2023-10-28,Maple Cash USDC1,0.04951441892
2023-10-29,Maple Cash USDC1,0.04949761446
2023-10-29,Maple Direct USDC1,0.08239968563
2023-10-29,AQRU Maple Pool USDC1,0.1426576996
2023-10-30,Maple Cash USDC1,0.04948134957
2023-10-30,AQRU Maple Pool USDC1,0.1443420298
2023-10-30,Maple Direct USDC1,0.0825189882
2023-10-31,AQRU Maple Pool USDC1,0.1445736445
2023-10-31,Maple Cash USDC1,0.04946008618
2023-10-31,Maple Direct USDC1,0.08263824947
2023-11-01,Maple Cash USDC1,0.04944453906
2023-11-01,Maple Direct USDC1,0.08275746945
2023-11-01,AQRU Maple Pool USDC1,0.1448166531
2023-11-02,Maple Cash USDC1,0.04942899629
2023-11-02,Maple Direct USDC1,0.08286858068
2023-11-02,AQRU Maple Pool USDC1,0.1450398471
2023-11-03,Maple Direct USDC1,0.08294356619
2023-11-03,Maple Cash USDC1,0.04864778422
2023-11-03,AQRU Maple Pool USDC1,0.1452072327
2023-11-04,Maple Direct USDC1,0.08301834189
2023-11-04,Maple Cash USDC1,0.04864033423
2023-11-04,AQRU Maple Pool USDC1,0.1453893494
2023-11-05,Maple Cash USDC1,0.04862841702
2023-11-05,AQRU Maple Pool USDC1,0.1455713585
2023-11-05,Maple Direct USDC1,0.08309325177
2023-11-06,AQRU Maple Pool USDC1,0.1459010807
2023-11-06,Maple Cash USDC1,0.04864791217
2023-11-06,Maple Direct USDC1,0.08316848055
2023-11-07,AQRU Maple Pool USDC1,0.1462329732
2023-11-07,Maple Cash USDC1,0.04865258527
2023-11-07,Maple Direct USDC1,0.08324368052
2023-11-08,Maple Direct USDC1,0.08333785139
2023-11-08,AQRU Maple Pool USDC1,0.1465460367
2023-11-08,Maple Cash USDC1,0.04867454415
2023-11-09,AQRU Maple Pool USDC1,0.1468589552
2023-11-09,Maple Cash USDC1,0.04865505022
2023-11-09,Maple Direct USDC1,0.08345946971
2023-11-10,AQRU Maple Pool USDC1,0.1471717288
2023-11-10,Maple Cash USDC1,0.0485464577
2023-11-10,Maple Direct USDC1,0.08358104628
2023-11-11,AQRU Maple Pool USDC1,0.1473951828
2023-11-11,Maple Cash USDC1,0.04845534704
2023-11-11,Maple Direct USDC1,0.08370258112
2023-11-12,Maple Cash USDC1,0.04837085986
2023-11-12,AQRU Maple Pool USDC1,0.1475123291
2023-11-12,Maple Direct USDC1,0.08382407425
2023-11-13,AQRU Maple Pool USDC1,0.1473831516
2023-11-13,Maple Cash USDC1,0.04834950472
2023-11-13,Maple Direct USDC1,0.08394552569
2023-11-14,Maple Cash USDC1,0.04837119406
2023-11-14,Maple Direct USDC1,0.08406693547
2023-11-14,AQRU Maple Pool USDC1,0.1471812384
2023-11-15,AQRU Maple Pool USDC1,0.1473724946
2023-11-15,Maple Cash USDC1,0.04834662923
2023-11-15,Maple Direct USDC1,0.0841883036
2023-11-16,Maple Direct USDC1,0.08431056529
2023-11-16,Maple Cash USDC1,0.04821325303
2023-11-16,AQRU Maple Pool USDC1,0.1490223353
2023-11-17,AQRU Maple Pool USDC1,0.1488733588
2023-11-17,Maple Cash USDC1,0.04821164359
2023-11-17,Maple Direct USDC1,0.08443400644
2023-11-18,AQRU Maple Pool USDC1,0.1489185087
2023-11-18,Maple Direct USDC1,0.08455740549
2023-11-18,Maple Cash USDC1,0.04821627623
2023-11-19,Maple Direct USDC1,0.08468076246
2023-11-19,Maple Cash USDC1,0.04820582707
2023-11-19,AQRU Maple Pool USDC1,0.1489635791
2023-11-20,Maple Cash USDC1,0.04819940157
2023-11-20,AQRU Maple Pool USDC1,0.149038842
2023-11-20,Maple Direct USDC1,0.08480407737
2023-11-21,AQRU Maple Pool USDC1,0.1491623214
2023-11-21,Maple Direct USDC1,0.08453427892
2023-11-21,Maple Cash USDC1,0.04819297801
2023-11-22,Maple Cash USDC1,0.04819229504
2023-11-22,AQRU Maple Pool USDC1,0.1492857207
2023-11-22,Maple Direct USDC1,0.08465353538
2023-11-23,Maple Cash USDC1,0.04814757821
2023-11-23,Maple Direct USDC1,0.08499769373
2023-11-23,AQRU Maple Pool USDC1,0.149371514
2023-11-24,Maple Direct USDC1,0.0854001325
2023-11-24,Maple Cash USDC1,0.04821031998
2023-11-24,AQRU Maple Pool USDC1,0.1494197217
2023-11-25,AQRU Maple Pool USDC1,0.1495580571
2023-11-25,Maple Direct USDC1,0.08680439645
2023-11-25,Maple Cash USDC1,0.04837142403
2023-11-26,AQRU Maple Pool USDC1,0.1495737435
2023-11-26,Maple Cash USDC1,0.04842461621
2023-11-26,Maple Direct USDC1,0.08805795872
2023-11-27,Maple Cash USDC1,0.0484231364
2023-11-27,AQRU Maple Pool USDC1,0.1495894183
2023-11-27,Maple Direct USDC1,0.08810113585
2023-11-28,AQRU Maple Pool USDC1,0.1495817037
2023-11-28,Maple Cash USDC1,0.04842487595
2023-11-28,Maple Direct USDC1,0.08811933264
2023-11-29,Maple Cash USDC1,0.04840298886
2023-11-29,Maple Direct USDC1,0.08794934399
2023-11-29,AQRU Maple Pool USDC1,0.1492110754
2023-11-30,AQRU Maple Pool USDC1,0.1492351035
2023-11-30,Maple Direct USDC1,0.0878864784
2023-11-30,Maple Cash USDC1,0.04839995765
2023-12-01,AQRU Maple Pool USDC1,0.1492591136
2023-12-01,Maple Direct USDC1,0.08793780331
2023-12-01,Maple Cash USDC1,0.04840091381
2023-12-02,AQRU Maple Pool USDC1,0.1492831059
2023-12-02,Maple Direct USDC1,0.08799709219
2023-12-02,Maple Cash USDC1,0.04839375579
2023-12-03,Maple Direct USDC1,0.0880926134
2023-12-03,AQRU Maple Pool USDC1,0.1493070803
2023-12-03,Maple Cash USDC1,0.04837581327
2023-12-04,Maple Direct USDC1,0.08818828045
2023-12-04,Maple Cash USDC1,0.04836518181
2023-12-04,AQRU Maple Pool USDC1,0.1493310369
2023-12-05,AQRU Maple Pool USDC1,0.1493549756
2023-12-05,Maple Direct USDC1,0.08814088227
2023-12-05,Maple Cash USDC1,0.04837972389
2023-12-06,AQRU Maple Pool USDC1,0.1493788966
2023-12-06,Maple Cash USDC1,0.04839584659
2023-12-06,Maple Direct USDC1,0.08769974751
2023-12-07,AQRU Maple Pool USDC1,0.1494063133
2023-12-07,Maple Direct USDC1,0.08752926149
2023-12-07,Maple Cash USDC1,0.04841874232
2023-12-08,Maple Direct USDC1,0.08736159097
2023-12-08,Maple Cash USDC1,0.04839840841
2023-12-08,AQRU Maple Pool USDC1,0.149452437
2023-12-09,Maple Direct USDC1,0.08716644469
2023-12-09,Maple Cash USDC1,0.04841924929
2023-12-09,AQRU Maple Pool USDC1,0.1494985275
2023-12-10,Maple Direct USDC1,0.08697142122
2023-12-10,Maple Cash USDC1,0.04850104243
2023-12-10,AQRU Maple Pool USDC1,0.1495445848
2023-12-11,Maple Cash USDC1,0.04858282092
2023-12-11,AQRU Maple Pool USDC1,0.1495964805
2023-12-11,Maple Direct USDC1,0.08677652044
2023-12-12,Maple Direct USDC1,0.08658174224
2023-12-12,Maple Cash USDC1,0.04865566615
2023-12-12,AQRU Maple Pool USDC1,0.1495836997
2023-12-13,Maple Direct USDC1,0.08638039864
2023-12-13,Maple Cash USDC1,0.04872713998
2023-12-13,AQRU Maple Pool USDC1,0.1497590167
2023-12-14,AQRU Maple Pool USDC1,0.1499851574
2023-12-14,Maple Direct USDC1,0.08622165314
2023-12-14,Maple Cash USDC1,0.04880875554
2023-12-15,AQRU Maple Pool USDC1,0.1502226272
2023-12-15,Maple Cash USDC1,0.04887959591
2023-12-15,Maple Direct USDC1,0.08632379497
2023-12-16,Maple Direct USDC1,0.08642496121
2023-12-16,Maple Cash USDC1,0.0489850293
2023-12-16,AQRU Maple Pool USDC1,0.1504576363
2023-12-17,AQRU Maple Pool USDC1,0.1505746952
2023-12-17,Maple Cash USDC1,0.04899793101
2023-12-17,Maple Direct USDC1,0.08652486549
2023-12-18,Maple Cash USDC1,0.04901233813
2023-12-18,AQRU Maple Pool USDC1,0.1504574298
2023-12-18,Maple Direct USDC1,0.08662473182
2023-12-19,Maple Cash USDC1,0.04902451875
2023-12-19,Maple Direct USDC1,0.08672456023
2023-12-19,AQRU Maple Pool USDC1,0.1503836209
2023-12-20,Maple Direct USDC1,0.08682435073
2023-12-20,Maple Cash USDC1,0.04903121748
2023-12-20,AQRU Maple Pool USDC1,0.1503100996
2023-12-21,Maple Direct USDC1,0.08731804084
2023-12-21,AQRU Maple Pool USDC1,0.1502366387
2023-12-21,Maple Cash USDC1,0.04903245839
2023-12-22,Maple Cash USDC1,0.04904071865
2023-12-22,AQRU Maple Pool USDC1,0.1501632382
2023-12-22,Maple Direct USDC1,0.08742349031
2023-12-23,AQRU Maple Pool USDC1,0.1500898981
2023-12-23,Maple Direct USDC1,0.08747183627
2023-12-23,Maple Cash USDC1,0.04909589295
2023-12-24,Maple Cash USDC1,0.04912843755
2023-12-24,Maple Direct USDC1,0.08751127099
2023-12-24,AQRU Maple Pool USDC1,0.1500166183
2023-12-25,Maple Direct USDC1,0.08755068839
2023-12-25,Maple Cash USDC1,0.0491256118
2023-12-25,AQRU Maple Pool USDC1,0.1499791519
2023-12-26,AQRU Maple Pool USDC1,0.1500006827
2023-12-26,Maple Cash USDC1,0.04912104935
2023-12-26,Maple Direct USDC1,0.08747381639
2023-12-27,AQRU Maple Pool USDC1,0.1500221974
2023-12-27,Maple Direct USDC1,0.08733979667
2023-12-27,Maple Cash USDC1,0.04911798153
2023-12-28,Maple Direct USDC1,0.0872589966
2023-12-28,Maple Cash USDC1,0.04911093275
2023-12-28,AQRU Maple Pool USDC1,0.152277397
2023-12-29,Maple Cash USDC1,0.04912603424
2023-12-29,AQRU Maple Pool USDC1,0.1510793271
2023-12-29,Maple Direct USDC1,0.08736619532
2023-12-30,Maple Cash USDC1,0.04912727045
2023-12-30,AQRU Maple Pool USDC1,0.1508281177
2023-12-30,Maple Direct USDC1,0.08736622076
2023-12-31,Maple Direct USDC1,0.08725214824
2023-12-31,Maple Cash USDC1,0.0491188085
2023-12-31,AQRU Maple Pool USDC1,0.1505752459
2024-01-01,Maple Cash USDC1,0.04911846833
2024-01-01,AQRU Maple Pool USDC1,0.1503750287
2024-01-01,Maple Direct USDC1,0.08713826056
2024-01-02,AQRU Maple Pool USDC1,0.1503233784
2024-01-02,Maple Direct USDC1,0.08702443768
2024-01-02,Maple Cash USDC1,0.04913459907
2024-01-03,Maple Cash USDC1,0.04915187579
2024-01-03,AQRU Maple Pool USDC1,0.1502717699
2024-01-03,Maple Direct USDC1,0.08691067953
2024-01-04,Maple Direct USDC1,0.08693983854
2024-01-04,AQRU Maple Pool USDC1,0.1501961119
2024-01-04,Maple Cash USDC1,0.04914189397
2024-01-05,AQRU Maple Pool USDC1,0.1501594016
2024-01-05,Maple Direct USDC1,0.08736248076
2024-01-05,Maple Cash USDC1,0.04913544333
2024-01-06,Maple Cash USDC1,0.04912899445
2024-01-06,AQRU Maple Pool USDC1,0.1501227205
2024-01-06,Maple Direct USDC1,0.08751476205
2024-01-07,AQRU Maple Pool USDC1,0.1500857721
2024-01-07,Maple Direct USDC1,0.08764520784
2024-01-07,Maple Cash USDC1,0.0491596235
2024-01-08,Maple Direct USDC1,0.08777561119
2024-01-08,Maple Cash USDC1,0.04917065229
2024-01-08,AQRU Maple Pool USDC1,0.1500392294
2024-01-09,Maple Direct USDC1,0.08790597214
2024-01-09,AQRU Maple Pool USDC1,0.1499927239
2024-01-09,Maple Cash USDC1,0.04918249245
2024-01-10,Maple Direct USDC1,0.0881110413
2024-01-10,AQRU Maple Pool USDC1,0.1499462557
2024-01-10,Maple Cash USDC1,0.04918586949
2024-01-11,AQRU Maple Pool USDC1,0.1499783037
2024-01-11,Maple Cash USDC1,0.0491564332
2024-01-11,Maple Direct USDC1,0.088446327
2024-01-12,Maple Cash USDC1,0.04916063703
2024-01-12,AQRU Maple Pool USDC1,0.1500263602
2024-01-12,Maple Direct USDC1,0.08878380843
2024-01-13,Maple Direct USDC1,0.08907063771
2024-01-13,Maple Cash USDC1,0.04915451236
2024-01-13,AQRU Maple Pool USDC1,0.1500964777
2024-01-14,AQRU Maple Pool USDC1,0.1500218032
2024-01-14,Maple Cash USDC1,0.04915890929
2024-01-14,Maple Direct USDC1,0.08909588939
2024-01-15,Maple Direct USDC1,0.08912112949
2024-01-15,Maple Cash USDC1,0.04918331886
2024-01-15,AQRU Maple Pool USDC1,0.1499601305
2024-01-16,Maple Cash USDC1,0.04918050767
2024-01-16,AQRU Maple Pool USDC1,0.1499613247
2024-01-16,Maple Direct USDC1,0.08914635804
2024-01-17,Maple Cash USDC1,0.04917665986
2024-01-17,AQRU Maple Pool USDC1,0.149990047
2024-01-17,Maple Direct USDC1,0.08917157502
2024-01-18,AQRU Maple Pool USDC1,0.1499289049
2024-01-18,Maple Cash USDC1,0.04917517021
2024-01-18,Maple Direct USDC1,0.08904122778
2024-01-19,AQRU Maple Pool USDC1,0.1497666872
2024-01-19,Maple Cash USDC1,0.04918246177
2024-01-19,Maple Direct USDC1,0.08803995984
2024-01-20,Maple Direct USDC1,0.08802735482
2024-01-20,AQRU Maple Pool USDC1,0.1493501303
2024-01-20,Maple Cash USDC1,0.04919473139
2024-01-21,AQRU Maple Pool USDC1,0.1489340256
2024-01-21,Maple Cash USDC1,0.04919399145
2024-01-21,Maple Direct USDC1,0.08801475596
2024-01-22,AQRU Maple Pool USDC1,0.1486663673
2024-01-22,Maple Cash USDC1,0.0491919212
2024-01-22,Maple Direct USDC1,0.08800216327
2024-01-23,Maple Cash USDC1,0.0491898515
2024-01-23,Maple Direct USDC1,0.08798957674
2024-01-23,AQRU Maple Pool USDC1,0.1486865852
2024-01-24,Maple Direct USDC1,0.08797368516
2024-01-24,AQRU Maple Pool USDC1,0.1486479201
2024-01-24,Maple Cash USDC1,0.0491833258
2024-01-25,AQRU Maple Pool USDC1,0.1485407924
2024-01-25,Maple Direct USDC1,0.08806638051
2024-01-25,Maple Cash USDC1,0.04917733709
2024-01-26,Maple Direct USDC1,0.0882162725
2024-01-26,Maple Cash USDC1,0.04912963838
2024-01-26,AQRU Maple Pool USDC1,0.1484245298
2024-01-27,Maple Direct USDC1,0.0883378866
2024-01-27,AQRU Maple Pool USDC1,0.1461000746
2024-01-27,Maple Cash USDC1,0.04912784558
2024-01-28,Maple Cash USDC1,0.04912754685
2024-01-28,AQRU Maple Pool USDC1,0.1460860613
2024-01-28,Maple Direct USDC1,0.08845954622
2024-01-29,Maple Cash USDC1,0.0491272482
2024-01-29,AQRU Maple Pool USDC1,0.1462052945
2024-01-29,Maple Direct USDC1,0.08857793193
2024-01-30,AQRU Maple Pool USDC1,0.146390075
2024-01-30,Maple Cash USDC1,0.04911705554
2024-01-30,Maple Direct USDC1,0.08868454342
2024-01-31,AQRU Maple Pool USDC1,0.1465225113
2024-01-31,Maple Cash USDC1,0.04911054188
2024-01-31,Maple Direct USDC1,0.08877967643
2024-02-01,Maple Cash USDC1,0.04910771944
2024-02-01,Maple Direct USDC1,0.08888595707
2024-02-01,AQRU Maple Pool USDC1,0.1465062221
2024-02-02,Maple Direct USDC1,0.08901504993
2024-02-02,Maple Cash USDC1,0.04908888252
2024-02-02,AQRU Maple Pool USDC1,0.1464914118
2024-02-03,Maple Direct USDC1,0.08913822176
2024-02-03,AQRU Maple Pool USDC1,0.1464998932
2024-02-03,Maple Cash USDC1,0.04907424777
2024-02-04,AQRU Maple Pool USDC1,0.1464696064
2024-02-04,Maple Direct USDC1,0.08926135029
2024-02-04,Maple Cash USDC1,0.0490560889
2024-02-05,Maple Direct USDC1,0.08938443553
2024-02-05,AQRU Maple Pool USDC1,0.1464858783
2024-02-05,Maple Cash USDC1,0.0490356694
2024-02-06,Maple Direct USDC1,0.08950747751
2024-02-06,AQRU Maple Pool USDC1,0.1465785821
2024-02-06,Maple Cash USDC1,0.04900700405
2024-02-07,AQRU Maple Pool USDC1,0.1466808179
2024-02-07,Maple Direct USDC1,0.08963047626
2024-02-07,Maple Cash USDC1,0.04898624093
2024-02-08,Maple Cash USDC1,0.04896611883
2024-02-08,AQRU Maple Pool USDC1,0.1467829846
2024-02-08,Maple Direct USDC1,0.08975343178
2024-02-09,Maple Direct USDC1,0.08980147223
2024-02-09,Maple Cash USDC1,0.04895240916
2024-02-09,AQRU Maple Pool USDC1,0.1468850822
2024-02-10,AQRU Maple Pool USDC1,0.1469871108
2024-02-10,Maple Cash USDC1,0.04897537919
2024-02-10,Maple Direct USDC1,0.08971905399
2024-02-11,Maple Cash USDC1,0.04896607543
2024-02-11,AQRU Maple Pool USDC1,0.1470840549
2024-02-11,Maple Direct USDC1,0.08964114084
2024-02-12,Maple Direct USDC1,0.08945226503
2024-02-12,Maple Cash USDC1,0.04895841102
2024-02-12,AQRU Maple Pool USDC1,0.1471609599
2024-02-13,AQRU Maple Pool USDC1,0.1472640362
2024-02-13,Maple Direct USDC1,0.08816633413
2024-02-13,Maple Cash USDC1,0.04895638142
2024-02-14,AQRU Maple Pool USDC1,0.1473693574
2024-02-14,Maple Direct USDC1,0.08688241695
2024-02-14,Maple Cash USDC1,0.04894783544
2024-02-15,Maple Direct USDC1,0.08560050963
2024-02-15,Maple Cash USDC1,0.04894756759
2024-02-15,AQRU Maple Pool USDC1,0.1474654696
2024-02-16,AQRU Maple Pool USDC1,0.1475857349
2024-02-16,Maple Cash USDC1,0.04894646011
2024-02-16,Maple Direct USDC1,0.08432005238
2024-02-17,Maple Direct USDC1,0.08319461397
2024-02-17,Maple Cash USDC1,0.04894589436
2024-02-17,AQRU Maple Pool USDC1,0.1477617878
2024-02-18,AQRU Maple Pool USDC1,0.1480386981
2024-02-18,Maple Cash USDC1,0.04894203744
2024-02-18,Maple Direct USDC1,0.08293698302
2024-02-19,Maple Direct USDC1,0.08169700666
2024-02-19,AQRU Maple Pool USDC1,0.1527325238
2024-02-19,Maple Cash USDC1,0.0489386582
2024-02-20,Maple Cash USDC1,0.04893552197
2024-02-20,Maple Direct USDC1,0.08047753958
2024-02-20,AQRU Maple Pool USDC1,0.1531381582
2024-02-21,Maple Direct USDC1,0.07928969734
2024-02-21,Maple Cash USDC1,0.04893238657
2024-02-21,AQRU Maple Pool USDC1,0.1534335733
2024-02-22,Maple Cash USDC1,0.048929252
2024-02-22,Maple Direct USDC1,0.07810361912
2024-02-22,AQRU Maple Pool USDC1,0.1534399666
2024-02-23,Maple Direct USDC1,0.07692257926
2024-02-23,Maple Cash USDC1,0.04893057373
2024-02-23,AQRU Maple Pool USDC1,0.1534696063
2024-02-24,Maple Cash USDC1,0.04893309713
2024-02-24,Maple Direct USDC1,0.07575094525
2024-02-24,AQRU Maple Pool USDC1,0.1535088628
2024-02-25,Maple Cash USDC1,0.04897539244
2024-02-25,AQRU Maple Pool USDC1,0.1535573584
2024-02-25,Maple Direct USDC1,0.07458103655
2024-02-26,Maple Cash USDC1,0.04897255254
2024-02-26,AQRU Maple Pool USDC1,0.1536018349
2024-02-26,Maple Direct USDC1,0.07341285005
2024-02-27,Maple Cash USDC1,0.0489697134
2024-02-27,Maple Direct USDC1,0.07224638262
2024-02-27,AQRU Maple Pool USDC1,0.1536456373
2024-02-28,Maple Direct USDC1,0.0710840482
2024-02-28,AQRU Maple Pool USDC1,0.1537400434
2024-02-28,Maple Cash USDC1,0.04896687501
2024-02-29,AQRU Maple Pool USDC1,0.1537260878
2024-02-29,Maple Cash USDC1,0.04897393002
2024-02-29,Maple Direct USDC1,0.0698861021
2024-03-01,Maple Cash USDC1,0.04897730746
2024-03-01,AQRU Maple Pool USDC1,0.1537121429
2024-03-01,Maple Direct USDC1,0.06887345763
2024-03-02,Maple Direct USDC1,0.06906030284
2024-03-02,AQRU Maple Pool USDC1,0.1536989467
2024-03-02,Maple Cash USDC1,0.04897348289
2024-03-03,Maple Direct USDC1,0.06922465358
2024-03-03,AQRU Maple Pool USDC1,0.1536842852
2024-03-03,Maple Cash USDC1,0.04896881914
2024-03-04,AQRU Maple Pool USDC1,0.153670586
2024-03-04,Maple Cash USDC1,0.04896118289
2024-03-04,Maple Direct USDC1,0.06939471916
2024-03-05,AQRU Maple Pool USDC1,0.1536680397
2024-03-05,Maple Cash USDC1,0.04895602228
2024-03-05,Maple Direct USDC1,0.06948888097
2024-03-06,Maple Direct USDC1,0.06938173317
2024-03-06,Maple Cash USDC1,0.04895312861
2024-03-06,AQRU Maple Pool USDC1,0.153636664
2024-03-07,AQRU Maple Pool USDC1,0.1535286977
2024-03-07,Maple Cash USDC1,0.04895848689
2024-03-07,Maple Direct USDC1,0.06933895177
2024-03-08,AQRU Maple Pool USDC1,0.1534208241
2024-03-08,Maple Direct USDC1,0.06932275101
2024-03-08,Maple Cash USDC1,0.04895595008
2024-03-09,Maple Cash USDC1,0.0489527788
2024-03-09,Maple Direct USDC1,0.06930655814
2024-03-09,AQRU Maple Pool USDC1,0.1533130432
2024-03-10,AQRU Maple Pool USDC1,0.1532053547
2024-03-10,Maple Cash USDC1,0.04895165983
2024-03-10,Maple Direct USDC1,0.06929037317
2024-03-11,Maple Direct USDC1,0.06930017013
2024-03-11,AQRU Maple Pool USDC1,0.1530865824
2024-03-12,AQRU Maple Pool USDC1,0.1529850169
2024-03-12,Maple Direct USDC1,0.06944684735
2024-03-13,AQRU Maple Pool USDC1,0.1529038818
2024-03-13,Maple Direct USDC1,0.06971033108
2024-03-14,AQRU Maple Pool USDC1,0.1528006079
2024-03-14,Maple Direct USDC1,0.0710525877
2024-03-15,Maple Direct USDC1,0.07239600102
2024-03-15,Maple Cash USDC1,0.04885503147
2024-03-15,AQRU Maple Pool USDC1,0.1526908547
2024-03-16,AQRU Maple Pool USDC1,0.1525844225
2024-03-16,Maple Direct USDC1,0.07374057149
2024-03-16,Maple Cash USDC1,0.04885557141
2024-03-17,AQRU Maple Pool USDC1,0.1524780814
2024-03-17,Maple Direct USDC1,0.07508685079
2024-03-17,Maple Cash USDC1,0.04885695082
2024-03-18,Maple Direct USDC1,0.07643595945
2024-03-18,AQRU Maple Pool USDC1,0.1523606629
2024-03-18,Maple Cash USDC1,0.04885765548
2024-03-19,Maple Direct USDC1,0.07778623151
2024-03-19,AQRU Maple Pool USDC1,0.1522420416
2024-03-19,Maple Cash USDC1,0.04885835995
2024-03-20,Maple Cash USDC1,0.04885906425
2024-03-20,AQRU Maple Pool USDC1,0.1479743979
2024-03-20,Maple Direct USDC1,0.07913766744
2024-03-21,Maple Cash USDC1,0.04885976835
2024-03-21,AQRU Maple Pool USDC1,0.1479962951
2024-03-22,Maple Direct USDC1,0.08211024069
2024-03-22,Maple Cash USDC1,0.0488596628
2024-03-22,AQRU Maple Pool USDC1,0.1479798029
2024-03-23,Maple Direct USDC1,0.08437616329
2024-03-23,Maple Cash USDC1,0.04884931683
2024-03-23,AQRU Maple Pool USDC1,0.1479633233
2024-03-24,Maple Cash USDC1,0.04883897366
2024-03-24,Maple Direct USDC1,0.0866457675
2024-03-24,AQRU Maple Pool USDC1,0.1479468564
2024-03-25,Maple Cash USDC1,0.04882884782
2024-03-25,Maple Direct USDC1,0.08893952258
2024-03-25,AQRU Maple Pool USDC1,0.1479265733
2024-03-26,AQRU Maple Pool USDC1,0.1479151526
2024-03-26,Maple Cash USDC1,0.04882257217
2024-03-26,Maple Direct USDC1,0.09129988732
2024-03-27,Maple Cash USDC1,0.04882571767
2024-03-27,AQRU Maple Pool USDC1,0.1500993229
2024-03-27,Maple Direct USDC1,0.09364238339
2024-03-28,AQRU Maple Pool USDC1,0.1501592242
2024-03-28,Maple Cash USDC1,0.04882886234
2024-03-28,Maple Direct USDC1,0.09604397459
2024-03-29,Maple Direct USDC1,0.09847608906
2024-03-29,Maple Cash USDC1,0.04883200621
2024-03-29,AQRU Maple Pool USDC1,0.1501558015
2024-03-30,Maple Cash USDC1,0.04883514925
2024-03-30,Maple Direct USDC1,0.1009626994
2024-03-30,AQRU Maple Pool USDC1,0.1501964039
2024-03-31,Maple Direct USDC1,0.1032759041
2024-03-31,Maple Cash USDC1,0.04883829149
2024-03-31,AQRU Maple Pool USDC1,0.1502369769
2024-04-01,Maple Cash USDC1,0.04884143291
2024-04-01,AQRU Maple Pool USDC1,0.1502671323
2024-04-01,Maple Direct USDC1,0.104288556
2024-04-02,AQRU Maple Pool USDC1,0.1502905182
2024-04-02,Maple Direct USDC1,0.1052239189
2024-04-02,Maple Cash USDC1,0.04884457351
2024-04-03,Maple Cash USDC1,0.04884855488
2024-04-03,AQRU Maple Pool USDC1,0.1503232181
2024-04-03,Maple Direct USDC1,0.1059992465
2024-04-04,Maple Cash USDC1,0.04885006187
2024-04-04,AQRU Maple Pool USDC1,0.150362662
2024-04-04,Maple Direct USDC1,0.107573092
2024-04-05,Maple Cash USDC1,0.04885178273
2024-04-05,Maple Direct USDC1,0.1093569798
2024-04-05,AQRU Maple Pool USDC1,0.1503841329
2024-04-06,AQRU Maple Pool USDC1,0.1504055878
2024-04-06,Maple Direct USDC1,0.1110758685
2024-04-06,Maple Cash USDC1,0.04885383548
2024-04-07,Maple Direct USDC1,0.1127687574
2024-04-07,AQRU Maple Pool USDC1,0.1504270269
2024-04-07,Maple Cash USDC1,0.04885588769
2024-04-08,AQRU Maple Pool USDC1,0.1504399195
2024-04-08,Maple Direct USDC1,0.1144632145
2024-04-08,Maple Cash USDC1,0.04885793937
2024-04-09,Maple Cash USDC1,0.04885999052
2024-04-09,Maple Direct USDC1,0.1161592399
2024-04-09,AQRU Maple Pool USDC1,0.1504817597
2024-04-10,AQRU Maple Pool USDC1,0.1505405055
2024-04-10,Maple Direct USDC1,0.1178296803
2024-04-10,Maple Cash USDC1,0.04886935378
2024-04-11,Maple Direct USDC1,0.1193583289
2024-04-11,AQRU Maple Pool USDC1,0.1505871721
2024-04-11,Maple Cash USDC1,0.04887431437
2024-04-12,Maple Direct USDC1,0.1208881369
2024-04-12,AQRU Maple Pool USDC1,0.1506335346
2024-04-12,Maple Cash USDC1,0.04887927367
2024-04-13,AQRU Maple Pool USDC1,0.1506757258
2024-04-13,Maple Cash USDC1,0.0488842317
2024-04-13,Maple Direct USDC1,0.1224191044
2024-04-14,Maple Direct USDC1,0.1239512311
2024-04-14,AQRU Maple Pool USDC1,0.1507162174
2024-04-14,Maple Cash USDC1,0.04898840552
2024-04-15,Maple Direct USDC1,0.1254905124
2024-04-15,AQRU Maple Pool USDC1,0.1507486371
2024-04-15,Maple Cash USDC1,0.0489875397
2024-04-16,Maple Direct USDC1,0.1270790669
2024-04-16,AQRU Maple Pool USDC1,0.1507774661
2024-04-16,Maple Cash USDC1,0.04898667411
2024-04-17,AQRU Maple Pool USDC1,0.1508266862
2024-04-17,Maple Cash USDC1,0.04898580874
2024-04-17,Maple Direct USDC1,0.1283727168
2024-04-18,Maple Direct USDC1,0.1295603191
2024-04-18,Maple Cash USDC1,0.04898395861
2024-04-18,AQRU Maple Pool USDC1,0.1508868353
2024-04-19,AQRU Maple Pool USDC1,0.1509354336
2024-04-19,Maple Direct USDC1,0.1305121458
2024-04-19,Maple Cash USDC1,0.04898431317
2024-04-20,Maple Direct USDC1,0.1320551948
2024-04-20,Maple Cash USDC1,0.04898466765
2024-04-20,AQRU Maple Pool USDC1,0.150982162
2024-04-21,Maple Direct USDC1,0.1320677644
2024-04-21,AQRU Maple Pool USDC1,0.1510288568
2024-04-21,Maple Cash USDC1,0.0489858316
2024-04-22,Maple Cash USDC1,0.04899723704
2024-04-22,Maple Direct USDC1,0.1321756961
2024-04-22,AQRU Maple Pool USDC1,0.1510669386
2024-04-23,Maple Direct USDC1,0.1327086
2024-04-23,Maple Cash USDC1,0.04900863962
2024-04-23,AQRU Maple Pool USDC1,0.1511136159
2024-04-24,Maple Direct USDC1,0.1332157304
2024-04-24,Maple Cash USDC1,0.04901982479
2024-04-24,AQRU Maple Pool USDC1,0.1511706336
2024-04-25,Maple Direct USDC1,0.1336574522
2024-04-25,AQRU Maple Pool USDC1,0.1512192157
2024-04-25,Maple Cash USDC1,0.04902715893
2024-04-26,AQRU Maple Pool USDC1,0.1490043869
2024-04-26,Maple Cash USDC1,0.04902506988
2024-04-26,Maple Direct USDC1,0.1341217175
2024-04-26,High Yield Secured Lending Maple Pool USDC1,0.178833278
2024-04-27,AQRU Maple Pool USDC1,0.1492166313
2024-04-27,High Yield Secured Lending Maple Pool USDC1,0.1796579815
2024-04-27,Maple Cash USDC1,0.04902298137
2024-04-27,Maple Direct USDC1,0.13452874
2024-04-28,Maple Cash USDC1,0.04902089342
2024-04-28,High Yield Secured Lending Maple Pool USDC1,0.179848616
2024-04-28,Maple Direct USDC1,0.1348722675
2024-04-28,AQRU Maple Pool USDC1,0.1494287499
2024-04-29,Maple Direct USDC1,0.1351795486
2024-04-29,Maple Cash USDC1,0.04901880602
2024-04-29,High Yield Secured Lending Maple Pool USDC1,0.1800372564
2024-04-29,AQRU Maple Pool USDC1,0.1499225346
2024-04-30,High Yield Secured Lending Maple Pool USDC1,0.2068046439
2024-04-30,Maple Direct USDC1,0.135474246
2024-04-30,AQRU Maple Pool USDC1,0.1506684016
2024-04-30,Maple Cash USDC1,0.04901671917
2024-05-01,Maple Cash USDC1,0.04901463287
2024-05-01,High Yield Secured Lending Maple Pool USDC1,0.2070406113
2024-05-01,AQRU Maple Pool USDC1,0.1514294507
2024-05-01,Maple Direct USDC1,0.1358505351
2024-05-02,AQRU Maple Pool USDC1,0.1522025732
2024-05-02,Maple Cash USDC1,0.04901254712
2024-05-02,Maple Direct USDC1,0.1363812044
2024-05-02,High Yield Secured Lending Maple Pool USDC1,0.2071690097
2024-05-03,Maple Cash USDC1,0.04901030384
2024-05-03,AQRU Maple Pool USDC1,0.1529691981
2024-05-03,High Yield Secured Lending Maple Pool USDC1,0.2071821744
2024-05-03,Maple Direct USDC1,0.1370765362
2024-05-04,AQRU Maple Pool USDC1,0.1537177781
2024-05-04,High Yield Secured Lending Maple Pool USDC1,0.2074630386
2024-05-04,Maple Direct USDC1,0.137007199
2024-05-04,Maple Cash USDC1,0.04896419196
2024-05-05,High Yield Secured Lending Maple Pool USDC1,0.2077316275
2024-05-05,Maple Cash USDC1,0.04883371474
2024-05-05,Maple Direct USDC1,0.1369123768
2024-05-05,AQRU Maple Pool USDC1,0.1544662339
2024-05-06,AQRU Maple Pool USDC1,0.1552046448
2024-05-06,Maple Direct USDC1,0.1368176303
2024-05-06,High Yield Secured Lending Maple Pool USDC1,0.2080206879
2024-05-06,Maple Cash USDC1,0.04873061829
2024-05-07,High Yield Secured Lending Maple Pool USDC1,0.2083066064
2024-05-07,AQRU Maple Pool USDC1,0.155946581
2024-05-07,Maple Cash USDC1,0.04872947762
2024-05-07,Maple Direct USDC1,0.1367728371
2024-05-08,AQRU Maple Pool USDC1,0.1567100423
2024-05-08,Maple Cash USDC1,0.0487154183
2024-05-08,High Yield Secured Lending Maple Pool USDC1,0.2295358785
2024-05-08,Maple Direct USDC1,0.1363770454
2024-05-09,Altcoin Lending,
2024-05-09,Maple Cash USDC1,0.04871784992
2024-05-09,High Yield Secured Lending Maple Pool USDC1,0.2291660916
2024-05-09,Maple Direct USDC1,0.1355453628
2024-05-09,AQRU Maple Pool USDC1,0.1574459648
2024-05-10,Maple Direct USDC1,0.1346482655
2024-05-10,High Yield Secured Lending Maple Pool USDC1,0.1913364654
2024-05-10,Maple Cash USDC1,0.04871964576
2024-05-10,AQRU Maple Pool USDC1,0.1581759324
2024-05-10,Altcoin Lending,
2024-05-11,AQRU Maple Pool USDC1,0.1589057649
2024-05-11,Maple Direct USDC1,0.1337325223
2024-05-11,Altcoin Lending,
2024-05-11,High Yield Secured Lending Maple Pool USDC1,0.1918163807
2024-05-11,Maple Cash USDC1,0.04871934883
2024-05-12,High Yield Secured Lending Maple Pool USDC1,0.1920973855
2024-05-12,Altcoin Lending,
2024-05-12,Maple Direct USDC1,0.132818116
2024-05-12,AQRU Maple Pool USDC1,0.1596354622
2024-05-12,Maple Cash USDC1,0.04871905199
2024-05-13,High Yield Secured Lending Maple Pool USDC1,0.1923906673
2024-05-13,AQRU Maple Pool USDC1,0.1603588917
2024-05-13,Maple Cash USDC1,0.04871875522
2024-05-13,Altcoin Lending,
2024-05-13,Maple Direct USDC1,0.131912082
2024-05-14,AQRU Maple Pool USDC1,0.1610967833
2024-05-14,High Yield Secured Lending Maple Pool USDC1,0.1926838768
2024-05-14,Maple Direct USDC1,0.1310007771
2024-05-14,Maple Cash USDC1,0.04871845853
2024-05-14,Altcoin Lending,
2024-05-15,Maple Cash USDC1,0.04871765642
2024-05-15,AQRU Maple Pool USDC1,0.1618450893
2024-05-15,High Yield Secured Lending Maple Pool USDC1,0.2154998957
2024-05-15,Maple Direct USDC1,0.1300632132
2024-05-15,Altcoin Lending,
2024-05-16,Altcoin Lending,
2024-05-16,Maple Direct USDC1,0.1290788473
2024-05-16,Maple Cash USDC1,0.04868246384
2024-05-16,High Yield Secured Lending Maple Pool USDC1,0.2157615485
2024-05-16,AQRU Maple Pool USDC1,0.1625968719
2024-05-17,Maple Direct USDC1,0.1283920846
2024-05-17,Altcoin Lending,
2024-05-17,Maple Cash USDC1,0.04868434506
2024-05-17,AQRU Maple Pool USDC1,0.1633391695
2024-05-17,High Yield Secured Lending Maple Pool USDC1,0.2280476932
2024-05-18,AQRU Maple Pool USDC1,0.1640715644
2024-05-18,Maple Cash USDC1,0.0486872105
2024-05-18,High Yield Secured Lending Maple Pool USDC1,0.22833566
2024-05-18,Altcoin Lending,
2024-05-18,Maple Direct USDC1,0.127812768
2024-05-19,High Yield Secured Lending Maple Pool USDC1,0.2286281005
2024-05-19,AQRU Maple Pool USDC1,0.1648038239
2024-05-19,Maple Direct USDC1,0.1274697601
2024-05-19,Maple Cash USDC1,0.04868787161
2024-05-19,Altcoin Lending,
2024-05-20,Maple Cash USDC1,0.04868853254
2024-05-20,High Yield Secured Lending Maple Pool USDC1,0.2289268293
2024-05-20,Maple Direct USDC1,0.1271270648
2024-05-20,AQRU Maple Pool USDC1,0.1655252719
2024-05-20,Altcoin Lending,
2024-05-21,High Yield Secured Lending Maple Pool USDC1,0.2508978512
2024-05-21,AQRU Maple Pool USDC1,0.1662541823
2024-05-21,Altcoin Lending,
2024-05-21,Maple Cash USDC1,0.04868812464
2024-05-21,Maple Direct USDC1,0.1266481989
2024-05-22,AQRU Maple Pool USDC1,0.1669929815
2024-05-22,Maple Direct USDC1,0.125750432
2024-05-22,High Yield Secured Lending Maple Pool USDC1,0.1923770453
2024-05-22,Altcoin Lending,
2024-05-22,Maple Cash USDC1,0.04868160644
2024-05-23,Altcoin Lending,
2024-05-23,High Yield Secured Lending Maple Pool USDC1,0.1926784277
2024-05-23,Maple Direct USDC1,0.1244783855
2024-05-23,Maple Cash USDC1,0.04868247683
2024-05-23,AQRU Maple Pool USDC1,0.1677229011
2024-05-24,AQRU Maple Pool USDC1,0.1684460517
2024-05-24,Altcoin Lending,
2024-05-24,High Yield Secured Lending Maple Pool USDC1,0.2042260565
2024-05-24,Maple Direct USDC1,0.1240664379
2024-05-24,Maple Cash USDC1,0.04868334699
2024-05-25,Maple Direct USDC1,0.1236466387
2024-05-25,AQRU Maple Pool USDC1,0.1691685779
2024-05-25,Maple Cash USDC1,0.04868421693
2024-05-25,High Yield Secured Lending Maple Pool USDC1,0.2045403964
2024-05-25,Altcoin Lending,
2024-05-26,High Yield Secured Lending Maple Pool USDC1,0.2051481961
2024-05-26,AQRU Maple Pool USDC1,0.1699674685
2024-05-26,Maple Cash USDC1,0.04868508664
2024-05-26,Maple Direct USDC1,0.1232266464
2024-05-26,Altcoin Lending,
2024-05-27,AQRU Maple Pool USDC1,0.1704514767
2024-05-27,Altcoin Lending,
2024-05-27,Maple Direct USDC1,0.1227124452
2024-05-27,Maple Cash USDC1,0.04868595613
2024-05-27,High Yield Secured Lending Maple Pool USDC1,0.2051940208
2024-05-28,Altcoin Lending,
2024-05-28,AQRU Maple Pool USDC1,0.1709375519
2024-05-28,High Yield Secured Lending Maple Pool USDC1,0.225325003
2024-05-28,Maple Cash USDC1,0.04868682538
2024-05-28,Maple Direct USDC1,0.122056365
2024-05-29,Altcoin Lending,
2024-05-29,High Yield Secured Lending Maple Pool USDC1,0.2253341825
2024-05-29,AQRU Maple Pool USDC1,0.1711485312
2024-05-29,Maple Direct USDC1,0.1215021015
2024-05-29,Maple Cash USDC1,0.04868769441
2024-05-30,Maple Direct USDC1,0.121105687
2024-05-30,High Yield Secured Lending Maple Pool USDC1,0.1983178171
2024-05-30,Maple Cash USDC1,0.04868822339
2024-05-30,AQRU Maple Pool USDC1,0.1711184717
2024-05-30,Altcoin Lending,
2024-05-31,Altcoin Lending,
2024-05-31,Maple Cash USDC1,0.04869705883
2024-05-31,AQRU Maple Pool USDC1,0.1710859489
2024-05-31,High Yield Secured Lending Maple Pool USDC1,0.2126847988
2024-05-31,Maple Direct USDC1,0.1206837128
2024-06-01,High Yield Secured Lending Maple Pool USDC1,0.2128138869
2024-06-01,Maple Cash USDC1,0.04870589202
2024-06-01,AQRU Maple Pool USDC1,0.1710479351
2024-06-01,Altcoin Lending,
2024-06-01,Maple Direct USDC1,0.1201885431
2024-06-02,High Yield Secured Lending Maple Pool USDC1,0.2130518645
2024-06-02,AQRU Maple Pool USDC1,0.171006727
2024-06-02,Maple Direct USDC1,0.1196939286
2024-06-02,Maple Cash USDC1,0.048714881
2024-06-02,Altcoin Lending,
2024-06-03,AQRU Maple Pool USDC1,0.1709589458
2024-06-03,Maple Direct USDC1,0.1192245628
2024-06-03,High Yield Secured Lending Maple Pool USDC1,0.2129822298
2024-06-03,Maple Cash USDC1,0.04876772685
2024-06-03,Altcoin Lending,
2024-06-04,Altcoin Lending,
2024-06-04,Maple Direct USDC1,0.1187808426
2024-06-04,High Yield Secured Lending Maple Pool USDC1,0.2309914989
2024-06-04,AQRU Maple Pool USDC1,0.170907911
2024-06-04,Maple Cash USDC1,0.04887603285
2024-06-05,Altcoin Lending,
2024-06-05,High Yield Secured Lending Maple Pool USDC1,0.2310387923
2024-06-05,Maple Cash USDC1,0.04898610812
2024-06-05,AQRU Maple Pool USDC1,0.1708755223
2024-06-05,Maple Direct USDC1,0.1183114585
2024-06-06,High Yield Secured Lending Maple Pool USDC1,0.2311370356
2024-06-06,Maple Direct USDC1,0.1175712593
2024-06-06,Altcoin Lending,
2024-06-06,Maple Cash USDC1,0.04899503341
2024-06-06,AQRU Maple Pool USDC1,0.1708498791
2024-06-07,Maple Direct USDC1,0.1171944214
2024-06-07,AQRU Maple Pool USDC1,0.1708110236
2024-06-07,Altcoin Lending,
2024-06-07,Maple Cash USDC1,0.04901687894
2024-06-07,High Yield Secured Lending Maple Pool USDC1,0.2102628672
2024-06-08,AQRU Maple Pool USDC1,0.1707704717
2024-06-08,High Yield Secured Lending Maple Pool USDC1,0.2110204585
2024-06-08,Maple Cash USDC1,0.04902222708
2024-06-08,Altcoin Lending,
2024-06-08,Maple Direct USDC1,0.1173664092
2024-06-09,Maple Direct USDC1,0.1176038863
2024-06-09,High Yield Secured Lending Maple Pool USDC1,0.2110275428
2024-06-09,Maple Cash USDC1,0.04902757384
2024-06-09,AQRU Maple Pool USDC1,0.1707299562
2024-06-09,Altcoin Lending,
2024-06-10,Maple Direct USDC1,0.1178609317
2024-06-10,Altcoin Lending,
2024-06-10,High Yield Secured Lending Maple Pool USDC1,0.2304264536
2024-06-10,Maple Cash USDC1,0.04903225951
2024-06-10,AQRU Maple Pool USDC1,0.1706894791
2024-06-11,Maple Direct USDC1,0.1181178803
2024-06-11,AQRU Maple Pool USDC1,0.1706340263
2024-06-11,Maple Cash USDC1,0.04903837667
2024-06-11,High Yield Secured Lending Maple Pool USDC1,0.2303742092
2024-06-11,Altcoin Lending,
2024-06-12,Maple Cash USDC1,0.04904449227
2024-06-12,AQRU Maple Pool USDC1,0.1705993212
2024-06-12,High Yield Secured Lending Maple Pool USDC1,0.2303213331
2024-06-12,Altcoin Lending,
2024-06-12,Maple Direct USDC1,0.1183677785
2024-06-13,Maple Cash USDC1,0.04905060629
2024-06-13,Maple Direct USDC1,0.1186240959
2024-06-13,AQRU Maple Pool USDC1,0.1705510117
2024-06-13,High Yield Secured Lending Maple Pool USDC1,0.2367336224
2024-06-13,Altcoin Lending,
2024-06-14,AQRU Maple Pool USDC1,0.1705003014
2024-06-14,High Yield Secured Lending Maple Pool USDC1,0.2224553257
2024-06-14,Maple Direct USDC1,0.1188889488
2024-06-14,Maple Cash USDC1,0.04905722441
2024-06-14,Altcoin Lending,
2024-06-15,Maple Direct USDC1,0.119133036
2024-06-15,AQRU Maple Pool USDC1,0.170449637
2024-06-15,Altcoin Lending,
2024-06-15,Maple Cash USDC1,0.049098244
2024-06-15,High Yield Secured Lending Maple Pool USDC1,0.2224665714
2024-06-16,High Yield Secured Lending Maple Pool USDC1,0.2105080476
2024-06-16,AQRU Maple Pool USDC1,0.1703990186
2024-06-16,Maple Cash USDC1,0.04910217499
2024-06-16,Altcoin Lending,
2024-06-16,Maple Direct USDC1,0.1193770297
2024-06-17,High Yield Secured Lending Maple Pool USDC1,0.2104961419
2024-06-17,Maple Direct USDC1,0.1196209298
2024-06-17,Maple Cash USDC1,0.04910610496
2024-06-17,Altcoin Lending,
2024-06-17,AQRU Maple Pool USDC1,0.1703374705
2024-06-18,Maple Direct USDC1,0.1198035169
2024-06-18,Maple Cash USDC1,0.0491100339
2024-06-18,High Yield Secured Lending Maple Pool USDC1,0.2232382617
2024-06-18,Altcoin Lending,
2024-06-18,AQRU Maple Pool USDC1,0.1702765636
2024-06-19,Altcoin Lending,
2024-06-19,Maple Direct USDC1,0.1200261128
2024-06-19,High Yield Secured Lending Maple Pool USDC1,0.2231729518
2024-06-19,AQRU Maple Pool USDC1,0.1702429271
2024-06-19,Maple Cash USDC1,0.04911396184
2024-06-20,Maple Direct USDC1,0.1204630795
2024-06-20,Altcoin Lending,
2024-06-20,High Yield Secured Lending Maple Pool USDC1,0.201900275
2024-06-20,Maple Cash USDC1,0.04911895784
2024-06-20,AQRU Maple Pool USDC1,0.1702123399
2024-06-21,Maple Cash USDC1,0.04913006556
2024-06-21,Altcoin Lending,
2024-06-21,High Yield Secured Lending Maple Pool USDC1,0.2144584182
2024-06-21,Maple Direct USDC1,0.1211305098
2024-06-21,AQRU Maple Pool USDC1,0.1701815962
2024-06-22,Maple Direct USDC1,0.1217426042
2024-06-22,High Yield Secured Lending Maple Pool USDC1,0.214379258
2024-06-22,Maple Cash USDC1,0.04913378039
2024-06-22,Altcoin Lending,
2024-06-22,AQRU Maple Pool USDC1,0.1701508798
2024-06-23,AQRU Maple Pool USDC1,0.1701201906
2024-06-23,Maple Cash USDC1,0.04906918184
2024-06-23,High Yield Secured Lending Maple Pool USDC1,0.2029538116
2024-06-23,Maple Direct USDC1,0.121502437
2024-06-23,Altcoin Lending,
2024-06-24,Maple Direct USDC1,0.1212696831
2024-06-24,Altcoin Lending,
2024-06-24,Maple Cash USDC1,0.04901735803
2024-06-24,High Yield Secured Lending Maple Pool USDC1,0.2028614415
2024-06-24,AQRU Maple Pool USDC1,0.1700775466
2024-06-25,Maple Cash USDC1,0.04901642601
2024-06-25,AQRU Maple Pool USDC1,0.1700374223
2024-06-25,Maple Direct USDC1,0.121028385
2024-06-25,Altcoin Lending,
2024-06-25,High Yield Secured Lending Maple Pool USDC1,0.2028021853
2024-06-26,Maple Cash USDC1,0.04901549422
2024-06-26,Altcoin Lending,
2024-06-26,AQRU Maple Pool USDC1,0.1700255836
2024-06-26,Maple Direct USDC1,0.1208959191
2024-06-26,High Yield Secured Lending Maple Pool USDC1,0.2196398779
2024-06-27,Maple Cash USDC1,0.04901685588
2024-06-27,High Yield Secured Lending Maple Pool USDC1,0.1995846577
2024-06-27,AQRU Maple Pool USDC1,0.1700131661
2024-06-27,Altcoin Lending,
2024-06-27,Maple Direct USDC1,0.1209383622
2024-06-28,AQRU Maple Pool USDC1,0.1699886069
2024-06-28,Maple Cash USDC1,0.0490270299
2024-06-28,Altcoin Lending,
2024-06-28,Maple Direct USDC1,0.1208966601
2024-06-28,High Yield Secured Lending Maple Pool USDC1,0.2092080745
2024-06-29,Maple Cash USDC1,0.04903785289
2024-06-29,Maple Direct USDC1,0.1207101078
2024-06-29,High Yield Secured Lending Maple Pool USDC1,0.2092288049
2024-06-29,AQRU Maple Pool USDC1,0.1699481833
2024-06-29,Altcoin Lending,
2024-06-30,Maple Direct USDC1,0.1205237042
2024-06-30,High Yield Secured Lending Maple Pool USDC1,0.1948952361
2024-06-30,Maple Cash USDC1,0.04904036376
2024-06-30,AQRU Maple Pool USDC1,0.1699052973
2024-06-30,Altcoin Lending,
2024-07-01,Maple Direct USDC1,0.1203505662
2024-07-01,Maple Cash USDC1,0.04904287398
2024-07-01,Altcoin Lending,
2024-07-01,AQRU Maple Pool USDC1,0.1698640801
2024-07-01,High Yield Secured Lending Maple Pool USDC1,0.1948849189
2024-07-02,Maple Direct USDC1,0.1202133091
2024-07-02,AQRU Maple Pool USDC1,0.1698386637
2024-07-02,Altcoin Lending,
2024-07-02,Maple Cash USDC1,0.04904538354
2024-07-02,High Yield Secured Lending Maple Pool USDC1,0.2116064643
2024-07-03,Maple Direct USDC1,0.1200738133
2024-07-03,Altcoin Lending,
2024-07-03,AQRU Maple Pool USDC1,0.1698430909
2024-07-03,High Yield Secured Lending Maple Pool USDC1,0.2115416432
2024-07-03,Maple Cash USDC1,0.04904789244
2024-07-04,AQRU Maple Pool USDC1,0.1698516304
2024-07-04,Maple Cash USDC1,0.04901157717
2024-07-04,Maple Direct USDC1,0.1199367619
2024-07-04,High Yield Secured Lending Maple Pool USDC1,0.19354521
2024-07-04,Altcoin Lending,
2024-07-05,Altcoin Lending,
2024-07-05,Maple Direct USDC1,0.1198259881
2024-07-05,Maple Cash USDC1,0.04891892028
2024-07-05,High Yield Secured Lending Maple Pool USDC1,0.1932286587
2024-07-05,AQRU Maple Pool USDC1,0.1698516252
2024-07-06,Altcoin Lending,
2024-07-06,Maple Direct USDC1,0.1199380021
2024-07-06,AQRU Maple Pool USDC1,0.1698412111
2024-07-06,Maple Cash USDC1,0.04892123855
2024-07-06,High Yield Secured Lending Maple Pool USDC1,0.1928659883
2024-07-07,AQRU Maple Pool USDC1,0.169830806
2024-07-07,High Yield Secured Lending Maple Pool USDC1,0.1925036052
2024-07-07,Maple Cash USDC1,0.04892355622
2024-07-07,Altcoin Lending,
2024-07-07,Maple Direct USDC1,0.1200325258
2024-07-08,Maple Cash USDC1,0.04892587328
2024-07-08,Maple Direct USDC1,0.1200073523
2024-07-08,High Yield Secured Lending Maple Pool USDC1,0.1921157762
2024-07-08,AQRU Maple Pool USDC1,0.1698125646
2024-07-08,Altcoin Lending,
2024-07-09,High Yield Secured Lending Maple Pool USDC1,0.2044805656
2024-07-09,AQRU Maple Pool USDC1,0.1697999359
2024-07-09,Maple Direct USDC1,0.119982195
2024-07-09,Altcoin Lending,
2024-07-09,Maple Cash USDC1,0.04892818973
2024-07-10,Maple Direct USDC1,0.119957054
2024-07-10,Maple Cash USDC1,0.04893116524
2024-07-10,High Yield Secured Lending Maple Pool USDC1,0.1854322358
2024-07-10,AQRU Maple Pool USDC1,0.1697949758
2024-07-10,Altcoin Lending,
2024-07-11,AQRU Maple Pool USDC1,0.1698165463
2024-07-11,Altcoin Lending,
2024-07-11,Maple Direct USDC1,0.1199319292
2024-07-11,Maple Cash USDC1,0.0489327074
2024-07-11,High Yield Secured Lending Maple Pool USDC1,0.1854179021
2024-07-12,Maple Cash USDC1,0.04893447344
2024-07-12,AQRU Maple Pool USDC1,0.1698254284
2024-07-12,Altcoin Lending,
2024-07-12,High Yield Secured Lending Maple Pool USDC1,0.2007455263
2024-07-12,Maple Direct USDC1,0.1199083355
2024-07-13,High Yield Secured Lending Maple Pool USDC1,0.1944197321
2024-07-13,Altcoin Lending,
2024-07-13,AQRU Maple Pool USDC1,0.1698332199
2024-07-13,Maple Cash USDC1,0.04893872077
2024-07-13,Maple Direct USDC1,0.1198861626
2024-07-14,Maple Cash USDC1,0.048942967
2024-07-14,Maple Direct USDC1,0.1198755719
2024-07-14,Altcoin Lending,
2024-07-14,AQRU Maple Pool USDC1,0.1698410047
2024-07-14,High Yield Secured Lending Maple Pool USDC1,0.1858722565
2024-07-15,Maple Direct USDC1,0.1198890188
2024-07-15,Maple Cash USDC1,0.04894721213
2024-07-15,High Yield Secured Lending Maple Pool USDC1,0.1857506616
2024-07-15,AQRU Maple Pool USDC1,0.1698415444
2024-07-15,Altcoin Lending,
2024-07-16,Maple Cash USDC1,0.04895108553
2024-07-16,Maple Direct USDC1,0.1199146137
2024-07-16,AQRU Maple Pool USDC1,0.1698473382
2024-07-16,Altcoin Lending,
2024-07-16,High Yield Secured Lending Maple Pool USDC1,0.200219599
2024-07-17,Altcoin Lending,
2024-07-17,High Yield Secured Lending Maple Pool USDC1,0.2000107258
2024-07-17,AQRU Maple Pool USDC1,0.1698712093
2024-07-17,Maple Cash USDC1,0.04895555682
2024-07-17,Syrup USDC,0.1546381218
2024-07-17,Maple Direct USDC1,0.1196861381
2024-07-18,AQRU Maple Pool USDC1,0.169898337
2024-07-18,Maple Cash USDC1,0.04895170166
2024-07-18,Maple Direct USDC1,0.1179863297
2024-07-18,Altcoin Lending,
2024-07-18,High Yield Secured Lending Maple Pool USDC1,0.1872889213
2024-07-18,Syrup USDC,0.1580245128
2024-07-19,AQRU Maple Pool USDC1,0.1699090096
2024-07-19,Syrup USDC,0.1669992327
2024-07-19,Altcoin Lending,
2024-07-19,Maple Direct USDC1,0.1172588924
2024-07-19,Maple Cash USDC1,0.04895979233
2024-07-19,High Yield Secured Lending Maple Pool USDC1,0.1921635277
2024-07-20,Maple Cash USDC1,0.04896788093
2024-07-20,AQRU Maple Pool USDC1,0.1699090287
2024-07-20,Maple Direct USDC1,0.1165715678
2024-07-20,High Yield Secured Lending Maple Pool USDC1,0.1920953049
2024-07-20,Altcoin Lending,
2024-07-20,Syrup USDC,0.1702057805
2024-07-21,Altcoin Lending,
2024-07-21,Maple Direct USDC1,0.1159156248
2024-07-21,High Yield Secured Lending Maple Pool USDC1,0.1796270862
2024-07-21,Maple Cash USDC1,0.04897596746
2024-07-21,AQRU Maple Pool USDC1,0.1699079005
2024-07-21,Syrup USDC,0.1698113136
2024-07-22,AQRU Maple Pool USDC1,0.16990278
2024-07-22,Maple Cash USDC1,0.04898405192
2024-07-22,Syrup USDC,0.1693987571
2024-07-22,Maple Direct USDC1,0.1152577475
2024-07-22,Altcoin Lending,
2024-07-22,High Yield Secured Lending Maple Pool USDC1,0.1795719013
2024-07-23,Maple Cash USDC1,0.04906044173
2024-07-23,Altcoin Lending,
2024-07-23,High Yield Secured Lending Maple Pool USDC1,0.179560042
2024-07-23,AQRU Maple Pool USDC1,0.1698960874
2024-07-23,Maple Direct USDC1,0.1146998501
2024-07-23,Syrup USDC,0.1690972735
2024-07-24,Syrup USDC,0.1634767784
2024-07-24,Maple Direct USDC1,0.1141413894
2024-07-24,High Yield Secured Lending Maple Pool USDC1,0.1934803072
2024-07-24,Maple Cash USDC1,0.04912406176
2024-07-24,Altcoin Lending,
2024-07-24,AQRU Maple Pool USDC1,0.1699145178
2024-07-25,Maple Direct USDC1,0.113594359
2024-07-25,Syrup USDC,0.1633635615
2024-07-25,Altcoin Lending,
2024-07-25,AQRU Maple Pool USDC1,0.1699304514
2024-07-25,Maple Cash USDC1,0.04913678503
2024-07-25,High Yield Secured Lending Maple Pool USDC1,0.1934381885
2024-07-26,Maple Direct USDC1,0.1130375246
2024-07-26,Syrup USDC,0.1706888223
2024-07-26,AQRU Maple Pool USDC1,0.1699300322
2024-07-26,Altcoin Lending,
2024-07-26,Maple Cash USDC1,0.04914968745
2024-07-26,High Yield Secured Lending Maple Pool USDC1,0.184539721
2024-07-27,Maple Cash USDC1,0.04916053238
2024-07-27,High Yield Secured Lending Maple Pool USDC1,0.184550717
2024-07-27,Altcoin Lending,
2024-07-27,Syrup USDC,0.1706903411
2024-07-27,Maple Direct USDC1,0.1124853528
2024-07-27,AQRU Maple Pool USDC1,0.1699279373
2024-07-28,Maple Cash USDC1,0.04916256061
2024-07-28,AQRU Maple Pool USDC1,0.1699258443
2024-07-28,Syrup USDC,0.1636373147
2024-07-28,Altcoin Lending,
2024-07-28,Maple Direct USDC1,0.111952452
2024-07-28,High Yield Secured Lending Maple Pool USDC1,0.1751102867
2024-07-29,AQRU Maple Pool USDC1,0.1699241192
2024-07-29,Maple Cash USDC1,0.04916426528
2024-07-29,Syrup USDC,0.1635982099
2024-07-29,High Yield Secured Lending Maple Pool USDC1,0.1751254279
2024-07-29,Maple Direct USDC1,0.1114201138
2024-07-29,Altcoin Lending,
2024-07-30,Syrup USDC,0.1752892546
2024-07-30,Altcoin Lending,
2024-07-30,AQRU Maple Pool USDC1,0.1699253035
2024-07-30,Maple Cash USDC1,0.04916638321
2024-07-30,Maple Direct USDC1,0.1108883375
2024-07-30,High Yield Secured Lending Maple Pool USDC1,0.1895285078
2024-07-31,AQRU Maple Pool USDC1,0.169931039
2024-07-31,High Yield Secured Lending Maple Pool USDC1,0.1895338118
2024-07-31,Syrup USDC,0.1757039013
2024-07-31,Maple Cash USDC1,0.04916850058
2024-07-31,Maple Direct USDC1,0.1103441218
2024-07-31,Altcoin Lending,
2024-08-01,Maple Direct USDC1,0.1097633107
2024-08-01,Altcoin Lending,
2024-08-01,High Yield Secured Lending Maple Pool USDC1,0.1731011454
2024-08-01,Syrup USDC,0.1630182852
2024-08-01,Maple Cash USDC1,0.0491706174
2024-08-01,AQRU Maple Pool USDC1,0.1699234227
2024-08-02,Maple Direct USDC1,0.1091854878
2024-08-02,Altcoin Lending,
2024-08-02,Maple Cash USDC1,0.04917273366
2024-08-02,High Yield Secured Lending Maple Pool USDC1,0.1867850199
2024-08-02,Syrup USDC,0.1666596732
2024-08-02,AQRU Maple Pool USDC1,0.1698926791
2024-08-03,Maple Cash USDC1,0.04924238097
2024-08-03,High Yield Secured Lending Maple Pool USDC1,0.1870291655
2024-08-03,Syrup USDC,0.1661980411
2024-08-03,Altcoin Lending,
2024-08-03,Maple Direct USDC1,0.108632572
2024-08-03,AQRU Maple Pool USDC1,0.1698611404
2024-08-04,High Yield Secured Lending Maple Pool USDC1,0.187273244
2024-08-04,Maple Cash USDC1,0.04933892157
2024-08-04,Maple Direct USDC1,0.1080802533
2024-08-04,AQRU Maple Pool USDC1,0.1698296297
2024-08-04,Syrup USDC,0.1656909307
2024-08-04,Altcoin Lending,
2024-08-05,Maple Direct USDC1,0.107511281
2024-08-05,Syrup USDC,0.1650403313
2024-08-05,Altcoin Lending,
2024-08-05,AQRU Maple Pool USDC1,0.1697991472
2024-08-05,Maple Cash USDC1,0.04933437456
2024-08-05,High Yield Secured Lending Maple Pool USDC1,0.1875124429
2024-08-06,Maple Direct USDC1,0.1069226638
2024-08-06,AQRU Maple Pool USDC1,0.1697766139
2024-08-06,Altcoin Lending,
2024-08-06,Syrup USDC,0.1692143975
2024-08-06,High Yield Secured Lending Maple Pool USDC1,0.1937902242
2024-08-06,Maple Cash USDC1,0.04930587756
2024-08-07,AQRU Maple Pool USDC1,0.1697623074
2024-08-07,High Yield Secured Lending Maple Pool USDC1,0.1940590202
2024-08-07,Maple Cash USDC1,0.04924192957
2024-08-07,Syrup USDC,0.1688921355
2024-08-07,Maple Direct USDC1,0.106352458
2024-08-07,Altcoin Lending,
2024-08-08,Syrup USDC,0.1558139588
2024-08-08,Maple Cash USDC1,0.04923828908
2024-08-08,High Yield Secured Lending Maple Pool USDC1,0.1816796675
2024-08-08,Maple Direct USDC1,0.1057828761
2024-08-08,Altcoin Lending,
2024-08-08,AQRU Maple Pool USDC1,0.169742417
2024-08-09,High Yield Secured Lending Maple Pool USDC1,0.1895971242
2024-08-09,Maple Direct USDC1,0.1052139171
2024-08-09,AQRU Maple Pool USDC1,0.1697148847
2024-08-09,Maple Cash USDC1,0.04923464956
2024-08-09,Syrup USDC,0.1547689208
2024-08-09,Altcoin Lending,
2024-08-10,Maple Direct USDC1,0.1046101895
2024-08-10,Altcoin Lending,
2024-08-10,AQRU Maple Pool USDC1,0.1696758531
2024-08-10,Maple Cash USDC1,0.04923101101
2024-08-10,High Yield Secured Lending Maple Pool USDC1,0.1895452778
2024-08-10,Syrup USDC,0.1542678034
2024-08-11,Altcoin Lending,
2024-08-11,Syrup USDC,0.1468067827
2024-08-11,Maple Cash USDC1,0.04922714908
2024-08-11,AQRU Maple Pool USDC1,0.1696350254
2024-08-11,High Yield Secured Lending Maple Pool USDC1,0.1742959075
2024-08-11,Maple Direct USDC1,0.1039849413
2024-08-12,Maple Direct USDC1,0.1033590212
2024-08-12,Syrup USDC,0.1459929437
2024-08-12,High Yield Secured Lending Maple Pool USDC1,0.1742712306
2024-08-12,AQRU Maple Pool USDC1,0.1695936993
2024-08-12,Altcoin Lending,
2024-08-12,Maple Cash USDC1,0.04922080576
2024-08-13,AQRU Maple Pool USDC1,0.16955748
2024-08-13,Syrup USDC,0.1542007494
2024-08-13,High Yield Secured Lending Maple Pool USDC1,0.1855618214
2024-08-13,Altcoin Lending,
2024-08-13,Maple Direct USDC1,0.1027406512
2024-08-13,Maple Cash USDC1,0.04921301476
2024-08-14,High Yield Secured Lending Maple Pool USDC1,0.1854705636
2024-08-14,Syrup USDC,0.1536629299
2024-08-14,Maple Cash USDC1,0.0492079476
2024-08-14,Altcoin Lending,
2024-08-14,Maple Direct USDC1,0.1021298328
2024-08-14,AQRU Maple Pool USDC1,0.1695324329
2024-08-15,High Yield Secured Lending Maple Pool USDC1,0.1710012683
2024-08-15,Maple Cash USDC1,0.04920710348
2024-08-15,Maple Direct USDC1,0.1014973993
2024-08-15,Altcoin Lending,
2024-08-15,AQRU Maple Pool USDC1,0.1695024874
2024-08-15,Syrup USDC,0.1383104721
2024-08-16,High Yield Secured Lending Maple Pool USDC1,0.1802180136
2024-08-16,Syrup USDC,0.1415362239
2024-08-16,Maple Cash USDC1,0.04920505888
2024-08-16,Maple Direct USDC1,0.1011343154
2024-08-16,Altcoin Lending,
2024-08-16,AQRU Maple Pool USDC1,0.1694654594
2024-08-17,Maple Cash USDC1,0.04921134211
2024-08-17,Syrup USDC,0.141343304
2024-08-17,Maple Direct USDC1,0.1022345823
2024-08-17,AQRU Maple Pool USDC1,0.1694246046
2024-08-17,High Yield Secured Lending Maple Pool USDC1,0.1802970965
2024-08-17,Altcoin Lending,
2024-08-18,Maple Direct USDC1,0.1023391123
2024-08-18,AQRU Maple Pool USDC1,0.1693837273
2024-08-18,Altcoin Lending,
2024-08-18,Syrup USDC,0.1356548018
2024-08-18,Maple Cash USDC1,0.04920567599
2024-08-18,High Yield Secured Lending Maple Pool USDC1,0.1753904764
2024-08-19,Altcoin Lending,
2024-08-19,AQRU Maple Pool USDC1,0.1693428864
2024-08-19,Maple Direct USDC1,0.1023477774
2024-08-19,Maple Cash USDC1,0.04920001139
2024-08-19,High Yield Secured Lending Maple Pool USDC1,0.1754001428
2024-08-19,Syrup USDC,0.1354428832
2024-08-20,AQRU Maple Pool USDC1,0.1693016496
2024-08-20,Maple Direct USDC1,0.1023814703
2024-08-20,Maple Cash USDC1,0.04919434832
2024-08-20,Syrup USDC,0.1352275852
2024-08-20,Altcoin Lending,
2024-08-20,High Yield Secured Lending Maple Pool USDC1,0.175421942
2024-08-21,Syrup USDC,0.1388278067
2024-08-21,AQRU Maple Pool USDC1,0.1692682191
2024-08-21,Altcoin Lending,
2024-08-21,Maple Direct USDC1,0.1023792337
2024-08-21,Maple Cash USDC1,0.04918682725
2024-08-21,High Yield Secured Lending Maple Pool USDC1,0.1844645919
2024-08-22,Maple Cash USDC1,0.04916841498
2024-08-22,Altcoin Lending,
2024-08-22,Maple Direct USDC1,0.1022361368
2024-08-22,AQRU Maple Pool USDC1,0.1692401444
2024-08-22,Syrup USDC,0.1384915304
2024-08-22,High Yield Secured Lending Maple Pool USDC1,0.1844173708
2024-08-23,Syrup USDC,0.129781595
2024-08-23,Maple Direct USDC1,0.1020953271
2024-08-23,Altcoin Lending,
2024-08-23,AQRU Maple Pool USDC1,0.1691989651
2024-08-23,High Yield Secured Lending Maple Pool USDC1,0.1753427089
2024-08-23,Maple Cash USDC1,0.04915824964
2024-08-24,Altcoin Lending,
2024-08-24,Maple Cash USDC1,0.04914727451
2024-08-24,Maple Direct USDC1,0.1019531123
2024-08-24,High Yield Secured Lending Maple Pool USDC1,0.1752698836
2024-08-24,Syrup USDC,0.1297481817
2024-08-24,AQRU Maple Pool USDC1,0.1691578226
2024-08-25,AQRU Maple Pool USDC1,0.1691167167
2024-08-25,High Yield Secured Lending Maple Pool USDC1,0.1675806851
2024-08-25,Maple Cash USDC1,0.04913612004
2024-08-25,Maple Direct USDC1,0.1018073794
2024-08-25,Syrup USDC,0.1232426095
2024-08-25,Altcoin Lending,
2024-08-26,Syrup USDC,0.1229848157
2024-08-26,Altcoin Lending,
2024-08-26,Maple Cash USDC1,0.04911402643
2024-08-26,High Yield Secured Lending Maple Pool USDC1,0.1674602886
2024-08-26,Maple Direct USDC1,0.1016611337
2024-08-26,AQRU Maple Pool USDC1,0.1690756573
2024-08-27,Altcoin Lending,
2024-08-27,High Yield Secured Lending Maple Pool USDC1,0.1766729283
2024-08-27,Syrup USDC,0.1244238684
2024-08-27,Maple Cash USDC1,0.04910883208
2024-08-27,AQRU Maple Pool USDC1,0.1690348285
2024-08-27,Maple Direct USDC1,0.1014600769
2024-08-28,High Yield Secured Lending Maple Pool USDC1,0.1766187456
2024-08-28,Altcoin Lending,
2024-08-28,AQRU Maple Pool USDC1,0.1689936475
2024-08-28,Maple Cash USDC1,0.04910365053
2024-08-28,Syrup USDC,0.1244360112
2024-08-28,Maple Direct USDC1,0.1013954275
2024-08-29,Maple Cash USDC1,0.04909805669
2024-08-29,AQRU Maple Pool USDC1,0.1689535493
2024-08-29,Syrup USDC,0.11352112
2024-08-29,Altcoin Lending,
2024-08-29,High Yield Secured Lending Maple Pool USDC1,0.1623157696
2024-08-29,Maple Direct USDC1,0.1013308164
2024-08-30,Maple Cash USDC1,0.04909246436
2024-08-30,Maple Direct USDC1,0.1012662436
2024-08-30,Altcoin Lending,
2024-08-30,AQRU Maple Pool USDC1,0.1689084546
2024-08-30,Syrup USDC,0.1142833151
2024-08-30,High Yield Secured Lending Maple Pool USDC1,0.1685876118
2024-08-31,Altcoin Lending,
2024-08-31,AQRU Maple Pool USDC1,0.1688609841
2024-08-31,Syrup USDC,0.114202721
2024-08-31,Maple Direct USDC1,0.1012034589
2024-08-31,High Yield Secured Lending Maple Pool USDC1,0.1685092505
2024-08-31,Maple Cash USDC1,0.04908687352
2024-09-01,Maple Direct USDC1,0.1011406824
2024-09-01,AQRU Maple Pool USDC1,0.1688134713
2024-09-01,Syrup USDC,0.1101780913
2024-09-01,Maple Cash USDC1,0.04908128419
2024-09-01,High Yield Secured Lending Maple Pool USDC1,0.1550416328
2024-09-01,Altcoin Lending,
2024-09-02,Maple Direct USDC1,0.1010515383
2024-09-02,AQRU Maple Pool USDC1,0.1687660076
2024-09-02,Altcoin Lending,
2024-09-02,High Yield Secured Lending Maple Pool USDC1,0.1549740011
2024-09-02,Syrup USDC,0.1100190869
2024-09-02,Maple Cash USDC1,0.04907569637
2024-09-03,Altcoin Lending,
2024-09-03,Maple Direct USDC1,0.1009624491
2024-09-03,Maple Cash USDC1,0.04906727175
2024-09-03,High Yield Secured Lending Maple Pool USDC1,0.1549267411
2024-09-03,Syrup USDC,0.1098762281
2024-09-03,AQRU Maple Pool USDC1,0.1687186167
2024-09-04,Altcoin Lending,
2024-09-04,AQRU Maple Pool USDC1,0.1686698558
2024-09-04,High Yield Secured Lending Maple Pool USDC1,0.1617772211
2024-09-04,Syrup USDC,0.1112547867
2024-09-04,Maple Direct USDC1,0.1007770268
2024-09-04,Maple Cash USDC1,0.0490654687
2024-09-05,Maple Cash USDC1,0.0490876341
2024-09-05,Syrup USDC,0.1084606191
2024-09-05,AQRU Maple Pool USDC1,0.1686084854
2024-09-05,Maple Direct USDC1,0.0992976349
2024-09-05,Altcoin Lending,
2024-09-05,High Yield Secured Lending Maple Pool USDC1,0.1594851487
2024-09-06,High Yield Secured Lending Maple Pool USDC1,0.1592481375
2024-09-06,Maple Cash USDC1,0.04914792251
2024-09-06,AQRU Maple Pool USDC1,0.1685483448
2024-09-06,Maple Direct USDC1,0.09792703182
2024-09-06,Altcoin Lending,
2024-09-06,Syrup USDC,0.1086194699
2024-09-07,Maple Direct USDC1,0.09745232961
2024-09-07,AQRU Maple Pool USDC1,0.1684882586
2024-09-07,Maple Cash USDC1,0.04915386103
2024-09-07,High Yield Secured Lending Maple Pool USDC1,0.1590968318
2024-09-07,Altcoin Lending,
2024-09-07,Syrup USDC,0.1092366136
2024-09-08,Maple Direct USDC1,0.09698408152
2024-09-08,High Yield Secured Lending Maple Pool USDC1,0.1511716759
2024-09-08,Maple Cash USDC1,0.04915979802
2024-09-08,AQRU Maple Pool USDC1,0.1684282267
2024-09-08,Syrup USDC,0.1098361197
2024-09-08,Altcoin Lending,
2024-09-09,Syrup USDC,0.1103559758
2024-09-09,AQRU Maple Pool USDC1,0.1683682607
2024-09-09,High Yield Secured Lending Maple Pool USDC1,0.1509698431
2024-09-09,Altcoin Lending,
2024-09-09,Maple Direct USDC1,0.09655139948
2024-09-09,Maple Cash USDC1,0.04916488207
2024-09-10,Syrup USDC,0.1201839074
2024-09-10,Altcoin Lending,
2024-09-10,Maple Direct USDC1,0.09614226696
2024-09-10,AQRU Maple Pool USDC1,0.1683090606
2024-09-10,High Yield Secured Lending Maple Pool USDC1,0.163138303
2024-09-10,Maple Cash USDC1,0.04916865952
2024-09-11,Maple Direct USDC1,0.09583518821
2024-09-11,Syrup USDC,0.1208206351
2024-09-11,Altcoin Lending,
2024-09-11,AQRU Maple Pool USDC1,0.1682515889
2024-09-11,Maple Cash USDC1,0.04917243599
2024-09-11,High Yield Secured Lending Maple Pool USDC1,0.1630758491
2024-09-12,AQRU Maple Pool USDC1,0.1681914076
2024-09-12,Syrup USDC,0.1128362193
2024-09-12,Altcoin Lending,
2024-09-12,High Yield Secured Lending Maple Pool USDC1,0.151907343
2024-09-12,Maple Cash USDC1,0.0491776608
2024-09-12,Maple Direct USDC1,0.09552269913
2024-09-13,Syrup USDC,0.1149328954
2024-09-13,Maple Direct USDC1,0.09520037514
2024-09-13,Altcoin Lending,
2024-09-13,High Yield Secured Lending Maple Pool USDC1,0.1582716424
2024-09-13,AQRU Maple Pool USDC1,0.1681280198
2024-09-13,Maple Cash USDC1,0.04918016262
2024-09-13,Syrup USDT,-0.2498750673
2024-09-14,High Yield Secured Lending Maple Pool USDC1,0.1582557179
2024-09-14,Syrup USDC,0.1147827152
2024-09-14,Maple Cash USDC1,0.0491788129
2024-09-14,Syrup USDT,-0.2487666486
2024-09-14,Maple Direct USDC1,0.09488663678
2024-09-14,Altcoin Lending,
2024-09-14,AQRU Maple Pool USDC1,0.168064357
2024-09-15,High Yield Secured Lending Maple Pool USDC1,0.1492169433
2024-09-15,Syrup USDC,0.1117531427
2024-09-15,AQRU Maple Pool USDC1,0.1680007519
2024-09-15,Altcoin Lending,
2024-09-15,Syrup USDT,-0.247670892
2024-09-15,Maple Direct USDC1,0.09455213128
2024-09-15,Maple Cash USDC1,0.04917806519
2024-09-16,High Yield Secured Lending Maple Pool USDC1,0.1491270963
2024-09-16,Syrup USDC,0.1118728991
2024-09-16,Maple Cash USDC1,0.04917196956
2024-09-16,Syrup USDT,-0.2465809241
2024-09-16,AQRU Maple Pool USDC1,0.1679373481
2024-09-16,Altcoin Lending,
2024-09-16,Maple Direct USDC1,0.09426453155
2024-09-17,Maple Cash USDC1,0.04916449531
2024-09-17,AQRU Maple Pool USDC1,0.1678747975
2024-09-17,Syrup USDT,-0.2415487412
2024-09-17,Maple Direct USDC1,0.09398780661
2024-09-17,Altcoin Lending,
2024-09-17,High Yield Secured Lending Maple Pool USDC1,0.1520718813
2024-09-17,Syrup USDC,0.1144185141
2024-09-18,AQRU Maple Pool USDC1,0.1678126216
2024-09-18,Maple Direct USDC1,0.09369105404
2024-09-18,High Yield Secured Lending Maple Pool USDC1,0.1519699159
2024-09-18,Maple Cash USDC1,0.04915702308
2024-09-18,Syrup USDC,0.1145021258
2024-09-18,Altcoin Lending,
2024-09-18,Syrup USDT,-0.2403829112
2024-09-19,Altcoin Lending,
2024-09-19,High Yield Secured Lending Maple Pool USDC1,0.15187684
2024-09-19,AQRU Maple Pool USDC1,0.1677472119
2024-09-19,Maple Direct USDC1,0.09336970341
2024-09-19,Maple Cash USDC1,0.04914955286
2024-09-19,Syrup USDC,0.1146247306
2024-09-19,Syrup USDT,-0.2392408777
2024-09-20,Syrup USDC,0.1131106747
2024-09-20,Maple Direct USDC1,0.09309553445
2024-09-20,Syrup USDT,-0.2345305907
2024-09-20,Altcoin Lending,
2024-09-20,AQRU Maple Pool USDC1,0.1676702958
2024-09-20,Maple Cash USDC1,0.04913445404
2024-09-20,High Yield Secured Lending Maple Pool USDC1,0.1430003915
2024-09-21,Maple Direct USDC1,0.09286394908
2024-09-21,Syrup USDC,0.1132042295
2024-09-21,Maple Cash USDC1,0.04911286493
2024-09-21,Altcoin Lending,
2024-09-21,Syrup USDT,-0.2332893283
2024-09-21,High Yield Secured Lending Maple Pool USDC1,0.142934596
2024-09-21,AQRU Maple Pool USDC1,0.1675897046
2024-09-22,Altcoin Lending,
2024-09-22,High Yield Secured Lending Maple Pool USDC1,0.138212214
2024-09-22,Maple Direct USDC1,0.09263252841
2024-09-22,Syrup USDC,0.1111978157
2024-09-22,Maple Cash USDC1,0.04908304062
2024-09-22,AQRU Maple Pool USDC1,0.1675091873
2024-09-22,Syrup USDT,-0.2319545145
2024-09-23,Altcoin Lending,
2024-09-23,AQRU Maple Pool USDC1,0.1674292993
2024-09-23,Maple Cash USDC1,0.04905403742
2024-09-23,High Yield Secured Lending Maple Pool USDC1,0.1439089795
2024-09-23,Maple Direct USDC1,0.09240188112
2024-09-23,Syrup USDC,0.1108888212
2024-09-23,Syrup USDT,-0.2306332605
2024-09-24,Syrup USDT,-0.2254844757
2024-09-24,High Yield Secured Lending Maple Pool USDC1,0.143871275
2024-09-24,Altcoin Lending,
2024-09-24,Syrup USDC,0.1105908907
2024-09-24,AQRU Maple Pool USDC1,0.1673564763
2024-09-24,Maple Direct USDC1,0.09217348286
2024-09-24,Maple Cash USDC1,0.04902504256
2024-09-25,Altcoin Lending,
2024-09-25,Syrup USDT,-0.2241462069
2024-09-25,Maple Cash USDC1,0.04900675779
2024-09-25,High Yield Secured Lending Maple Pool USDC1,0.1508218656
2024-09-25,Syrup USDC,0.1127131783
2024-09-25,Maple Direct USDC1,0.09194745156
2024-09-25,AQRU Maple Pool USDC1,0.1672893369
2024-09-26,Maple Direct USDC1,0.09177584494
2024-09-26,Syrup USDC,0.1105474049
2024-09-26,AQRU Maple Pool USDC1,0.1672235958
2024-09-26,Altcoin Lending,
2024-09-26,Maple Cash USDC1,0.04897160579
2024-09-26,Syrup USDT,-0.2227967369
2024-09-26,High Yield Secured Lending Maple Pool USDC1,0.1416415707
2024-09-27,AQRU Maple Pool USDC1,0.1671580405
2024-09-27,Syrup USDT,-0.2174702055
2024-09-27,Maple Cash USDC1,0.04889422359
2024-09-27,Maple Direct USDC1,0.09146900984
2024-09-27,High Yield Secured Lending Maple Pool USDC1,0.1477978989
2024-09-27,Altcoin Lending,
2024-09-27,Syrup USDC,0.1127047898
2024-09-28,Syrup USDT,-0.216060117
2024-09-28,High Yield Secured Lending Maple Pool USDC1,0.1476877939
2024-09-28,Maple Direct USDC1,0.09116241586
2024-09-28,Altcoin Lending,
2024-09-28,Syrup USDC,0.1122194279
2024-09-28,AQRU Maple Pool USDC1,0.1670885992
2024-09-28,Maple Cash USDC1,0.04872251242
2024-09-29,AQRU Maple Pool USDC1,0.1670180774
2024-09-29,Altcoin Lending,
2024-09-29,Maple Direct USDC1,0.09085606273
2024-09-29,High Yield Secured Lending Maple Pool USDC1,0.1413536742
2024-09-29,Maple Cash USDC1,0.04855087223
2024-09-29,Syrup USDC,0.1108702543
2024-09-29,Syrup USDT,-0.2146478437
2024-09-30,AQRU Maple Pool USDC1,0.1686896639
2024-09-30,Syrup USDC,0.1104435859
2024-09-30,High Yield Secured Lending Maple Pool USDC1,0.1412480542
2024-09-30,Altcoin Lending,
2024-09-30,Maple Direct USDC1,0.09055120767
2024-09-30,Syrup USDT,-0.2132333004
2024-09-30,Maple Cash USDC1,0.04837969322
2024-10-01,High Yield Secured Lending Maple Pool USDC1,0.1412197732
2024-10-01,Maple Direct USDC1,0.09024906121
2024-10-01,Syrup USDT,-0.2118157017
2024-10-01,Syrup USDC,0.1100700856
2024-10-01,AQRU Maple Pool USDC1,0.1686186426
2024-10-01,Maple Cash USDC1,0.04821266455
2024-10-01,Altcoin Lending,
2024-10-02,Syrup USDC,0.1118189543
2024-10-02,Maple Cash USDC1,0.04804570424
2024-10-02,AQRU Maple Pool USDC1,0.1685482942
2024-10-02,Maple Direct USDC1,0.08994714996
2024-10-02,Syrup USDT,-0.2072436196
2024-10-02,Altcoin Lending,
2024-10-02,High Yield Secured Lending Maple Pool USDC1,0.1521339772
2024-10-03,Maple Direct USDC1,0.08964547462
2024-10-03,Maple Cash USDC1,0.04790423338
2024-10-03,AQRU Maple Pool USDC1,0.1684782104
2024-10-03,Altcoin Lending,
2024-10-03,High Yield Secured Lending Maple Pool USDC1,0.1520871879
2024-10-03,Syrup USDT,-0.2056917799
2024-10-03,Syrup USDC,0.111541047
2024-10-04,Maple Cash USDC1,0.04779649809
2024-10-04,Syrup USDT,-0.05468497127
2024-10-04,AQRU Maple Pool USDC1,0.1684086029
2024-10-04,Syrup USDC,0.1100921456
2024-10-04,Maple Direct USDC1,0.0894563897
2024-10-04,Altcoin Lending,
2024-10-04,High Yield Secured Lending Maple Pool USDC1,0.145203977
2024-10-05,Maple Cash USDC1,0.047688779
2024-10-05,High Yield Secured Lending Maple Pool USDC1,0.1415713682
2024-10-05,Maple Direct USDC1,0.09056968787
2024-10-05,Altcoin Lending,
2024-10-05,Syrup USDC,0.1083145635
2024-10-05,AQRU Maple Pool USDC1,0.168343796
2024-10-05,Syrup USDT,0.08501829591
2024-10-06,Altcoin Lending,
2024-10-06,Maple Direct USDC1,0.09156058989
2024-10-06,Syrup USDT,0.08694325531
2024-10-06,Syrup USDC,0.1078491488
2024-10-06,High Yield Secured Lending Maple Pool USDC1,0.1417100608
2024-10-06,AQRU Maple Pool USDC1,0.1682775117
2024-10-06,Maple Cash USDC1,0.04757842877
2024-10-07,Syrup USDC,0.1073187926
2024-10-07,AQRU Maple Pool USDC1,0.1682112878
2024-10-07,Altcoin Lending,
2024-10-07,Maple Direct USDC1,0.0916614877
2024-10-07,High Yield Secured Lending Maple Pool USDC1,0.1417589041
2024-10-07,Maple Cash USDC1,0.04746218024
2024-10-07,Syrup USDT,0.08756212206
2024-10-08,AQRU Maple Pool USDC1,0.16814515
2024-10-08,Altcoin Lending,
2024-10-08,Syrup USDT,0.09311568728
2024-10-08,Maple Direct USDC1,0.09175383082
2024-10-08,High Yield Secured Lending Maple Pool USDC1,0.1418033477
2024-10-08,Syrup USDC,0.106703785
2024-10-08,Maple Cash USDC1,0.04734597422
2024-10-09,AQRU Maple Pool USDC1,0.1680790916
2024-10-09,Altcoin Lending,
2024-10-09,Maple Cash USDC1,0.04723066054
2024-10-09,Syrup USDC,0.1081015125
2024-10-09,Maple Direct USDC1,0.09184628339
2024-10-09,High Yield Secured Lending Maple Pool USDC1,0.141896913
2024-10-09,Syrup USDT,0.09394302525
2024-10-10,AQRU Maple Pool USDC1,0.1680123838
2024-10-10,Maple Cash USDC1,0.04711669165
2024-10-10,Altcoin Lending,
2024-10-10,High Yield Secured Lending Maple Pool USDC1,0.129846567
2024-10-10,Syrup USDT,0.094838265
2024-10-10,Syrup USDC,0.09878652129
2024-10-10,Maple Direct USDC1,0.09194132744
2024-10-11,Syrup USDC,0.1000158233
2024-10-11,High Yield Secured Lending Maple Pool USDC1,0.137549995
2024-10-11,Altcoin Lending,
2024-10-11,Syrup USDT,0.09249523012
2024-10-11,Maple Cash USDC1,0.04697191464
2024-10-11,Maple Direct USDC1,0.09193498959
2024-10-11,AQRU Maple Pool USDC1,0.1679445955
2024-10-12,High Yield Secured Lending Maple Pool USDC1,0.1375266537
2024-10-12,AQRU Maple Pool USDC1,0.1678745662
2024-10-12,Maple Direct USDC1,0.09192865483
2024-10-12,Syrup USDC,0.0998211086
2024-10-12,Maple Cash USDC1,0.04679582992
2024-10-12,Syrup USDT,0.09362398575
2024-10-12,Altcoin Lending,
2024-10-13,Maple Cash USDC1,0.04661981875
2024-10-13,Syrup USDT,0.08618464128
2024-10-13,High Yield Secured Lending Maple Pool USDC1,0.1312724062
2024-10-13,Maple Direct USDC1,0.09192232315
2024-10-13,AQRU Maple Pool USDC1,0.1678039624
2024-10-13,Syrup USDC,0.09810449444
2024-10-13,Altcoin Lending,
2024-10-14,AQRU Maple Pool USDC1,0.1694977149
2024-10-14,Syrup USDC,0.09785195148
2024-10-14,Maple Direct USDC1,0.09186257046
2024-10-14,High Yield Secured Lending Maple Pool USDC1,0.1312254906
2024-10-14,Maple Cash USDC1,0.04644388109
2024-10-14,Syrup USDT,0.08665748456
2024-10-14,Altcoin Lending,
2024-10-15,High Yield Secured Lending Maple Pool USDC1,0.1374137788
2024-10-15,Maple Cash USDC1,0.04626801691
2024-10-15,Syrup USDC,0.09968432727
2024-10-15,Altcoin Lending,
2024-10-15,Syrup USDT,0.08964320774
2024-10-15,AQRU Maple Pool USDC1,0.1694263937
2024-10-15,Maple Direct USDC1,0.09163785642
2024-10-16,Syrup USDT,0.09031821653
2024-10-16,Maple Cash USDC1,0.04609755856
2024-10-16,AQRU Maple Pool USDC1,0.1693549928
2024-10-16,High Yield Secured Lending Maple Pool USDC1,0.1372924105
2024-10-16,Maple Direct USDC1,0.09139779552
2024-10-16,Altcoin Lending,
2024-10-16,Syrup USDC,0.09969870871
2024-10-17,Altcoin Lending,
2024-10-17,AQRU Maple Pool USDC1,0.1692828595
2024-10-17,Syrup USDT,0.08532291294
2024-10-17,Syrup USDC,0.09743786125
2024-10-17,Maple Direct USDC1,0.09130696842
2024-10-17,High Yield Secured Lending Maple Pool USDC1,0.1342710719
2024-10-17,Maple Cash USDC1,0.04593223874
2024-10-18,Maple Direct USDC1,0.09122537718
2024-10-18,AQRU Maple Pool USDC1,0.1927837401
2024-10-18,Maple Cash USDC1,0.0457733372
2024-10-18,Syrup USDC,0.09955640345
2024-10-18,Syrup USDT,0.08860492253
2024-10-18,High Yield Secured Lending Maple Pool USDC1,0.1376195634
2024-10-18,Altcoin Lending,
2024-10-19,High Yield Secured Lending Maple Pool USDC1,0.1373958688
2024-10-19,Altcoin Lending,
2024-10-19,AQRU Maple Pool USDC1,0.1927038322
2024-10-19,Syrup USDT,0.08911915563
2024-10-19,Maple Direct USDC1,0.09124027133
2024-10-19,Syrup USDC,0.09958698058
2024-10-19,Maple Cash USDC1,0.04561527884
2024-10-20,Maple Direct USDC1,0.09125515848
2024-10-20,Syrup USDC,0.09747903501
2024-10-20,Altcoin Lending,
2024-10-20,Maple Cash USDC1,0.04546674063
2024-10-20,High Yield Secured Lending Maple Pool USDC1,0.1371748904
2024-10-20,Syrup USDT,0.08455636527
2024-10-20,AQRU Maple Pool USDC1,0.1926319555
2024-10-21,Altcoin Lending,
2024-10-21,Syrup USDC,0.09736011878
2024-10-21,Maple Cash USDC1,0.04533558479
2024-10-21,Maple Direct USDC1,0.09127003864
2024-10-21,High Yield Secured Lending Maple Pool USDC1,0.1369545408
2024-10-21,Syrup USDT,0.08493370069
2024-10-21,AQRU Maple Pool USDC1,0.1925735282
2024-10-22,Maple Cash USDC1,0.04520447787
2024-10-22,Altcoin Lending,
2024-10-22,AQRU Maple Pool USDC1,0.1925866159
2024-10-22,Maple Direct USDC1,0.09128406522
2024-10-22,High Yield Secured Lending Maple Pool USDC1,0.1411109491
2024-10-22,Syrup USDC,0.09913764248
2024-10-22,Syrup USDT,0.08840531432
2024-10-23,Maple Cash USDC1,0.04507341983
2024-10-23,AQRU Maple Pool USDC1,0.1926334862
2024-10-23,Syrup USDT,0.08897983516
2024-10-23,Maple Direct USDC1,0.09129692917
2024-10-23,Syrup USDC,0.09949373053
2024-10-23,Altcoin Lending,
2024-10-23,High Yield Secured Lending Maple Pool USDC1,0.1352650061
2024-10-24,AQRU Maple Pool USDC1,0.1926768466
2024-10-24,Syrup USDT,0.08406701443
2024-10-24,High Yield Secured Lending Maple Pool USDC1,0.1351376449
2024-10-24,Maple Cash USDC1,0.04494096233
2024-10-24,Syrup USDC,0.09983611057
2024-10-24,Altcoin Lending,
2024-10-24,Maple Direct USDC1,0.09130836286
2024-10-25,AQRU Maple Pool USDC1,0.192714422
2024-10-25,Syrup USDT,0.08455233852
2024-10-25,High Yield Secured Lending Maple Pool USDC1,0.1293495292
2024-10-25,Altcoin Lending,
2024-10-25,Maple Cash USDC1,0.04477454642
2024-10-25,Syrup USDC,0.09776053261
2024-10-25,Maple Direct USDC1,0.09132161007
2024-10-26,Syrup USDC,0.09909628564
2024-10-26,Maple Direct USDC1,0.09133500805
2024-10-26,AQRU Maple Pool USDC1,0.1927504022
2024-10-26,Altcoin Lending,
2024-10-26,Maple Cash USDC1,0.04463393453
2024-10-26,Syrup USDT,0.08738813263
2024-10-26,High Yield Secured Lending Maple Pool USDC1,0.1291290961
2024-10-27,High Yield Secured Lending Maple Pool USDC1,0.1227383679
2024-10-27,Maple Direct USDC1,0.09134868566
2024-10-27,AQRU Maple Pool USDC1,0.1927862468
2024-10-27,Maple Cash USDC1,0.04453543955
2024-10-27,Syrup USDC,0.0967430328
2024-10-27,Altcoin Lending,
2024-10-27,Syrup USDT,0.08242409123
2024-10-28,Syrup USDC,0.09710563524
2024-10-28,Maple Direct USDC1,0.09136235684
2024-10-28,AQRU Maple Pool USDC1,0.1928220622
2024-10-28,Altcoin Lending,
2024-10-28,High Yield Secured Lending Maple Pool USDC1,0.1225288397
2024-10-28,Syrup USDT,0.08278763412
2024-10-29,Syrup USDC,0.09754968852
2024-10-29,Syrup USDT,0.08312716379
2024-10-29,Altcoin Lending,
2024-10-29,High Yield Secured Lending Maple Pool USDC1,0.1223187765
2024-10-29,AQRU Maple Pool USDC1,0.1928349329
2024-10-29,Maple Direct USDC1,0.09137602158
2024-10-30,AQRU Maple Pool USDC1,0.1910861184
2024-10-30,Syrup USDC,0.09797046434
2024-10-30,Syrup USDT,0.08561096743
2024-10-30,High Yield Secured Lending Maple Pool USDC1,0.1221290202
2024-10-30,Maple Direct USDC1,0.09137243428
2024-10-30,Altcoin Lending,
2024-10-31,Altcoin Lending,
2024-10-31,High Yield Secured Lending Maple Pool USDC1,0.1218545014
2024-10-31,Syrup USDC,0.0984744681
2024-10-31,Syrup USDT,0.08822641692
2024-10-31,AQRU Maple Pool USDC1,0.1911394801
2024-10-31,Maple Direct USDC1,0.09134535457
2024-11-01,Altcoin Lending,
2024-11-01,Syrup USDC,0.09687472183
2024-11-01,Syrup USDT,0.0865263884
2024-11-01,AQRU Maple Pool USDC1,0.191192172
2024-11-01,Maple Direct USDC1,0.09131313289
2024-11-01,High Yield Secured Lending Maple Pool USDC1,0.1136834469
2024-11-02,AQRU Maple Pool USDC1,0.1912445861
2024-11-02,High Yield Secured Lending Maple Pool USDC1,0.1134115334
2024-11-02,Altcoin Lending,
2024-11-02,Syrup USDC,0.09736053483
2024-11-02,Syrup USDT,0.08896326253
2024-11-02,Maple Direct USDC1,0.09129906095
2024-11-03,High Yield Secured Lending Maple Pool USDC1,0.1131400438
2024-11-03,Syrup USDT,0.09135376971
2024-11-03,Altcoin Lending,
2024-11-03,AQRU Maple Pool USDC1,0.1912969582
2024-11-03,Maple Direct USDC1,0.0912849247
2024-11-03,Syrup USDC,0.09767126651
2024-11-04,Syrup USDT,0.09173720149
2024-11-04,Syrup USDC,0.09812629799
2024-11-04,Maple Direct USDC1,0.09121800709
2024-11-04,High Yield Secured Lending Maple Pool USDC1,0.1138466184
2024-11-04,AQRU Maple Pool USDC1,0.1913492884
2024-11-04,Altcoin Lending,
2024-11-05,Maple Direct USDC1,0.09113128268
2024-11-05,Syrup USDT,0.09258368217
2024-11-05,Syrup USDC,0.09852505642
2024-11-05,High Yield Secured Lending Maple Pool USDC1,0.1135621936
2024-11-05,AQRU Maple Pool USDC1,0.1913930191
2024-11-05,Altcoin Lending,
2024-11-06,Syrup USDC,0.09899678784
2024-11-06,AQRU Maple Pool USDC1,0.1914171166
2024-11-06,Maple Direct USDC1,0.09105983534
2024-11-06,Altcoin Lending,
2024-11-06,Syrup USDT,0.09300193918
2024-11-06,High Yield Secured Lending Maple Pool USDC1,0.1132823959
2024-11-07,AQRU Maple Pool USDC1,0.1914736593
2024-11-07,Syrup USDC,0.09957945401
2024-11-07,Maple Direct USDC1,0.09107970666
2024-11-07,Altcoin Lending,
2024-11-07,High Yield Secured Lending Maple Pool USDC1,0.1137972121
2024-11-07,Syrup USDT,0.08849953607
2024-11-08,Syrup USDC,0.09794687059
2024-11-08,Syrup USDT,0.08884657358
2024-11-08,High Yield Secured Lending Maple Pool USDC1,0.1134505854
2024-11-08,Altcoin Lending,
2024-11-08,Maple Direct USDC1,0.09106176084
2024-11-08,AQRU Maple Pool USDC1,0.1929102867
2024-11-09,Altcoin Lending,
2024-11-09,Syrup USDC,0.09790953679
2024-11-09,High Yield Secured Lending Maple Pool USDC1,0.1130806337
2024-11-09,AQRU Maple Pool USDC1,0.1929667886
2024-11-09,Maple Direct USDC1,0.09108280918
2024-11-09,Syrup USDT,0.08919218248
2024-11-10,Maple Direct USDC1,0.09110155821
2024-11-10,Syrup USDC,0.09660750617
2024-11-10,AQRU Maple Pool USDC1,0.1930232457
2024-11-10,Syrup USDT,0.08777020843
2024-11-10,High Yield Secured Lending Maple Pool USDC1,0.106097987
2024-11-10,Altcoin Lending,
2024-11-11,Altcoin Lending,
2024-11-11,High Yield Secured Lending Maple Pool USDC1,0.1070741421
2024-11-11,AQRU Maple Pool USDC1,0.1930796579
2024-11-11,Maple Direct USDC1,0.09112029852
2024-11-11,Syrup USDT,0.08821108681
2024-11-11,Syrup USDC,0.09675669564
2024-11-12,High Yield Secured Lending Maple Pool USDC1,0.110739086
2024-11-12,Syrup USDT,0.08855598436
2024-11-12,Maple Direct USDC1,0.09113558064
2024-11-12,Altcoin Lending,
2024-11-12,AQRU Maple Pool USDC1,0.1931360253
2024-11-12,Syrup USDC,0.09688226792
2024-11-13,High Yield Secured Lending Maple Pool USDC1,0.1138018444
2024-11-13,Maple Direct USDC1,0.09118613619
2024-11-13,AQRU Maple Pool USDC1,0.1913907732
2024-11-13,Syrup USDC,0.09713339732
2024-11-13,Syrup USDT,0.08896635078
2024-11-13,Altcoin Lending,
2024-11-14,Maple Direct USDC1,0.09151809477
2024-11-14,Syrup USDT,0.08687371817
2024-11-14,Syrup USDC,0.09538562234
2024-11-14,High Yield Secured Lending Maple Pool USDC1,0.1080035612
2024-11-14,AQRU Maple Pool USDC1,0.1914574192
2024-11-14,Altcoin Lending,
2024-11-15,Syrup USDC,0.09551075837
2024-11-15,AQRU Maple Pool USDC1,0.1915319146
2024-11-15,Altcoin Lending,
2024-11-15,High Yield Secured Lending Maple Pool USDC1,0.1124162539
2024-11-15,Syrup USDT,0.08723176235
2024-11-15,Maple Direct USDC1,0.09186370566
2024-11-16,Syrup USDT,0.08776689411
2024-11-16,AQRU Maple Pool USDC1,0.191606352
2024-11-16,Altcoin Lending,
2024-11-16,Syrup USDC,0.09556665923
2024-11-16,High Yield Secured Lending Maple Pool USDC1,0.1140741648
2024-11-16,Maple Direct USDC1,0.09205574258
2024-11-17,High Yield Secured Lending Maple Pool USDC1,0.1110087995
2024-11-17,Syrup USDT,0.08560722102
2024-11-17,Altcoin Lending,
2024-11-17,Syrup USDC,0.09373915151
2024-11-17,AQRU Maple Pool USDC1,0.1681292631
2024-11-17,Maple Direct USDC1,0.09223924748
2024-11-18,Syrup USDC,0.09399768424
2024-11-18,High Yield Secured Lending Maple Pool USDC1,0.1142605758
2024-11-18,Maple Direct USDC1,0.09232614947
2024-11-18,AQRU Maple Pool USDC1,0.1682118414
2024-11-18,Syrup USDT,0.08784937055
2024-11-18,Altcoin Lending,
2024-11-19,Syrup USDC,0.09434483304
2024-11-19,Altcoin Lending,
2024-11-19,Syrup USDT,0.08872594738
2024-11-19,High Yield Secured Lending Maple Pool USDC1,0.1147992213
2024-11-19,Maple Direct USDC1,0.09241301568
2024-11-19,AQRU Maple Pool USDC1,0.1682880864
2024-11-20,Altcoin Lending,
2024-11-20,High Yield Secured Lending Maple Pool USDC1,0.1193878602
2024-11-20,AQRU Maple Pool USDC1,0.168338967
2024-11-20,Syrup USDT,0.094404927
2024-11-20,Maple Direct USDC1,0.09249476245
2024-11-20,Syrup USDC,0.09470669521
2024-11-21,Maple Direct USDC1,0.09258333266
2024-11-21,AQRU Maple Pool USDC1,0.1683266357
2024-11-21,Altcoin Lending,
2024-11-21,High Yield Secured Lending Maple Pool USDC1,0.119681935
2024-11-21,Syrup USDT,0.0974934968
2024-11-21,Syrup USDC,0.09395660545
2024-11-22,AQRU Maple Pool USDC1,0.1682808388
2024-11-22,Syrup USDT,0.1028991975
2024-11-22,Altcoin Lending,
2024-11-22,High Yield Secured Lending Maple Pool USDC1,0.1241991235
2024-11-22,Maple Direct USDC1,0.09267606278
2024-11-22,Syrup USDC,0.09389814781
2024-11-23,High Yield Secured Lending Maple Pool USDC1,0.1246562357
2024-11-23,Syrup USDC,0.09383118131
2024-11-23,Syrup USDT,0.1035112219
2024-11-23,AQRU Maple Pool USDC1,0.1682314861
2024-11-23,Altcoin Lending,
2024-11-23,Maple Direct USDC1,0.09277066397
2024-11-24,Syrup USDT,0.1040441089
2024-11-24,Syrup USDC,0.09379553825
2024-11-24,High Yield Secured Lending Maple Pool USDC1,0.1249747339
2024-11-24,Maple Direct USDC1,0.09286180245
2024-11-24,AQRU Maple Pool USDC1,0.1681821772
2024-11-24,Altcoin Lending,
2024-11-25,High Yield Secured Lending Maple Pool USDC1,0.1255419308
2024-11-25,AQRU Maple Pool USDC1,0.1681330053
2024-11-25,Syrup USDT,0.1022053805
2024-11-25,Syrup USDC,0.09399540413
2024-11-25,Maple Direct USDC1,0.09295290375
2024-11-25,Altcoin Lending,
2024-11-26,AQRU Maple Pool USDC1,0.168084334
2024-11-26,Altcoin Lending,
2024-11-26,Syrup USDT,0.1029770941
2024-11-26,Maple Direct USDC1,0.09300711016
2024-11-26,Syrup USDC,0.09427939259
2024-11-26,High Yield Secured Lending Maple Pool USDC1,0.1261150938
2024-11-27,Syrup USDC,0.09449069123
2024-11-27,Altcoin Lending,
2024-11-27,Maple Direct USDC1,0.09301557362
2024-11-27,Syrup USDT,0.1039996195
2024-11-27,AQRU Maple Pool USDC1,0.1680557572
2024-11-27,High Yield Secured Lending Maple Pool USDC1,0.1267476831
2024-11-28,Syrup USDT,0.1054495552
2024-11-28,Altcoin Lending,
2024-11-28,Syrup USDC,0.0964380335
2024-11-28,AQRU Maple Pool USDC1,0.168079016
2024-11-28,High Yield Secured Lending Maple Pool USDC1,0.1273944075
2024-11-28,Maple Direct USDC1,0.09314163199
2024-11-29,Altcoin Lending,
2024-11-29,Maple Direct USDC1,0.09328563419
2024-11-29,Syrup USDT,0.1047111405
2024-11-29,Syrup USDC,0.1003486343
2024-11-29,AQRU Maple Pool USDC1,0.1681058366
2024-11-29,High Yield Secured Lending Maple Pool USDC1,0.1280374932
2024-11-30,Syrup USDT,0.1038419938
2024-11-30,Syrup USDC,0.10239562
2024-11-30,Altcoin Lending,
2024-11-30,High Yield Secured Lending Maple Pool USDC1,0.128687804
2024-11-30,AQRU Maple Pool USDC1,0.1681094589
2024-11-30,Maple Direct USDC1,0.09345350964
2024-12-01,AQRU Maple Pool USDC1,0.1681130782
2024-12-01,Syrup USDC,0.1024386743
2024-12-01,Syrup USDT,0.1029558536
2024-12-01,Maple Direct USDC1,0.09362649502
2024-12-01,High Yield Secured Lending Maple Pool USDC1,0.1265365409
2024-12-01,Altcoin Lending,
2024-12-02,Syrup USDC,0.1024371257
2024-12-02,High Yield Secured Lending Maple Pool USDC1,0.127156421
2024-12-02,Altcoin Lending,
2024-12-02,Maple Direct USDC1,0.09378124809
2024-12-02,Syrup USDT,0.1020963873
2024-12-02,AQRU Maple Pool USDC1,0.1681166944
2024-12-03,High Yield Secured Lending Maple Pool USDC1,0.1277578375
2024-12-03,Maple Direct USDC1,0.09395862135
2024-12-03,Altcoin Lending,
2024-12-03,Syrup USDT,0.1064753436
2024-12-03,Syrup USDC,0.1062017577
2024-12-03,AQRU Maple Pool USDC1,0.1681085475
2024-12-04,Syrup USDC,0.1098218202
2024-12-04,High Yield Secured Lending Maple Pool USDC1,0.1273835903
2024-12-04,Syrup USDT,0.1111182583
2024-12-04,AQRU Maple Pool USDC1,0.1681066592
2024-12-04,Maple Direct USDC1,0.09461219627
2024-12-04,Altcoin Lending,
2024-12-05,High Yield Secured Lending Maple Pool USDC1,0.1280142008
2024-12-05,Syrup USDC,0.1155434568
2024-12-05,Syrup USDT,0.1120526111
2024-12-05,Altcoin Lending,
2024-12-05,AQRU Maple Pool USDC1,0.1681203012
2024-12-05,Maple Direct USDC1,0.09529175982
2024-12-06,AQRU Maple Pool USDC1,0.1681544011
2024-12-06,Syrup USDT,0.1138274284
2024-12-06,High Yield Secured Lending Maple Pool USDC1,0.1376056908
2024-12-06,Syrup USDC,0.1211900136
2024-12-06,Maple Direct USDC1,0.09595695512
2024-12-06,Altcoin Lending,
2024-12-07,High Yield Secured Lending Maple Pool USDC1,0.1377523139
2024-12-07,Altcoin Lending,
2024-12-07,Maple Direct USDC1,0.09653300929
2024-12-07,Syrup USDT,0.1190446546
2024-12-07,AQRU Maple Pool USDC1,0.1681566162
2024-12-07,Syrup USDC,0.1210063842
2024-12-08,Maple Direct USDC1,0.09714693384
2024-12-08,Syrup USDC,0.121107522
2024-12-08,AQRU Maple Pool USDC1,0.1668073044
2024-12-08,Syrup USDT,0.120872354
2024-12-08,Altcoin Lending,
2024-12-08,High Yield Secured Lending Maple Pool USDC1,0.1387744849
2024-12-09,Syrup USDC,0.1210945255
2024-12-09,AQRU Maple Pool USDC1,0.1668094949
2024-12-09,Altcoin Lending,
2024-12-09,Syrup USDT,0.1227001266
2024-12-09,High Yield Secured Lending Maple Pool USDC1,0.1397870649
2024-12-09,Maple Direct USDC1,0.0977164054
2024-12-10,High Yield Secured Lending Maple Pool USDC1,0.1396114051
2024-12-10,AQRU Maple Pool USDC1,0.1667973167
2024-12-10,Syrup USDC,0.1208580323
2024-12-10,Maple Direct USDC1,0.09828777297
2024-12-10,Altcoin Lending,
2024-12-10,Syrup USDT,0.1244691071
2024-12-11,Altcoin Lending,
2024-12-11,AQRU Maple Pool USDC1,0.166776154
2024-12-11,Maple Direct USDC1,0.09881578902
2024-12-11,Syrup USDT,0.1262940495
2024-12-11,Syrup USDC,0.1206677529
2024-12-11,High Yield Secured Lending Maple Pool USDC1,0.139112727
2024-12-12,Maple Direct USDC1,0.09937661902
2024-12-12,High Yield Secured Lending Maple Pool USDC1,0.1356785299
2024-12-12,Syrup USDT,0.1282391343
2024-12-12,AQRU Maple Pool USDC1,0.166776574
2024-12-12,Syrup USDC,0.1205177483
2024-12-12,Altcoin Lending,
2024-12-13,High Yield Secured Lending Maple Pool USDC1,0.1330855244
2024-12-13,Syrup USDC,0.1203739191
2024-12-13,Syrup USDT,0.1299999792
2024-12-13,Altcoin Lending,
2024-12-13,Maple Direct USDC1,0.09997748141
2024-12-13,AQRU Maple Pool USDC1,0.1686275655
2024-12-14,Maple Direct USDC1,0.1005311455
2024-12-14,Altcoin Lending,
2024-12-14,High Yield Secured Lending Maple Pool USDC1,0.1333293195
2024-12-14,AQRU Maple Pool USDC1,0.1686178166
2024-12-14,Syrup USDT,0.1322581428
2024-12-14,Syrup USDC,0.1201701705
2024-12-15,Syrup USDT,0.1343924966
2024-12-15,Syrup USDC,0.1199900828
2024-12-15,Altcoin Lending,
2024-12-15,AQRU Maple Pool USDC1,0.1686003263
2024-12-15,Maple Direct USDC1,0.1010857135
2024-12-15,High Yield Secured Lending Maple Pool USDC1,0.1294848584
2024-12-16,Maple Direct USDC1,0.101635322
2024-12-16,AQRU Maple Pool USDC1,0.168582851
2024-12-16,Syrup USDC,0.1198084143
2024-12-16,Altcoin Lending,
2024-12-16,Syrup USDT,0.1364594933
2024-12-16,High Yield Secured Lending Maple Pool USDC1,0.1283921117
2024-12-17,Altcoin Lending,
2024-12-17,Syrup USDT,0.1385475009
2024-12-17,High Yield Secured Lending Maple Pool USDC1,0.1287320865
2024-12-17,AQRU Maple Pool USDC1,0.1685654245
2024-12-17,Syrup USDC,0.123912534
2024-12-17,Maple Direct USDC1,0.1021853368
2024-12-18,High Yield Secured Lending Maple Pool USDC1,0.1287088342
2024-12-18,AQRU Maple Pool USDC1,0.1685489306
2024-12-18,Syrup USDC,0.1280239416
2024-12-18,Syrup USDT,0.1389128403
2024-12-18,Maple Direct USDC1,0.1027328414
2024-12-18,Altcoin Lending,
2024-12-19,High Yield Secured Lending Maple Pool USDC1,0.131562652
2024-12-19,Syrup USDC,0.1324081697
2024-12-19,Syrup USDT,0.140691945
2024-12-19,AQRU Maple Pool USDC1,0.1685415645
2024-12-19,Maple Direct USDC1,0.1032803229
2024-12-19,Altcoin Lending,
2024-12-20,Syrup USDC,0.1347937531
2024-12-20,AQRU Maple Pool USDC1,0.1685464724
2024-12-20,Syrup USDT,0.1374835026
2024-12-20,Maple Direct USDC1,0.1038329178
2024-12-20,High Yield Secured Lending Maple Pool USDC1,0.1307125201
2024-12-20,Altcoin Lending,
2024-12-21,Syrup USDT,0.1353847226
2024-12-21,AQRU Maple Pool USDC1,0.1685445331
2024-12-21,Altcoin Lending,
2024-12-21,Syrup USDC,0.1347897648
2024-12-21,Maple Direct USDC1,0.1043794174
2024-12-21,High Yield Secured Lending Maple Pool USDC1,0.1298676568
2024-12-22,AQRU Maple Pool USDC1,0.1685424114
2024-12-22,Altcoin Lending,
2024-12-22,Syrup USDC,0.1343189841
2024-12-22,Syrup USDT,0.1347340054
2024-12-22,Maple Direct USDC1,0.1049222046
2024-12-22,High Yield Secured Lending Maple Pool USDC1,0.1290204698
2024-12-23,Altcoin Lending,
2024-12-23,Syrup USDC,0.134736063
2024-12-23,High Yield Secured Lending Maple Pool USDC1,0.1348400584
2024-12-23,Maple Direct USDC1,0.1054623675
2024-12-23,AQRU Maple Pool USDC1,0.1685402914
2024-12-23,Syrup USDT,0.1362370181
2024-12-24,Maple Direct USDC1,0.1060241511
2024-12-24,AQRU Maple Pool USDC1,0.1685381733
2024-12-24,Syrup USDC,0.1343384078
2024-12-24,Altcoin Lending,
2024-12-24,High Yield Secured Lending Maple Pool USDC1,0.1369891259
2024-12-24,Syrup USDT,0.1377644651
2024-12-25,High Yield Secured Lending Maple Pool USDC1,0.1402223762
2024-12-25,Altcoin Lending,
2024-12-25,Syrup USDT,0.1392747195
2024-12-25,Syrup USDC,0.1336103203
2024-12-25,Maple Direct USDC1,0.1066500656
2024-12-25,AQRU Maple Pool USDC1,0.1685359636
2024-12-26,Syrup USDC,0.1346449398
2024-12-26,Altcoin Lending,
2024-12-26,Syrup USDT,0.1404794243
2024-12-26,AQRU Maple Pool USDC1,0.1685332986
2024-12-26,High Yield Secured Lending Maple Pool USDC1,0.1408835688
2024-12-26,Maple Direct USDC1,0.1073133322
2024-12-27,High Yield Secured Lending Maple Pool USDC1,0.1414825448
2024-12-27,Syrup USDT,0.1415826862
2024-12-27,Altcoin Lending,
2024-12-27,AQRU Maple Pool USDC1,0.1685105763
2024-12-27,Syrup USDC,0.1346346726
2024-12-27,Maple Direct USDC1,0.1080229819
2024-12-28,High Yield Secured Lending Maple Pool USDC1,0.1420672317
2024-12-28,AQRU Maple Pool USDC1,0.1684584914
2024-12-28,Syrup USDC,0.1327858725
2024-12-28,Maple Direct USDC1,0.1086134282
2024-12-28,Syrup USDT,0.1423071149
2024-12-28,Altcoin Lending,
2024-12-29,AQRU Maple Pool USDC1,0.1683868029
2024-12-29,Syrup USDT,0.1430602681
2024-12-29,Syrup USDC,0.1307609171
2024-12-29,High Yield Secured Lending Maple Pool USDC1,0.1426588563
2024-12-29,Maple Direct USDC1,0.1092018609
2024-12-29,Altcoin Lending,
2024-12-30,High Yield Secured Lending Maple Pool USDC1,0.1432652161
2024-12-30,AQRU Maple Pool USDC1,0.1683151794
2024-12-30,Syrup USDC,0.1325565911
2024-12-30,Maple Direct USDC1,0.1097911064
2024-12-30,Syrup USDT,0.1438323586
2024-12-30,Altcoin Lending,
2024-12-31,Syrup USDT,0.1446405693
2024-12-31,Syrup USDC,0.1355973882
2024-12-31,AQRU Maple Pool USDC1,0.1682436206
2024-12-31,High Yield Secured Lending Maple Pool USDC1,0.1438788213
2024-12-31,Altcoin Lending,
2024-12-31,Maple Direct USDC1,0.11038763
2025-01-01,Maple Direct USDC1,0.1109841475
2025-01-01,AQRU Maple Pool USDC1,0.1681721266
2025-01-01,High Yield Secured Lending Maple Pool USDC1,0.14441648
2025-01-01,Syrup USDC,0.1350430955
2025-01-01,Syrup USDT,0.145443741
2025-01-01,Altcoin Lending,
2025-01-02,High Yield Secured Lending Maple Pool USDC1,0.1449795435
2025-01-02,Maple Direct USDC1,0.1115572995
2025-01-02,AQRU Maple Pool USDC1,0.168112457
2025-01-02,Syrup USDC,0.1348795704
2025-01-02,Syrup USDT,0.1408884846
2025-01-02,Altcoin Lending,
2025-01-03,High Yield Secured Lending Maple Pool USDC1,0.1455932932
2025-01-03,Maple Direct USDC1,0.1122871417
2025-01-03,AQRU Maple Pool USDC1,0.1680465895
2025-01-03,Syrup USDT,0.1383045898
2025-01-03,Syrup USDC,0.1348853341
2025-01-03,Altcoin Lending,
2025-01-04,Maple Direct USDC1,0.1124351396
2025-01-04,High Yield Secured Lending Maple Pool USDC1,0.1463265361
2025-01-04,Syrup USDC,0.1286468577
2025-01-04,Syrup USDT,0.1391085964
2025-01-04,AQRU Maple Pool USDC1,0.1679728176
2025-01-04,Altcoin Lending,
2025-01-05,Maple Direct USDC1,0.1125842215
2025-01-05,Syrup USDC,0.1225127948
2025-01-05,High Yield Secured Lending Maple Pool USDC1,0.1380298807
2025-01-05,Altcoin Lending,
2025-01-05,Syrup USDT,0.1395183158
2025-01-05,AQRU Maple Pool USDC1,0.1678995092
2025-01-06,High Yield Secured Lending Maple Pool USDC1,0.1399976009
2025-01-06,Syrup USDT,0.136450877
2025-01-06,Altcoin Lending,
2025-01-06,Syrup USDC,0.1229933606
2025-01-06,AQRU Maple Pool USDC1,0.1678254416
2025-01-06,Maple Direct USDC1,0.1127371572
2025-01-07,Altcoin Lending,
2025-01-07,High Yield Secured Lending Maple Pool USDC1,0.1404095213
2025-01-07,Maple Direct USDC1,0.1128980881
2025-01-07,Syrup USDT,0.1367746655
2025-01-07,Syrup USDC,0.1235512746
2025-01-07,AQRU Maple Pool USDC1,0.1677514411
2025-01-08,Maple Direct USDC1,0.1130630869
2025-01-08,AQRU Maple Pool USDC1,0.1676775075
2025-01-08,High Yield Secured Lending Maple Pool USDC1,0.1408466422
2025-01-08,Syrup USDT,0.1371285417
2025-01-08,Syrup USDC,0.1247602594
2025-01-08,Altcoin Lending,
2025-01-09,AQRU Maple Pool USDC1,0.1676180175
2025-01-09,Syrup USDT,0.1374581365
2025-01-09,Syrup USDC,0.1267394904
2025-01-09,Maple Direct USDC1,0.1132902747
2025-01-09,High Yield Secured Lending Maple Pool USDC1,0.1414489733
2025-01-09,Altcoin Lending,
2025-01-10,AQRU Maple Pool USDC1,0.1675675815
2025-01-10,Syrup USDC,0.1293446107
2025-01-10,Syrup USDT,0.1378391641
2025-01-10,High Yield Secured Lending Maple Pool USDC1,0.1443974519
2025-01-10,Maple Direct USDC1,0.1135613033
2025-01-10,Altcoin Lending,
2025-01-11,AQRU Maple Pool USDC1,0.1674956116
2025-01-11,Altcoin Lending,
2025-01-11,Maple Direct USDC1,0.1138024926
2025-01-11,Syrup USDC,0.1319993272
2025-01-11,Syrup USDT,0.1381827885
2025-01-11,High Yield Secured Lending Maple Pool USDC1,0.1450628236
2025-01-12,AQRU Maple Pool USDC1,0.1655765447
2025-01-12,Syrup USDC,0.1338733153
2025-01-12,Altcoin Lending,
2025-01-12,High Yield Secured Lending Maple Pool USDC1,0.1455459186
2025-01-12,Syrup USDT,0.1386354506
2025-01-12,Maple Direct USDC1,0.1140235197
2025-01-13,High Yield Secured Lending Maple Pool USDC1,0.1478658026
2025-01-13,Maple Direct USDC1,0.1141747921
2025-01-13,AQRU Maple Pool USDC1,0.1655054704
2025-01-13,Altcoin Lending,
2025-01-13,Syrup USDT,0.1386242059
2025-01-13,Syrup USDC,0.1343345855
2025-01-14,Maple Direct USDC1,0.1143218848
2025-01-14,AQRU Maple Pool USDC1,0.1654357183
2025-01-14,High Yield Secured Lending Maple Pool USDC1,0.1482800265
2025-01-14,Syrup USDT,0.1386706839
2025-01-14,Syrup USDC,0.1347220599
2025-01-14,Altcoin Lending,
2025-01-15,Altcoin Lending,
2025-01-15,Syrup USDC,0.1357783016
2025-01-15,Syrup USDT,0.1386268048
2025-01-15,High Yield Secured Lending Maple Pool USDC1,0.1498610024
2025-01-15,AQRU Maple Pool USDC1,0.1653780945
2025-01-15,Maple Direct USDC1,0.1144767896
2025-01-16,Syrup USDC,0.1330216113
2025-01-16,High Yield Secured Lending Maple Pool USDC1,0.1502249877
2025-01-16,Maple Direct USDC1,0.1147126225
2025-01-16,Altcoin Lending,
2025-01-16,Syrup USDT,0.1385587472
2025-01-16,AQRU Maple Pool USDC1,0.1653240749
2025-01-17,Syrup USDT,0.138473093
2025-01-17,High Yield Secured Lending Maple Pool USDC1,0.1504900833
2025-01-17,AQRU Maple Pool USDC1,0.1652873888
2025-01-17,Syrup USDC,0.130115937
2025-01-17,Maple Direct USDC1,0.114950902
2025-01-17,Altcoin Lending,
2025-01-18,Syrup USDC,0.130378045
2025-01-18,Syrup USDT,0.1383902057
2025-01-18,High Yield Secured Lending Maple Pool USDC1,0.1482635578
2025-01-18,AQRU Maple Pool USDC1,0.1652479002
2025-01-18,Maple Direct USDC1,0.1151890903
2025-01-18,Altcoin Lending,
2025-01-19,Maple Direct USDC1,0.1154271873
2025-01-19,AQRU Maple Pool USDC1,0.1652083729
2025-01-19,Syrup USDT,0.1382937608
2025-01-19,Syrup USDC,0.1300404649
2025-01-19,Altcoin Lending,
2025-01-19,High Yield Secured Lending Maple Pool USDC1,0.1457214107
2025-01-20,Altcoin Lending,
2025-01-20,AQRU Maple Pool USDC1,0.165174337
2025-01-20,Syrup USDT,0.1364950469
2025-01-20,High Yield Secured Lending Maple Pool USDC1,0.1431575439
2025-01-20,Maple Direct USDC1,0.1156651931
2025-01-20,Syrup USDC,0.1300750209
2025-01-21,AQRU Maple Pool USDC1,0.1651474414
2025-01-21,Syrup USDT,0.1339728677
2025-01-21,Maple Direct USDC1,0.1159031077
2025-01-21,Altcoin Lending,
2025-01-21,High Yield Secured Lending Maple Pool USDC1,0.1426977322
2025-01-21,Syrup USDC,0.1301255891
2025-01-22,Maple Direct USDC1,0.1161415236
2025-01-22,Syrup USDT,0.1343560923
2025-01-22,Altcoin Lending,
2025-01-22,AQRU Maple Pool USDC1,0.1651259082
2025-01-22,Syrup USDC,0.130149094
2025-01-22,High Yield Secured Lending Maple Pool USDC1,0.1385835303
2025-01-23,Maple Direct USDC1,0.1163612226
2025-01-23,Syrup USDT,0.1347678776
2025-01-23,AQRU Maple Pool USDC1,0.1651045892
2025-01-23,High Yield Secured Lending Maple Pool USDC1,0.1358360089
2025-01-23,Syrup USDC,0.1344429108
2025-01-23,Altcoin Lending,
2025-01-24,Syrup USDC,0.1361247897
2025-01-24,AQRU Maple Pool USDC1,0.1650833042
2025-01-24,Altcoin Lending,
2025-01-24,Syrup USDT,0.1351755211
2025-01-24,Maple Direct USDC1,0.116516109
2025-01-24,High Yield Secured Lending Maple Pool USDC1,0.135579874
2025-01-25,Syrup USDT,0.1355439349
2025-01-25,Altcoin Lending,
2025-01-25,AQRU Maple Pool USDC1,0.1650620783
2025-01-25,Maple Direct USDC1,0.1166709236
2025-01-25,High Yield Secured Lending Maple Pool USDC1,0.1356857957
2025-01-25,Syrup USDC,0.1387112258
2025-01-26,High Yield Secured Lending Maple Pool USDC1,0.1357936832
2025-01-26,AQRU Maple Pool USDC1,0.1650408707
2025-01-26,Altcoin Lending,
2025-01-26,Syrup USDT,0.1358431512
2025-01-26,Syrup USDC,0.1415347878
2025-01-26,Maple Direct USDC1,0.1168256665
2025-01-27,AQRU Maple Pool USDC1,0.1650196812
2025-01-27,Maple Direct USDC1,0.1169409019
2025-01-27,Altcoin Lending,
2025-01-27,High Yield Secured Lending Maple Pool USDC1,0.1358263104
2025-01-27,Syrup USDC,0.1408405289
2025-01-27,Syrup USDT,0.1361288741
2025-01-28,Altcoin Lending,
2025-01-28,Syrup USDT,0.1364081658
2025-01-28,Syrup USDC,0.1385624872
2025-01-28,AQRU Maple Pool USDC1,0.1649985225
2025-01-28,Maple Direct USDC1,0.1171044294
2025-01-28,High Yield Secured Lending Maple Pool USDC1,0.1380031557
2025-01-29,Syrup USDT,0.1367125825
2025-01-29,Syrup USDC,0.1365264561
2025-01-29,AQRU Maple Pool USDC1,0.1649782824
2025-01-29,Maple Direct USDC1,0.1172650151
2025-01-29,High Yield Secured Lending Maple Pool USDC1,0.1391010913
2025-01-29,Altcoin Lending,
2025-01-30,Syrup USDC,0.1365848614
2025-01-30,Maple Direct USDC1,0.1174181926
2025-01-30,Syrup USDT,0.1369337228
2025-01-30,AQRU Maple Pool USDC1,0.1649592045
2025-01-30,Altcoin Lending,
2025-01-30,High Yield Secured Lending Maple Pool USDC1,0.1390802177
2025-01-31,Maple Direct USDC1,0.1175712988
2025-01-31,High Yield Secured Lending Maple Pool USDC1,0.1409510051
2025-01-31,AQRU Maple Pool USDC1,0.1649409179
2025-01-31,Syrup USDC,0.1368301096
2025-01-31,Syrup USDT,0.1371030398
2025-01-31,Altcoin Lending,
2025-02-01,Altcoin Lending,
2025-02-01,High Yield Secured Lending Maple Pool USDC1,0.140558542
2025-02-01,AQRU Maple Pool USDC1,0.1649226469
2025-02-01,Syrup USDT,0.1368498236
2025-02-01,Maple Direct USDC1,0.1177247283
2025-02-01,Syrup USDC,0.1343175095
2025-02-02,Syrup USDT,0.136512513
2025-02-02,AQRU Maple Pool USDC1,0.1649043915
2025-02-02,Altcoin Lending,
2025-02-02,Syrup USDC,0.134177928
2025-02-02,High Yield Secured Lending Maple Pool USDC1,0.1416071336
2025-02-02,Maple Direct USDC1,0.1172883218
2025-02-03,High Yield Secured Lending Maple Pool USDC1,0.1423750153
2025-02-03,Syrup USDC,0.1346721894
2025-02-03,Maple Direct USDC1,0.1174119027
2025-02-03,AQRU Maple Pool USDC1,0.1648869755
2025-02-03,Syrup USDT,0.1365399443
2025-02-03,Altcoin Lending,
2025-02-04,Syrup USDT,0.1364467175
2025-02-04,Altcoin Lending,
2025-02-04,Maple Direct USDC1,0.1172591739
2025-02-04,Syrup USDC,0.1355876113
2025-02-04,AQRU Maple Pool USDC1,0.1648684491
2025-02-04,High Yield Secured Lending Maple Pool USDC1,0.1415936231
2025-02-05,Altcoin Lending,
2025-02-05,Syrup USDT,0.1362887068
2025-02-05,Maple Direct USDC1,0.1172132793
2025-02-05,High Yield Secured Lending Maple Pool USDC1,0.1411999639
2025-02-05,Syrup USDC,0.1396271743
2025-02-05,AQRU Maple Pool USDC1,0.1648526034
2025-02-06,AQRU Maple Pool USDC1,0.1648367712
2025-02-06,High Yield Secured Lending Maple Pool USDC1,0.1414159661
2025-02-06,Altcoin Lending,
2025-02-06,Syrup USDT,0.1360382049
2025-02-06,Maple Direct USDC1,0.1171403541
2025-02-06,Syrup USDC,0.1393583088
2025-02-07,AQRU Maple Pool USDC1,0.1648217493
2025-02-07,Maple Direct USDC1,0.1170560094
2025-02-07,Syrup USDT,0.1354667677
2025-02-07,Altcoin Lending,
2025-02-07,High Yield Secured Lending Maple Pool USDC1,0.1411094222
2025-02-07,Syrup USDC,0.137553627
2025-02-08,Syrup USDC,0.1411821665
2025-02-08,Syrup USDT,0.1343844455
2025-02-08,Altcoin Lending,
2025-02-08,Maple Direct USDC1,0.1166836394
2025-02-08,AQRU Maple Pool USDC1,0.1648091031
2025-02-08,High Yield Secured Lending Maple Pool USDC1,0.1417024897
2025-02-09,Syrup USDT,0.1332747557
2025-02-09,AQRU Maple Pool USDC1,0.1647964677
2025-02-09,Altcoin Lending,
2025-02-09,High Yield Secured Lending Maple Pool USDC1,0.140145412
2025-02-09,Syrup USDC,0.139054346
2025-02-09,Maple Direct USDC1,0.1163113585
2025-02-10,Syrup USDC,0.1355793509
2025-02-10,Maple Direct USDC1,0.1159394158
2025-02-10,AQRU Maple Pool USDC1,0.1647838428
2025-02-10,Syrup USDT,0.132662684
2025-02-10,Altcoin Lending,
2025-02-10,High Yield Secured Lending Maple Pool USDC1,0.1400176941
2025-02-11,High Yield Secured Lending Maple Pool USDC1,0.1406512711
2025-02-11,Syrup USDT,0.1317760242
2025-02-11,AQRU Maple Pool USDC1,0.1647712287
2025-02-11,Maple Direct USDC1,0.1155625872
2025-02-11,Altcoin Lending,
2025-02-11,Syrup USDC,0.1371250028
2025-02-12,AQRU Maple Pool USDC1,0.1647586251
2025-02-12,Syrup USDT,0.1309613505
2025-02-12,Syrup USDC,0.1374375521
2025-02-12,Maple Direct USDC1,0.1150695927
2025-02-12,Altcoin Lending,
2025-02-12,High Yield Secured Lending Maple Pool USDC1,0.1389288894
2025-02-13,Syrup USDT,0.1301029654
2025-02-13,Altcoin Lending,
2025-02-13,Maple Direct USDC1,0.1144572288
2025-02-13,High Yield Secured Lending Maple Pool USDC1,0.1394360733
2025-02-13,Syrup USDC,0.1366767299
2025-02-13,AQRU Maple Pool USDC1,0.1647447747
2025-02-14,High Yield Secured Lending Maple Pool USDC1,0.1388406645
2025-02-14,Altcoin Lending,
2025-02-14,AQRU Maple Pool USDC1,0.1652771892
2025-02-14,Maple Direct USDC1,0.1138362271
2025-02-14,Syrup USDT,0.1292219447
2025-02-14,Syrup USDC,0.1369779131
2025-02-15,AQRU Maple Pool USDC1,0.1643245166
2025-02-15,Altcoin Lending,
2025-02-15,Maple Direct USDC1,0.1131338603
2025-02-15,Syrup USDT,0.128348711
2025-02-15,Syrup USDC,0.1368703442
2025-02-15,High Yield Secured Lending Maple Pool USDC1,0.1398353644
2025-02-16,Altcoin Lending,
2025-02-16,Maple Direct USDC1,0.1124323095
2025-02-16,High Yield Secured Lending Maple Pool USDC1,0.1377168177
2025-02-16,Syrup USDC,0.1350270278
2025-02-16,Syrup USDT,0.1275404181
2025-02-16,AQRU Maple Pool USDC1,0.1636743578
2025-02-17,Syrup USDT,0.1267664084
2025-02-17,Altcoin Lending,
2025-02-17,Syrup USDC,0.1311190662
2025-02-17,High Yield Secured Lending Maple Pool USDC1,0.1384629025
2025-02-17,AQRU Maple Pool USDC1,0.1637685493
2025-02-17,Maple Direct USDC1,0.1117315952
2025-02-18,Syrup USDC,0.1300807377
2025-02-18,Syrup USDT,0.1260064213
2025-02-18,High Yield Secured Lending Maple Pool USDC1,0.1388866283
2025-02-18,AQRU Maple Pool USDC1,0.1638902752
2025-02-18,Altcoin Lending,
2025-02-18,Maple Direct USDC1,0.1109517942
2025-02-19,High Yield Secured Lending Maple Pool USDC1,0.1383463651
2025-02-19,Syrup USDT,0.1250764018
2025-02-19,Maple Direct USDC1,0.1099725872
2025-02-19,Altcoin Lending,
2025-02-19,Syrup USDC,0.1280470653
2025-02-19,AQRU Maple Pool USDC1,0.1640064594
2025-02-20,Maple Direct USDC1,0.1089694698
2025-02-20,AQRU Maple Pool USDC1,0.1641154525
2025-02-20,Altcoin Lending,
2025-02-20,High Yield Secured Lending Maple Pool USDC1,0.1363470228
2025-02-20,Syrup USDT,0.1241848811
2025-02-20,Syrup USDC,0.1286044204
2025-02-21,AQRU Maple Pool USDC1,0.1642190287
2025-02-21,Syrup USDT,0.123223012
2025-02-21,Altcoin Lending,
2025-02-21,Syrup USDC,0.1298110954
2025-02-21,Maple Direct USDC1,0.1080502964
2025-02-21,High Yield Secured Lending Maple Pool USDC1,0.1364911109
2025-02-22,AQRU Maple Pool USDC1,0.1643223308
2025-02-22,Altcoin Lending,
2025-02-22,Syrup USDC,0.1244176291
2025-02-22,Syrup USDT,0.1223016045
2025-02-22,High Yield Secured Lending Maple Pool USDC1,0.1360399411
2025-02-22,Maple Direct USDC1,0.1070944914
2025-02-23,Syrup USDC,0.1231317045
2025-02-23,AQRU Maple Pool USDC1,0.1644255392
2025-02-23,Altcoin Lending,
2025-02-23,Syrup USDT,0.1213733751
2025-02-23,High Yield Secured Lending Maple Pool USDC1,0.1338130691
2025-02-23,Maple Direct USDC1,0.1061399247
2025-02-24,Syrup USDC,0.1209284152
2025-02-24,Altcoin Lending,
2025-02-24,Syrup USDT,0.1204985318
2025-02-24,Maple Direct USDC1,0.1052010767
2025-02-24,High Yield Secured Lending Maple Pool USDC1,0.1351619737
2025-02-24,AQRU Maple Pool USDC1,0.1645286287
2025-02-25,Maple Direct USDC1,0.1041542732
2025-02-25,Syrup USDT,0.1193196696
2025-02-25,Altcoin Lending,
2025-02-25,Syrup USDC,0.1164734466
2025-02-25,AQRU Maple Pool USDC1,0.1646316402
2025-02-25,High Yield Secured Lending Maple Pool USDC1,0.1337532678
2025-02-26,Syrup USDC,0.11666856
2025-02-26,High Yield Secured Lending Maple Pool USDC1,0.1331081837
2025-02-26,Syrup USDT,0.1177514619
2025-02-26,Maple Direct USDC1,0.1027917228
2025-02-26,AQRU Maple Pool USDC1,0.1647345738
2025-02-26,Altcoin Lending,
2025-02-27,Altcoin Lending,
2025-02-27,Maple Direct USDC1,0.1013668809
2025-02-27,Syrup USDC,0.117720024
2025-02-27,Syrup USDT,0.1159239857
2025-02-27,AQRU Maple Pool USDC1,0.1648374171
2025-02-27,High Yield Secured Lending Maple Pool USDC1,0.1333020153
2025-02-28,Maple Direct USDC1,0.1000057509
2025-02-28,Syrup USDT,0.115187302
2025-02-28,High Yield Secured Lending Maple Pool USDC1,0.1311736564
2025-02-28,Syrup USDC,0.1158960553
2025-02-28,Altcoin Lending,
2025-02-28,AQRU Maple Pool USDC1,0.1649392822
2025-03-01,AQRU Maple Pool USDC1,0.1650399255
2025-03-01,High Yield Secured Lending Maple Pool USDC1,0.1306775486
2025-03-01,Syrup USDC,0.1121874375
2025-03-01,Altcoin Lending,
2025-03-01,Syrup USDT,0.1135827138
2025-03-01,Maple Direct USDC1,0.09884261922
2025-03-02,Syrup USDC,0.1126295759
2025-03-02,Altcoin Lending,
2025-03-02,Maple Direct USDC1,0.09768132933
2025-03-02,High Yield Secured Lending Maple Pool USDC1,0.1311501013
2025-03-02,Syrup USDT,0.1120369893
2025-03-02,AQRU Maple Pool USDC1,0.1651397174
2025-03-03,Syrup USDC,0.1117039055
2025-03-03,Syrup USDT,0.1108927782
2025-03-03,Maple Direct USDC1,0.0964982737
2025-03-03,AQRU Maple Pool USDC1,0.1652394338
2025-03-03,High Yield Secured Lending Maple Pool USDC1,0.1306541049
2025-03-03,Altcoin Lending,
2025-03-04,Syrup USDT,0.1105714182
2025-03-04,Altcoin Lending,
2025-03-04,High Yield Secured Lending Maple Pool USDC1,0.1289968156
2025-03-04,AQRU Maple Pool USDC1,0.1653390747
2025-03-04,Maple Direct USDC1,0.09503754051
2025-03-04,Syrup USDC,0.1082021654
2025-03-05,Altcoin Lending,
2025-03-05,AQRU Maple Pool USDC1,0.1654386404
2025-03-05,High Yield Secured Lending Maple Pool USDC1,0.1297641729
2025-03-05,Maple Direct USDC1,0.09348880174
2025-03-05,Syrup USDC,0.1079929808
2025-03-05,Syrup USDT,0.1092132679
2025-03-06,High Yield Secured Lending Maple Pool USDC1,0.1299973842
2025-03-06,Maple Direct USDC1,0.09290892817
2025-03-06,Syrup USDC,0.1084050968
2025-03-06,Altcoin Lending,
2025-03-06,Syrup USDT,0.1079518581
2025-03-06,AQRU Maple Pool USDC1,0.1655376086
2025-03-07,Altcoin Lending,
2025-03-07,Maple Direct USDC1,0.09154383696
2025-03-07,Syrup USDC,0.103574119
2025-03-07,AQRU Maple Pool USDC1,0.1652948743
2025-03-07,Syrup USDT,0.1072099075
2025-03-07,High Yield Secured Lending Maple Pool USDC1,0.1277144847
2025-03-08,Syrup USDC,0.1033222078
2025-03-08,High Yield Secured Lending Maple Pool USDC1,0.1285040047
2025-03-08,Syrup USDT,0.1059737906
2025-03-08,Maple Direct USDC1,0.09016546984
2025-03-08,Altcoin Lending,
2025-03-08,AQRU Maple Pool USDC1,0.1646134511
2025-03-09,Altcoin Lending,
2025-03-09,Syrup USDC,0.1048318366
2025-03-09,AQRU Maple Pool USDC1,0.1639321649
2025-03-09,Syrup USDT,0.104979704
2025-03-09,Maple Direct USDC1,0.08984719276
2025-03-09,High Yield Secured Lending Maple Pool USDC1,0.1288875549
2025-03-10,AQRU Maple Pool USDC1,0.163249452
2025-03-10,Maple Direct USDC1,0.08869999955
2025-03-10,High Yield Secured Lending Maple Pool USDC1,0.1272029098
2025-03-10,Altcoin Lending,
2025-03-10,Syrup USDC,0.09915021034
2025-03-10,Syrup USDT,0.1044383655
2025-03-11,AQRU Maple Pool USDC1,0.162567675
2025-03-11,Syrup USDT,0.1041256146
2025-03-11,High Yield Secured Lending Maple Pool USDC1,0.1255235749
2025-03-11,Syrup USDC,0.09768492772
2025-03-11,Maple Direct USDC1,0.08753804056
2025-03-11,Altcoin Lending,
2025-03-12,High Yield Secured Lending Maple Pool USDC1,0.1263862349
2025-03-12,Syrup USDC,0.09897010425
2025-03-12,Altcoin Lending,
2025-03-12,Syrup USDT,0.1026452658
2025-03-12,AQRU Maple Pool USDC1,0.1619339572
2025-03-12,Maple Direct USDC1,0.08703126395
2025-03-13,AQRU Maple Pool USDC1,0.1614216475
2025-03-13,Syrup USDT,0.1013722502
2025-03-13,Maple Direct USDC1,0.08582815013
2025-03-13,High Yield Secured Lending Maple Pool USDC1,0.1247007713
2025-03-13,Syrup USDC,0.09527745403
2025-03-13,Altcoin Lending,
2025-03-14,Altcoin Lending,
2025-03-14,Syrup USDC,0.09355890855
2025-03-14,High Yield Secured Lending Maple Pool USDC1,0.1237969595
2025-03-14,AQRU Maple Pool USDC1,0.1609099712
2025-03-14,Maple Direct USDC1,0.08475731082
2025-03-14,Syrup USDT,0.1004497159
2025-03-15,Maple Direct USDC1,0.08465132295
2025-03-15,High Yield Secured Lending Maple Pool USDC1,0.1241047514
2025-03-15,AQRU Maple Pool USDC1,0.1603989272
2025-03-15,Syrup USDC,0.09338599674
2025-03-15,Altcoin Lending,
2025-03-15,Syrup USDT,0.0991265442
2025-03-16,AQRU Maple Pool USDC1,0.1593396771
2025-03-16,Syrup USDC,0.0915836234
2025-03-16,Altcoin Lending,
2025-03-16,High Yield Secured Lending Maple Pool USDC1,0.1225115238
2025-03-16,Syrup USDT,0.09781000969
2025-03-16,Maple Direct USDC1,0.08372357133
2025-03-17,Maple Direct USDC1,0.08279693443
2025-03-17,Syrup USDT,0.09648985201
2025-03-17,AQRU Maple Pool USDC1,0.1597851385
2025-03-17,Altcoin Lending,
2025-03-17,High Yield Secured Lending Maple Pool USDC1,0.120776714
2025-03-17,Syrup USDC,0.08925334811
2025-03-18,Maple Direct USDC1,0.08262534288
2025-03-18,Altcoin Lending,
2025-03-18,AQRU Maple Pool USDC1,0.1601733874
2025-03-18,High Yield Secured Lending Maple Pool USDC1,0.1209039625
2025-03-18,Syrup USDC,0.0884615787
2025-03-18,Syrup USDT,0.09518321841
2025-03-19,Syrup USDT,0.09377302902
2025-03-19,Maple Direct USDC1,0.08170029254
2025-03-19,Altcoin Lending,
2025-03-19,AQRU Maple Pool USDC1,0.1598879404
2025-03-19,Syrup USDC,0.08748071401
2025-03-19,High Yield Secured Lending Maple Pool USDC1,0.1192211903
2025-03-20,Syrup USDT,0.09247679342
2025-03-20,High Yield Secured Lending Maple Pool USDC1,0.1181948497
2025-03-20,Altcoin Lending,
2025-03-20,Syrup USDC,0.08568743982
2025-03-20,Maple Direct USDC1,0.0808416343
2025-03-20,AQRU Maple Pool USDC1,0.1596283627
2025-03-21,Syrup USDC,0.08591452148
2025-03-21,Maple Direct USDC1,0.08006052862
2025-03-21,Altcoin Lending,
2025-03-21,AQRU Maple Pool USDC1,0.1593767444
2025-03-21,Syrup USDT,0.09151470918
2025-03-21,High Yield Secured Lending Maple Pool USDC1,0.1183629735
2025-03-22,Altcoin Lending,
2025-03-22,Syrup USDT,0.09045001859
2025-03-22,AQRU Maple Pool USDC1,0.1591630978
2025-03-22,Maple Direct USDC1,0.07955363201
2025-03-22,High Yield Secured Lending Maple Pool USDC1,0.1178831208
2025-03-22,Syrup USDC,0.08555186592
2025-03-23,Syrup USDT,0.08943939018
2025-03-23,AQRU Maple Pool USDC1,0.1592316761
2025-03-23,Altcoin Lending,
2025-03-23,Syrup USDC,0.08329640784
2025-03-23,Maple Direct USDC1,0.07872936917
2025-03-23,High Yield Secured Lending Maple Pool USDC1,0.1162081309
2025-03-24,Altcoin Lending,
2025-03-24,Syrup USDC,0.08407984166
2025-03-24,Maple Direct USDC1,0.0779485134
2025-03-24,High Yield Secured Lending Maple Pool USDC1,0.1163842475
2025-03-24,AQRU Maple Pool USDC1,0.1593007924
2025-03-24,Syrup USDT,0.08842936293
2025-03-25,Syrup USDT,0.08743775812
2025-03-25,High Yield Secured Lending Maple Pool USDC1,0.1160647209
2025-03-25,Maple Direct USDC1,0.07752811078
2025-03-25,Altcoin Lending,
2025-03-25,Syrup USDC,0.08271923119
2025-03-25,AQRU Maple Pool USDC1,0.1593698535
2025-03-26,AQRU Maple Pool USDC1,0.1594388595
2025-03-26,High Yield Secured Lending Maple Pool USDC1,0.1141410101
2025-03-26,Maple Direct USDC1,0.07675020308
2025-03-26,Syrup USDC,0.08047250421
2025-03-26,Altcoin Lending,
2025-03-26,Syrup USDT,0.08644194821
2025-03-27,Maple Direct USDC1,0.07605569758
2025-03-27,Syrup USDC,0.08122466446
2025-03-27,AQRU Maple Pool USDC1,0.1595078106
2025-03-27,Altcoin Lending,
2025-03-27,High Yield Secured Lending Maple Pool USDC1,0.1143700263
2025-03-27,Syrup USDT,0.08578047857
2025-03-28,High Yield Secured Lending Maple Pool USDC1,0.1154277828
2025-03-28,Maple Direct USDC1,0.07605094369
2025-03-28,Syrup USDT,0.08545905797
2025-03-28,AQRU Maple Pool USDC1,0.1595767067
2025-03-28,Syrup USDC,0.08082068318
2025-03-28,Altcoin Lending,
2025-03-29,Altcoin Lending,
2025-03-29,High Yield Secured Lending Maple Pool USDC1,0.1125592511
2025-03-29,AQRU Maple Pool USDC1,0.159645548
2025-03-29,Syrup USDT,0.08535495412
2025-03-29,Syrup USDC,0.07937764868
2025-03-29,Maple Direct USDC1,0.07572131113
2025-03-30,Maple Direct USDC1,0.07533188148
2025-03-30,Syrup USDC,0.0787242592
2025-03-30,Altcoin Lending,
2025-03-30,Syrup USDT,0.08401839894
2025-03-30,AQRU Maple Pool USDC1,0.1597143345
2025-03-30,High Yield Secured Lending Maple Pool USDC1,0.1119092441
2025-03-31,AQRU Maple Pool USDC1,0.1597830662
2025-03-31,Maple Direct USDC1,0.07475499504
2025-03-31,Altcoin Lending,
2025-03-31,Syrup USDT,0.08360256833
2025-03-31,High Yield Secured Lending Maple Pool USDC1,0.1124184559
2025-03-31,Syrup USDC,0.07907539408
2025-04-01,Altcoin Lending,
2025-04-01,Maple Direct USDC1,0.07457543379
2025-04-01,Syrup USDC,0.07813916975
2025-04-01,High Yield Secured Lending Maple Pool USDC1,0.1102303774
2025-04-01,Syrup USDT,0.08322909293
2025-04-01,AQRU Maple Pool USDC1,0.1598517433
2025-04-02,AQRU Maple Pool USDC1,0.1599203658
2025-04-02,Altcoin Lending,
2025-04-02,Maple Direct USDC1,0.07405111151
2025-04-02,High Yield Secured Lending Maple Pool USDC1,0.1100486936
2025-04-02,Syrup USDC,0.07729991233
2025-04-02,Syrup USDT,0.08264239667
2025-04-03,Maple Direct USDC1,0.07380014523
2025-04-03,AQRU Maple Pool USDC1,0.1599890072
2025-04-03,Syrup USDC,0.07655680926
2025-04-03,Syrup USDT,0.08125412194
2025-04-03,High Yield Secured Lending Maple Pool USDC1,0.1101551953
2025-04-04,Syrup USDC,0.07596479081
2025-04-04,Syrup USDT,0.08052164368
2025-04-04,Maple Direct USDC1,0.07393377348
2025-04-04,High Yield Secured Lending Maple Pool USDC1,0.1085907819
2025-04-04,AQRU Maple Pool USDC1,0.1599631679
2025-04-05,High Yield Secured Lending Maple Pool USDC1,0.1076460662
2025-04-05,Syrup USDT,0.07981212434
2025-04-05,Maple Direct USDC1,0.07313813736
2025-04-05,AQRU Maple Pool USDC1,0.1598101863
2025-04-05,Syrup USDC,0.07441692742
2025-04-06,High Yield Secured Lending Maple Pool USDC1,0.1077464312
2025-04-06,Syrup USDT,0.07860937773
2025-04-06,Maple Direct USDC1,0.07300914013
2025-04-06,Syrup USDC,0.07432227548
2025-04-06,AQRU Maple Pool USDC1,0.1599954936
2025-04-07,Syrup USDC,0.07376779968
2025-04-07,Maple Direct USDC1,0.07284087739
2025-04-07,AQRU Maple Pool USDC1,0.1606179469
2025-04-07,Syrup USDT,0.07788776604
2025-04-07,High Yield Secured Lending Maple Pool USDC1,0.1055716983
2025-04-08,High Yield Secured Lending Maple Pool USDC1,0.1040939317
2025-04-08,Syrup USDT,0.07757657368
2025-04-08,Maple Direct USDC1,0.07148644504
2025-04-08,Syrup USDC,0.07216682398
2025-04-08,AQRU Maple Pool USDC1,0.1612402473
2025-04-09,High Yield Secured Lending Maple Pool USDC1,0.104166799
2025-04-09,Maple Direct USDC1,0.07116592503
2025-04-09,Syrup USDC,0.0717418172
2025-04-09,AQRU Maple Pool USDC1,0.1618625064
2025-04-09,Syrup USDT,0.07736131982
2025-04-10,Syrup USDT,0.0768075831
2025-04-10,Maple Direct USDC1,0.07086210136
2025-04-10,High Yield Secured Lending Maple Pool USDC1,0.1039848215
2025-04-10,AQRU Maple Pool USDC1,0.1624846589
2025-04-10,Syrup USDC,0.07205042142
2025-04-11,AQRU Maple Pool USDC1,0.1630209326
2025-04-11,Syrup USDT,0.07692146939
2025-04-11,High Yield Secured Lending Maple Pool USDC1,0.1019674061
2025-04-11,Maple Direct USDC1,0.06991496349
2025-04-11,Syrup USDC,0.07082291451
2025-04-12,Syrup USDT,0.07711791353
2025-04-12,Syrup USDC,0.07039630314
2025-04-12,High Yield Secured Lending Maple Pool USDC1,0.1019547214
2025-04-12,Maple Direct USDC1,0.06965933318
2025-04-12,Altcoin Lending,
2025-04-12,AQRU Maple Pool USDC1,0.1633584523
2025-04-13,AQRU Maple Pool USDC1,0.1636973935
2025-04-13,Maple Direct USDC1,0.06938729036
2025-04-13,Syrup USDC,0.07053133379
2025-04-13,Syrup USDT,0.07685577509
2025-04-13,Altcoin Lending,
2025-04-13,High Yield Secured Lending Maple Pool USDC1,0.1017664147
2025-04-14,Syrup USDC,0.07022337465
2025-04-14,Maple Direct USDC1,0.06828442727
2025-04-14,AQRU Maple Pool USDC1,0.1640353737
2025-04-14,Syrup USDT,0.07695055897
2025-04-14,High Yield Secured Lending Maple Pool USDC1,0.09973062797
2025-04-14,Altcoin Lending,
2025-04-15,High Yield Secured Lending Maple Pool USDC1,0.09915739336
2025-04-15,Maple Direct USDC1,0.06799276042
2025-04-15,Syrup USDC,0.06990020333
2025-04-15,AQRU Maple Pool USDC1,0.1643662645
2025-04-15,Syrup USDT,0.07707457786
2025-04-16,Altcoin Lending,
2025-04-16,Syrup USDT,0.07724125473
2025-04-16,Syrup USDC,0.0699854773
2025-04-16,High Yield Secured Lending Maple Pool USDC1,0.09957731673
2025-04-16,Maple Direct USDC1,0.06770465441
2025-04-16,AQRU Maple Pool USDC1,0.1646709122
2025-04-17,Altcoin Lending,
2025-04-17,High Yield Secured Lending Maple Pool USDC1,0.09792109661
2025-04-17,Syrup USDT,0.07735963944
2025-04-17,Syrup USDC,0.07031854301
2025-04-17,AQRU Maple Pool USDC1,0.1647621745
2025-04-17,Maple Direct USDC1,0.06667347106
2025-04-18,High Yield Secured Lending Maple Pool USDC1,0.09721653959
2025-04-18,Maple Direct USDC1,0.0663860865
2025-04-18,Syrup USDC,0.06952393484
2025-04-18,Altcoin Lending,
2025-04-18,AQRU Maple Pool USDC1,0.1649249105
2025-04-18,Syrup USDT,0.07756522918
2025-04-19,AQRU Maple Pool USDC1,0.1650616636
2025-04-19,Syrup USDC,0.06938616926
2025-04-19,Maple Direct USDC1,0.0661112641
2025-04-19,Syrup USDT,0.07767375774
2025-04-19,High Yield Secured Lending Maple Pool USDC1,0.09733573753
2025-04-19,Altcoin Lending,
2025-04-20,AQRU Maple Pool USDC1,0.1652149114
2025-04-20,High Yield Secured Lending Maple Pool USDC1,0.09633499745
2025-04-20,Maple Direct USDC1,0.06595352094
2025-04-20,Altcoin Lending,
2025-04-20,Syrup USDT,0.07755733649
2025-04-20,Syrup USDC,0.06936304253
2025-04-21,Altcoin Lending,
2025-04-21,Syrup USDT,0.07747226465
2025-04-21,Maple Direct USDC1,0.06555001674
2025-04-21,High Yield Secured Lending Maple Pool USDC1,0.09496901275
2025-04-21,Syrup USDC,0.06858817815
2025-04-21,AQRU Maple Pool USDC1,0.1654211999
2025-04-22,Altcoin Lending,
2025-04-22,AQRU Maple Pool USDC1,0.165426637
2025-04-22,Maple Direct USDC1,0.0653810824
2025-04-22,Syrup USDC,0.06845363314
2025-04-22,Syrup USDT,0.07731352463
2025-04-22,High Yield Secured Lending Maple Pool USDC1,0.09512519833
2025-04-23,Maple Direct USDC1,0.06520362345
2025-04-23,AQRU Maple Pool USDC1,0.1654616406
2025-04-23,Syrup USDT,0.07709142888
2025-04-23,Altcoin Lending,
2025-04-23,Syrup USDC,0.06863656732
2025-04-23,High Yield Secured Lending Maple Pool USDC1,0.09422313245
2025-04-24,AQRU Maple Pool USDC1,0.165496615
2025-04-24,Syrup USDC,0.06860881256
2025-04-24,Syrup USDT,0.07674305908
2025-04-24,Maple Direct USDC1,0.06460893046
2025-04-24,High Yield Secured Lending Maple Pool USDC1,0.09267260745
2025-04-24,Altcoin Lending,
2025-04-25,Syrup USDC,0.06849442311
2025-04-25,High Yield Secured Lending Maple Pool USDC1,0.09210620044
2025-04-25,Syrup USDT,0.07632936119
2025-04-25,Altcoin Lending,
2025-04-25,Maple Direct USDC1,0.06435807875
2025-04-25,AQRU Maple Pool USDC1,0.1655315603
2025-04-26,AQRU Maple Pool USDC1,0.1655664764
2025-04-26,Altcoin Lending,
2025-04-26,High Yield Secured Lending Maple Pool USDC1,0.09268448445
2025-04-26,Syrup USDC,0.06840557903
2025-04-26,Maple Direct USDC1,0.06426410603
2025-04-26,Syrup USDT,0.07597445482
2025-04-27,Syrup USDT,0.07563102278
2025-04-27,Altcoin Lending,
2025-04-27,AQRU Maple Pool USDC1,0.1656013634
2025-04-27,Syrup USDC,0.06830707302
2025-04-27,High Yield Secured Lending Maple Pool USDC1,0.0904620906
2025-04-27,Maple Direct USDC1,0.06381913512
2025-04-28,Syrup USDT,0.07521560059
2025-04-28,Syrup USDC,0.06839947656
2025-04-28,Altcoin Lending,
2025-04-28,High Yield Secured Lending Maple Pool USDC1,0.08997202258
2025-04-28,Maple Direct USDC1,0.06376023575
2025-04-28,AQRU Maple Pool USDC1,0.1656362214
2025-04-29,AQRU Maple Pool USDC1,0.1656710503
2025-04-29,Syrup USDT,0.07485190027
2025-04-29,High Yield Secured Lending Maple Pool USDC1,0.09112989082
2025-04-29,Maple Direct USDC1,0.06386158068
2025-04-29,Syrup USDC,0.06810846058
2025-04-29,Altcoin Lending,
2025-04-30,Syrup USDT,0.07459423432
2025-04-30,Maple Direct USDC1,0.06395754574
2025-04-30,Syrup USDC,0.06751313537
2025-04-30,AQRU Maple Pool USDC1,0.1657058502
2025-04-30,Altcoin Lending,
2025-04-30,High Yield Secured Lending Maple Pool USDC1,0.08933804273
2025-05-01,Syrup USDT,0.0743845213
2025-05-01,Altcoin Lending,
2025-05-01,Syrup USDC,0.06760609875
2025-05-01,High Yield Secured Lending Maple Pool USDC1,0.08828201038
2025-05-01,AQRU Maple Pool USDC1,0.1657406212
2025-05-01,Maple Direct USDC1,0.06366061042
2025-05-02,Syrup USDC,0.06751897196
2025-05-02,High Yield Secured Lending Maple Pool USDC1,0.08890572052
2025-05-02,AQRU Maple Pool USDC1,0.1657753633
2025-05-02,Altcoin Lending,
2025-05-02,Maple Direct USDC1,0.06372820751
2025-05-02,Syrup USDT,0.07428419328
2025-05-03,High Yield Secured Lending Maple Pool USDC1,0.08764020317
2025-05-03,Maple Direct USDC1,0.06379696169
2025-05-03,Altcoin Lending,
2025-05-03,AQRU Maple Pool USDC1,0.1658100026
2025-05-03,Syrup USDC,0.06736212413
2025-05-03,Syrup USDT,0.07417287083
2025-05-04,AQRU Maple Pool USDC1,0.1659395181
2025-05-04,Syrup USDC,0.06728580287
2025-05-04,Maple Direct USDC1,0.06359066438
2025-05-04,Syrup USDT,0.07406037689
2025-05-04,Altcoin Lending,
2025-05-04,High Yield Secured Lending Maple Pool USDC1,0.08656752887
2025-05-05,Syrup USDT,0.07393610773
2025-05-05,AQRU Maple Pool USDC1,0.1661967884
2025-05-05,Altcoin Lending,
2025-05-05,High Yield Secured Lending Maple Pool USDC1,0.08744582701
2025-05-05,Maple Direct USDC1,0.06362762134
2025-05-05,Syrup USDC,0.06743140955
2025-05-06,High Yield Secured Lending Maple Pool USDC1,0.08755807412
2025-05-06,Syrup USDT,0.07374932913
2025-05-06,AQRU Maple Pool USDC1,0.1664538982
2025-05-06,Syrup USDC,0.06727641306
2025-05-06,Maple Direct USDC1,0.06362413732
2025-05-06,Altcoin Lending,
2025-05-07,Altcoin Lending,
2025-05-07,Maple Direct USDC1,0.06367482922
2025-05-07,Syrup USDC,0.0672459874
2025-05-07,Syrup USDT,0.07385701383
2025-05-07,AQRU Maple Pool USDC1,0.1667108475
2025-05-07,High Yield Secured Lending Maple Pool USDC1,0.08702184922
2025-05-08,High Yield Secured Lending Maple Pool USDC1,0.08703714389
2025-05-08,AQRU Maple Pool USDC1,0.1669676366
2025-05-08,Maple Direct USDC1,0.06390597407
2025-05-08,Syrup USDT,0.07345308547
2025-05-08,Altcoin Lending,
2025-05-08,Syrup USDC,0.06750832942
2025-05-09,AQRU Maple Pool USDC1,0.1671087233
2025-05-09,Syrup USDT,0.07306292766
2025-05-09,Syrup USDC,0.06755733777
2025-05-09,Maple Direct USDC1,0.06413728177
2025-05-09,Altcoin Lending,
2025-05-09,High Yield Secured Lending Maple Pool USDC1,0.08682802572
2025-05-10,Maple Direct USDC1,0.06436856018
2025-05-10,AQRU Maple Pool USDC1,0.1671054333
2025-05-10,Altcoin Lending,
2025-05-10,Syrup USDC,0.06759428571
2025-05-10,High Yield Secured Lending Maple Pool USDC1,0.08691111139
2025-05-10,Syrup USDT,0.07274642838
2025-05-11,AQRU Maple Pool USDC1,0.1671408345
2025-05-11,Altcoin Lending,
2025-05-11,Syrup USDT,0.0724311869
2025-05-11,Syrup USDC,0.06792381518
2025-05-11,Maple Direct USDC1,0.06459980929
2025-05-11,High Yield Secured Lending Maple Pool USDC1,0.08681223375
2025-05-12,Syrup USDT,0.07211762698
2025-05-12,Syrup USDC,0.06804660189
2025-05-12,Altcoin Lending,
2025-05-12,High Yield Secured Lending Maple Pool USDC1,0.08668826128
2025-05-12,Maple Direct USDC1,0.06483175394
2025-05-12,AQRU Maple Pool USDC1,0.1672542599
2025-05-13,Syrup USDT,0.0718848208
2025-05-13,AQRU Maple Pool USDC1,0.1673660107
2025-05-13,Maple Direct USDC1,0.06506198347
2025-05-13,Altcoin Lending,
2025-05-13,High Yield Secured Lending Maple Pool USDC1,0.08683703696
2025-05-13,Syrup USDC,0.06808344335
2025-05-14,High Yield Secured Lending Maple Pool USDC1,0.08674287448
2025-05-14,Syrup USDT,0.07171110719
2025-05-14,AQRU Maple Pool USDC1,0.1674784774
2025-05-14,Altcoin Lending,
2025-05-14,Maple Direct USDC1,0.06530618867
2025-05-14,Syrup USDC,0.06831966088
2025-05-15,AQRU Maple Pool USDC1,0.1674546571
2025-05-15,Syrup USDC,0.06846783162
2025-05-15,High Yield Secured Lending Maple Pool USDC1,0.08718812817
2025-05-15,Altcoin Lending,
2025-05-15,Maple Direct USDC1,0.06557566606
2025-05-15,Syrup USDT,0.07154027724
2025-05-16,Syrup USDC,0.06848892061
2025-05-16,Maple Direct USDC1,0.06584183023
2025-05-16,Altcoin Lending,
2025-05-16,High Yield Secured Lending Maple Pool USDC1,0.08683070212
2025-05-16,AQRU Maple Pool USDC1,0.1674199995
2025-05-16,Syrup USDT,0.0712009054
2025-05-17,Maple Direct USDC1,0.0661079686
2025-05-17,High Yield Secured Lending Maple Pool USDC1,0.08667316032
2025-05-17,AQRU Maple Pool USDC1,0.1673850141
2025-05-17,Syrup USDC,0.06864278396
2025-05-17,Altcoin Lending,
2025-05-17,Syrup USDT,0.07088068188
2025-05-18,Syrup USDT,0.0705605931
2025-05-18,AQRU Maple Pool USDC1,0.1672135485
2025-05-18,Altcoin Lending,
2025-05-18,Syrup USDC,0.06878589675
2025-05-18,High Yield Secured Lending Maple Pool USDC1,0.08720801323
2025-05-18,Maple Direct USDC1,0.06637408119
2025-05-19,Altcoin Lending,
2025-05-19,High Yield Secured Lending Maple Pool USDC1,0.08683107121
2025-05-19,Syrup USDT,0.07019216043
2025-05-19,AQRU Maple Pool USDC1,0.16702993
2025-05-19,Syrup USDC,0.06885293052
2025-05-19,Maple Direct USDC1,0.06664016797
2025-05-20,Syrup USDC,0.06904893229
2025-05-20,Syrup USDT,0.06977514899
2025-05-20,Altcoin Lending,
2025-05-20,AQRU Maple Pool USDC1,0.1668260954
2025-05-20,High Yield Secured Lending Maple Pool USDC1,0.08689910556
2025-05-20,Maple Direct USDC1,0.06690622896
2025-05-21,Maple Direct USDC1,0.06717252771
2025-05-21,Altcoin Lending,
2025-05-21,AQRU Maple Pool USDC1,0.1665903376
2025-05-21,Syrup USDT,0.06888689876
2025-05-21,Syrup USDC,0.06910011197
2025-05-21,High Yield Secured Lending Maple Pool USDC1,0.08751051744
2025-05-22,Syrup USDT,0.06808198532
2025-05-22,Syrup USDC,0.06903077677
2025-05-22,Altcoin Lending,
2025-05-22,AQRU Maple Pool USDC1,0.1665378107
2025-05-22,Maple Direct USDC1,0.06743823756
2025-05-22,High Yield Secured Lending Maple Pool USDC1,0.08701411059
2025-05-23,Syrup USDT,0.06731273691
2025-05-23,Syrup USDC,0.06883492092
2025-05-23,Maple Direct USDC1,0.06770231865
2025-05-23,Altcoin Lending,
2025-05-23,High Yield Secured Lending Maple Pool USDC1,0.08680852652
2025-05-23,AQRU Maple Pool USDC1,0.1665123442
2025-05-24,Altcoin Lending,
2025-05-24,High Yield Secured Lending Maple Pool USDC1,0.08781974721
2025-05-24,Syrup USDT,0.06664750899
2025-05-24,Maple Direct USDC1,0.06802859916
2025-05-24,Syrup USDC,0.06871472563
2025-05-24,AQRU Maple Pool USDC1,0.1664869003
2025-05-25,Syrup USDC,0.06868458047
2025-05-25,Maple Direct USDC1,0.06834303802
2025-05-25,Altcoin Lending,
2025-05-25,High Yield Secured Lending Maple Pool USDC1,0.08808945312
2025-05-25,AQRU Maple Pool USDC1,0.166461479
2025-05-25,Syrup USDT,0.06603191883
2025-05-26,Maple Direct USDC1,0.06851530622
2025-05-26,High Yield Secured Lending Maple Pool USDC1,0.08701369691
2025-05-26,AQRU Maple Pool USDC1,0.1664360802
2025-05-26,Syrup USDC,0.06863054667
2025-05-26,Syrup USDT,0.06537617765
2025-05-26,Altcoin Lending,
2025-05-27,Altcoin Lending,
2025-05-27,High Yield Secured Lending Maple Pool USDC1,0.08804353287
2025-05-27,Maple Direct USDC1,0.06869284727
2025-05-27,AQRU Maple Pool USDC1,0.1664107039
2025-05-27,Syrup USDC,0.06858451513
2025-05-27,Syrup USDT,0.06478153393
2025-05-28,AQRU Maple Pool USDC1,0.1660842212
2025-05-28,Altcoin Lending,
2025-05-28,Syrup USDT,0.06403572755
2025-05-28,Syrup USDC,0.06833484918
2025-05-28,High Yield Secured Lending Maple Pool USDC1,0.08829877528
2025-05-28,Maple Direct USDC1,0.06882196381
2025-05-29,AQRU Maple Pool USDC1,0.1653364531
2025-05-29,Maple Direct USDC1,0.06878943318
2025-05-29,Syrup USDC,0.06830773883
2025-05-29,Altcoin Lending,
2025-05-29,High Yield Secured Lending Maple Pool USDC1,0.08721568137
2025-05-29,Syrup USDT,0.06382413036
2025-05-30,AQRU Maple Pool USDC1,0.1645897712
2025-05-30,Syrup USDC,0.06824144178
2025-05-30,High Yield Secured Lending Maple Pool USDC1,0.08823424014
2025-05-30,Altcoin Lending,
2025-05-30,Syrup USDT,0.063456913
2025-05-30,Maple Direct USDC1,0.06876292117
2025-05-31,Syrup USDT,0.0629897191
2025-05-31,Syrup USDC,0.06802240973
2025-05-31,High Yield Secured Lending Maple Pool USDC1,0.08852059146
2025-05-31,Maple Direct USDC1,0.06876626832
2025-05-31,Altcoin Lending,
2025-05-31,AQRU Maple Pool USDC1,0.1638441732
2025-06-01,Maple Direct USDC1,0.06876961426
2025-06-01,Syrup USDT,0.06263625215
2025-06-01,Altcoin Lending,
2025-06-01,AQRU Maple Pool USDC1,0.1630996569
2025-06-01,Syrup USDC,0.06774354087
2025-06-01,High Yield Secured Lending Maple Pool USDC1,0.08737058741
2025-06-02,AQRU Maple Pool USDC1,0.1623562201
2025-06-02,High Yield Secured Lending Maple Pool USDC1,0.08849278851
2025-06-02,Altcoin Lending,
2025-06-02,Syrup USDC,0.06770279699
2025-06-02,Maple Direct USDC1,0.06877866725
2025-06-02,Syrup USDT,0.06229757543
2025-06-03,Syrup USDC,0.06790598168
2025-06-03,Maple Direct USDC1,0.06883671156
2025-06-03,Altcoin Lending,
2025-06-03,Syrup USDT,0.06197869965
2025-06-03,AQRU Maple Pool USDC1,0.1616138607
2025-06-03,High Yield Secured Lending Maple Pool USDC1,0.08952711029
2025-06-04,High Yield Secured Lending Maple Pool USDC1,0.08873040866
2025-06-04,Syrup USDT,0.06166226638
2025-06-04,Maple Direct USDC1,0.06889360759
2025-06-04,Syrup USDC,0.06749500065
2025-06-04,Altcoin Lending,
2025-06-04,AQRU Maple Pool USDC1,0.1608725765
2025-06-05,Syrup USDT,0.06170717219
2025-06-05,High Yield Secured Lending Maple Pool USDC1,0.08886653582
2025-06-05,Altcoin Lending,
2025-06-05,Syrup USDC,0.06735781753
2025-06-05,Maple Direct USDC1,0.06899111682
2025-06-06,High Yield Secured Lending Maple Pool USDC1,0.08978438602
2025-06-06,Altcoin Lending,
2025-06-06,Syrup USDC,0.06724369242
2025-06-06,Syrup USDT,0.0611599559
2025-06-06,Maple Direct USDC1,0.06910682551
2025-06-07,Syrup USDC,0.06693310274
2025-06-07,Altcoin Lending,
2025-06-07,High Yield Secured Lending Maple Pool USDC1,0.09047039068
2025-06-07,Syrup USDT,0.06076824417
2025-06-07,Maple Direct USDC1,0.06919303693
2025-06-08,Maple Direct USDC1,0.06927922353
2025-06-08,Syrup USDT,0.06035066867
2025-06-08,Syrup USDC,0.06701817595
2025-06-08,Altcoin Lending,
2025-06-08,High Yield Secured Lending Maple Pool USDC1,0.09048701722
2025-06-09,Altcoin Lending,
2025-06-09,High Yield Secured Lending Maple Pool USDC1,0.09095152173
2025-06-09,Syrup USDT,0.06014935352
2025-06-09,Maple Direct USDC1,0.06936715148
2025-06-09,Syrup USDC,0.06669435265
2025-06-10,Maple Direct USDC1,0.06946821996
2025-06-10,Syrup USDT,0.05987486325
2025-06-10,High Yield Secured Lending Maple Pool USDC1,0.09194394347
2025-06-10,Syrup USDC,0.06618589087
2025-06-10,Altcoin Lending,
2025-06-11,High Yield Secured Lending Maple Pool USDC1,0.09196848012
2025-06-11,Syrup USDC,0.06638236402
2025-06-11,Syrup USDT,0.05979430633
2025-06-11,Altcoin Lending,
2025-06-11,Maple Direct USDC1,0.06956926065
2025-06-12,Syrup USDC,0.06627063649
2025-06-12,High Yield Secured Lending Maple Pool USDC1,0.09157778939
2025-06-12,Altcoin Lending,
2025-06-12,Maple Direct USDC1,0.06966387385
2025-06-12,Syrup USDT,0.0596584393
2025-06-13,Altcoin Lending,
2025-06-13,Maple Direct USDC1,0.06972691182
2025-06-13,Syrup USDT,0.05949429775
2025-06-13,High Yield Secured Lending Maple Pool USDC1,0.09336337281
2025-06-13,Syrup USDC,0.06604577858
2025-06-14,Altcoin Lending,
2025-06-14,Syrup USDT,0.05940068307
2025-06-14,High Yield Secured Lending Maple Pool USDC1,0.09337255841
2025-06-14,Syrup USDC,0.0659873756
2025-06-14,Maple Direct USDC1,0.06976420655
2025-06-15,Maple Direct USDC1,0.06980148878
2025-06-15,Syrup USDT,0.05942017818
2025-06-15,Altcoin Lending,
2025-06-15,Syrup USDC,0.06600722928
2025-06-15,High Yield Secured Lending Maple Pool USDC1,0.09293631138
2025-06-16,High Yield Secured Lending Maple Pool USDC1,0.09438372517
2025-06-16,Syrup USDC,0.06591247137
2025-06-16,Syrup USDT,0.05944644025
2025-06-16,Maple Direct USDC1,0.0698470821
2025-06-16,Altcoin Lending,
2025-06-17,Syrup USDT,0.05945881652
2025-06-17,Altcoin Lending,
2025-06-17,Maple Direct USDC1,0.06991146476
2025-06-17,High Yield Secured Lending Maple Pool USDC1,0.09472575651
2025-06-17,Syrup USDC,0.06575144392
2025-06-18,Altcoin Lending,
2025-06-18,High Yield Secured Lending Maple Pool USDC1,0.09430192377
2025-06-18,Syrup USDC,0.06567361076
2025-06-18,Syrup USDT,0.05947671942
2025-06-18,Maple Direct USDC1,0.06997582734
2025-06-19,Syrup USDT,0.0595837361
2025-06-19,High Yield Secured Lending Maple Pool USDC1,0.09482960327
2025-06-19,Altcoin Lending,
2025-06-19,Syrup USDC,0.06548067962
2025-06-19,Maple Direct USDC1,0.07004016986
2025-06-20,Altcoin Lending,
2025-06-20,Maple Direct USDC1,0.07009870027
2025-06-20,Syrup USDT,0.06017429481
2025-06-20,Syrup USDC,0.06545500253
2025-06-20,High Yield Secured Lending Maple Pool USDC1,0.09587142113
2025-06-21,High Yield Secured Lending Maple Pool USDC1,0.09547806903
2025-06-21,Maple Direct USDC1,0.07016938339
2025-06-21,Syrup USDT,0.06076982991
2025-06-21,Syrup USDC,0.0654171305
2025-06-21,Altcoin Lending,
2025-06-22,High Yield Secured Lending Maple Pool USDC1,0.09629883636
2025-06-22,Altcoin Lending,
2025-06-22,Syrup USDT,0.06137016125
2025-06-22,Maple Direct USDC1,0.07024170761
2025-06-22,Syrup USDC,0.06520376362
2025-06-23,Maple Direct USDC1,0.07031400983
2025-06-23,High Yield Secured Lending Maple Pool USDC1,0.09703363705
2025-06-23,Syrup USDC,0.06513232007
2025-06-23,Syrup USDT,0.06195100843
2025-06-23,Altcoin Lending,
2025-06-24,Maple Direct USDC1,0.07039460264
2025-06-24,High Yield Secured Lending Maple Pool USDC1,0.09661723948
2025-06-24,Syrup USDC,0.06493709468
2025-06-24,Syrup USDT,0.0625454609
2025-06-25,Syrup USDC,0.06478423348
2025-06-25,Maple Direct USDC1,0.07048374737
2025-06-25,Syrup USDT,0.0631131515
2025-06-25,High Yield Secured Lending Maple Pool USDC1,0.09745313374
2025-06-26,Syrup USDT,0.06357688767
2025-06-26,Syrup USDC,0.06478028347
2025-06-26,High Yield Secured Lending Maple Pool USDC1,0.09817560968
2025-06-26,Maple Direct USDC1,0.07058080766
2025-06-27,High Yield Secured Lending Maple Pool USDC1,0.09775607825
2025-06-27,Syrup USDC,0.06462681054
2025-06-27,Maple Direct USDC1,0.07065750871
2025-06-27,Syrup USDT,0.06421255035
2025-06-28,Maple Direct USDC1,0.07065792902
2025-06-28,High Yield Secured Lending Maple Pool USDC1,0.09862146379
2025-06-28,Syrup USDC,0.06446834437
2025-06-28,Syrup USDT,0.06443578206
2025-06-29,High Yield Secured Lending Maple Pool USDC1,0.09877242365
2025-06-29,Maple Direct USDC1,0.07065408497
2025-06-29,Syrup USDT,0.06467313211
2025-06-29,Syrup USDC,0.06447211285
2025-06-30,Maple Direct USDC1,0.07061806257
2025-06-30,Syrup USDT,0.06489926075
2025-06-30,Syrup USDC,0.06429954213
2025-06-30,High Yield Secured Lending Maple Pool USDC1,0.09837695473
2025-07-01,Maple Direct USDC1,0.07058106546
2025-07-01,Syrup USDT,0.06513003229
2025-07-01,Syrup USDC,0.064343428
2025-07-01,High Yield Secured Lending Maple Pool USDC1,0.09986026939
2025-07-02,Maple Direct USDC1,0.07056691629
2025-07-02,Syrup USDT,0.06544118177
2025-07-02,Syrup USDC,0.06435884544
2025-07-02,High Yield Secured Lending Maple Pool USDC1,0.09990199159
2025-07-03,Syrup USDC,0.0639218219
2025-07-03,Syrup USDT,0.06574603134
2025-07-03,High Yield Secured Lending Maple Pool USDC1,0.09876232246
2025-07-03,Maple Direct USDC1,0.07058162709
2025-07-04,Maple Direct USDC1,0.07059430505
2025-07-04,High Yield Secured Lending Maple Pool USDC1,0.09910093188
2025-07-04,Syrup USDC,0.06393862543
2025-07-04,Syrup USDT,0.06603893683
2025-07-05,Syrup USDC,0.06397518447
2025-07-05,Maple Direct USDC1,0.07060326656
2025-07-05,Syrup USDT,0.06603836845
2025-07-05,High Yield Secured Lending Maple Pool USDC1,0.09992384787
2025-07-06,Syrup USDT,0.06638088087
2025-07-06,Maple Direct USDC1,0.07061222477
2025-07-06,High Yield Secured Lending Maple Pool USDC1,0.09947860999
2025-07-06,Syrup USDC,0.06388703286
2025-07-07,High Yield Secured Lending Maple Pool USDC1,0.09835192263
2025-07-07,Maple Direct USDC1,0.0706211797
2025-07-07,Syrup USDT,0.06672606789
2025-07-07,Syrup USDC,0.063826559
2025-07-08,High Yield Secured Lending Maple Pool USDC1,0.1004558467
2025-07-08,Syrup USDC,0.06376652324
2025-07-08,Syrup USDT,0.06706124452
2025-07-08,Maple Direct USDC1,0.07063013133
2025-07-09,Maple Direct USDC1,0.07063753323
2025-07-09,Syrup USDT,0.06718969981
2025-07-09,Syrup USDC,0.06392060966
2025-07-09,High Yield Secured Lending Maple Pool USDC1,0.09969228796
2025-07-10,Maple Direct USDC1,0.0706321769
2025-07-10,Syrup USDT,0.06741086562
2025-07-10,Syrup USDC,0.06404524603
2025-07-10,High Yield Secured Lending Maple Pool USDC1,0.09834463263
2025-07-11,Syrup USDC,0.06371822744
2025-07-11,High Yield Secured Lending Maple Pool USDC1,0.1004532274
2025-07-11,Syrup USDT,0.06745065551
2025-07-11,Maple Direct USDC1,0.07062682261
2025-07-12,Syrup USDT,0.06750754933
2025-07-12,High Yield Secured Lending Maple Pool USDC1,0.1004911112
2025-07-12,Maple Direct USDC1,0.07063014975
2025-07-12,Syrup USDC,0.06379220999
2025-07-13,High Yield Secured Lending Maple Pool USDC1,0.0983396507
2025-07-13,Syrup USDT,0.06754633113
2025-07-13,Maple Direct USDC1,0.07065069084
2025-07-13,Syrup USDC,0.06379564018
2025-07-14,Syrup USDT,0.06747314446
2025-07-14,Syrup USDC,0.06379410554
2025-07-14,Maple Direct USDC1,0.07067054272
2025-07-14,High Yield Secured Lending Maple Pool USDC1,0.1000420959
2025-07-15,Syrup USDC,0.06370812668
2025-07-15,Maple Direct USDC1,0.07069038754
2025-07-15,Syrup USDT,0.06768544847
2025-07-15,High Yield Secured Lending Maple Pool USDC1,0.1005021106
2025-07-16,High Yield Secured Lending Maple Pool USDC1,0.09876822747
2025-07-16,Syrup USDC,0.06366450183
2025-07-16,Syrup USDT,0.06762533792
2025-07-16,Maple Direct USDC1,0.07070172238
2025-07-17,Syrup USDT,0.06760815175
2025-07-17,High Yield Secured Lending Maple Pool USDC1,0.1000714489
2025-07-17,Syrup USDC,0.06374701512
2025-07-17,Maple Direct USDC1,0.07069411119
2025-07-18,Syrup USDT,0.06761121301
2025-07-18,High Yield Secured Lending Maple Pool USDC1,0.1009125642
2025-07-18,Maple Direct USDC1,0.0706887238
2025-07-18,Syrup USDC,0.06390963214
2025-07-19,Syrup USDT,0.06758308092
2025-07-19,Maple Direct USDC1,0.07069825142
2025-07-19,High Yield Secured Lending Maple Pool USDC1,0.0998852317
2025-07-19,Syrup USDC,0.06406718338
2025-07-20,Syrup USDT,0.06752832776
2025-07-20,High Yield Secured Lending Maple Pool USDC1,0.09973797235
2025-07-20,Syrup USDC,0.06424606235
2025-07-20,Maple Direct USDC1,0.07071361457
2025-07-21,Syrup USDC,0.06440268668
2025-07-21,High Yield Secured Lending Maple Pool USDC1,0.1012939842
2025-07-21,Maple Direct USDC1,0.07071537237
2025-07-21,Syrup USDT,0.06747330014
2025-07-22,Syrup USDT,0.06739850928
2025-07-22,Maple Direct USDC1,0.07070546307
2025-07-22,Altcoin Lending,
2025-07-22,High Yield Secured Lending Maple Pool USDC1,0.1002591592
2025-07-22,Syrup USDC,0.06456709552
2025-07-23,Syrup USDC,0.0646881122
2025-07-23,Syrup USDT,0.06735514195
2025-07-23,Maple Direct USDC1,0.0706955576
2025-07-23,High Yield Secured Lending Maple Pool USDC1,0.1001212993
2025-07-24,Maple Direct USDC1,0.07069204356
2025-07-24,High Yield Secured Lending Maple Pool USDC1,0.1010975816
2025-07-24,Syrup USDT,0.06729251202
2025-07-24,Syrup USDC,0.0649788644
2025-07-25,Maple Direct USDC1,0.07075649066
2025-07-25,Syrup USDT,0.06726298685
2025-07-25,High Yield Secured Lending Maple Pool USDC1,0.1006440249
2025-07-25,Syrup USDC,0.06522362914
2025-07-26,Syrup USDT,0.06728416423
2025-07-26,High Yield Secured Lending Maple Pool USDC1,0.1004882348
2025-07-26,Maple Direct USDC1,0.07075416825
2025-07-26,Syrup USDC,0.06531250915
2025-07-27,High Yield Secured Lending Maple Pool USDC1,0.1014679355
2025-07-27,Syrup USDT,0.06736798722
2025-07-27,Maple Direct USDC1,0.07076616988
2025-07-27,Syrup USDC,0.06554605819
2025-07-28,Syrup USDT,0.0674063836
2025-07-28,High Yield Secured Lending Maple Pool USDC1,0.1010166767
2025-07-28,Maple Direct USDC1,0.07077196877
2025-07-28,Syrup USDC,0.06591415372
2025-07-29,Syrup USDT,0.06745980219
2025-07-29,High Yield Secured Lending Maple Pool USDC1,0.1006680514
2025-07-29,Syrup USDC,0.06603687731
2025-07-29,Maple Direct USDC1,0.07064552162
2025-07-30,Syrup USDT,0.06752199469
2025-07-30,High Yield Secured Lending Maple Pool USDC1,0.1023853069
2025-07-30,Syrup USDC,0.06630145965
2025-07-30,Maple Direct USDC1,0.07052138421
2025-07-31,Syrup USDC,0.06656649263
2025-07-31,Syrup USDT,0.06756958741
2025-07-31,High Yield Secured Lending Maple Pool USDC1,0.1013974653
2025-07-31,Maple Direct USDC1,0.07040136649
2025-08-01,Syrup USDC,0.0666943072
2025-08-01,Maple Direct USDC1,0.07027556439
2025-08-01,High Yield Secured Lending Maple Pool USDC1,0.1002851892
2025-08-01,Syrup USDT,0.06755819396
2025-08-02,High Yield Secured Lending Maple Pool USDC1,0.1024533127
2025-08-02,Syrup USDT,0.06754672105
2025-08-02,Maple Direct USDC1,0.07007192549
2025-08-02,Syrup USDC,0.0669931172
2025-08-03,Syrup USDC,0.06721280635
2025-08-03,High Yield Secured Lending Maple Pool USDC1,0.1022409014
2025-08-03,Syrup USDT,0.0675389821
2025-08-03,Maple Direct USDC1,0.06987042516
2025-08-04,Maple Direct USDC1,0.06967274424
2025-08-04,Syrup USDT,0.067511464
2025-08-04,Syrup USDC,0.06743624816
2025-08-04,High Yield Secured Lending Maple Pool USDC1,0.1003433248
2025-08-05,Maple Direct USDC1,0.06947517129
2025-08-05,Syrup USDT,0.06759628678
2025-08-05,High Yield Secured Lending Maple Pool USDC1,0.1025668291
2025-08-05,Syrup USDC,0.06764789608
2025-08-06,Syrup USDC,0.0678115582
2025-08-06,Syrup USDT,0.06755538869
2025-08-06,Maple Direct USDC1,0.06927436879
2025-08-06,High Yield Secured Lending Maple Pool USDC1,0.1034510243
2025-08-07,Maple Direct USDC1,0.06907042074
2025-08-07,High Yield Secured Lending Maple Pool USDC1,0.1007266083
2025-08-07,Syrup USDT,0.06751963511
2025-08-07,Syrup USDC,0.06786078097
2025-08-08,Syrup USDT,0.06765490402
2025-08-08,Maple Direct USDC1,0.06886543252
2025-08-08,Syrup USDC,0.06804172169
2025-08-08,High Yield Secured Lending Maple Pool USDC1,0.1022098385
2025-08-09,High Yield Secured Lending Maple Pool USDC1,0.103886683
2025-08-09,Syrup USDC,0.06821897338
2025-08-09,Syrup USDT,0.06761199447
2025-08-09,Maple Direct USDC1,0.06866013361
2025-08-10,Maple Direct USDC1,0.06845494815
2025-08-10,Syrup USDT,0.06756308637
2025-08-10,High Yield Secured Lending Maple Pool USDC1,0.1011480901
2025-08-10,Syrup USDC,0.06834968769
2025-08-11,Syrup USDT,0.06766883802
2025-08-11,Syrup USDC,0.06862117535
2025-08-11,Maple Direct USDC1,0.06824987603
2025-08-11,High Yield Secured Lending Maple Pool USDC1,0.1025744184
2025-08-12,Syrup USDT,0.06754863465
2025-08-12,Maple Direct USDC1,0.06804549518
2025-08-12,Syrup USDC,0.06876626609
2025-08-12,High Yield Secured Lending Maple Pool USDC1,0.1042303617
2025-08-13,Altcoin Lending,
2025-08-13,High Yield Secured Lending Maple Pool USDC1,0.101837466
2025-08-13,Maple Direct USDC1,0.06784190717
2025-08-13,Syrup USDC,0.06882210978
2025-08-13,Syrup USDT,0.06755684832
2025-08-14,High Yield Secured Lending Maple Pool USDC1,0.1030098701
2025-08-14,Maple Direct USDC1,0.06763843129
2025-08-14,Syrup USDT,0.06731924926
2025-08-14,Syrup USDC,0.06894489648
2025-08-15,High Yield Secured Lending Maple Pool USDC1,0.104675072
2025-08-15,Syrup USDT,0.06734658288
2025-08-15,Syrup USDC,0.0691104112
2025-08-15,Maple Direct USDC1,0.06745395345
2025-08-16,Syrup USDC,0.069251523
2025-08-16,High Yield Secured Lending Maple Pool USDC1,0.1022681555
2025-08-16,Maple Direct USDC1,0.06728007625
2025-08-16,Syrup USDT,0.0673583144
2025-08-17,Syrup USDT,0.06777112259
2025-08-17,Maple Direct USDC1,0.06710407688
2025-08-17,Syrup USDC,0.06931234278
2025-08-17,High Yield Secured Lending Maple Pool USDC1,0.1023016434
2025-08-18,Maple Direct USDC1,0.06691330986
2025-08-18,Syrup USDC,0.06936353946
2025-08-18,High Yield Secured Lending Maple Pool USDC1,0.1047125476
2025-08-18,Syrup USDT,0.06776714983
2025-08-19,Maple Direct USDC1,0.06672308251
2025-08-19,High Yield Secured Lending Maple Pool USDC1,0.1030529256
2025-08-19,Syrup USDT,0.06776072334
2025-08-19,Syrup USDC,0.0694027394
2025-08-20,Syrup USDT,0.06774646373
2025-08-20,Syrup USDC,0.06943466331
2025-08-20,Maple Direct USDC1,0.06653843374
2025-08-20,High Yield Secured Lending Maple Pool USDC1,0.1023028192
2025-08-21,Maple Direct USDC1,0.06636550307
2025-08-21,Syrup USDC,0.06944714406
2025-08-21,High Yield Secured Lending Maple Pool USDC1,0.1047589867
2025-08-21,Syrup USDT,0.06773067268
2025-08-22,Syrup USDC,0.06947556548
2025-08-22,Syrup USDT,0.06771859714
2025-08-22,Altcoin Lending,
2025-08-22,Maple Direct USDC1,0.06619266311
2025-08-22,High Yield Secured Lending Maple Pool USDC1,0.1030527289
2025-08-23,Maple Direct USDC1,0.06601355407
2025-08-23,Syrup USDC,0.06946637291
2025-08-23,Altcoin Lending,
2025-08-23,Syrup USDT,0.06770549648
2025-08-23,High Yield Secured Lending Maple Pool USDC1,0.1029106392
2025-08-24,Syrup USDC,0.06949441213
2025-08-24,High Yield Secured Lending Maple Pool USDC1,0.1041817394
2025-08-24,Altcoin Lending,
2025-08-24,Maple Direct USDC1,0.06576689269
2025-08-24,Syrup USDT,0.06766168213
2025-08-25,High Yield Secured Lending Maple Pool USDC1,0.1031192102
2025-08-25,Syrup USDC,0.06952249414
2025-08-25,Maple Direct USDC1,0.06558680162
2025-08-25,Syrup USDT,0.06763300319
2025-08-26,High Yield Secured Lending Maple Pool USDC1,0.102196209
2025-08-26,Syrup USDT,0.06762407544
2025-08-26,Syrup USDC,0.06951660924
2025-08-26,Maple Direct USDC1,0.06541278704
2025-08-27,Maple Direct USDC1,0.06532161648
2025-08-27,Altcoin Lending,
2025-08-27,Syrup USDT,0.06762205134
2025-08-27,High Yield Secured Lending Maple Pool USDC1,0.1042435429
2025-08-27,Syrup USDC,0.06938138687
2025-08-28,Altcoin Lending,
2025-08-28,Maple Direct USDC1,0.06536369612
2025-08-28,Syrup USDT,0.06761181582
2025-08-28,High Yield Secured Lending Maple Pool USDC1,0.1037718311
2025-08-28,Syrup USDC,0.06935024488
2025-08-29,Syrup USDT,0.06761152055
2025-08-29,Syrup USDC,0.06932364065
2025-08-29,Altcoin Lending,
2025-08-29,High Yield Secured Lending Maple Pool USDC1,0.1014990629
2025-08-29,Maple Direct USDC1,0.06540576287
2025-08-30,Syrup USDT,0.06758965003
2025-08-30,High Yield Secured Lending Maple Pool USDC1,0.1036110636
2025-08-30,Altcoin Lending,
2025-08-30,Maple Direct USDC1,0.06544408531
2025-08-30,Syrup USDC,0.06930116227
2025-08-31,Maple Direct USDC1,0.06545970737
2025-08-31,Altcoin Lending,
2025-08-31,High Yield Secured Lending Maple Pool USDC1,0.1046066227
2025-08-31,Syrup USDT,0.06755706634
2025-08-31,Syrup USDC,0.06927779477
2025-09-01,Syrup USDT,0.06753231989
2025-09-01,Syrup USDC,0.06923984368
2025-09-01,Maple Direct USDC1,0.06544544392
2025-09-01,High Yield Secured Lending Maple Pool USDC1,0.1017269215
2025-09-02,Altcoin Lending,
2025-09-02,Syrup USDT,0.06766833963
2025-09-02,High Yield Secured Lending Maple Pool USDC1,0.1016331301
2025-09-02,Syrup USDC,0.06920176838
2025-09-02,Maple Direct USDC1,0.06541107811
2025-09-03,Maple Direct USDC1,0.06541586164
2025-09-03,Altcoin Lending,
2025-09-03,Syrup USDC,0.06916839042
2025-09-03,Syrup USDT,0.06767861544
2025-09-03,High Yield Secured Lending Maple Pool USDC1,0.10211456
2025-09-04,Syrup USDC,0.06916377847
2025-09-04,Maple Direct USDC1,0.06552679814
2025-09-04,Altcoin Lending,
2025-09-04,Syrup USDT,0.06757362498
2025-09-04,High Yield Secured Lending Maple Pool USDC1,0.1020433491
2025-09-05,Maple Direct USDC1,0.0656410329
2025-09-05,Altcoin Lending,
2025-09-05,Syrup USDT,0.06760001503
2025-09-05,High Yield Secured Lending Maple Pool USDC1,0.1016410044
2025-09-05,Syrup USDC,0.06921170387
2025-09-06,Altcoin Lending,
2025-09-06,High Yield Secured Lending Maple Pool USDC1,0.1013586777
2025-09-06,Maple Direct USDC1,0.06575848505
2025-09-06,Syrup USDT,0.06762107225
2025-09-06,Syrup USDC,0.06920668318
2025-09-07,Maple Direct USDC1,0.0658768371
2025-09-07,Syrup USDC,0.06919511719
2025-09-07,High Yield Secured Lending Maple Pool USDC1,0.1028343383
2025-09-07,Syrup USDT,0.06745711369
2025-09-07,Altcoin Lending,
2025-09-08,High Yield Secured Lending Maple Pool USDC1,0.1016323448
2025-09-08,Syrup USDC,0.06922847517
2025-09-08,Syrup USDT,0.06761759705
2025-09-08,Maple Direct USDC1,0.06599516039
2025-09-08,Altcoin Lending,
2025-09-09,Syrup USDC,0.06928000257
2025-09-09,Maple Direct USDC1,0.06611345493
2025-09-09,Altcoin Lending,
2025-09-09,High Yield Secured Lending Maple Pool USDC1,0.1013574849
2025-09-09,Syrup USDT,0.06769504614
2025-09-10,Maple Direct USDC1,0.06623172073
2025-09-10,Syrup USDC,0.06915291195
2025-09-10,High Yield Secured Lending Maple Pool USDC1,0.1028989908
2025-09-10,Syrup USDT,0.06759678662
2025-09-10,Altcoin Lending,
2025-09-11,Maple Direct USDC1,0.06634995779
2025-09-11,High Yield Secured Lending Maple Pool USDC1,0.1017199875
2025-09-11,Syrup USDC,0.06916118827
2025-09-11,Syrup USDT,0.06772120727
2025-09-11,Altcoin Lending,
2025-09-12,High Yield Secured Lending Maple Pool USDC1,0.1015063235
2025-09-12,Syrup USDT,0.06771981508
2025-09-12,Maple Direct USDC1,0.06646499627
2025-09-12,Altcoin Lending,
2025-09-12,Syrup USDC,0.06913589557
2025-09-13,Maple Direct USDC1,0.06657687731
2025-09-13,Altcoin Lending,
2025-09-13,Syrup USDC,0.06917622283
2025-09-13,High Yield Secured Lending Maple Pool USDC1,0.1021713554
2025-09-13,Syrup USDT,0.06768215143
2025-09-14,Altcoin Lending,
2025-09-14,Syrup USDC,0.06936906608
2025-09-14,Syrup USDT,0.06766767935
2025-09-14,Maple Direct USDC1,0.06667003008
2025-09-14,High Yield Secured Lending Maple Pool USDC1,0.1017059205
2025-09-15,Altcoin Lending,
2025-09-15,Maple Direct USDC1,0.06675278405
2025-09-15,Syrup USDC,0.0693443054
2025-09-15,Syrup USDT,0.0676842249
2025-09-15,High Yield Secured Lending Maple Pool USDC1,0.1014872137
2025-09-16,Syrup USDT,0.06753805751
2025-09-16,Maple Direct USDC1,0.06683551503
2025-09-16,Altcoin Lending,
2025-09-16,High Yield Secured Lending Maple Pool USDC1,0.102088382
2025-09-16,Syrup USDC,0.06932166048
2025-09-17,Syrup USDT,0.06747214256
2025-09-17,Altcoin Lending,
2025-09-17,High Yield Secured Lending Maple Pool USDC1,0.1016812535
2025-09-17,Maple Direct USDC1,0.06691822305
2025-09-17,Syrup USDC,0.06931517336
2025-09-18,Altcoin Lending,
2025-09-18,Maple Direct USDC1,0.06696771035
2025-09-18,Syrup USDC,0.06932275845
2025-09-18,High Yield Secured Lending Maple Pool USDC1,0.1014582587
2025-09-18,Syrup USDT,0.06719746096
2025-09-19,Altcoin Lending,
2025-09-19,Maple Direct USDC1,0.06701536335
2025-09-19,High Yield Secured Lending Maple Pool USDC1,0.102118425
2025-09-19,Syrup USDC,0.06933842483
2025-09-19,Syrup USDT,0.06678764278
2025-09-20,High Yield Secured Lending Maple Pool USDC1,0.1016792776
2025-09-20,Altcoin Lending,
2025-09-20,Maple Direct USDC1,0.06706765512
2025-09-20,Syrup USDT,0.0663977432
2025-09-20,Syrup USDC,0.06935230751
2025-09-21,Maple Direct USDC1,0.06713026033
2025-09-21,High Yield Secured Lending Maple Pool USDC1,0.1014965244
2025-09-21,Syrup USDT,0.06601229684
2025-09-21,Altcoin Lending,
2025-09-21,Syrup USDC,0.06935873575
2025-09-22,Syrup USDC,0.06936375419
2025-09-22,Altcoin Lending,
2025-09-22,High Yield Secured Lending Maple Pool USDC1,0.1008292811
2025-09-22,Maple Direct USDC1,0.06719293658
2025-09-22,Syrup USDT,0.06571047606
2025-09-23,Syrup USDC,0.06936926785
2025-09-23,Syrup USDT,0.06525172871
2025-09-23,Altcoin Lending,
2025-09-23,Maple Direct USDC1,0.06725559433
2025-09-23,High Yield Secured Lending Maple Pool USDC1,0.1017531001
2025-09-24,Syrup USDT,0.06506004439
2025-09-24,Syrup USDC,0.06935265317
2025-09-24,Maple Direct USDC1,0.06731806841
2025-09-24,High Yield Secured Lending Maple Pool USDC1,0.1009368069
2025-09-24,Altcoin Lending,
2025-09-25,Maple Direct USDC1,0.06737947229
2025-09-25,High Yield Secured Lending Maple Pool USDC1,0.1010732867
2025-09-25,Syrup USDC,0.06932950401
2025-09-25,Syrup USDT,0.06502174354
2025-09-26,Altcoin Lending,
2025-09-26,Maple Direct USDC1,0.06744016775
2025-09-26,High Yield Secured Lending Maple Pool USDC1,0.1012113754
2025-09-26,Syrup USDC,0.0693157101
2025-09-26,Syrup USDT,0.06537732238
2025-09-27,Syrup USDT,0.06521031647
2025-09-27,Altcoin Lending,
2025-09-27,High Yield Secured Lending Maple Pool USDC1,0.10059685
2025-09-27,Maple Direct USDC1,0.06749923641
2025-09-27,Syrup USDC,0.0693673915
2025-09-28,Syrup USDC,0.06935336029
2025-09-28,Maple Direct USDC1,0.0675579643
2025-09-28,Altcoin Lending,
2025-09-28,Syrup USDT,0.06503106892
2025-09-28,High Yield Secured Lending Maple Pool USDC1,0.1010098724
2025-09-29,Syrup USDC,0.06933206077
2025-09-29,Altcoin Lending,
2025-09-29,Syrup USDT,0.06539506732
2025-09-29,High Yield Secured Lending Maple Pool USDC1,0.1013670159
2025-09-29,Maple Direct USDC1,0.06761799516
2025-09-30,Syrup USDC,0.06937120025
2025-09-30,Syrup USDT,0.06533688193
2025-09-30,High Yield Secured Lending Maple Pool USDC1,0.100055344
2025-09-30,Maple Direct USDC1,0.06767777786
2025-09-30,Altcoin Lending,
2025-10-01,Syrup USDT,0.06545797572
2025-10-01,Altcoin Lending,
2025-10-01,High Yield Secured Lending Maple Pool USDC1,0.1006327892
2025-10-01,Syrup USDC,0.069367861
2025-10-01,Maple Direct USDC1,0.06777446575
2025-10-02,Maple Direct USDC1,0.06791373893
2025-10-02,Altcoin Lending,
2025-10-02,High Yield Secured Lending Maple Pool USDC1,0.1024044138
2025-10-02,Syrup USDC,0.06936722288
2025-10-02,Syrup USDT,0.0653998497
2025-10-03,Maple Direct USDC1,0.06801526635
2025-10-03,High Yield Secured Lending Maple Pool USDC1,0.1024237954
2025-10-03,Syrup USDC,0.06936388586
2025-10-03,Syrup USDT,0.06544850984
2025-10-03,Altcoin Lending,
2025-10-04,Syrup USDT,0.06542106212
2025-10-04,Altcoin Lending,
2025-10-04,High Yield Secured Lending Maple Pool USDC1,0.1001047483
2025-10-04,Syrup USDC,0.06934557635
2025-10-04,Maple Direct USDC1,0.0680205897
2025-10-05,High Yield Secured Lending Maple Pool USDC1,0.1012287835
2025-10-05,Syrup USDC,0.06935016853
2025-10-05,Syrup USDT,0.0653781958
2025-10-05,Altcoin Lending,
2025-10-05,Maple Direct USDC1,0.06802591114
2025-10-06,Syrup USDT,0.06510373835
2025-10-06,Maple Direct USDC1,0.06804138405
2025-10-06,Altcoin Lending,
2025-10-06,High Yield Secured Lending Maple Pool USDC1,0.1026999849
2025-10-06,Syrup USDC,0.06936809238
2025-10-07,Maple Direct USDC1,0.06806215526
2025-10-07,Altcoin Lending,
2025-10-07,High Yield Secured Lending Maple Pool USDC1,0.09957589583
2025-10-07,Syrup USDC,0.06939072876
2025-10-07,Syrup USDT,0.06483972281
2025-10-08,Syrup USDT,0.06450989078
2025-10-08,Syrup USDC,0.06939705545
2025-10-08,High Yield Secured Lending Maple Pool USDC1,0.1006878952
2025-10-08,Altcoin Lending,
2025-10-08,Maple Direct USDC1,0.06808291931
2025-10-09,Syrup USDC,0.06935421001
2025-10-09,Altcoin Lending,
2025-10-09,Syrup USDT,0.06442471504
2025-10-09,High Yield Secured Lending Maple Pool USDC1,0.1021776729
2025-10-09,Maple Direct USDC1,0.06810367618
2025-10-10,High Yield Secured Lending Maple Pool USDC1,0.09837528427
2025-10-10,Syrup USDT,0.06449444824
2025-10-10,Maple Direct USDC1,0.06812442589
2025-10-10,Syrup USDC,0.06934103028
2025-10-11,High Yield Secured Lending Maple Pool USDC1,0.09931810278
2025-10-11,Maple Direct USDC1,0.06814516843
2025-10-11,Syrup USDT,0.06382855083
2025-10-11,Syrup USDC,0.06931544679
2025-10-12,Syrup USDT,0.06323346804
2025-10-12,High Yield Secured Lending Maple Pool USDC1,0.1016492181
2025-10-12,Maple Direct USDC1,0.06816907875
2025-10-12,Syrup USDC,0.06930985443
2025-10-13,Syrup USDT,0.0628024893
2025-10-13,High Yield Secured Lending Maple Pool USDC1,0.09856466966
2025-10-13,Altcoin Lending,
2025-10-13,Maple Direct USDC1,0.06811327842
2025-10-13,Syrup USDC,0.06925470434
2025-10-14,Maple Direct USDC1,0.0681088377
2025-10-14,Altcoin Lending,
2025-10-14,Syrup USDC,0.06895707013
2025-10-14,Syrup USDT,0.06246841444
2025-10-14,High Yield Secured Lending Maple Pool USDC1,0.09878451353
2025-10-15,Syrup USDC,0.06885815262
2025-10-15,Maple Direct USDC1,0.06810439861
2025-10-15,High Yield Secured Lending Maple Pool USDC1,0.1011267591
2025-10-15,Syrup USDT,0.06244564731
2025-10-16,Syrup USDC,0.06872518776
2025-10-16,High Yield Secured Lending Maple Pool USDC1,0.0988258913
2025-10-16,Maple Direct USDC1,0.06809996114
2025-10-16,Syrup USDT,0.06216748459
2025-10-17,High Yield Secured Lending Maple Pool USDC1,0.09825440854
2025-10-17,Syrup USDC,0.06858482691
2025-10-17,Syrup USDT,0.0619444884
2025-10-17,Maple Direct USDC1,0.06804282722
2025-10-18,Syrup USDT,0.06188500276
2025-10-18,Maple Direct USDC1,0.06799346465
2025-10-18,Syrup USDC,0.06842591745
2025-10-18,High Yield Secured Lending Maple Pool USDC1,0.1005446558
2025-10-19,High Yield Secured Lending Maple Pool USDC1,0.09831395222
2025-10-19,Syrup USDC,0.06825673733
2025-10-19,Maple Direct USDC1,0.06794209524
2025-10-19,Syrup USDT,0.06210040763
2025-10-20,High Yield Secured Lending Maple Pool USDC1,0.0969147611
2025-10-20,Syrup USDC,0.06808568519
2025-10-20,Maple Direct USDC1,0.06788608936
2025-10-20,Syrup USDT,0.06247612397
2025-10-21,Syrup USDT,0.06249509191
2025-10-21,Maple Direct USDC1,0.06781977005
2025-10-21,Syrup USDC,0.06791053679
2025-10-21,High Yield Secured Lending Maple Pool USDC1,0.1000144145
2025-10-22,Maple Direct USDC1,0.06779322742
2025-10-22,High Yield Secured Lending Maple Pool USDC1,0.09898375773
2025-10-22,Syrup USDC,0.06769958723
2025-10-22,Syrup USDT,0.06264913367
2025-10-23,Syrup USDT,0.06286621231
2025-10-23,High Yield Secured Lending Maple Pool USDC1,0.09691452132
2025-10-23,Syrup USDC,0.06746780545
2025-10-23,Maple Direct USDC1,0.06781251896
2025-10-24,Maple Direct USDC1,0.06783196916
2025-10-24,Syrup USDC,0.06725921589
2025-10-24,High Yield Secured Lending Maple Pool USDC1,0.0992219893
2025-10-24,Syrup USDT,0.06272289169
2025-10-25,Syrup USDT,0.06259739911
2025-10-25,High Yield Secured Lending Maple Pool USDC1,0.09895589648
2025-10-25,Syrup USDC,0.0670902913
2025-10-25,Maple Direct USDC1,0.06785246491
2025-10-26,High Yield Secured Lending Maple Pool USDC1,0.0969092075
2025-10-26,Altcoin Lending,
2025-10-26,Syrup USDT,0.06197220592
2025-10-26,Maple Direct USDC1,0.06787295368
2025-10-26,Syrup USDC,0.06692469557
2025-10-27,Syrup USDC,0.06669462654
2025-10-27,Maple Direct USDC1,0.06789343547
2025-10-27,High Yield Secured Lending Maple Pool USDC1,0.09921228519
2025-10-27,Syrup USDT,0.06182414446
2025-10-28,Maple Direct USDC1,0.06791393717
2025-10-28,High Yield Secured Lending Maple Pool USDC1,0.09924901303
2025-10-28,Syrup USDC,0.06649116501
2025-10-28,Syrup USDT,0.06181352792
2025-10-29,Syrup USDC,0.06626311449
2025-10-29,Maple Direct USDC1,0.06793407968
2025-10-29,Syrup USDT,0.06124865629
2025-10-29,High Yield Secured Lending Maple Pool USDC1,0.09689554212
2025-10-30,Maple Direct USDC1,0.0678481882
2025-10-30,Syrup USDT,0.06100062808
2025-10-30,Syrup USDC,0.06597634134
2025-10-30,High Yield Secured Lending Maple Pool USDC1,0.09850367975
2025-10-31,High Yield Secured Lending Maple Pool USDC1,0.09917376553
2025-10-31,Maple Direct USDC1,0.0677834411
2025-10-31,Syrup USDT,0.06070931812
2025-10-31,Syrup USDC,0.06572804814
2025-11-01,High Yield Secured Lending Maple Pool USDC1,0.09737077604
2025-11-01,Syrup USDT,0.06044103476
2025-11-01,Maple Direct USDC1,0.06761927301
2025-11-01,Syrup USDC,0.06545683551
2025-11-02,Maple Direct USDC1,0.06745133379
2025-11-02,Syrup USDT,0.06003187307
2025-11-02,High Yield Secured Lending Maple Pool USDC1,0.09757940125
2025-11-02,Syrup USDC,0.06518888149
2025-11-03,Syrup USDC,0.06491682387
2025-11-03,Maple Direct USDC1,0.06732422903
2025-11-03,High Yield Secured Lending Maple Pool USDC1,0.09916213577
2025-11-03,Syrup USDT,0.05966129604
2025-11-04,Maple Direct USDC1,0.06727984126
2025-11-04,Syrup USDC,0.06458857622
2025-11-04,Syrup USDT,0.05948044486
2025-11-04,High Yield Secured Lending Maple Pool USDC1,0.09800776986
2025-11-05,Syrup USDC,0.06430599252
2025-11-05,High Yield Secured Lending Maple Pool USDC1,0.09756185259
2025-11-05,Maple Direct USDC1,0.06722532563
2025-11-05,Syrup USDT,0.05938159368
2025-11-06,Syrup USDC,0.06403303573
2025-11-06,High Yield Secured Lending Maple Pool USDC1,0.09914448918
2025-11-06,Syrup USDT,0.05928545246
2025-11-06,Maple Direct USDC1,0.0671655332
2025-11-07,Syrup USDT,0.05923050645
2025-11-07,High Yield Secured Lending Maple Pool USDC1,0.09797945527
2025-11-07,Syrup USDC,0.06373597602
2025-11-07,Maple Direct USDC1,0.06710576574
2025-11-08,High Yield Secured Lending Maple Pool USDC1,0.09755606119
2025-11-08,Syrup USDT,0.05892045015
2025-11-08,Syrup USDC,0.06346397281
2025-11-08,Maple Direct USDC1,0.06704602324
2025-11-09,Syrup USDT,0.05840743353
2025-11-09,High Yield Secured Lending Maple Pool USDC1,0.09978083119
2025-11-09,Maple Direct USDC1,0.06698630569
2025-11-09,Syrup USDC,0.06320890809
2025-11-10,Syrup USDC,0.06294475982
2025-11-10,High Yield Secured Lending Maple Pool USDC1,0.09876845711
2025-11-10,Syrup USDT,0.05887412282
2025-11-10,Maple Direct USDC1,0.06690999984
2025-11-11,Maple Direct USDC1,0.06682366812
2025-11-11,High Yield Secured Lending Maple Pool USDC1,0.09682681586
2025-11-11,Syrup USDT,0.05921816893
2025-11-11,Syrup USDC,0.06267130335
2025-11-12,Syrup USDT,0.05925271573
2025-11-12,Maple Direct USDC1,0.06684441326
2025-11-12,Syrup USDC,0.06240122034
2025-11-12,High Yield Secured Lending Maple Pool USDC1,0.09976268573
2025-11-13,Syrup USDT,0.05934807287
2025-11-13,Maple Direct USDC1,0.06681562904
2025-11-13,Syrup USDC,0.06218673479
2025-11-13,High Yield Secured Lending Maple Pool USDC1,0.09876219493
2025-11-14,Maple Direct USDC1,0.06678685593
2025-11-14,Syrup USDC,0.06199360363
2025-11-14,Syrup USDT,0.05907996719
2025-11-14,High Yield Secured Lending Maple Pool USDC1,0.09680552299
2025-11-15,Syrup USDC,0.06181911224
2025-11-15,Maple Direct USDC1,0.06675809391
2025-11-15,High Yield Secured Lending Maple Pool USDC1,0.09951760845
2025-11-15,Syrup USDT,0.05870434195
2025-11-16,High Yield Secured Lending Maple Pool USDC1,0.09871858261
2025-11-16,Maple Direct USDC1,0.06678197624
2025-11-16,Syrup USDT,0.05871122447
2025-11-16,Syrup USDC,0.06164028582
2025-11-17,Maple Direct USDC1,0.06682991693
2025-11-17,Syrup USDT,0.05855233978
2025-11-17,Syrup USDC,0.0614755948
2025-11-17,High Yield Secured Lending Maple Pool USDC1,0.09626881286
2025-11-18,High Yield Secured Lending Maple Pool USDC1,0.09676724458
2025-11-18,Maple Direct USDC1,0.06686800978
2025-11-18,Syrup USDT,0.05833083792
2025-11-18,Syrup USDC,0.06130461761
2025-11-19,Maple Direct USDC1,0.0669060906
2025-11-19,Syrup USDT,0.05788115986
2025-11-19,High Yield Secured Lending Maple Pool USDC1,0.09787983664
2025-11-19,Syrup USDC,0.06109115632
2025-11-20,Syrup USDT,0.05768597078
2025-11-20,Maple Direct USDC1,0.06695047289
2025-11-20,Syrup USDC,0.0608655528
2025-11-20,High Yield Secured Lending Maple Pool USDC1,0.09556889995
2025-11-21,Maple Direct USDC1,0.06696133543
2025-11-21,Syrup USDC,0.0606635958
2025-11-21,High Yield Secured Lending Maple Pool USDC1,0.09579927944
2025-11-21,Syrup USDT,0.05730610631
2025-11-22,Syrup USDT,0.05714836758
2025-11-22,High Yield Secured Lending Maple Pool USDC1,0.09677389436
2025-11-22,Maple Direct USDC1,0.06692640624
2025-11-22,Syrup USDC,0.06048367411
2025-11-23,Maple Direct USDC1,0.06689149073
2025-11-23,High Yield Secured Lending Maple Pool USDC1,0.09530125916
2025-11-23,Syrup USDC,0.06032239922
2025-11-23,Syrup USDT,0.05713809219
2025-11-24,Maple Direct USDC1,0.0668565889
2025-11-24,High Yield Secured Lending Maple Pool USDC1,0.09448655493
2025-11-24,Syrup USDC,0.06017676503
2025-11-24,Syrup USDT,0.05692360104
2025-11-25,Syrup USDT,0.05675189589
2025-11-25,Syrup USDC,0.06008153542
2025-11-25,High Yield Secured Lending Maple Pool USDC1,0.09491482197
2025-11-26,High Yield Secured Lending Maple Pool USDC1,0.09410122979
2025-11-26,Syrup USDC,0.05996371464
2025-11-26,Syrup USDT,0.05663977092
2025-11-27,Syrup USDT,0.05636039993
2025-11-27,Syrup USDC,0.05988170033
2025-11-27,High Yield Secured Lending Maple Pool USDC1,0.09330125506
2025-11-28,Syrup USDT,0.05608078863
2025-11-28,High Yield Secured Lending Maple Pool USDC1,0.0937739814
2025-11-28,Syrup USDC,0.05982624433
2025-11-29,High Yield Secured Lending Maple Pool USDC1,0.09373124372
2025-11-29,Syrup USDT,0.05599225359
2025-11-29,Syrup USDC,0.05976332479
2025-11-30,High Yield Secured Lending Maple Pool USDC1,0.09213620415
2025-11-30,Syrup USDT,0.05570290846
2025-11-30,Syrup USDC,0.05970993617
2025-12-01,Syrup USDC,0.05967091751
2025-12-01,Syrup USDT,0.05542285012
2025-12-01,High Yield Secured Lending Maple Pool USDC1,0.09221902396
2025-12-02,High Yield Secured Lending Maple Pool USDC1,0.09285053619
2025-12-02,Syrup USDC,0.05958300611
2025-12-02,Syrup USDT,0.05527309623
2025-12-03,Syrup USDC,0.05947013856
2025-12-03,Syrup USDT,0.05517239871
2025-12-03,High Yield Secured Lending Maple Pool USDC1,0.09087509053
2025-12-04,Syrup USDT,0.05486437884
2025-12-04,Syrup USDC,0.05939355535
2025-12-04,High Yield Secured Lending Maple Pool USDC1,0.09085866998
2025-12-05,Syrup USDT,0.05470689826
2025-12-05,Syrup USDC,0.05933280492
2025-12-05,High Yield Secured Lending Maple Pool USDC1,0.09146778141
2025-12-06,Syrup USDT,0.05451441842
2025-12-06,Syrup USDC,0.05924107784
2025-12-06,High Yield Secured Lending Maple Pool USDC1,0.08933516098
2025-12-07,Syrup USDT,0.0542019012
2025-12-07,High Yield Secured Lending Maple Pool USDC1,0.08960190363
2025-12-07,Syrup USDC,0.05914526982
2025-12-08,High Yield Secured Lending Maple Pool USDC1,0.09017201513
2025-12-08,Syrup USDC,0.05904190909
2025-12-08,Syrup USDT,0.05401132214
2025-12-09,Syrup USDC,0.05887549456
2025-12-09,Syrup USDT,0.05388690876
2025-12-09,High Yield Secured Lending Maple Pool USDC1,0.08809646401
2025-12-10,Syrup USDC,0.05869338526
2025-12-10,High Yield Secured Lending Maple Pool USDC1,0.08761015267
2025-12-10,Syrup USDT,0.05352299293
2025-12-11,High Yield Secured Lending Maple Pool USDC1,0.08884376312
2025-12-11,Syrup USDC,0.05851417475
2025-12-11,Syrup USDT,0.05317645886
2025-12-12,Syrup USDT,0.0530077491
2025-12-12,High Yield Secured Lending Maple Pool USDC1,0.08667339132
2025-12-12,Syrup USDC,0.05829382735
2025-12-13,Syrup USDC,0.05807914903
2025-12-13,High Yield Secured Lending Maple Pool USDC1,0.08633709362
2025-12-13,Syrup USDT,0.05268068231
2025-12-14,Syrup USDC,0.05785812434
2025-12-14,High Yield Secured Lending Maple Pool USDC1,0.08684165052
2025-12-14,Syrup USDT,0.05234820685
2025-12-15,Syrup USDC,0.05765221334
2025-12-15,Syrup USDT,0.05218651761
2025-12-15,High Yield Secured Lending Maple Pool USDC1,0.08517668096
2025-12-16,Syrup USDC,0.05742313852
2025-12-16,Syrup USDT,0.05177373056
2025-12-16,High Yield Secured Lending Maple Pool USDC1,0.08424051622
2025-12-17,Syrup USDT,0.05147281315
2025-12-17,High Yield Secured Lending Maple Pool USDC1,0.0858167061
2025-12-17,Syrup USDC,0.05715458
2025-12-18,High Yield Secured Lending Maple Pool USDC1,0.08627560956
2025-12-18,Syrup USDT,0.0511099
2025-12-18,Syrup USDC,0.05688354993
2025-12-19,Syrup USDC,0.05652782757
2025-12-19,High Yield Secured Lending Maple Pool USDC1,0.08426428585
2025-12-19,Syrup USDT,0.05078680959
2025-12-20,Syrup USDC,0.05618567182
2025-12-20,Syrup USDT,0.05055731226
2025-12-20,High Yield Secured Lending Maple Pool USDC1,0.08490359858
2025-12-21,Syrup USDT,0.05030947176
2025-12-21,Syrup USDC,0.05592091348
2025-12-21,High Yield Secured Lending Maple Pool USDC1,0.08571270162
2025-12-22,Syrup USDT,0.04995774763
2025-12-22,Syrup USDC,0.05564958358
2025-12-22,High Yield Secured Lending Maple Pool USDC1,0.0835828602
2025-12-23,High Yield Secured Lending Maple Pool USDC1,0.08375355094
2025-12-23,Syrup USDC,0.05537586422
2025-12-23,Syrup USDT,0.04956367704
2025-12-24,Syrup USDT,0.04922679272
2025-12-24,High Yield Secured Lending Maple Pool USDC1,0.08500128802
2025-12-24,Syrup USDC,0.05521507045
2025-12-25,Syrup USDT,0.04917077816
2025-12-25,Syrup USDC,0.05504159444
2025-12-25,High Yield Secured Lending Maple Pool USDC1,0.08339780269
2025-12-26,Syrup USDT,0.04910558314
2025-12-26,Syrup USDC,0.05490578901
2025-12-26,High Yield Secured Lending Maple Pool USDC1,0.0829054929
2025-12-27,Syrup USDC,0.05480034185
2025-12-27,Syrup USDT,0.04896299088
2025-12-27,High Yield Secured Lending Maple Pool USDC1,0.08413486932
2025-12-28,Syrup USDC,0.05464355072
2025-12-28,High Yield Secured Lending Maple Pool USDC1,0.08251213517
2025-12-28,Syrup USDT,0.0488343216
2025-12-29,Syrup USDC,0.05450083601
2025-12-29,High Yield Secured Lending Maple Pool USDC1,0.08119553966
2025-12-29,Syrup USDT,0.04870785879
2025-12-30,Syrup USDT,0.04851845052
2025-12-30,Syrup USDC,0.05445511451
2025-12-30,High Yield Secured Lending Maple Pool USDC1,0.08296768147
2025-12-31,Syrup USDT,0.04835549701
2025-12-31,Syrup USDC,0.05439118818
2025-12-31,High Yield Secured Lending Maple Pool USDC1,0.08215815931
2026-01-01,High Yield Secured Lending Maple Pool USDC1,0.08090500649
2026-01-01,Syrup USDT,0.04828861438
2026-01-01,Syrup USDC,0.05450003076
2026-01-02,Syrup USDC,0.05451171075
2026-01-02,Syrup USDT,0.04804644206
2026-01-02,High Yield Secured Lending Maple Pool USDC1,0.08219799956
2026-01-03,Syrup USDT,0.04798183519
2026-01-03,High Yield Secured Lending Maple Pool USDC1,0.08149718133
2026-01-03,Syrup USDC,0.05431376023
2026-01-04,Syrup USDC,0.05407106252
2026-01-04,High Yield Secured Lending Maple Pool USDC1,0.08026959412
2026-01-04,Syrup USDT,0.0479216763
2026-01-05,High Yield Secured Lending Maple Pool USDC1,0.08097916662
2026-01-05,Syrup USDC,0.05383456324
2026-01-05,Syrup USDT,0.04785583955
2026-01-06,Syrup USDC,0.05358551054
2026-01-06,Syrup USDT,0.04773977057
2026-01-06,High Yield Secured Lending Maple Pool USDC1,0.08060290493
2026-01-07,Syrup USDC,0.05336011617
2026-01-07,Syrup USDT,0.04758285642
2026-01-07,High Yield Secured Lending Maple Pool USDC1,0.07882302466
2026-01-08,High Yield Secured Lending Maple Pool USDC1,0.07990577742
2026-01-08,Syrup USDC,0.05318710186
2026-01-08,Syrup USDT,0.04738504523
2026-01-09,High Yield Secured Lending Maple Pool USDC1,0.08028777864
2026-01-09,Syrup USDT,0.04727318379
2026-01-09,Syrup USDC,0.05304147451
2026-01-10,Syrup USDT,0.04713209887
2026-01-10,High Yield Secured Lending Maple Pool USDC1,0.07851692802
2026-01-10,Syrup USDC,0.05293038854
2026-01-11,High Yield Secured Lending Maple Pool USDC1,0.07834201929
2026-01-11,Syrup USDT,0.04695944067
2026-01-11,Syrup USDC,0.05286951725
2026-01-12,High Yield Secured Lending Maple Pool USDC1,0.07921894138
2026-01-12,Syrup USDC,0.05275947524
2026-01-12,Syrup USDT,0.04687711236
2026-01-13,Syrup USDC,0.05265015421
2026-01-13,High Yield Secured Lending Maple Pool USDC1,0.07817560407
2026-01-13,Syrup USDT,0.04692380192
2026-01-14,High Yield Secured Lending Maple Pool USDC1,0.07776285868
2026-01-14,Syrup USDC,0.0525444927
2026-01-14,Syrup USDT,0.04694129236
2026-01-15,Syrup USDC,0.05246956338
2026-01-15,Syrup USDT,0.04708887313
2026-01-15,High Yield Secured Lending Maple Pool USDC1,0.07864697733
2026-01-16,High Yield Secured Lending Maple Pool USDC1,0.0773191757
2026-01-16,Syrup USDC,0.05244860917
2026-01-16,Syrup USDT,0.04733695818
2026-01-17,Syrup USDC,0.05242521813
2026-01-17,High Yield Secured Lending Maple Pool USDC1,0.07634456983
2026-01-17,Syrup USDT,0.04757545114
2026-01-18,Syrup USDC,0.05253503916
2026-01-18,Syrup USDT,0.04781552689
2026-01-18,High Yield Secured Lending Maple Pool USDC1,0.07793420439
2026-01-19,Syrup USDT,0.04799577249
2026-01-19,High Yield Secured Lending Maple Pool USDC1,0.07660337229
2026-01-19,Syrup USDC,0.05265272117
2026-01-20,Syrup USDT,0.04820129627
2026-01-20,Syrup USDC,0.05269936359
2026-01-20,High Yield Secured Lending Maple Pool USDC1,0.0756382377
2026-01-21,Syrup USDT,0.04837225207
2026-01-21,High Yield Secured Lending Maple Pool USDC1,0.0773855166
2026-01-21,Syrup USDC,0.05278664327
2026-01-22,Syrup USDC,0.05293506775
2026-01-22,High Yield Secured Lending Maple Pool USDC1,0.07634075922
2026-01-22,Syrup USDT,0.04849171116
2026-01-23,High Yield Secured Lending Maple Pool USDC1,0.07495520275
2026-01-23,Syrup USDT,0.04856599852
2026-01-23,Syrup USDC,0.0529607931
2026-01-24,Syrup USDC,0.05294717148
2026-01-24,Syrup USDT,0.04840116611
2026-01-24,High Yield Secured Lending Maple Pool USDC1,0.0763570913
2026-01-25,High Yield Secured Lending Maple Pool USDC1,0.07602518024
2026-01-25,Syrup USDT,0.04819789431
2026-01-25,Syrup USDC,0.05291461488
2026-01-26,High Yield Secured Lending Maple Pool USDC1,0.074645392
2026-01-26,Syrup USDC,0.05284455565
2026-01-26,Syrup USDT,0.04808796939
2026-01-27,Syrup USDT,0.0480082866
2026-01-27,Syrup USDC,0.05283538341
2026-01-27,High Yield Secured Lending Maple Pool USDC1,0.07538419031
2026-01-28,Syrup USDT,0.04786843162
2026-01-28,Syrup USDC,0.05280861407
2026-01-28,High Yield Secured Lending Maple Pool USDC1,0.07645536642
2026-01-29,High Yield Secured Lending Maple Pool USDC1,0.0746884681
2026-01-29,Syrup USDC,0.05266528453
2026-01-29,Syrup USDT,0.04789434263
2026-01-30,Syrup USDC,0.05251792481
2026-01-30,Syrup USDT,0.04786651146
2026-01-30,High Yield Secured Lending Maple Pool USDC1,0.07479435753
2026-01-31,High Yield Secured Lending Maple Pool USDC1,0.07526382708
2026-01-31,Syrup USDT,0.04777177071
2026-01-31,Syrup USDC,0.05222226057
2026-02-01,Syrup USDT,0.04781378995
2026-02-01,High Yield Secured Lending Maple Pool USDC1,0.07379558501
2026-02-01,Syrup USDC,0.05204172661
2026-02-02,Syrup USDC,0.05206965125
2026-02-02,High Yield Secured Lending Maple Pool USDC1,0.07346451965
2026-02-02,Syrup USDT,0.04771217589
2026-02-03,High Yield Secured Lending Maple Pool USDC1,0.07416055242
2026-02-03,Syrup USDC,0.05210943405
2026-02-03,Syrup USDT,0.04757779352
2026-02-04,Syrup USDT,0.04732810735
2026-02-04,High Yield Secured Lending Maple Pool USDC1,0.07318026243
2026-02-04,Syrup USDC,0.0519993683
2026-02-05,Syrup USDC,0.05193053748
2026-02-05,High Yield Secured Lending Maple Pool USDC1,0.07212977143
2026-02-05,Syrup USDT,0.04709137362
2026-02-06,High Yield Secured Lending Maple Pool USDC1,0.07276110063
2026-02-06,Syrup USDT,0.04689603657
2026-02-06,Syrup USDC,0.05183974363
2026-02-07,High Yield Secured Lending Maple Pool USDC1,0.07104666246
2026-02-07,Syrup USDT,0.04677898794
2026-02-07,Syrup USDC,0.05176441335
2026-02-08,High Yield Secured Lending Maple Pool USDC1,0.0698939325
2026-02-08,Syrup USDC,0.05167044655
2026-02-08,Syrup USDT,0.04658866493
2026-02-09,Syrup USDT,0.04643783278
2026-02-09,High Yield Secured Lending Maple Pool USDC1,0.06995175971
2026-02-09,Syrup USDC,0.05150541682
2026-02-10,Syrup USDC,0.05132393104
2026-02-10,Syrup USDT,0.04618054092
2026-02-10,High Yield Secured Lending Maple Pool USDC1,0.06878762462
2026-02-11,Syrup USDT,0.04585978621
2026-02-11,High Yield Secured Lending Maple Pool USDC1,0.06703579196
2026-02-11,Syrup USDC,0.05114348154
2026-02-12,Syrup USDC,0.05096444867
2026-02-12,High Yield Secured Lending Maple Pool USDC1,0.06809078297
2026-02-12,Syrup USDT,0.04543843329
2026-02-13,Syrup USDC,0.05078457652
2026-02-13,Syrup USDT,0.04522528587
2026-02-13,High Yield Secured Lending Maple Pool USDC1,0.06712469936
2026-02-14,High Yield Secured Lending Maple Pool USDC1,0.06589655277
2026-02-14,Syrup USDT,0.04487875805
2026-02-14,Syrup USDC,0.05059774643
2026-02-15,Syrup USDC,0.05039152538
2026-02-15,Syrup USDT,0.04451017535
2026-02-15,High Yield Secured Lending Maple Pool USDC1,0.0654760996
2026-02-16,Syrup USDT,0.04414642617
2026-02-16,Syrup USDC,0.05020289223
2026-02-16,High Yield Secured Lending Maple Pool USDC1,0.06639971357
2026-02-17,Syrup USDT,0.04380908053
2026-02-17,High Yield Secured Lending Maple Pool USDC1,0.06449838507
2026-02-17,Syrup USDC,0.05001197223
2026-02-18,High Yield Secured Lending Maple Pool USDC1,0.06409310583
2026-02-18,Syrup USDC,0.04981508051
2026-02-18,Syrup USDT,0.04358462599
2026-02-19,Syrup USDC,0.04959681243
2026-02-19,High Yield Secured Lending Maple Pool USDC1,0.06368411355
2026-02-19,Syrup USDT,0.04341140014
2026-02-20,Syrup USDC,0.04936828736
2026-02-20,High Yield Secured Lending Maple Pool USDC1,0.06217457023
2026-02-20,Syrup USDT,0.04322130821
2026-02-21,Syrup USDC,0.04909201255
2026-02-21,Syrup USDT,0.04303533792
2026-02-21,High Yield Secured Lending Maple Pool USDC1,0.06188100231
2026-02-22,High Yield Secured Lending Maple Pool USDC1,0.06173498863
2026-02-22,Syrup USDT,0.04292694574
2026-02-22,Syrup USDC,0.04882753798
2026-02-23,High Yield Secured Lending Maple Pool USDC1,0.06050779402
2026-02-23,Syrup USDT,0.04281991162
2026-02-23,Syrup USDC,0.0484923795
2026-02-24,Syrup USDC,0.04816749621
2026-02-24,High Yield Secured Lending Maple Pool USDC1,0.05946933223
2026-02-24,Syrup USDT,0.04270475054
2026-02-25,High Yield Secured Lending Maple Pool USDC1,0.05924131526
2026-02-25,Syrup USDC,0.04790165289
2026-02-25,Syrup USDT,0.04259234422
2026-02-26,Syrup USDT,0.04250182501
2026-02-26,Syrup USDC,0.04757747066
2026-02-26,High Yield Secured Lending Maple Pool USDC1,0.05853832117
2026-02-27,High Yield Secured Lending Maple Pool USDC1,0.05686508097
2026-02-27,Syrup USDT,0.04248776569
2026-02-27,Syrup USDC,0.04728413808
2026-02-28,Syrup USDC,0.04707071476
2026-02-28,High Yield Secured Lending Maple Pool USDC1,0.05663727259
2026-02-28,Syrup USDT,0.04245296857
2026-03-01,Syrup USDC,0.04684192942
2026-03-01,Syrup USDT,0.04239475545
2026-03-01,High Yield Secured Lending Maple Pool USDC1,0.05634909001
2026-03-02,Syrup USDC,0.04658729276
2026-03-02,High Yield Secured Lending Maple Pool USDC1,0.05522993304
2026-03-02,Syrup USDT,0.04222137874
2026-03-03,High Yield Secured Lending Maple Pool USDC1,0.05470681868
2026-03-03,Syrup USDC,0.04635514912
2026-03-03,Syrup USDT,0.04206786086
2026-03-04,High Yield Secured Lending Maple Pool USDC1,0.05461385554
2026-03-04,Syrup USDC,0.0461354849
2026-03-04,Syrup USDT,0.0419472711
2026-03-05,Syrup USDC,0.04592232454
2026-03-05,Syrup USDT,0.04189023183
2026-03-05,High Yield Secured Lending Maple Pool USDC1,0.05350163697
2026-03-06,High Yield Secured Lending Maple Pool USDC1,0.05323484691
2026-03-06,Syrup USDT,0.04196664083
2026-03-06,Syrup USDC,0.04587251389
2026-03-07,Syrup USDC,0.04576876432
2026-03-07,Syrup USDT,0.04207719771
2026-03-07,High Yield Secured Lending Maple Pool USDC1,0.0532927775
2026-03-08,Syrup USDC,0.04570754427
2026-03-08,Syrup USDT,0.0421371179
2026-03-08,High Yield Secured Lending Maple Pool USDC1,0.05276650462
2026-03-09,Syrup USDT,0.04213117608
2026-03-09,High Yield Secured Lending Maple Pool USDC1,0.05281503531
2026-03-09,Syrup USDC,0.04564726204
2026-03-10,High Yield Secured Lending Maple Pool USDC1,0.05291951429
2026-03-10,Syrup USDC,0.04552968903
2026-03-10,Syrup USDT,0.04222591347
2026-03-11,Syrup USDT,0.04221721538
2026-03-11,High Yield Secured Lending Maple Pool USDC1,0.05302193346
2026-03-11,Syrup USDC,0.0454601678
2026-03-12,High Yield Secured Lending Maple Pool USDC1,0.05312876349
2026-03-12,Syrup USDC,0.04537954701
2026-03-12,Syrup USDT,0.0422433308
2026-03-13,Syrup USDT,0.04227612076
2026-03-13,Syrup USDC,0.04531356306
2026-03-13,High Yield Secured Lending Maple Pool USDC1,0.0531967026
2026-03-14,High Yield Secured Lending Maple Pool USDC1,0.05236677981
2026-03-14,Syrup USDC,0.04520775587
2026-03-14,Syrup USDT,0.04223813014
2026-03-15,High Yield Secured Lending Maple Pool USDC1,0.05228231001
2026-03-15,Syrup USDT,0.04201650739
2026-03-15,Syrup USDC,0.04510838221
2026-03-16,Syrup USDT,0.04194170828
2026-03-16,Syrup USDC,0.04505408196
2026-03-16,High Yield Secured Lending Maple Pool USDC1,0.052199681
2026-03-17,High Yield Secured Lending Maple Pool USDC1,0.05240921683
2026-03-17,Syrup USDC,0.04497264325
2026-03-17,Syrup USDT,0.04188236798
2026-03-18,High Yield Secured Lending Maple Pool USDC1,0.05117830268
2026-03-18,Syrup USDT,0.04183599491
2026-03-18,Syrup USDC,0.04484618389
2026-03-19,High Yield Secured Lending Maple Pool USDC1,0.05109611661
2026-03-19,Syrup USDC,0.0447085542
2026-03-19,Syrup USDT,0.0417295519
2026-03-20,High Yield Secured Lending Maple Pool USDC1,0.05126119708
2026-03-20,Syrup USDT,0.0416068004
2026-03-20,Syrup USDC,0.04464255489
2026-03-21,High Yield Secured Lending Maple Pool USDC1,0.05135071191
2026-03-21,Syrup USDT,0.04137798053
2026-03-21,Syrup USDC,0.04454484475
2026-03-22,High Yield Secured Lending Maple Pool USDC1,0.05091457744
2026-03-22,Syrup USDC,0.04439800305
2026-03-22,Syrup USDT,0.04117967027
2026-03-23,High Yield Secured Lending Maple Pool USDC1,0.05096840882
2026-03-23,Syrup USDT,0.04106487473
2026-03-23,Syrup USDC,0.04423154304
2026-03-24,Syrup USDC,0.0440893917
2026-03-24,High Yield Secured Lending Maple Pool USDC1,0.05122776176
2026-03-24,Syrup USDT,0.04083142482
2026-03-25,Syrup USDT,0.04065003098
2026-03-25,High Yield Secured Lending Maple Pool USDC1,0.05100356552
2026-03-25,Syrup USDC,0.04401653412
2026-03-26,Syrup USDT,0.04047943009
2026-03-26,High Yield Secured Lending Maple Pool USDC1,0.05155860534
2026-03-26,Syrup USDC,0.04397384378
2026-03-27,Syrup USDT,0.04027883634
2026-03-27,Syrup USDC,0.04398093728
2026-03-27,High Yield Secured Lending Maple Pool USDC1,0.05187754508
2026-03-28,High Yield Secured Lending Maple Pool USDC1,0.05175720747
2026-03-28,Syrup USDT,0.0400707029
2026-03-28,Syrup USDC,0.04403343586
2026-03-29,High Yield Secured Lending Maple Pool USDC1,0.05189548849
2026-03-29,Syrup USDT,0.03985837377
2026-03-29,Syrup USDC,0.04406667527
2026-03-30,Syrup USDC,0.04403869785
2026-03-30,High Yield Secured Lending Maple Pool USDC1,0.05265988425
2026-03-30,Syrup USDT,0.03962633148
2026-03-31,Syrup USDC,0.04404910246
2026-03-31,Syrup USDT,0.03936132867
2026-03-31,High Yield Secured Lending Maple Pool USDC1,0.05257643353
2026-04-01,High Yield Secured Lending Maple Pool USDC1,0.05254721358
2026-04-01,Syrup USDT,0.0393067685
2026-04-01,Syrup USDC,0.04410845261
2026-04-02,Syrup USDT,0.03920173414
2026-04-02,Syrup USDC,0.04412229789
2026-04-02,High Yield Secured Lending Maple Pool USDC1,0.0533298521
2026-04-03,High Yield Secured Lending Maple Pool USDC1,0.05340014406
2026-04-03,Syrup USDC,0.04402546399
2026-04-03,Syrup USDT,0.03903504693
2026-04-04,Syrup USDT,0.03881644126
2026-04-04,Syrup USDC,0.04391846883
2026-04-04,High Yield Secured Lending Maple Pool USDC1,0.05314102489
2026-04-05,Syrup USDC,0.04381115133
2026-04-05,High Yield Secured Lending Maple Pool USDC1,0.05377444919
2026-04-05,Syrup USDT,0.03861809732
2026-04-06,Syrup USDT,0.03836492752
2026-04-06,High Yield Secured Lending Maple Pool USDC1,0.0540754134
2026-04-06,Syrup USDC,0.04369766708
2026-04-07,Syrup USDC,0.0435581891
2026-04-07,Syrup USDT,0.03824771406
2026-04-07,High Yield Secured Lending Maple Pool USDC1,0.05383492161
2026-04-08,Syrup USDC,0.04342834528
2026-04-08,High Yield Secured Lending Maple Pool USDC1,0.05406854085
2026-04-08,Syrup USDT,0.03811228276
2026-04-09,High Yield Secured Lending Maple Pool USDC1,0.05434577493
2026-04-09,Syrup USDT,0.03786705945
2026-04-09,Syrup USDC,0.04336653138
2026-04-10,High Yield Secured Lending Maple Pool USDC1,0.05399157662
2026-04-10,Syrup USDT,0.03775517399
2026-04-10,Syrup USDC,0.04327415291
2026-04-11,Syrup USDT,0.03766368005
2026-04-11,Syrup USDC,0.04323470572
2026-04-11,High Yield Secured Lending Maple Pool USDC1,0.05454541336
2026-04-12,Syrup USDT,0.03759082748
2026-04-12,Syrup USDC,0.04317985546
2026-04-12,High Yield Secured Lending Maple Pool USDC1,0.05483829625
2026-04-13,High Yield Secured Lending Maple Pool USDC1,0.05446812694
2026-04-13,Syrup USDC,0.04317980162
2026-04-13,Syrup USDT,0.03754855225
2026-04-14,High Yield Secured Lending Maple Pool USDC1,0.05501791319
2026-04-14,Syrup USDT,0.03743901751
2026-04-14,Syrup USDC,0.04318077685
2026-04-15,Syrup USDT,0.03741469554
2026-04-15,High Yield Secured Lending Maple Pool USDC1,0.05530876555
2026-04-15,Syrup USDC,0.04319688811
2026-04-16,Syrup USDT,0.03749328807
2026-04-16,High Yield Secured Lending Maple Pool USDC1,0.05511665899
2026-04-16,Syrup USDC,0.04346909139
2026-04-17,Syrup USDT,0.03759192996
2026-04-17,High Yield Secured Lending Maple Pool USDC1,0.05523135697
2026-04-17,Syrup USDC,0.04352912669
2026-04-18,High Yield Secured Lending Maple Pool USDC1,0.05577146396
2026-04-18,Syrup USDC,0.043639992
2026-04-18,Syrup USDT,0.03761606678
2026-04-19,High Yield Secured Lending Maple Pool USDC1,0.05580209046
2026-04-19,Syrup USDC,0.04439304103
2026-04-19,Syrup USDT,0.03949807252
2026-04-20,Syrup USDT,0.03952389537
2026-04-20,Syrup USDC,0.044586291
2026-04-20,High Yield Secured Lending Maple Pool USDC1,0.05590817967
2026-04-21,Syrup USDC,0.04452718219
2026-04-21,Syrup USDT,0.03968762329
2026-04-21,High Yield Secured Lending Maple Pool USDC1,0.05580738068
2026-04-22,High Yield Secured Lending Maple Pool USDC1,0.05561743854
2026-04-22,Syrup USDT,0.0400747736
2026-04-22,Syrup USDC,0.04486727876
2026-04-23,Syrup USDT,0.04022014018
2026-04-23,Syrup USDC,0.04510798534
2026-04-23,High Yield Secured Lending Maple Pool USDC1,0.05564096437
2026-04-24,Syrup USDC,0.04535464994
2026-04-24,Syrup USDT,0.04038389936
2026-04-24,High Yield Secured Lending Maple Pool USDC1,0.05537844736
2026-04-25,Syrup USDT,0.04067397206
2026-04-25,High Yield Secured Lending Maple Pool USDC1,0.05507956077
2026-04-25,Syrup USDC,0.04555747968
2026-04-26,Syrup USDC,0.04564523514
2026-04-26,Syrup USDT,0.04103129129
2026-04-26,High Yield Secured Lending Maple Pool USDC1,0.05511350167
2026-04-27,Syrup USDC,0.0457321988
2026-04-27,High Yield Secured Lending Maple Pool USDC1,0.05487401529
2026-04-27,Syrup USDT,0.04139752535
2026-04-28,High Yield Secured Lending Maple Pool USDC1,0.05498623598
2026-04-28,Syrup USDT,0.0415716923
2026-04-28,Syrup USDC,0.0457737166
2026-04-29,High Yield Secured Lending Maple Pool USDC1,0.05457129424
2026-04-29,Syrup USDT,0.04166826316
2026-04-29,Syrup USDC,0.04564041393
2026-04-30,High Yield Secured Lending Maple Pool USDC1,0.05434262567
2026-04-30,Syrup USDC,0.04552452225
2026-04-30,Syrup USDT,0.04196377486
2026-05-01,Syrup USDT,0.04217106489
2026-05-01,High Yield Secured Lending Maple Pool USDC1,0.05448218911
2026-05-01,Syrup USDC,0.04552518403
2026-05-02,High Yield Secured Lending Maple Pool USDC1,0.05406035197
2026-05-02,Syrup USDC,0.04583934827
2026-05-02,Syrup USDT,0.04245171614
2026-05-03,Syrup USDT,0.04276281357
2026-05-03,Syrup USDC,0.04639307622
2026-05-03,High Yield Secured Lending Maple Pool USDC1,0.05390456297
2026-05-04,Syrup USDC,0.04662393101
2026-05-04,High Yield Secured Lending Maple Pool USDC1,0.05374799889
2026-05-04,Syrup USDT,0.04303453248
2026-05-05,Syrup USDT,0.04325342822
2026-05-05,High Yield Secured Lending Maple Pool USDC1,0.05374879824
2026-05-05,Syrup USDC,0.04682988231
2026-05-06,High Yield Secured Lending Maple Pool USDC1,0.05336563434
2026-05-06,Syrup USDC,0.04733716893
2026-05-06,Syrup USDT,0.04353972405
2026-05-07,Syrup USDT,0.04371253579
2026-05-07,High Yield Secured Lending Maple Pool USDC1,0.05320949825
2026-05-07,Syrup USDC,0.04760505817
2026-05-08,Syrup USDC,0.04781212157
2026-05-08,High Yield Secured Lending Maple Pool USDC1,0.05362665151
2026-05-08,Syrup USDT,0.0439476555
2026-05-09,Syrup USDC,0.04806508877
2026-05-09,High Yield Secured Lending Maple Pool USDC1,0.05332438104
2026-05-09,Syrup USDT,0.04425181066
2026-05-10,High Yield Secured Lending Maple Pool USDC1,0.05321239833
2026-05-10,Syrup USDT,0.04453389595
2026-05-10,Syrup USDC,0.04834779451
2026-05-11,Syrup USDC,0.04855078543
2026-05-11,Syrup USDT,0.04485639714
2026-05-11,High Yield Secured Lending Maple Pool USDC1,0.05291120922
2026-05-12,High Yield Secured Lending Maple Pool USDC1,0.05293738792
2026-05-12,Syrup USDC,0.04869341829
2026-05-12,Syrup USDT,0.0451184133
2026-05-13,High Yield Secured Lending Maple Pool USDC1,0.05279287811
2026-05-13,Syrup USDT,0.04543199714
2026-05-13,Syrup USDC,0.048917374
2026-05-14,High Yield Secured Lending Maple Pool USDC1,0.0524989568
2026-05-14,Syrup USDT,0.04570235132
2026-05-14,Syrup USDC,0.04902382311
2026-05-15,Syrup USDT,0.04582230592
2026-05-15,Syrup USDC,0.04917807892
2026-05-15,High Yield Secured Lending Maple Pool USDC1,0.05252485848
2026-05-16,Syrup USDT,0.0458571306
2026-05-16,Syrup USDC,0.0491157661
2026-05-16,High Yield Secured Lending Maple Pool USDC1,0.05238584132
2026-05-17,Syrup USDC,0.04922831171
2026-05-17,High Yield Secured Lending Maple Pool USDC1,0.0523602836
2026-05-17,Syrup USDT,0.04591566763
2026-05-18,Syrup USDT,0.04604791707
2026-05-18,High Yield Secured Lending Maple Pool USDC1,0.05211763873
2026-05-18,Syrup USDC,0.0493309894
2026-05-19,Syrup USDC,0.04869584021
2026-05-19,High Yield Secured Lending Maple Pool USDC1,0.05179184394
2026-05-19,Syrup USDT,0.04428252767
2026-05-20,Syrup USDC,0.04867699411
2026-05-20,High Yield Secured Lending Maple Pool USDC1,0.0517651256
2026-05-20,Syrup USDT,0.04438735532
2026-05-21,Syrup USDC,0.04897243438
2026-05-21,Syrup USDT,0.04434898844
2026-05-21,High Yield Secured Lending Maple Pool USDC1,0.05213436346
2026-05-22,High Yield Secured Lending Maple Pool USDC1,0.05215889828
2026-05-22,Syrup USDT,0.04404224838
2026-05-22,Syrup USDC,0.0488238782
2026-05-23,Syrup USDC,0.04873417449
2026-05-23,High Yield Secured Lending Maple Pool USDC1,0.05173694105
2026-05-23,Syrup USDT,0.04402659117
2026-05-24,Syrup USDT,0.04394945707
2026-05-24,Syrup USDC,0.04867456469
2026-05-24,High Yield Secured Lending Maple Pool USDC1,0.05204551148
2026-05-25,Syrup USDT,0.04377766545
2026-05-25,Syrup USDC,0.04853833123
2026-05-25,High Yield Secured Lending Maple Pool USDC1,0.05207810315
2026-05-26,High Yield Secured Lending Maple Pool USDC1,0.05158527632
2026-05-26,Syrup USDT,0.0436004729
2026-05-26,Syrup USDC,0.0484325276
2026-05-27,Syrup USDT,0.04339674461
2026-05-27,High Yield Secured Lending Maple Pool USDC1,0.05192726756
2026-05-27,Syrup USDC,0.04839396417
2026-05-28,High Yield Secured Lending Maple Pool USDC1,0.05186750814
2026-05-28,Syrup USDT,0.04330896146
2026-05-28,Syrup USDC,0.04834190922
2026-05-29,High Yield Secured Lending Maple Pool USDC1,0.05145160969
2026-05-29,Syrup USDC,0.04846267847
2026-05-29,Syrup USDT,0.0432094274
2026-05-30,Syrup USDC,0.04856714582
2026-05-30,Syrup USDT,0.04299956952
2026-05-30,High Yield Secured Lending Maple Pool USDC1,0.0514655182
2026-05-31,High Yield Secured Lending Maple Pool USDC1,0.05177494326
2026-05-31,Syrup USDC,0.04855631633
2026-05-31,Syrup USDT,0.04287898915
2026-06-01,Syrup USDT,0.04265661214
2026-06-01,High Yield Secured Lending Maple Pool USDC1,0.05135459585
2026-06-01,Syrup USDC,0.04826674515
2026-06-02,Syrup USDT,0.04242218699
2026-06-02,High Yield Secured Lending Maple Pool USDC1,0.05136678851
2026-06-02,Syrup USDC,0.04783794653
2026-06-03,High Yield Secured Lending Maple Pool USDC1,0.05197340349
2026-06-03,Syrup USDT,0.04226435405
2026-06-03,Syrup USDC,0.04774670926
2026-06-04,Syrup USDT,0.04222777575
2026-06-04,High Yield Secured Lending Maple Pool USDC1,0.05112208445
2026-06-04,Syrup USDC,0.04768042772
2026-06-05,Syrup USDT,0.04222610681
2026-06-05,Syrup USDC,0.0473418462
2026-06-06,Syrup USDT,0.04225427583
2026-06-06,Syrup USDC,0.04723667964
2026-06-07,Syrup USDT,0.04225207547
2026-06-07,Syrup USDC,0.0471850086
2026-06-08,Syrup USDT,0.04218047647
2026-06-08,Syrup USDC,0.04722917948
2026-06-09,Syrup USDT,0.04214089783
2026-06-09,Syrup USDC,0.04713813986
2026-06-10,Syrup USDC,0.0471129292
2026-06-10,Syrup USDT,0.0421248679
2026-06-11,Syrup USDT,0.04209393258
2026-06-11,High Yield Secured Lending Maple Pool USDC1,0.05109999084
2026-06-11,Syrup USDC,0.04716957747
2026-06-12,Syrup USDC,0.04710592326
2026-06-12,Syrup USDT,0.04201710241
2026-06-12,High Yield Secured Lending Maple Pool USDC1,0.05099195771
2026-06-13,Syrup USDC,0.04710157276
2026-06-13,High Yield Secured Lending Maple Pool USDC1,0.0510185382
2026-06-13,Syrup USDT,0.04198341779
2026-06-14,Syrup USDC,0.04698821237
2026-06-14,Syrup USDT,0.0420258712
2026-06-14,High Yield Secured Lending Maple Pool USDC1,0.05112182508
2026-06-15,Syrup USDC,0.04692817837
2026-06-15,High Yield Secured Lending Maple Pool USDC1,0.0510321823
2026-06-15,Syrup USDT,0.04198274692
2026-06-16,Syrup USDT,0.0418174235
2026-06-16,High Yield Secured Lending Maple Pool USDC1,0.05104329543
2026-06-16,Syrup USDC,0.0471983787
2026-06-17,High Yield Secured Lending Maple Pool USDC1,0.0507527212
2026-06-17,Syrup USDT,0.04182982779
2026-06-17,Syrup USDC,0.04721299717
2026-06-18,High Yield Secured Lending Maple Pool USDC1,0.0511234565
2026-06-18,Syrup USDC,0.04722277251
2026-06-18,Syrup USDT,0.04174645982
2026-06-19,Syrup USDT,0.04165984133
2026-06-19,Syrup USDC,0.04752335195
2026-06-19,High Yield Secured Lending Maple Pool USDC1,0.05108392776
2026-06-20,Syrup USDC,0.04751556323
2026-06-20,High Yield Secured Lending Maple Pool USDC1,0.05073497591
2026-06-20,Syrup USDT,0.04146728839
2026-06-21,Syrup USDT,0.04163016673
2026-06-21,Syrup USDC,0.04752896516
2026-06-21,High Yield Secured Lending Maple Pool USDC1,0.05114270398
2026-06-22,Syrup USDT,0.04153044097842178
2026-06-22,High Yield Secured Lending Maple Pool USDC1,0.05138136198777029
2026-06-22,Syrup USDC,0.0478210431919527
