date,pool_name,utilization
2023-06-05,Maple Cash USDC1,0.9961537814
2023-06-06,Maple Cash USDC1,0.9961537814
2023-06-07,Maple Cash USDC1,0.9387366881
2023-06-08,Maple Cash USDC1,0.9999999996
2023-06-09,Maple Cash USDC1,0.9999999996
2023-06-10,Maple Cash USDC1,0.9999999996
2023-06-11,Maple Cash USDC1,0.9999999996
2023-06-12,Maple Cash USDC1,0.9999999996
2023-06-13,Maple Cash USDC1,0.9999999996
2023-06-14,Maple Cash USDC1,0.9981276553
2023-06-15,Maple Cash USDC1,0.9603277834
2023-06-16,Maple Cash USDC1,0.9999999996
2023-06-17,Maple Cash USDC1,0.9999999996
2023-06-18,Maple Cash USDC1,0.9999999996
2023-06-19,Maple Cash USDC1,0.9891735709
2023-06-20,Maple Cash USDC1,0.9791351492
2023-06-21,Maple Cash USDC1,0.9791351492
2023-06-22,Maple Cash USDC1,0.9999665015
2023-06-23,Maple Cash USDC1,0.9996538503
2023-06-24,Maple Cash USDC1,0.9996538503
2023-06-25,Maple Cash USDC1,0.9996538503
2023-06-26,Maple Cash USDC1,0.9787908894
2023-06-27,Maple Cash USDC1,0.8832503303
2023-06-28,Maple Cash USDC1,0.9874272202
2023-06-29,Maple Cash USDC1,0.9874272202
2023-06-30,Maple Cash USDC1,0.9999052315
2023-07-01,Maple Cash USDC1,0.9999052315
2023-07-02,Maple Cash USDC1,0.9999052315
2023-07-03,Maple Cash USDC1,0.9999052315
2023-07-04,Maple Cash USDC1,0.9864172199
2023-07-05,Maple Cash USDC1,0.9784628085
2023-07-06,Maple Cash USDC1,0.9996727684
2023-07-07,Maple Cash USDC1,0.9911639463
2023-07-08,Maple Cash USDC1,0.9911639463
2023-07-09,Maple Cash USDC1,0.7476260858
2023-07-10,Maple Cash USDC1,0.9998946548
2023-07-11,Maple Cash USDC1,0.9511033021
2023-07-12,Maple Cash USDC1,0.9998751819
2023-07-13,Maple Cash USDC1,0.9903951135
2023-07-14,Maple Cash USDC1,0.9903951135
2023-07-15,Maple Cash USDC1,0.9903951135
2023-07-16,Maple Cash USDC1,0.999952528
2023-07-17,Maple Cash USDC1,0.9999520562
2023-07-18,Maple Cash USDC1,0.9878288473
2023-07-19,Maple Cash USDC1,0.9878288473
2023-07-20,Maple Cash USDC1,0.9878288473
2023-07-21,Maple Cash USDC1,0.9767958678
2023-07-22,Maple Cash USDC1,0.9767958678
2023-07-23,Maple Cash USDC1,0.9767958678
2023-07-24,Maple Cash USDC1,0.9767958678
2023-07-25,Maple Cash USDC1,0.9767958678
2023-07-26,Maple Cash USDC1,0.9767958678
2023-07-27,Maple Cash USDC1,0.9999660074
2023-07-28,Maple Cash USDC1,0.9879662592
2023-07-29,Maple Cash USDC1,0.9999357008
2023-07-30,Maple Cash USDC1,0.9999357008
2023-07-31,Maple Cash USDC1,0.9999357008
2023-08-01,Maple Cash USDC1,0.9997271442
2023-08-02,Maple Cash USDC1,0.9834714456
2023-08-03,Maple Cash USDC1,0.999857569
2023-08-04,Maple Cash USDC1,0.999857569
2023-08-05,Maple Cash USDC1,0.999857569
2023-08-06,Maple Cash USDC1,0.9943151476
2023-08-07,Maple Cash USDC1,0.9997086699
2023-08-08,Maple Cash USDC1,0.9953720516
2023-08-09,Maple Cash USDC1,0.9999480076
2023-08-10,Maple Cash USDC1,0.9560056761
2023-08-11,Maple Cash USDC1,0.9999555135
2023-08-12,Maple Cash USDC1,0.9999555135
2023-08-13,Maple Cash USDC1,0.999955652
2023-08-14,Maple Cash USDC1,0.999955652
2023-08-14,AQRU Maple Pool USDC1,0.9999999992
2023-08-15,Maple Cash USDC1,0.999955652
2023-08-15,AQRU Maple Pool USDC1,0.9925429881
2023-08-16,AQRU Maple Pool USDC1,0.9696396329
2023-08-16,Maple Cash USDC1,0.999955652
2023-08-17,Maple Cash USDC1,0.9999731759
2023-08-17,AQRU Maple Pool USDC1,0.9355049306
2023-08-18,AQRU Maple Pool USDC1,0.9999999996
2023-08-18,Maple Cash USDC1,0.9999731759
2023-08-19,AQRU Maple Pool USDC1,0.9999999996
2023-08-19,Maple Cash USDC1,0.9999731759
2023-08-20,AQRU Maple Pool USDC1,0.9999999996
2023-08-20,Maple Cash USDC1,0.9824207681
2023-08-21,AQRU Maple Pool USDC1,0.9999999996
2023-08-21,Maple Cash USDC1,0.9997347823
2023-08-22,AQRU Maple Pool USDC1,0.9999999996
2023-08-22,Maple Cash USDC1,0.9999296429
2023-08-23,Maple Cash USDC1,0.9999296429
2023-08-23,AQRU Maple Pool USDC1,0.9999999996
2023-08-24,Maple Cash USDC1,0.8485373415
2023-08-24,AQRU Maple Pool USDC1,0.8078570916
2023-08-25,Maple Cash USDC1,0.9998039177
2023-08-25,AQRU Maple Pool USDC1,0.9999999997
2023-08-26,AQRU Maple Pool USDC1,0.9999999997
2023-08-26,Maple Cash USDC1,0.9998039177
2023-08-27,AQRU Maple Pool USDC1,0.9999999997
2023-08-27,Maple Cash USDC1,0.9998039177
2023-08-28,AQRU Maple Pool USDC1,0.9999999997
2023-08-28,Maple Cash USDC1,0.9998039177
2023-08-29,AQRU Maple Pool USDC1,0.9999999997
2023-08-29,Maple Cash USDC1,0.9960345925
2023-08-30,AQRU Maple Pool USDC1,0.9999999997
2023-08-30,Maple Cash USDC1,0.9960345925
2023-08-31,Maple Cash USDC1,0.9922935817
2023-08-31,AQRU Maple Pool USDC1,0.9841549935
2023-09-01,Maple Cash USDC1,0.999415497
2023-09-01,AQRU Maple Pool USDC1,0.9841549935
2023-09-02,Maple Cash USDC1,0.999415497
2023-09-02,AQRU Maple Pool USDC1,0.9841549935
2023-09-03,AQRU Maple Pool USDC1,0.9271771301
2023-09-03,Maple Cash USDC1,0.999415497
2023-09-04,AQRU Maple Pool USDC1,0.9271771301
2023-09-04,Maple Cash USDC1,0.979200975
2023-09-05,AQRU Maple Pool USDC1,0.9999999995
2023-09-05,Maple Cash USDC1,0.9972535175
2023-09-06,AQRU Maple Pool USDC1,0.9950752506
2023-09-06,Maple Cash USDC1,0.9925439665
2023-09-07,Maple Cash USDC1,0.9925439665
2023-09-07,AQRU Maple Pool USDC1,0.9950752506
2023-09-08,Maple Cash USDC1,0.9997403813
2023-09-08,AQRU Maple Pool USDC1,0.9950752506
2023-09-09,AQRU Maple Pool USDC1,0.9950752506
2023-09-09,Maple Cash USDC1,0.9997403813
2023-09-10,Maple Cash USDC1,0.9997403813
2023-09-10,AQRU Maple Pool USDC1,0.9950752506
2023-09-11,AQRU Maple Pool USDC1,0.9950752506
2023-09-11,Maple Cash USDC1,0.9997403813
2023-09-12,Maple Cash USDC1,0.9999368048
2023-09-12,AQRU Maple Pool USDC1,0.9941825179
2023-09-13,AQRU Maple Pool USDC1,0.9941825179
2023-09-13,Maple Cash USDC1,0.9503254316
2023-09-14,AQRU Maple Pool USDC1,0.9941825179
2023-09-14,Maple Cash USDC1,0.9999291811
2023-09-15,Maple Cash USDC1,0.9999280206
2023-09-15,AQRU Maple Pool USDC1,0.9931950228
2023-09-16,AQRU Maple Pool USDC1,0.9931950228
2023-09-16,Maple Cash USDC1,0.9999280206
2023-09-17,AQRU Maple Pool USDC1,0.9931950228
2023-09-17,Maple Cash USDC1,0.999926686
2023-09-18,AQRU Maple Pool USDC1,0.9931950228
2023-09-18,Maple Cash USDC1,0.999926686
2023-09-19,AQRU Maple Pool USDC1,0.9931950228
2023-09-19,Maple Cash USDC1,0.9999265313
2023-09-20,Maple Cash USDC1,0.9999265313
2023-09-20,AQRU Maple Pool USDC1,0.9931950228
2023-09-21,Maple Cash USDC1,0.9999265313
2023-09-21,AQRU Maple Pool USDC1,0.9931950228
2023-09-22,AQRU Maple Pool USDC1,0.9912995296
2023-09-22,Maple Cash USDC1,0.9999265313
2023-09-23,AQRU Maple Pool USDC1,0.9912995296
2023-09-23,Maple Cash USDC1,0.9999265313
2023-09-24,AQRU Maple Pool USDC1,0.9912995296
2023-09-24,Maple Cash USDC1,0.9999265313
2023-09-25,Maple Cash USDC1,0.9972448079
2023-09-25,AQRU Maple Pool USDC1,0.9912995296
2023-09-26,Maple Cash USDC1,0.9972451784
2023-09-26,AQRU Maple Pool USDC1,0.9912995296
2023-09-27,AQRU Maple Pool USDC1,0.9912995296
2023-09-27,Maple Cash USDC1,0.9965195735
2023-09-28,AQRU Maple Pool USDC1,0.9912995296
2023-09-28,Maple Cash USDC1,0.9965195735
2023-09-29,Maple Cash USDC1,0.996088917
2023-09-29,AQRU Maple Pool USDC1,0.9847394898
2023-09-30,Maple Cash USDC1,0.996088917
2023-09-30,AQRU Maple Pool USDC1,0.9847394898
2023-10-01,AQRU Maple Pool USDC1,0.9847394898
2023-10-01,Maple Cash USDC1,0.996088917
2023-10-02,AQRU Maple Pool USDC1,0.977678888
2023-10-02,Maple Cash USDC1,0.996088917
2023-10-03,AQRU Maple Pool USDC1,0.9967750239
2023-10-03,Maple Cash USDC1,0.996088917
2023-10-04,Maple Cash USDC1,0.9992897175
2023-10-04,AQRU Maple Pool USDC1,0.9936642706
2023-10-05,Maple Cash USDC1,0.9999137685
2023-10-05,AQRU Maple Pool USDC1,0.9936642706
2023-10-06,Maple Cash USDC1,0.9752351924
2023-10-06,AQRU Maple Pool USDC1,0.9936642706
2023-10-07,Maple Cash USDC1,0.9809222614
2023-10-07,AQRU Maple Pool USDC1,0.9637977089
2023-10-08,AQRU Maple Pool USDC1,0.9637977089
2023-10-08,Maple Cash USDC1,0.9737970936
2023-10-09,Maple Cash USDC1,0.9737970936
2023-10-09,AQRU Maple Pool USDC1,0.9637977089
2023-10-10,Maple Cash USDC1,0.9961018528
2023-10-10,AQRU Maple Pool USDC1,0.9637977089
2023-10-11,AQRU Maple Pool USDC1,0.9620963061
2023-10-11,Maple Cash USDC1,0.9998457516
2023-10-12,Maple Cash USDC1,0.9998232921
2023-10-12,AQRU Maple Pool USDC1,0.9999687457
2023-10-13,Maple Cash USDC1,0.9998232921
2023-10-13,AQRU Maple Pool USDC1,0.9999550721
2023-10-14,AQRU Maple Pool USDC1,0.9999550721
2023-10-14,Maple Cash USDC1,0.9365010712
2023-10-15,AQRU Maple Pool USDC1,0.9999550721
2023-10-15,Maple Cash USDC1,0.9365010712
2023-10-16,Maple Cash USDC1,0.9999964419
2023-10-16,AQRU Maple Pool USDC1,0.7950253129
2023-10-17,Maple Cash USDC1,0.9999964419
2023-10-17,AQRU Maple Pool USDC1,0.9999976102
2023-10-18,Maple Cash USDC1,0.9729092044
2023-10-18,AQRU Maple Pool USDC1,0.9999976102
2023-10-19,Maple Cash USDC1,0.9998792815
2023-10-19,AQRU Maple Pool USDC1,0.9959925358
2023-10-20,Maple Cash USDC1,0.9965760889
2023-10-20,AQRU Maple Pool USDC1,0.9959925358
2023-10-21,AQRU Maple Pool USDC1,0.9811474637
2023-10-21,Maple Cash USDC1,0.9965760889
2023-10-22,AQRU Maple Pool USDC1,0.9811474637
2023-10-22,Maple Cash USDC1,0.9965760889
2023-10-23,AQRU Maple Pool USDC1,0.9811474637
2023-10-23,Maple Cash USDC1,0.996575276
2023-10-24,Maple Cash USDC1,0.9952088052
2023-10-24,AQRU Maple Pool USDC1,0.9996712999
2023-10-25,Maple Cash USDC1,0.8676632243
2023-10-25,AQRU Maple Pool USDC1,0.9654025703
2023-10-26,AQRU Maple Pool USDC1,0.9999365406
2023-10-26,Maple Cash USDC1,0.9317530626
2023-10-27,Maple Cash USDC1,0.9999097239
2023-10-27,AQRU Maple Pool USDC1,0.9999365406
2023-10-27,Maple Direct USDC1,0.9999854038
2023-10-28,AQRU Maple Pool USDC1,0.9999365406
2023-10-28,Maple Direct USDC1,0.9999854038
2023-10-28,Maple Cash USDC1,0.9999097239
2023-10-29,Maple Cash USDC1,0.9999097239
2023-10-29,Maple Direct USDC1,0.9999854038
2023-10-29,AQRU Maple Pool USDC1,0.9999365406
2023-10-30,Maple Cash USDC1,0.9999097239
2023-10-30,AQRU Maple Pool USDC1,0.9973990906
2023-10-30,Maple Direct USDC1,0.9999854038
2023-10-31,AQRU Maple Pool USDC1,0.9973990906
2023-10-31,Maple Cash USDC1,0.9998973073
2023-10-31,Maple Direct USDC1,0.9999854038
2023-11-01,Maple Cash USDC1,0.9998973073
2023-11-01,Maple Direct USDC1,0.9999854038
2023-11-01,AQRU Maple Pool USDC1,0.9973990906
2023-11-02,Maple Cash USDC1,0.9998973073
2023-11-02,Maple Direct USDC1,0.9848816312
2023-11-02,AQRU Maple Pool USDC1,0.9973990906
2023-11-03,Maple Direct USDC1,0.9847738397
2023-11-03,Maple Cash USDC1,0.9998315488
2023-11-03,AQRU Maple Pool USDC1,0.9973990906
2023-11-04,Maple Direct USDC1,0.9847738397
2023-11-04,Maple Cash USDC1,0.9998315488
2023-11-04,AQRU Maple Pool USDC1,0.9973990906
2023-11-05,Maple Cash USDC1,0.9998315488
2023-11-05,AQRU Maple Pool USDC1,0.9973990906
2023-11-05,Maple Direct USDC1,0.9847738397
2023-11-06,AQRU Maple Pool USDC1,0.9973990906
2023-11-06,Maple Cash USDC1,0.9982225465
2023-11-06,Maple Direct USDC1,0.9847738397
2023-11-07,AQRU Maple Pool USDC1,0.9932066747
2023-11-07,Maple Cash USDC1,0.9998083993
2023-11-07,Maple Direct USDC1,0.9847738397
2023-11-08,Maple Direct USDC1,1
2023-11-08,AQRU Maple Pool USDC1,0.9932066747
2023-11-08,Maple Cash USDC1,0.9998083993
2023-11-09,AQRU Maple Pool USDC1,0.9919156938
2023-11-09,Maple Cash USDC1,0.9500548835
2023-11-09,Maple Direct USDC1,1
2023-11-10,AQRU Maple Pool USDC1,0.9919156938
2023-11-10,Maple Cash USDC1,0.9500548835
2023-11-10,Maple Direct USDC1,0.9969650339
2023-11-11,AQRU Maple Pool USDC1,0.9882038246
2023-11-11,Maple Cash USDC1,0.9500548835
2023-11-11,Maple Direct USDC1,0.9969650339
2023-11-12,Maple Cash USDC1,0.9500548835
2023-11-12,AQRU Maple Pool USDC1,0.9882038246
2023-11-12,Maple Direct USDC1,0.9969650339
2023-11-13,AQRU Maple Pool USDC1,0.907211532
2023-11-13,Maple Cash USDC1,0.9500548835
2023-11-13,Maple Direct USDC1,0.9969650339
2023-11-14,Maple Cash USDC1,0.9500548835
2023-11-14,Maple Direct USDC1,0.9969650339
2023-11-14,AQRU Maple Pool USDC1,0.9551818861
2023-11-15,AQRU Maple Pool USDC1,0.9551818861
2023-11-15,Maple Cash USDC1,0.9500548835
2023-11-15,Maple Direct USDC1,0.9969650339
2023-11-16,Maple Direct USDC1,0.9976691657
2023-11-16,Maple Cash USDC1,0.9422709979
2023-11-16,AQRU Maple Pool USDC1,0.9533519264
2023-11-17,AQRU Maple Pool USDC1,0.9994636538
2023-11-17,Maple Cash USDC1,0.9882127092
2023-11-17,Maple Direct USDC1,0.9976691657
2023-11-18,AQRU Maple Pool USDC1,0.9975500966
2023-11-18,Maple Direct USDC1,0.9976691657
2023-11-18,Maple Cash USDC1,0.9882127092
2023-11-19,Maple Direct USDC1,0.9976691657
2023-11-19,Maple Cash USDC1,0.9882067423
2023-11-19,AQRU Maple Pool USDC1,0.9968565163
2023-11-20,Maple Cash USDC1,0.9882067423
2023-11-20,AQRU Maple Pool USDC1,0.9968565163
2023-11-20,Maple Direct USDC1,0.9976691657
2023-11-21,AQRU Maple Pool USDC1,0.9968565163
2023-11-21,Maple Direct USDC1,0.9985284711
2023-11-21,Maple Cash USDC1,0.9882127108
2023-11-22,Maple Cash USDC1,0.9994582594
2023-11-22,AQRU Maple Pool USDC1,0.9957699221
2023-11-22,Maple Direct USDC1,0.9533428789
2023-11-23,Maple Cash USDC1,0.961747056
2023-11-23,Maple Direct USDC1,0.9950290742
2023-11-23,AQRU Maple Pool USDC1,0.9957699221
2023-11-24,Maple Direct USDC1,0.9950290742
2023-11-24,Maple Cash USDC1,0.9997875968
2023-11-24,AQRU Maple Pool USDC1,0.9957699221
2023-11-25,AQRU Maple Pool USDC1,0.9957699221
2023-11-25,Maple Direct USDC1,0.9950290742
2023-11-25,Maple Cash USDC1,0.9997875968
2023-11-26,AQRU Maple Pool USDC1,0.9957699221
2023-11-26,Maple Cash USDC1,0.9997875968
2023-11-26,Maple Direct USDC1,0.9950290742
2023-11-27,Maple Cash USDC1,0.9999293795
2023-11-27,AQRU Maple Pool USDC1,0.9957699221
2023-11-27,Maple Direct USDC1,0.9950290742
2023-11-28,AQRU Maple Pool USDC1,0.9844022632
2023-11-28,Maple Cash USDC1,0.9999293795
2023-11-28,Maple Direct USDC1,0.9219564877
2023-11-29,Maple Cash USDC1,0.9996018302
2023-11-29,Maple Direct USDC1,0.9219564877
2023-11-29,AQRU Maple Pool USDC1,0.9975526872
2023-11-30,AQRU Maple Pool USDC1,0.9975526872
2023-11-30,Maple Direct USDC1,0.9922839686
2023-11-30,Maple Cash USDC1,0.9998946203
2023-12-01,AQRU Maple Pool USDC1,0.9975526872
2023-12-01,Maple Direct USDC1,0.9887274736
2023-12-01,Maple Cash USDC1,0.9998946203
2023-12-02,AQRU Maple Pool USDC1,0.9975526872
2023-12-02,Maple Direct USDC1,0.9887274736
2023-12-02,Maple Cash USDC1,0.9873156856
2023-12-03,Maple Direct USDC1,0.9887274736
2023-12-03,AQRU Maple Pool USDC1,0.9975526872
2023-12-03,Maple Cash USDC1,0.9873156856
2023-12-04,Maple Direct USDC1,0.9887274736
2023-12-04,Maple Cash USDC1,0.9995607161
2023-12-04,AQRU Maple Pool USDC1,0.9975526872
2023-12-05,AQRU Maple Pool USDC1,0.9975526872
2023-12-05,Maple Direct USDC1,0.7505543178
2023-12-05,Maple Cash USDC1,0.9995607161
2023-12-06,AQRU Maple Pool USDC1,0.9975526872
2023-12-06,Maple Cash USDC1,0.9995607161
2023-12-06,Maple Direct USDC1,0.8843389191
2023-12-07,AQRU Maple Pool USDC1,0.9963592541
2023-12-07,Maple Direct USDC1,0.8939494765
2023-12-07,Maple Cash USDC1,0.9995607161
2023-12-08,Maple Direct USDC1,0.8939494765
2023-12-08,Maple Cash USDC1,0.9999260512
2023-12-08,AQRU Maple Pool USDC1,0.9963592541
2023-12-09,Maple Direct USDC1,0.8939494765
2023-12-09,Maple Cash USDC1,0.9999259871
2023-12-09,AQRU Maple Pool USDC1,0.9963592541
2023-12-10,Maple Direct USDC1,0.8939494765
2023-12-10,Maple Cash USDC1,0.9999259871
2023-12-10,AQRU Maple Pool USDC1,0.9963592541
2023-12-11,Maple Cash USDC1,0.9999259871
2023-12-11,AQRU Maple Pool USDC1,0.9951908966
2023-12-11,Maple Direct USDC1,0.8939494765
2023-12-12,Maple Direct USDC1,0.8939494765
2023-12-12,Maple Cash USDC1,0.9838941118
2023-12-12,AQRU Maple Pool USDC1,0.9801185676
2023-12-13,Maple Direct USDC1,0.7540201323
2023-12-13,Maple Cash USDC1,0.9999040457
2023-12-13,AQRU Maple Pool USDC1,0.9592149573
2023-12-14,Maple Cash USDC1,0.9999040457
2023-12-14,Maple Direct USDC1,0.9833769448
2023-12-14,AQRU Maple Pool USDC1,0.9973175814
2023-12-15,Maple Direct USDC1,0.9833769448
2023-12-15,Maple Cash USDC1,0.9811286588
2023-12-15,AQRU Maple Pool USDC1,0.9973175814
2023-12-16,Maple Direct USDC1,0.9833769448
2023-12-16,Maple Cash USDC1,0.993343652
2023-12-16,AQRU Maple Pool USDC1,0.9954497823
2023-12-17,AQRU Maple Pool USDC1,0.9728597891
2023-12-17,Maple Cash USDC1,0.9999503478
2023-12-17,Maple Direct USDC1,0.9833769448
2023-12-18,Maple Cash USDC1,0.9999503478
2023-12-18,AQRU Maple Pool USDC1,0.9817204506
2023-12-18,Maple Direct USDC1,0.9833769448
2023-12-19,Maple Cash USDC1,0.9932787499
2023-12-19,Maple Direct USDC1,0.9833769448
2023-12-19,AQRU Maple Pool USDC1,0.9817204506
2023-12-20,Maple Direct USDC1,0.9833769448
2023-12-20,Maple Cash USDC1,0.9932787499
2023-12-20,AQRU Maple Pool USDC1,0.9806615792
2023-12-21,Maple Direct USDC1,0.9833769448
2023-12-21,AQRU Maple Pool USDC1,0.9806615792
2023-12-21,Maple Cash USDC1,0.9981653049
2023-12-22,Maple Cash USDC1,0.999797018
2023-12-22,AQRU Maple Pool USDC1,0.9806615792
2023-12-22,Maple Direct USDC1,0.9833769448
2023-12-23,AQRU Maple Pool USDC1,0.9806615792
2023-12-23,Maple Direct USDC1,0.9833769448
2023-12-23,Maple Cash USDC1,0.999797018
2023-12-24,Maple Cash USDC1,0.999797018
2023-12-24,Maple Direct USDC1,0.9833769448
2023-12-24,AQRU Maple Pool USDC1,0.9806615792
2023-12-25,Maple Direct USDC1,0.9833769448
2023-12-25,Maple Cash USDC1,0.999797018
2023-12-25,AQRU Maple Pool USDC1,0.9983930562
2023-12-26,AQRU Maple Pool USDC1,0.9983930562
2023-12-26,Maple Cash USDC1,0.9997520053
2023-12-26,Maple Direct USDC1,0.9232222822
2023-12-27,AQRU Maple Pool USDC1,0.9983930562
2023-12-27,Maple Direct USDC1,0.9380353225
2023-12-27,Maple Cash USDC1,0.9997520053
2023-12-28,Maple Direct USDC1,0.9380353225
2023-12-28,Maple Cash USDC1,0.9984010804
2023-12-28,AQRU Maple Pool USDC1,0.9961807845
2023-12-29,Maple Cash USDC1,0.9984010804
2023-12-29,AQRU Maple Pool USDC1,0.9595740709
2023-12-29,Maple Direct USDC1,0.9379285455
2023-12-30,Maple Cash USDC1,0.9984010804
2023-12-30,AQRU Maple Pool USDC1,0.9595740709
2023-12-30,Maple Direct USDC1,0.9379285455
2023-12-31,Maple Direct USDC1,0.9379285455
2023-12-31,Maple Cash USDC1,0.9984010804
2023-12-31,AQRU Maple Pool USDC1,0.9578106831
2024-01-01,Maple Cash USDC1,0.9984010804
2024-01-01,AQRU Maple Pool USDC1,0.9970850352
2024-01-01,Maple Direct USDC1,0.9379285455
2024-01-02,AQRU Maple Pool USDC1,0.9970850352
2024-01-02,Maple Direct USDC1,0.9321108186
2024-01-02,Maple Cash USDC1,0.9996980764
2024-01-03,Maple Direct USDC1,0.9321108186
2024-01-03,AQRU Maple Pool USDC1,0.9970850352
2024-01-03,Maple Cash USDC1,0.9996980764
2024-01-04,Maple Cash USDC1,0.9996311993
2024-01-04,Maple Direct USDC1,0.9321108186
2024-01-04,AQRU Maple Pool USDC1,0.9947799362
2024-01-05,AQRU Maple Pool USDC1,0.9937431768
2024-01-05,Maple Direct USDC1,0.9321108186
2024-01-05,Maple Cash USDC1,0.9996311993
2024-01-06,Maple Cash USDC1,0.9996311993
2024-01-06,AQRU Maple Pool USDC1,0.9937431768
2024-01-06,Maple Direct USDC1,0.9321108186
2024-01-07,AQRU Maple Pool USDC1,0.9918850864
2024-01-07,Maple Direct USDC1,0.9321108186
2024-01-07,Maple Cash USDC1,0.9996311993
2024-01-08,Maple Direct USDC1,0.9321108186
2024-01-08,AQRU Maple Pool USDC1,0.9918850864
2024-01-08,Maple Cash USDC1,0.9996311993
2024-01-09,Maple Direct USDC1,0.9321108186
2024-01-09,AQRU Maple Pool USDC1,0.9918850864
2024-01-09,Maple Cash USDC1,0.9996311993
2024-01-10,Maple Direct USDC1,0.9957133104
2024-01-10,AQRU Maple Pool USDC1,0.9918850864
2024-01-10,Maple Cash USDC1,0.9993963732
2024-01-11,AQRU Maple Pool USDC1,0.9918850864
2024-01-11,Maple Cash USDC1,0.9999071987
2024-01-11,Maple Direct USDC1,0.9957133104
2024-01-12,Maple Direct USDC1,0.9914982609
2024-01-12,AQRU Maple Pool USDC1,0.9918850864
2024-01-12,Maple Cash USDC1,0.9999071987
2024-01-13,AQRU Maple Pool USDC1,0.9918850864
2024-01-13,Maple Direct USDC1,0.9914982609
2024-01-13,Maple Cash USDC1,0.9999071987
2024-01-14,Maple Direct USDC1,0.9914982609
2024-01-14,Maple Cash USDC1,0.9999071987
2024-01-14,AQRU Maple Pool USDC1,0.9918850864
2024-01-15,Maple Direct USDC1,0.9914982609
2024-01-15,AQRU Maple Pool USDC1,0.9952514632
2024-01-15,Maple Cash USDC1,0.9999071987
2024-01-16,Maple Cash USDC1,0.9999071987
2024-01-16,Maple Direct USDC1,0.9914982609
2024-01-16,AQRU Maple Pool USDC1,0.9915309709
2024-01-17,Maple Cash USDC1,0.9999071987
2024-01-17,Maple Direct USDC1,0.9914982609
2024-01-17,AQRU Maple Pool USDC1,0.9805345402
2024-01-18,AQRU Maple Pool USDC1,0.9787945922
2024-01-18,Maple Direct USDC1,0.7727666631
2024-01-18,Maple Cash USDC1,0.9998938328
2024-01-19,Maple Direct USDC1,0.9999701991
2024-01-19,Maple Cash USDC1,0.9998938328
2024-01-19,AQRU Maple Pool USDC1,0.9125700675
2024-01-20,Maple Direct USDC1,0.9999701991
2024-01-20,Maple Cash USDC1,0.9994622718
2024-01-20,AQRU Maple Pool USDC1,0.9125700675
2024-01-21,AQRU Maple Pool USDC1,0.9125700675
2024-01-21,Maple Direct USDC1,0.9999701991
2024-01-21,Maple Cash USDC1,0.9994622718
2024-01-22,AQRU Maple Pool USDC1,0.9974619042
2024-01-22,Maple Direct USDC1,0.9999701991
2024-01-22,Maple Cash USDC1,0.9994622718
2024-01-23,Maple Cash USDC1,0.9994622718
2024-01-23,AQRU Maple Pool USDC1,0.9907942377
2024-01-23,Maple Direct USDC1,0.9999701991
2024-01-24,Maple Cash USDC1,0.9998623169
2024-01-24,AQRU Maple Pool USDC1,0.9907942377
2024-01-24,Maple Direct USDC1,0.9964536807
2024-01-25,AQRU Maple Pool USDC1,0.9872143978
2024-01-25,Maple Direct USDC1,0.9964536807
2024-01-25,Maple Cash USDC1,0.9999128589
2024-01-26,Maple Direct USDC1,0.9964536807
2024-01-26,AQRU Maple Pool USDC1,0.9872143978
2024-01-26,Maple Cash USDC1,0.9998963257
2024-01-27,Maple Direct USDC1,0.9964536807
2024-01-27,AQRU Maple Pool USDC1,0.9856411368
2024-01-27,Maple Cash USDC1,0.9998963257
2024-01-28,Maple Cash USDC1,0.9998963257
2024-01-28,AQRU Maple Pool USDC1,0.9856411368
2024-01-28,Maple Direct USDC1,0.9964536807
2024-01-29,Maple Direct USDC1,0.9916358255
2024-01-29,Maple Cash USDC1,0.9998963257
2024-01-29,AQRU Maple Pool USDC1,0.9856411368
2024-01-30,Maple Direct USDC1,0.9916358255
2024-01-30,Maple Cash USDC1,0.9995871605
2024-01-30,AQRU Maple Pool USDC1,0.9856411368
2024-01-31,AQRU Maple Pool USDC1,0.9856411368
2024-01-31,Maple Cash USDC1,0.9998954532
2024-01-31,Maple Direct USDC1,0.9663447762
2024-02-01,Maple Cash USDC1,0.9998954532
2024-02-01,Maple Direct USDC1,0.9961540916
2024-02-01,AQRU Maple Pool USDC1,0.9856411368
2024-02-02,Maple Direct USDC1,0.9931678999
2024-02-02,Maple Cash USDC1,0.9999343796
2024-02-02,AQRU Maple Pool USDC1,0.9771683816
2024-02-03,Maple Direct USDC1,0.9931678999
2024-02-03,AQRU Maple Pool USDC1,0.9771683816
2024-02-03,Maple Cash USDC1,0.9999343796
2024-02-04,AQRU Maple Pool USDC1,0.9771683816
2024-02-04,Maple Cash USDC1,0.9999343796
2024-02-04,Maple Direct USDC1,0.9931678999
2024-02-05,Maple Direct USDC1,0.9931678999
2024-02-05,AQRU Maple Pool USDC1,1
2024-02-05,Maple Cash USDC1,0.9915963832
2024-02-06,Maple Direct USDC1,0.9931678999
2024-02-06,AQRU Maple Pool USDC1,1
2024-02-06,Maple Cash USDC1,0.9995830249
2024-02-07,AQRU Maple Pool USDC1,1
2024-02-07,Maple Direct USDC1,0.9931678999
2024-02-07,Maple Cash USDC1,0.9999299885
2024-02-08,Maple Cash USDC1,0.9999299885
2024-02-08,AQRU Maple Pool USDC1,1
2024-02-08,Maple Direct USDC1,0.9931678999
2024-02-09,Maple Direct USDC1,0.9931678999
2024-02-09,Maple Cash USDC1,0.9956541584
2024-02-09,AQRU Maple Pool USDC1,1
2024-02-10,AQRU Maple Pool USDC1,1
2024-02-10,Maple Cash USDC1,0.9956541584
2024-02-10,Maple Direct USDC1,0.9931678999
2024-02-11,Maple Direct USDC1,0.9931678999
2024-02-11,Maple Cash USDC1,0.9956541584
2024-02-11,AQRU Maple Pool USDC1,0.999040304
2024-02-12,AQRU Maple Pool USDC1,0.9929187968
2024-02-12,Maple Cash USDC1,0.9994838197
2024-02-12,Maple Direct USDC1,0.590363948
2024-02-13,AQRU Maple Pool USDC1,1
2024-02-13,Maple Direct USDC1,0.590363948
2024-02-13,Maple Cash USDC1,0.9994838197
2024-02-14,AQRU Maple Pool USDC1,0.9990620198
2024-02-14,Maple Direct USDC1,0.590363948
2024-02-14,Maple Cash USDC1,0.9998173164
2024-02-15,Maple Direct USDC1,0.590363948
2024-02-15,Maple Cash USDC1,0.9998173164
2024-02-15,AQRU Maple Pool USDC1,0.9990620198
2024-02-16,AQRU Maple Pool USDC1,0.9990620198
2024-02-16,Maple Cash USDC1,0.9998946354
2024-02-16,Maple Direct USDC1,0.5896696526
2024-02-17,Maple Direct USDC1,0.5896696526
2024-02-17,Maple Cash USDC1,0.9998946354
2024-02-17,AQRU Maple Pool USDC1,0.9990620198
2024-02-18,AQRU Maple Pool USDC1,0.9990620198
2024-02-18,Maple Cash USDC1,0.9998946354
2024-02-18,Maple Direct USDC1,0.5896696526
2024-02-19,Maple Direct USDC1,0.5896696526
2024-02-19,AQRU Maple Pool USDC1,0.9875549839
2024-02-19,Maple Cash USDC1,0.9998946354
2024-02-20,Maple Cash USDC1,0.9998946354
2024-02-20,Maple Direct USDC1,0.6047638595
2024-02-20,AQRU Maple Pool USDC1,0.9998245285
2024-02-21,Maple Direct USDC1,0.6047638595
2024-02-21,Maple Cash USDC1,0.9998946354
2024-02-21,AQRU Maple Pool USDC1,0.9998245285
2024-02-22,Maple Cash USDC1,0.9998946354
2024-02-22,Maple Direct USDC1,0.6047638595
2024-02-22,AQRU Maple Pool USDC1,0.9998245285
2024-02-23,Maple Direct USDC1,0.6047638595
2024-02-23,Maple Cash USDC1,0.9998946354
2024-02-23,AQRU Maple Pool USDC1,0.9998245285
2024-02-24,Maple Cash USDC1,0.9998946354
2024-02-24,Maple Direct USDC1,0.6047638595
2024-02-24,AQRU Maple Pool USDC1,0.9998245285
2024-02-25,Maple Cash USDC1,0.9998946354
2024-02-25,AQRU Maple Pool USDC1,0.9998245285
2024-02-25,Maple Direct USDC1,0.6047638595
2024-02-26,Maple Cash USDC1,0.9998946354
2024-02-26,AQRU Maple Pool USDC1,0.9942263776
2024-02-26,Maple Direct USDC1,0.6047638595
2024-02-27,Maple Cash USDC1,0.9998946354
2024-02-27,Maple Direct USDC1,0.6047638595
2024-02-27,AQRU Maple Pool USDC1,0.9999275429
2024-02-28,Maple Direct USDC1,0.5890630931
2024-02-28,AQRU Maple Pool USDC1,0.997060931
2024-02-28,Maple Cash USDC1,0.9998946354
2024-02-29,AQRU Maple Pool USDC1,0.997060931
2024-02-29,Maple Cash USDC1,0.9998946354
2024-02-29,Maple Direct USDC1,0.5890630931
2024-03-01,Maple Cash USDC1,0.9998946354
2024-03-01,AQRU Maple Pool USDC1,0.9944693555
2024-03-01,Maple Direct USDC1,0.995783688
2024-03-02,Maple Direct USDC1,0.995783688
2024-03-02,AQRU Maple Pool USDC1,0.9944693555
2024-03-02,Maple Cash USDC1,0.9998946354
2024-03-03,Maple Direct USDC1,0.995783688
2024-03-03,AQRU Maple Pool USDC1,0.9944693555
2024-03-03,Maple Cash USDC1,0.9998946354
2024-03-04,AQRU Maple Pool USDC1,0.9951893906
2024-03-04,Maple Cash USDC1,0.9998025871
2024-03-04,Maple Direct USDC1,0.995783688
2024-03-05,AQRU Maple Pool USDC1,1
2024-03-05,Maple Cash USDC1,0.9998025871
2024-03-05,Maple Direct USDC1,0.9006933369
2024-03-06,Maple Direct USDC1,0.93680008
2024-03-06,Maple Cash USDC1,0.9998025871
2024-03-06,AQRU Maple Pool USDC1,1
2024-03-07,AQRU Maple Pool USDC1,1
2024-03-07,Maple Cash USDC1,0.9998025871
2024-03-07,Maple Direct USDC1,0.9488964533
2024-03-08,AQRU Maple Pool USDC1,1
2024-03-08,Maple Direct USDC1,0.9488964533
2024-03-08,Maple Cash USDC1,0.9998025871
2024-03-09,Maple Cash USDC1,0.9998025871
2024-03-09,Maple Direct USDC1,0.9488964533
2024-03-09,AQRU Maple Pool USDC1,1
2024-03-10,AQRU Maple Pool USDC1,1
2024-03-10,Maple Cash USDC1,0.9998025871
2024-03-10,Maple Direct USDC1,0.9488964533
2024-03-11,Maple Direct USDC1,0.9994959599
2024-03-11,AQRU Maple Pool USDC1,0.9966316421
2024-03-12,AQRU Maple Pool USDC1,0.997376283
2024-03-12,Maple Direct USDC1,0.9994959599
2024-03-13,AQRU Maple Pool USDC1,0.997376283
2024-03-13,Maple Direct USDC1,0.9994959599
2024-03-14,AQRU Maple Pool USDC1,0.9984742018
2024-03-14,Maple Direct USDC1,0.9994959599
2024-03-15,AQRU Maple Pool USDC1,0.9984742018
2024-03-15,Maple Cash USDC1,0.9997493275
2024-03-15,Maple Direct USDC1,0.9994959599
2024-03-16,Maple Cash USDC1,0.9997493275
2024-03-16,Maple Direct USDC1,0.9994959599
2024-03-16,AQRU Maple Pool USDC1,0.9984742018
2024-03-17,AQRU Maple Pool USDC1,0.9984742018
2024-03-17,Maple Direct USDC1,0.9994959599
2024-03-17,Maple Cash USDC1,0.9997493275
2024-03-18,Maple Direct USDC1,0.9994959599
2024-03-18,AQRU Maple Pool USDC1,0.9938203269
2024-03-18,Maple Cash USDC1,0.9997493275
2024-03-19,Maple Direct USDC1,0.9994959599
2024-03-19,AQRU Maple Pool USDC1,0.9964400031
2024-03-19,Maple Cash USDC1,0.9997493275
2024-03-20,Maple Cash USDC1,0.9997493275
2024-03-20,AQRU Maple Pool USDC1,0.9972678513
2024-03-20,Maple Direct USDC1,0.9994959599
2024-03-21,Maple Cash USDC1,0.9997493275
2024-03-21,AQRU Maple Pool USDC1,0.9972678513
2024-03-22,Maple Direct USDC1,0.9786824168
2024-03-22,Maple Cash USDC1,0.9930971973
2024-03-22,AQRU Maple Pool USDC1,0.9972678513
2024-03-23,Maple Direct USDC1,0.9786824168
2024-03-23,Maple Cash USDC1,0.9930971973
2024-03-23,AQRU Maple Pool USDC1,0.9972678513
2024-03-24,Maple Cash USDC1,0.9930971973
2024-03-24,Maple Direct USDC1,0.9786824168
2024-03-24,AQRU Maple Pool USDC1,0.9972678513
2024-03-25,Maple Cash USDC1,0.990263411
2024-03-25,Maple Direct USDC1,0.99998671
2024-03-25,AQRU Maple Pool USDC1,0.9968513975
2024-03-26,AQRU Maple Pool USDC1,0.9969416201
2024-03-26,Maple Cash USDC1,0.9999045922
2024-03-26,Maple Direct USDC1,0.9956554767
2024-03-27,Maple Cash USDC1,0.9999045922
2024-03-27,AQRU Maple Pool USDC1,0.9959380143
2024-03-27,Maple Direct USDC1,0.97490053
2024-03-28,AQRU Maple Pool USDC1,0.9959380143
2024-03-28,Maple Cash USDC1,0.9999045922
2024-03-28,Maple Direct USDC1,0.9999997559
2024-03-29,Maple Direct USDC1,0.9999997559
2024-03-29,Maple Cash USDC1,0.9999045922
2024-03-29,AQRU Maple Pool USDC1,0.9959380143
2024-03-30,Maple Cash USDC1,0.9999045922
2024-03-30,Maple Direct USDC1,0.9999997559
2024-03-30,AQRU Maple Pool USDC1,0.9959380143
2024-03-31,Maple Direct USDC1,0.9999997559
2024-03-31,Maple Cash USDC1,0.9999045922
2024-03-31,AQRU Maple Pool USDC1,0.9959380143
2024-04-01,Maple Cash USDC1,0.9999045922
2024-04-01,AQRU Maple Pool USDC1,0.990601511
2024-04-01,Maple Direct USDC1,0.9702362688
2024-04-02,AQRU Maple Pool USDC1,0.991555475
2024-04-02,Maple Direct USDC1,0.9702362688
2024-04-02,Maple Cash USDC1,0.9999045922
2024-04-03,Maple Cash USDC1,0.9999045922
2024-04-03,AQRU Maple Pool USDC1,0.9964651321
2024-04-03,Maple Direct USDC1,0.9991621575
2024-04-04,Maple Cash USDC1,0.9999045922
2024-04-04,AQRU Maple Pool USDC1,0.9964651321
2024-04-04,Maple Direct USDC1,0.9991621575
2024-04-05,Maple Cash USDC1,0.9999045922
2024-04-05,Maple Direct USDC1,0.9991621575
2024-04-05,AQRU Maple Pool USDC1,0.9964651321
2024-04-06,AQRU Maple Pool USDC1,0.9964651321
2024-04-06,Maple Direct USDC1,0.9991621575
2024-04-06,Maple Cash USDC1,0.9999045922
2024-04-07,Maple Direct USDC1,0.9991621575
2024-04-07,AQRU Maple Pool USDC1,0.9964651321
2024-04-07,Maple Cash USDC1,0.9999045922
2024-04-08,AQRU Maple Pool USDC1,0.9934001615
2024-04-08,Maple Direct USDC1,0.9991621575
2024-04-08,Maple Cash USDC1,0.9999045922
2024-04-09,Maple Cash USDC1,0.9999045922
2024-04-09,Maple Direct USDC1,0.9991621575
2024-04-09,AQRU Maple Pool USDC1,1
2024-04-10,AQRU Maple Pool USDC1,1
2024-04-10,Maple Direct USDC1,0.9991621575
2024-04-10,Maple Cash USDC1,0.9999163691
2024-04-11,Maple Direct USDC1,0.9991621575
2024-04-11,AQRU Maple Pool USDC1,1
2024-04-11,Maple Cash USDC1,0.9999163691
2024-04-12,Maple Direct USDC1,0.9991621575
2024-04-12,AQRU Maple Pool USDC1,1
2024-04-12,Maple Cash USDC1,0.9999163691
2024-04-13,AQRU Maple Pool USDC1,1
2024-04-13,Maple Cash USDC1,0.9999163691
2024-04-13,Maple Direct USDC1,0.9991621575
2024-04-14,Maple Direct USDC1,0.9991621575
2024-04-14,AQRU Maple Pool USDC1,1
2024-04-14,Maple Cash USDC1,0.9999163691
2024-04-15,Maple Direct USDC1,0.9999205804
2024-04-15,AQRU Maple Pool USDC1,0.9960326559
2024-04-15,Maple Cash USDC1,0.9999163691
2024-04-16,Maple Direct USDC1,0.9999205804
2024-04-16,AQRU Maple Pool USDC1,0.9972612223
2024-04-16,Maple Cash USDC1,0.9999163691
2024-04-17,AQRU Maple Pool USDC1,1
2024-04-17,Maple Cash USDC1,0.9999163691
2024-04-17,Maple Direct USDC1,0.9375863832
2024-04-18,Maple Direct USDC1,0.8744456686
2024-04-18,Maple Cash USDC1,0.9998134576
2024-04-18,AQRU Maple Pool USDC1,1
2024-04-19,AQRU Maple Pool USDC1,1
2024-04-19,Maple Direct USDC1,0.8744456686
2024-04-19,Maple Cash USDC1,0.9998134576
2024-04-20,Maple Direct USDC1,0.8744456686
2024-04-20,Maple Cash USDC1,0.9998134576
2024-04-20,AQRU Maple Pool USDC1,1
2024-04-21,Maple Direct USDC1,0.8744456686
2024-04-21,AQRU Maple Pool USDC1,1
2024-04-21,Maple Cash USDC1,0.9998134576
2024-04-22,Maple Cash USDC1,0.9998134576
2024-04-22,Maple Direct USDC1,0.9964941705
2024-04-22,AQRU Maple Pool USDC1,0.995919985
2024-04-23,Maple Direct USDC1,0.9999999983
2024-04-23,Maple Cash USDC1,0.9998134576
2024-04-23,AQRU Maple Pool USDC1,0.9994239983
2024-04-24,Maple Direct USDC1,0.9999999983
2024-04-24,Maple Cash USDC1,0.9998134576
2024-04-24,AQRU Maple Pool USDC1,0.9999606257
2024-04-25,Maple Direct USDC1,0.9999999983
2024-04-25,AQRU Maple Pool USDC1,0.9999606257
2024-04-25,Maple Cash USDC1,0.9998134576
2024-04-26,AQRU Maple Pool USDC1,0.9970875978
2024-04-26,Maple Cash USDC1,0.9998134576
2024-04-26,Maple Direct USDC1,0.9999999983
2024-04-26,High Yield Secured Lending Maple Pool USDC1,0.9962373264
2024-04-27,AQRU Maple Pool USDC1,0.9970875978
2024-04-27,High Yield Secured Lending Maple Pool USDC1,0.9962373264
2024-04-27,Maple Cash USDC1,0.9998134576
2024-04-27,Maple Direct USDC1,0.9999999983
2024-04-28,Maple Cash USDC1,0.9998134576
2024-04-28,High Yield Secured Lending Maple Pool USDC1,0.9962373264
2024-04-28,Maple Direct USDC1,0.9856759083
2024-04-28,AQRU Maple Pool USDC1,0.9970875978
2024-04-29,Maple Direct USDC1,0.982602465
2024-04-29,Maple Cash USDC1,0.9998134576
2024-04-29,High Yield Secured Lending Maple Pool USDC1,0.9931641783
2024-04-29,AQRU Maple Pool USDC1,0.9968587525
2024-04-30,High Yield Secured Lending Maple Pool USDC1,0.9981648689
2024-04-30,Maple Direct USDC1,0.982602465
2024-04-30,AQRU Maple Pool USDC1,0.9984713844
2024-04-30,Maple Cash USDC1,0.9998134576
2024-05-01,Maple Cash USDC1,0.9998134576
2024-05-01,High Yield Secured Lending Maple Pool USDC1,0.994166263
2024-05-01,AQRU Maple Pool USDC1,0.998896792
2024-05-01,Maple Direct USDC1,0.9998127251
2024-05-02,AQRU Maple Pool USDC1,1
2024-05-02,Maple Cash USDC1,0.9998134576
2024-05-02,Maple Direct USDC1,0.9998127251
2024-05-02,High Yield Secured Lending Maple Pool USDC1,0.9206502825
2024-05-03,Maple Cash USDC1,0.9998134576
2024-05-03,AQRU Maple Pool USDC1,1
2024-05-03,High Yield Secured Lending Maple Pool USDC1,0.9988248129
2024-05-03,Maple Direct USDC1,0.9998127251
2024-05-04,AQRU Maple Pool USDC1,1
2024-05-04,High Yield Secured Lending Maple Pool USDC1,0.9851535055
2024-05-04,Maple Direct USDC1,0.9895364482
2024-05-04,Maple Cash USDC1,0.9462750438
2024-05-05,High Yield Secured Lending Maple Pool USDC1,0.9851535055
2024-05-05,Maple Cash USDC1,0.8901135429
2024-05-05,Maple Direct USDC1,0.9895364482
2024-05-05,AQRU Maple Pool USDC1,1
2024-05-06,AQRU Maple Pool USDC1,0.9957761162
2024-05-06,Maple Direct USDC1,0.9895364482
2024-05-06,High Yield Secured Lending Maple Pool USDC1,0.9841078524
2024-05-06,Maple Cash USDC1,0.9982544491
2024-05-07,High Yield Secured Lending Maple Pool USDC1,0.9841078524
2024-05-07,AQRU Maple Pool USDC1,0.9993343256
2024-05-07,Maple Cash USDC1,0.9982544491
2024-05-07,Maple Direct USDC1,0.9999945185
2024-05-08,AQRU Maple Pool USDC1,0.9997903409
2024-05-08,Maple Cash USDC1,0.9997802677
2024-05-08,High Yield Secured Lending Maple Pool USDC1,0.7323492089
2024-05-08,Maple Direct USDC1,0.9786859008
2024-05-09,Altcoin Lending,1
2024-05-09,Maple Cash USDC1,0.9997802677
2024-05-09,High Yield Secured Lending Maple Pool USDC1,0.994183529
2024-05-09,Maple Direct USDC1,0.981087357
2024-05-09,AQRU Maple Pool USDC1,0.9997903409
2024-05-10,Maple Direct USDC1,0.9881320717
2024-05-10,High Yield Secured Lending Maple Pool USDC1,0.9999999976
2024-05-10,Maple Cash USDC1,0.9997802677
2024-05-10,AQRU Maple Pool USDC1,0.9997903409
2024-05-10,Altcoin Lending,1
2024-05-11,AQRU Maple Pool USDC1,0.9997903409
2024-05-11,Maple Direct USDC1,0.9881320717
2024-05-11,Altcoin Lending,1
2024-05-11,High Yield Secured Lending Maple Pool USDC1,0.9999999976
2024-05-11,Maple Cash USDC1,0.9997802677
2024-05-12,High Yield Secured Lending Maple Pool USDC1,0.9999999976
2024-05-12,Altcoin Lending,1
2024-05-12,Maple Direct USDC1,0.9881320717
2024-05-12,AQRU Maple Pool USDC1,0.9997903409
2024-05-12,Maple Cash USDC1,0.9997802677
2024-05-13,High Yield Secured Lending Maple Pool USDC1,0.9999999976
2024-05-13,AQRU Maple Pool USDC1,0.9986433576
2024-05-13,Maple Cash USDC1,0.9997802677
2024-05-13,Altcoin Lending,1
2024-05-13,Maple Direct USDC1,0.9998886516
2024-05-14,AQRU Maple Pool USDC1,1
2024-05-14,High Yield Secured Lending Maple Pool USDC1,0.9999999976
2024-05-14,Maple Direct USDC1,0.9922679956
2024-05-14,Maple Cash USDC1,0.9997802677
2024-05-14,Altcoin Lending,1
2024-05-15,Maple Cash USDC1,0.9998934949
2024-05-15,AQRU Maple Pool USDC1,1
2024-05-15,High Yield Secured Lending Maple Pool USDC1,0.9959562411
2024-05-15,Maple Direct USDC1,0.9922679956
2024-05-15,Altcoin Lending,1
2024-05-16,Altcoin Lending,1
2024-05-16,Maple Direct USDC1,0.9889862191
2024-05-16,Maple Cash USDC1,0.9999119042
2024-05-16,High Yield Secured Lending Maple Pool USDC1,0.9959562411
2024-05-16,AQRU Maple Pool USDC1,1
2024-05-17,Maple Direct USDC1,0.9889862191
2024-05-17,Altcoin Lending,1
2024-05-17,Maple Cash USDC1,0.9999119042
2024-05-17,AQRU Maple Pool USDC1,1
2024-05-17,High Yield Secured Lending Maple Pool USDC1,0.998670311
2024-05-18,AQRU Maple Pool USDC1,1
2024-05-18,Maple Cash USDC1,0.9999119042
2024-05-18,High Yield Secured Lending Maple Pool USDC1,0.998670311
2024-05-18,Altcoin Lending,1
2024-05-18,Maple Direct USDC1,0.9889862191
2024-05-19,High Yield Secured Lending Maple Pool USDC1,0.998670311
2024-05-19,AQRU Maple Pool USDC1,1
2024-05-19,Maple Direct USDC1,0.9889862191
2024-05-19,Maple Cash USDC1,0.9999119042
2024-05-19,Altcoin Lending,1
2024-05-20,Maple Cash USDC1,0.9999119042
2024-05-20,High Yield Secured Lending Maple Pool USDC1,0.998670311
2024-05-20,Maple Direct USDC1,0.9889862191
2024-05-20,AQRU Maple Pool USDC1,0.9973863016
2024-05-20,Altcoin Lending,1
2024-05-21,High Yield Secured Lending Maple Pool USDC1,0.99723259
2024-05-21,AQRU Maple Pool USDC1,0.998140846
2024-05-21,Altcoin Lending,1
2024-05-21,Maple Cash USDC1,0.9945880711
2024-05-21,Maple Direct USDC1,0.7322318101
2024-05-22,AQRU Maple Pool USDC1,0.998140846
2024-05-22,Maple Direct USDC1,0.7322318101
2024-05-22,High Yield Secured Lending Maple Pool USDC1,0.99723259
2024-05-22,Altcoin Lending,1
2024-05-22,Maple Cash USDC1,0.9992868347
2024-05-23,Altcoin Lending,1
2024-05-23,High Yield Secured Lending Maple Pool USDC1,0.99723259
2024-05-23,Maple Direct USDC1,0.9990939535
2024-05-23,Maple Cash USDC1,0.9992868347
2024-05-23,AQRU Maple Pool USDC1,0.998140846
2024-05-24,AQRU Maple Pool USDC1,0.998140846
2024-05-24,Altcoin Lending,1
2024-05-24,High Yield Secured Lending Maple Pool USDC1,0.9992177992
2024-05-24,Maple Direct USDC1,0.9990939535
2024-05-24,Maple Cash USDC1,0.9992868347
2024-05-25,Maple Direct USDC1,0.9972038029
2024-05-25,AQRU Maple Pool USDC1,0.998140846
2024-05-25,Maple Cash USDC1,0.9992868347
2024-05-25,High Yield Secured Lending Maple Pool USDC1,0.9969434747
2024-05-25,Altcoin Lending,1
2024-05-26,High Yield Secured Lending Maple Pool USDC1,0.9969434747
2024-05-26,AQRU Maple Pool USDC1,0.998140846
2024-05-26,Maple Cash USDC1,0.9992868347
2024-05-26,Maple Direct USDC1,0.9970654136
2024-05-26,Altcoin Lending,1
2024-05-27,AQRU Maple Pool USDC1,0.9928270289
2024-05-27,Altcoin Lending,1
2024-05-27,Maple Direct USDC1,0.9269300932
2024-05-27,Maple Cash USDC1,0.9992868347
2024-05-27,High Yield Secured Lending Maple Pool USDC1,0.9969434747
2024-05-28,Altcoin Lending,1
2024-05-28,AQRU Maple Pool USDC1,0.9966949727
2024-05-28,High Yield Secured Lending Maple Pool USDC1,0.9910781611
2024-05-28,Maple Cash USDC1,0.9992868347
2024-05-28,Maple Direct USDC1,0.9999999984
2024-05-29,Altcoin Lending,1
2024-05-29,High Yield Secured Lending Maple Pool USDC1,0.9691490898
2024-05-29,AQRU Maple Pool USDC1,0.9971420056
2024-05-29,Maple Direct USDC1,0.9999005923
2024-05-29,Maple Cash USDC1,0.9992868347
2024-05-30,Maple Direct USDC1,0.9999005923
2024-05-30,High Yield Secured Lending Maple Pool USDC1,0.9979103937
2024-05-30,Maple Cash USDC1,0.9991079967
2024-05-30,AQRU Maple Pool USDC1,1
2024-05-30,Altcoin Lending,1
2024-05-31,Altcoin Lending,1
2024-05-31,Maple Cash USDC1,0.9991079967
2024-05-31,AQRU Maple Pool USDC1,1
2024-05-31,High Yield Secured Lending Maple Pool USDC1,0.9969310144
2024-05-31,Maple Direct USDC1,0.9999005923
2024-06-01,High Yield Secured Lending Maple Pool USDC1,0.9969310144
2024-06-01,Maple Cash USDC1,0.9991079967
2024-06-01,AQRU Maple Pool USDC1,1
2024-06-01,Altcoin Lending,1
2024-06-01,Maple Direct USDC1,0.9999005923
2024-06-02,High Yield Secured Lending Maple Pool USDC1,0.9882115988
2024-06-02,AQRU Maple Pool USDC1,1
2024-06-02,Maple Direct USDC1,0.9999005923
2024-06-02,Maple Cash USDC1,0.9991079967
2024-06-02,Altcoin Lending,1
2024-06-03,AQRU Maple Pool USDC1,0.9967440962
2024-06-03,Maple Direct USDC1,0.9999005923
2024-06-03,High Yield Secured Lending Maple Pool USDC1,0.9771385111
2024-06-03,Maple Cash USDC1,0.9991079967
2024-06-03,Altcoin Lending,1
2024-06-04,Altcoin Lending,1
2024-06-04,Maple Direct USDC1,0.9999005923
2024-06-04,High Yield Secured Lending Maple Pool USDC1,0.9320146745
2024-06-04,AQRU Maple Pool USDC1,0.9971479096
2024-06-04,Maple Cash USDC1,0.9992566198
2024-06-05,Altcoin Lending,1
2024-06-05,High Yield Secured Lending Maple Pool USDC1,0.9942039794
2024-06-05,Maple Cash USDC1,0.9998005537
2024-06-05,AQRU Maple Pool USDC1,0.9999441507
2024-06-05,Maple Direct USDC1,0.9265303437
2024-06-06,High Yield Secured Lending Maple Pool USDC1,0.9942039794
2024-06-06,Maple Direct USDC1,0.9265303437
2024-06-06,Altcoin Lending,1
2024-06-06,Maple Cash USDC1,0.9998005537
2024-06-06,AQRU Maple Pool USDC1,0.9999441507
2024-06-07,Maple Direct USDC1,0.9999999997
2024-06-07,AQRU Maple Pool USDC1,0.9999441507
2024-06-07,Altcoin Lending,1
2024-06-07,Maple Cash USDC1,0.9998005537
2024-06-07,High Yield Secured Lending Maple Pool USDC1,0.9942039794
2024-06-08,AQRU Maple Pool USDC1,0.9999441507
2024-06-08,High Yield Secured Lending Maple Pool USDC1,0.9942039794
2024-06-08,Maple Cash USDC1,0.9998005537
2024-06-08,Altcoin Lending,1
2024-06-08,Maple Direct USDC1,0.9999999997
2024-06-09,Maple Direct USDC1,0.9999999997
2024-06-09,High Yield Secured Lending Maple Pool USDC1,0.9942039794
2024-06-09,Maple Cash USDC1,0.9998005537
2024-06-09,AQRU Maple Pool USDC1,0.9999441507
2024-06-09,Altcoin Lending,1
2024-06-10,Maple Direct USDC1,0.9999999997
2024-06-10,Altcoin Lending,1
2024-06-10,High Yield Secured Lending Maple Pool USDC1,0.9768583382
2024-06-10,Maple Cash USDC1,0.9998425403
2024-06-10,AQRU Maple Pool USDC1,0.9999483058
2024-06-11,Maple Direct USDC1,0.9999999997
2024-06-11,AQRU Maple Pool USDC1,0.9979557683
2024-06-11,Maple Cash USDC1,0.9998425403
2024-06-11,High Yield Secured Lending Maple Pool USDC1,0.9999999979
2024-06-11,Altcoin Lending,1
2024-06-12,Maple Cash USDC1,0.9998425403
2024-06-12,AQRU Maple Pool USDC1,0.9983943216
2024-06-12,High Yield Secured Lending Maple Pool USDC1,0.9875364177
2024-06-12,Altcoin Lending,1
2024-06-12,Maple Direct USDC1,0.9972810348
2024-06-13,Maple Cash USDC1,0.9998425403
2024-06-13,Maple Direct USDC1,0.9972810348
2024-06-13,AQRU Maple Pool USDC1,0.9983943216
2024-06-13,High Yield Secured Lending Maple Pool USDC1,0.9809967154
2024-06-13,Altcoin Lending,1
2024-06-14,AQRU Maple Pool USDC1,0.9983943216
2024-06-14,High Yield Secured Lending Maple Pool USDC1,0.9989673162
2024-06-14,Maple Direct USDC1,0.9894136936
2024-06-14,Maple Cash USDC1,0.9998425403
2024-06-14,Altcoin Lending,1
2024-06-15,Maple Direct USDC1,0.9894136936
2024-06-15,AQRU Maple Pool USDC1,0.9983943216
2024-06-15,Altcoin Lending,1
2024-06-15,Maple Cash USDC1,0.9998425403
2024-06-15,High Yield Secured Lending Maple Pool USDC1,0.998864196
2024-06-16,High Yield Secured Lending Maple Pool USDC1,0.998864196
2024-06-16,AQRU Maple Pool USDC1,0.9983943216
2024-06-16,Maple Cash USDC1,0.9998425403
2024-06-16,Altcoin Lending,1
2024-06-16,Maple Direct USDC1,0.9894136936
2024-06-17,High Yield Secured Lending Maple Pool USDC1,0.998864196
2024-06-17,Maple Direct USDC1,0.9894136936
2024-06-17,Maple Cash USDC1,0.9998425403
2024-06-17,Altcoin Lending,1
2024-06-17,AQRU Maple Pool USDC1,0.9940674999
2024-06-18,Maple Direct USDC1,0.9627827809
2024-06-18,Maple Cash USDC1,0.9998425403
2024-06-18,High Yield Secured Lending Maple Pool USDC1,0.9989228395
2024-06-18,Altcoin Lending,1
2024-06-18,AQRU Maple Pool USDC1,0.9963911629
2024-06-19,Altcoin Lending,1
2024-06-19,Maple Direct USDC1,0.9997787348
2024-06-19,High Yield Secured Lending Maple Pool USDC1,0.9961422408
2024-06-19,AQRU Maple Pool USDC1,0.9993757998
2024-06-19,Maple Cash USDC1,0.9998425403
2024-06-20,Maple Direct USDC1,0.9997787348
2024-06-20,Altcoin Lending,1
2024-06-20,High Yield Secured Lending Maple Pool USDC1,0.9961422408
2024-06-20,Maple Cash USDC1,0.9998425403
2024-06-20,AQRU Maple Pool USDC1,0.9999660954
2024-06-21,Maple Cash USDC1,0.9998425403
2024-06-21,Altcoin Lending,1
2024-06-21,High Yield Secured Lending Maple Pool USDC1,0.9952829708
2024-06-21,Maple Direct USDC1,0.9999999956
2024-06-21,AQRU Maple Pool USDC1,0.9999660954
2024-06-22,Maple Direct USDC1,0.9999999956
2024-06-22,High Yield Secured Lending Maple Pool USDC1,0.9952829708
2024-06-22,Maple Cash USDC1,0.9998425403
2024-06-22,Altcoin Lending,1
2024-06-22,AQRU Maple Pool USDC1,0.9999660954
2024-06-23,AQRU Maple Pool USDC1,0.9999660954
2024-06-23,Maple Cash USDC1,0.946236029
2024-06-23,High Yield Secured Lending Maple Pool USDC1,0.9845112723
2024-06-23,Maple Direct USDC1,0.9999999956
2024-06-23,Altcoin Lending,1
2024-06-24,Maple Direct USDC1,0.9931769147
2024-06-24,Altcoin Lending,1
2024-06-24,Maple Cash USDC1,0.9985170634
2024-06-24,High Yield Secured Lending Maple Pool USDC1,0.9997047216
2024-06-24,AQRU Maple Pool USDC1,0.99455707
2024-06-25,Maple Cash USDC1,0.9985170634
2024-06-25,AQRU Maple Pool USDC1,0.9991356042
2024-06-25,Maple Direct USDC1,0.9968251244
2024-06-25,Altcoin Lending,1
2024-06-25,High Yield Secured Lending Maple Pool USDC1,0.9997047216
2024-06-26,Maple Cash USDC1,0.9985170634
2024-06-26,Altcoin Lending,1
2024-06-26,AQRU Maple Pool USDC1,0.9998679762
2024-06-26,Maple Direct USDC1,0.9968251244
2024-06-26,High Yield Secured Lending Maple Pool USDC1,0.9985532359
2024-06-27,Maple Cash USDC1,0.9996667543
2024-06-27,High Yield Secured Lending Maple Pool USDC1,0.9968031139
2024-06-27,AQRU Maple Pool USDC1,0.9998679762
2024-06-27,Altcoin Lending,1
2024-06-27,Maple Direct USDC1,0.9848293469
2024-06-28,AQRU Maple Pool USDC1,0.9931719707
2024-06-28,Maple Cash USDC1,0.9996667543
2024-06-28,Altcoin Lending,1
2024-06-28,Maple Direct USDC1,0.9848293469
2024-06-28,High Yield Secured Lending Maple Pool USDC1,0.9956092472
2024-06-29,Maple Cash USDC1,0.9996667543
2024-06-29,Maple Direct USDC1,0.9848293469
2024-06-29,High Yield Secured Lending Maple Pool USDC1,0.9956092472
2024-06-29,AQRU Maple Pool USDC1,0.9931719707
2024-06-29,Altcoin Lending,1
2024-06-30,Maple Direct USDC1,0.9848293469
2024-06-30,High Yield Secured Lending Maple Pool USDC1,0.9956092472
2024-06-30,Maple Cash USDC1,0.9996667543
2024-06-30,AQRU Maple Pool USDC1,0.9931719707
2024-06-30,Altcoin Lending,1
2024-07-01,Maple Direct USDC1,0.9999999997
2024-07-01,Maple Cash USDC1,0.9996667543
2024-07-01,Altcoin Lending,1
2024-07-01,AQRU Maple Pool USDC1,0.9940948643
2024-07-01,High Yield Secured Lending Maple Pool USDC1,0.9992166201
2024-07-02,Maple Direct USDC1,0.9999999997
2024-07-02,AQRU Maple Pool USDC1,0.999849299
2024-07-02,Altcoin Lending,1
2024-07-02,Maple Cash USDC1,0.9996667543
2024-07-02,High Yield Secured Lending Maple Pool USDC1,0.9988477906
2024-07-03,Maple Direct USDC1,0.9999995668
2024-07-03,Altcoin Lending,1
2024-07-03,AQRU Maple Pool USDC1,1
2024-07-03,High Yield Secured Lending Maple Pool USDC1,0.9485628891
2024-07-03,Maple Cash USDC1,0.9996667543
2024-07-04,AQRU Maple Pool USDC1,1
2024-07-04,Maple Cash USDC1,0.9011244712
2024-07-04,Maple Direct USDC1,0.9987210428
2024-07-04,High Yield Secured Lending Maple Pool USDC1,0.9485628891
2024-07-04,Altcoin Lending,1
2024-07-05,Altcoin Lending,1
2024-07-05,Maple Direct USDC1,0.9987210428
2024-07-05,Maple Cash USDC1,0.9971642995
2024-07-05,High Yield Secured Lending Maple Pool USDC1,0.9485628891
2024-07-05,AQRU Maple Pool USDC1,1
2024-07-06,Altcoin Lending,1
2024-07-06,Maple Direct USDC1,0.9987210428
2024-07-06,AQRU Maple Pool USDC1,1
2024-07-06,Maple Cash USDC1,0.9971642995
2024-07-06,High Yield Secured Lending Maple Pool USDC1,0.9485628891
2024-07-07,AQRU Maple Pool USDC1,1
2024-07-07,High Yield Secured Lending Maple Pool USDC1,0.9485628891
2024-07-07,Maple Cash USDC1,0.9971642995
2024-07-07,Altcoin Lending,1
2024-07-07,Maple Direct USDC1,0.9987210428
2024-07-08,Maple Cash USDC1,0.9971642995
2024-07-08,Maple Direct USDC1,0.9987210428
2024-07-08,High Yield Secured Lending Maple Pool USDC1,0.8895491175
2024-07-08,AQRU Maple Pool USDC1,0.9953180652
2024-07-08,Altcoin Lending,1
2024-07-09,High Yield Secured Lending Maple Pool USDC1,0.9983687695
2024-07-09,AQRU Maple Pool USDC1,0.9977022439
2024-07-09,Maple Direct USDC1,0.9987210428
2024-07-09,Altcoin Lending,1
2024-07-09,Maple Cash USDC1,0.9971642995
2024-07-10,Maple Direct USDC1,0.9987210428
2024-07-10,Maple Cash USDC1,0.9971642995
2024-07-10,High Yield Secured Lending Maple Pool USDC1,0.9983687695
2024-07-10,AQRU Maple Pool USDC1,0.9981129052
2024-07-10,Altcoin Lending,1
2024-07-11,AQRU Maple Pool USDC1,1
2024-07-11,Altcoin Lending,1
2024-07-11,Maple Direct USDC1,0.9959134398
2024-07-11,Maple Cash USDC1,0.9971642995
2024-07-11,High Yield Secured Lending Maple Pool USDC1,0.9941249233
2024-07-12,Maple Cash USDC1,0.9997242962
2024-07-12,AQRU Maple Pool USDC1,1
2024-07-12,Altcoin Lending,1
2024-07-12,High Yield Secured Lending Maple Pool USDC1,0.9999994421
2024-07-12,Maple Direct USDC1,0.9999999971
2024-07-13,High Yield Secured Lending Maple Pool USDC1,0.9986266925
2024-07-13,Altcoin Lending,1
2024-07-13,AQRU Maple Pool USDC1,1
2024-07-13,Maple Cash USDC1,0.9997242962
2024-07-13,Maple Direct USDC1,0.9990833302
2024-07-14,Maple Cash USDC1,0.9997242962
2024-07-14,Maple Direct USDC1,0.9990833302
2024-07-14,Altcoin Lending,1
2024-07-14,AQRU Maple Pool USDC1,1
2024-07-14,High Yield Secured Lending Maple Pool USDC1,0.9983931329
2024-07-15,Maple Direct USDC1,0.9999995887
2024-07-15,Maple Cash USDC1,0.9997242962
2024-07-15,High Yield Secured Lending Maple Pool USDC1,0.999837763
2024-07-15,AQRU Maple Pool USDC1,0.9977867045
2024-07-15,Altcoin Lending,1
2024-07-16,Maple Cash USDC1,0.9997497512
2024-07-16,Maple Direct USDC1,0.9999995887
2024-07-16,AQRU Maple Pool USDC1,0.9984163851
2024-07-16,Altcoin Lending,1
2024-07-16,High Yield Secured Lending Maple Pool USDC1,0.9760098609
2024-07-17,Altcoin Lending,1
2024-07-17,High Yield Secured Lending Maple Pool USDC1,0.9760098609
2024-07-17,AQRU Maple Pool USDC1,0.9999788639
2024-07-17,Maple Cash USDC1,0.9997497512
2024-07-17,Syrup USDC,0.8865632207
2024-07-17,Maple Direct USDC1,0.5861852757
2024-07-18,AQRU Maple Pool USDC1,1
2024-07-18,Maple Cash USDC1,0.9997697764
2024-07-18,Maple Direct USDC1,0.9226569573
2024-07-18,Altcoin Lending,1
2024-07-18,High Yield Secured Lending Maple Pool USDC1,0.9997338282
2024-07-18,Syrup USDC,0.8790134405
2024-07-19,AQRU Maple Pool USDC1,1
2024-07-19,Syrup USDC,0.8776372527
2024-07-19,Altcoin Lending,1
2024-07-19,Maple Direct USDC1,0.9999697425
2024-07-19,Maple Cash USDC1,0.9997697764
2024-07-19,High Yield Secured Lending Maple Pool USDC1,0.9996333664
2024-07-20,Maple Cash USDC1,0.9997697764
2024-07-20,AQRU Maple Pool USDC1,1
2024-07-20,Maple Direct USDC1,0.9999697425
2024-07-20,High Yield Secured Lending Maple Pool USDC1,0.9996333664
2024-07-20,Altcoin Lending,1
2024-07-20,Syrup USDC,0.8743750625
2024-07-21,Altcoin Lending,1
2024-07-21,Maple Direct USDC1,0.9999697425
2024-07-21,High Yield Secured Lending Maple Pool USDC1,0.9996333664
2024-07-21,Maple Cash USDC1,0.9997697764
2024-07-21,AQRU Maple Pool USDC1,1
2024-07-21,Syrup USDC,0.8633287903
2024-07-22,AQRU Maple Pool USDC1,0.996606398
2024-07-22,Maple Cash USDC1,0.9997697764
2024-07-22,Syrup USDC,0.8581193271
2024-07-22,Maple Direct USDC1,0.998410229
2024-07-22,Altcoin Lending,1
2024-07-22,High Yield Secured Lending Maple Pool USDC1,0.9872817143
2024-07-23,Maple Cash USDC1,0.9997697764
2024-07-23,Altcoin Lending,1
2024-07-23,High Yield Secured Lending Maple Pool USDC1,0.9991441263
2024-07-23,AQRU Maple Pool USDC1,0.9997323998
2024-07-23,Maple Direct USDC1,0.9999471635
2024-07-23,Syrup USDC,0.9984229071
2024-07-24,Syrup USDC,0.9661270237
2024-07-24,Maple Direct USDC1,0.9999471635
2024-07-24,High Yield Secured Lending Maple Pool USDC1,0.9952879008
2024-07-24,Maple Cash USDC1,0.9997697764
2024-07-24,Altcoin Lending,1
2024-07-24,AQRU Maple Pool USDC1,0.9997323998
2024-07-25,Maple Direct USDC1,0.9995780916
2024-07-25,Syrup USDC,0.8432456721
2024-07-25,Altcoin Lending,1
2024-07-25,AQRU Maple Pool USDC1,0.9997323998
2024-07-25,Maple Cash USDC1,0.9997697764
2024-07-25,High Yield Secured Lending Maple Pool USDC1,0.9834524571
2024-07-26,Maple Direct USDC1,0.9995780916
2024-07-26,Syrup USDC,0.9956888461
2024-07-26,AQRU Maple Pool USDC1,0.9997323998
2024-07-26,Altcoin Lending,1
2024-07-26,Maple Cash USDC1,0.9997697764
2024-07-26,High Yield Secured Lending Maple Pool USDC1,0.997617682
2024-07-27,Maple Cash USDC1,0.9997697764
2024-07-27,High Yield Secured Lending Maple Pool USDC1,0.997617682
2024-07-27,Altcoin Lending,1
2024-07-27,Syrup USDC,0.9963062373
2024-07-27,Maple Direct USDC1,0.9995780916
2024-07-27,AQRU Maple Pool USDC1,0.9997323998
2024-07-28,Maple Cash USDC1,0.9997697764
2024-07-28,AQRU Maple Pool USDC1,0.9997323998
2024-07-28,Syrup USDC,0.9755825785
2024-07-28,Altcoin Lending,1
2024-07-28,Maple Direct USDC1,0.9995780916
2024-07-28,High Yield Secured Lending Maple Pool USDC1,0.997617682
2024-07-29,AQRU Maple Pool USDC1,0.9982693821
2024-07-29,Maple Cash USDC1,0.9987248962
2024-07-29,Syrup USDC,0.9754368977
2024-07-29,High Yield Secured Lending Maple Pool USDC1,0.9975262347
2024-07-29,Maple Direct USDC1,0.9995780916
2024-07-29,Altcoin Lending,1
2024-07-30,Syrup USDC,0.9703878184
2024-07-30,Altcoin Lending,1
2024-07-30,AQRU Maple Pool USDC1,0.9991664743
2024-07-30,Maple Cash USDC1,0.9987248962
2024-07-30,Maple Direct USDC1,0.9995780916
2024-07-30,High Yield Secured Lending Maple Pool USDC1,0.9965244531
2024-07-31,AQRU Maple Pool USDC1,0.9997842423
2024-07-31,High Yield Secured Lending Maple Pool USDC1,0.9948928738
2024-07-31,Syrup USDC,0.9609422664
2024-07-31,Maple Cash USDC1,0.9987248962
2024-07-31,Maple Direct USDC1,0.9995780916
2024-07-31,Altcoin Lending,1
2024-08-01,Maple Direct USDC1,0.9962970503
2024-08-01,Altcoin Lending,1
2024-08-01,High Yield Secured Lending Maple Pool USDC1,0.9842619787
2024-08-01,Syrup USDC,0.862299836
2024-08-01,Maple Cash USDC1,0.9987248962
2024-08-01,AQRU Maple Pool USDC1,0.9999184241
2024-08-02,Maple Direct USDC1,0.9999725854
2024-08-02,Altcoin Lending,1
2024-08-02,Maple Cash USDC1,0.9987248962
2024-08-02,High Yield Secured Lending Maple Pool USDC1,0.9977294388
2024-08-02,Syrup USDC,0.937859404
2024-08-02,AQRU Maple Pool USDC1,0.9999184241
2024-08-03,Maple Cash USDC1,0.9987248962
2024-08-03,High Yield Secured Lending Maple Pool USDC1,0.9977294388
2024-08-03,Syrup USDC,0.9352411271
2024-08-03,Altcoin Lending,1
2024-08-03,Maple Direct USDC1,0.9999725854
2024-08-03,AQRU Maple Pool USDC1,0.9999184241
2024-08-04,High Yield Secured Lending Maple Pool USDC1,0.9977294388
2024-08-04,Maple Cash USDC1,0.9987248962
2024-08-04,Maple Direct USDC1,0.9999725854
2024-08-04,AQRU Maple Pool USDC1,0.9999184241
2024-08-04,Syrup USDC,0.9120694013
2024-08-04,Altcoin Lending,1
2024-08-05,Maple Direct USDC1,0.9875682307
2024-08-05,Syrup USDC,0.9081703199
2024-08-05,Altcoin Lending,1
2024-08-05,AQRU Maple Pool USDC1,0.9990792374
2024-08-05,Maple Cash USDC1,0.999204681
2024-08-05,High Yield Secured Lending Maple Pool USDC1,0.9999920258
2024-08-06,Maple Direct USDC1,0.9999998355
2024-08-06,AQRU Maple Pool USDC1,0.9993164748
2024-08-06,Altcoin Lending,1
2024-08-06,Syrup USDC,0.9996843537
2024-08-06,High Yield Secured Lending Maple Pool USDC1,0.9995745421
2024-08-06,Maple Cash USDC1,0.9371193685
2024-08-07,AQRU Maple Pool USDC1,0.9993164748
2024-08-07,High Yield Secured Lending Maple Pool USDC1,0.9971425387
2024-08-07,Maple Cash USDC1,0.9997853191
2024-08-07,Syrup USDC,0.7530692175
2024-08-07,Maple Direct USDC1,0.9999998355
2024-08-07,Altcoin Lending,1
2024-08-08,Syrup USDC,0.7352520789
2024-08-08,Maple Cash USDC1,0.9997853191
2024-08-08,High Yield Secured Lending Maple Pool USDC1,0.9963625093
2024-08-08,Maple Direct USDC1,0.9999998355
2024-08-08,Altcoin Lending,1
2024-08-08,AQRU Maple Pool USDC1,0.9993164748
2024-08-09,High Yield Secured Lending Maple Pool USDC1,0.999439858
2024-08-09,Maple Direct USDC1,0.9999998355
2024-08-09,AQRU Maple Pool USDC1,0.9993164748
2024-08-09,Maple Cash USDC1,0.9997853191
2024-08-09,Syrup USDC,0.7303003105
2024-08-09,Altcoin Lending,1
2024-08-10,Maple Direct USDC1,0.9843597861
2024-08-10,Altcoin Lending,1
2024-08-10,AQRU Maple Pool USDC1,0.9993164748
2024-08-10,Maple Cash USDC1,0.9997853191
2024-08-10,High Yield Secured Lending Maple Pool USDC1,0.999439858
2024-08-10,Syrup USDC,0.745902865
2024-08-11,Altcoin Lending,1
2024-08-11,Syrup USDC,0.7451099596
2024-08-11,Maple Cash USDC1,0.9997853191
2024-08-11,AQRU Maple Pool USDC1,0.9993164748
2024-08-11,High Yield Secured Lending Maple Pool USDC1,0.999439858
2024-08-11,Maple Direct USDC1,0.9843597861
2024-08-12,Maple Direct USDC1,0.9843597861
2024-08-12,Syrup USDC,0.7231959707
2024-08-12,High Yield Secured Lending Maple Pool USDC1,0.9958315793
2024-08-12,AQRU Maple Pool USDC1,0.9987784267
2024-08-12,Altcoin Lending,1
2024-08-12,Maple Cash USDC1,0.9997853191
2024-08-13,AQRU Maple Pool USDC1,0.999905092
2024-08-13,Syrup USDC,0.7181997241
2024-08-13,High Yield Secured Lending Maple Pool USDC1,0.9590983329
2024-08-13,Altcoin Lending,1
2024-08-13,Maple Direct USDC1,0.999992638
2024-08-13,Maple Cash USDC1,0.998081564
2024-08-14,High Yield Secured Lending Maple Pool USDC1,0.9999982975
2024-08-14,Syrup USDC,0.9936139466
2024-08-14,Maple Cash USDC1,0.9991934992
2024-08-14,Altcoin Lending,1
2024-08-14,Maple Direct USDC1,0.999992638
2024-08-14,AQRU Maple Pool USDC1,1
2024-08-15,High Yield Secured Lending Maple Pool USDC1,0.9991299624
2024-08-15,Maple Cash USDC1,0.9999046343
2024-08-15,Maple Direct USDC1,0.9999695726
2024-08-15,Altcoin Lending,1
2024-08-15,AQRU Maple Pool USDC1,1
2024-08-15,Syrup USDC,0.9906704135
2024-08-16,High Yield Secured Lending Maple Pool USDC1,0.991162974
2024-08-16,Syrup USDC,0.8973388232
2024-08-16,Maple Cash USDC1,0.9999046343
2024-08-16,Maple Direct USDC1,0.9773869916
2024-08-16,Altcoin Lending,1
2024-08-16,AQRU Maple Pool USDC1,1
2024-08-17,Maple Cash USDC1,0.9999046343
2024-08-17,Syrup USDC,0.8741558556
2024-08-17,Maple Direct USDC1,0.9773869916
2024-08-17,AQRU Maple Pool USDC1,1
2024-08-17,High Yield Secured Lending Maple Pool USDC1,0.9880251852
2024-08-17,Altcoin Lending,1
2024-08-18,Maple Direct USDC1,0.9773869916
2024-08-18,AQRU Maple Pool USDC1,1
2024-08-18,Altcoin Lending,1
2024-08-18,Syrup USDC,0.8719941653
2024-08-18,Maple Cash USDC1,0.9999046343
2024-08-18,High Yield Secured Lending Maple Pool USDC1,0.9880251852
2024-08-19,Altcoin Lending,1
2024-08-19,AQRU Maple Pool USDC1,1
2024-08-19,Maple Direct USDC1,0.9966634582
2024-08-19,Maple Cash USDC1,0.9999046343
2024-08-19,High Yield Secured Lending Maple Pool USDC1,0.9999999993
2024-08-19,Syrup USDC,0.8668014793
2024-08-20,AQRU Maple Pool USDC1,0.9984398457
2024-08-20,Maple Direct USDC1,0.9966634582
2024-08-20,Maple Cash USDC1,0.9999046343
2024-08-20,Syrup USDC,0.8504239089
2024-08-20,Altcoin Lending,1
2024-08-20,High Yield Secured Lending Maple Pool USDC1,0.9977344718
2024-08-21,Syrup USDC,0.8491495796
2024-08-21,AQRU Maple Pool USDC1,0.9998913471
2024-08-21,Altcoin Lending,1
2024-08-21,Maple Direct USDC1,0.9999451054
2024-08-21,Maple Cash USDC1,0.9993112921
2024-08-21,High Yield Secured Lending Maple Pool USDC1,0.9993649696
2024-08-22,Maple Cash USDC1,0.9998947399
2024-08-22,Altcoin Lending,1
2024-08-22,Maple Direct USDC1,0.9984603138
2024-08-22,AQRU Maple Pool USDC1,0.9998913471
2024-08-22,Syrup USDC,0.8493635214
2024-08-22,High Yield Secured Lending Maple Pool USDC1,0.9987605523
2024-08-23,Syrup USDC,0.9317918447
2024-08-23,Maple Direct USDC1,0.9984603138
2024-08-23,Altcoin Lending,1
2024-08-23,AQRU Maple Pool USDC1,0.9998913471
2024-08-23,High Yield Secured Lending Maple Pool USDC1,0.9907092319
2024-08-23,Maple Cash USDC1,0.9998947399
2024-08-24,Altcoin Lending,1
2024-08-24,Maple Cash USDC1,0.9998947399
2024-08-24,Maple Direct USDC1,0.9984603138
2024-08-24,High Yield Secured Lending Maple Pool USDC1,0.9907092319
2024-08-24,Syrup USDC,0.9298837047
2024-08-24,AQRU Maple Pool USDC1,0.9998913471
2024-08-25,AQRU Maple Pool USDC1,0.9998913471
2024-08-25,High Yield Secured Lending Maple Pool USDC1,0.9907092319
2024-08-25,Maple Cash USDC1,0.9998947399
2024-08-25,Maple Direct USDC1,0.9984603138
2024-08-25,Syrup USDC,0.9154012454
2024-08-25,Altcoin Lending,1
2024-08-26,Syrup USDC,0.9318128411
2024-08-26,Altcoin Lending,1
2024-08-26,Maple Cash USDC1,0.9999106509
2024-08-26,High Yield Secured Lending Maple Pool USDC1,0.9903120645
2024-08-26,Maple Direct USDC1,0.9835599297
2024-08-26,AQRU Maple Pool USDC1,0.9999025678
2024-08-27,Altcoin Lending,1
2024-08-27,High Yield Secured Lending Maple Pool USDC1,0.998375534
2024-08-27,Syrup USDC,0.9994363765
2024-08-27,Maple Cash USDC1,0.9999106509
2024-08-27,AQRU Maple Pool USDC1,0.9999290357
2024-08-27,Maple Direct USDC1,0.9996255702
2024-08-28,High Yield Secured Lending Maple Pool USDC1,0.9924430771
2024-08-28,Altcoin Lending,1
2024-08-28,AQRU Maple Pool USDC1,0.9995148331
2024-08-28,Maple Cash USDC1,0.9999106509
2024-08-28,Syrup USDC,0.9329694491
2024-08-28,Maple Direct USDC1,0.9996255702
2024-08-29,Maple Cash USDC1,0.9999106509
2024-08-29,AQRU Maple Pool USDC1,0.9999068808
2024-08-29,Syrup USDC,0.9317868597
2024-08-29,Altcoin Lending,1
2024-08-29,High Yield Secured Lending Maple Pool USDC1,0.9869193569
2024-08-29,Maple Direct USDC1,0.9996255702
2024-08-30,Maple Cash USDC1,0.9999106509
2024-08-30,Maple Direct USDC1,0.9996255702
2024-08-30,Altcoin Lending,1
2024-08-30,AQRU Maple Pool USDC1,0.9999068808
2024-08-30,Syrup USDC,0.9176193905
2024-08-30,High Yield Secured Lending Maple Pool USDC1,0.9871142224
2024-08-31,Altcoin Lending,1
2024-08-31,AQRU Maple Pool USDC1,0.9999068808
2024-08-31,Syrup USDC,0.8988149329
2024-08-31,Maple Direct USDC1,0.9993486738
2024-08-31,High Yield Secured Lending Maple Pool USDC1,0.9870884751
2024-08-31,Maple Cash USDC1,0.9999106509
2024-09-01,Maple Direct USDC1,0.9993486738
2024-09-01,AQRU Maple Pool USDC1,0.9999068808
2024-09-01,Syrup USDC,0.8984781293
2024-09-01,Maple Cash USDC1,0.9999106509
2024-09-01,High Yield Secured Lending Maple Pool USDC1,0.9870884751
2024-09-01,Altcoin Lending,1
2024-09-02,Maple Direct USDC1,0.9993486738
2024-09-02,AQRU Maple Pool USDC1,0.9999117073
2024-09-02,Altcoin Lending,1
2024-09-02,High Yield Secured Lending Maple Pool USDC1,0.9934455142
2024-09-02,Syrup USDC,0.875762318
2024-09-02,Maple Cash USDC1,0.9999106509
2024-09-03,Altcoin Lending,1
2024-09-03,Maple Direct USDC1,0.9993486738
2024-09-03,Maple Cash USDC1,0.9952271424
2024-09-03,High Yield Secured Lending Maple Pool USDC1,0.9964544937
2024-09-03,Syrup USDC,0.8756705211
2024-09-03,AQRU Maple Pool USDC1,0.9999131599
2024-09-04,Altcoin Lending,1
2024-09-04,AQRU Maple Pool USDC1,0.9978018727
2024-09-04,High Yield Secured Lending Maple Pool USDC1,0.995114358
2024-09-04,Syrup USDC,0.8780506738
2024-09-04,Maple Direct USDC1,0.6895505479
2024-09-04,Maple Cash USDC1,0.9998788168
2024-09-05,Maple Cash USDC1,0.9998788168
2024-09-05,Syrup USDC,0.988641738
2024-09-05,AQRU Maple Pool USDC1,0.9989417104
2024-09-05,Maple Direct USDC1,0.6895505479
2024-09-05,Altcoin Lending,1
2024-09-05,High Yield Secured Lending Maple Pool USDC1,0.9300128354
2024-09-06,High Yield Secured Lending Maple Pool USDC1,0.9999957684
2024-09-06,Maple Cash USDC1,0.9995252506
2024-09-06,AQRU Maple Pool USDC1,0.9989417104
2024-09-06,Maple Direct USDC1,0.8808800485
2024-09-06,Altcoin Lending,1
2024-09-06,Syrup USDC,0.99130103
2024-09-07,Maple Direct USDC1,0.999896058
2024-09-07,AQRU Maple Pool USDC1,0.9989417104
2024-09-07,Maple Cash USDC1,0.9995252506
2024-09-07,High Yield Secured Lending Maple Pool USDC1,0.9999957684
2024-09-07,Altcoin Lending,1
2024-09-07,Syrup USDC,0.9855464178
2024-09-08,Maple Direct USDC1,0.999896058
2024-09-08,High Yield Secured Lending Maple Pool USDC1,0.9999957684
2024-09-08,Maple Cash USDC1,0.9995252506
2024-09-08,AQRU Maple Pool USDC1,0.9989417104
2024-09-08,Syrup USDC,0.9701605799
2024-09-08,Altcoin Lending,1
2024-09-09,Syrup USDC,0.9395456733
2024-09-09,AQRU Maple Pool USDC1,0.9990287396
2024-09-09,High Yield Secured Lending Maple Pool USDC1,0.9151028981
2024-09-09,Altcoin Lending,1
2024-09-09,Maple Direct USDC1,0.999896058
2024-09-09,Maple Cash USDC1,0.9999167814
2024-09-10,Syrup USDC,0.9796144091
2024-09-10,Altcoin Lending,1
2024-09-10,Maple Direct USDC1,0.9999179815
2024-09-10,AQRU Maple Pool USDC1,0.9991018997
2024-09-10,High Yield Secured Lending Maple Pool USDC1,0.9986071181
2024-09-10,Maple Cash USDC1,0.9999167814
2024-09-11,Maple Direct USDC1,0.9999179815
2024-09-11,Syrup USDC,0.9741270906
2024-09-11,Altcoin Lending,1
2024-09-11,AQRU Maple Pool USDC1,0.9993482328
2024-09-11,Maple Cash USDC1,0.9999167814
2024-09-11,High Yield Secured Lending Maple Pool USDC1,0.9986071181
2024-09-12,AQRU Maple Pool USDC1,0.999762417
2024-09-12,Syrup USDC,0.9581931543
2024-09-12,Altcoin Lending,1
2024-09-12,High Yield Secured Lending Maple Pool USDC1,0.9996063895
2024-09-12,Maple Cash USDC1,0.9999167814
2024-09-12,Maple Direct USDC1,0.9999179815
2024-09-13,Syrup USDC,0.9945815543
2024-09-13,Maple Direct USDC1,0.9999179815
2024-09-13,Altcoin Lending,1
2024-09-13,High Yield Secured Lending Maple Pool USDC1,0.9991532824
2024-09-13,AQRU Maple Pool USDC1,0.999762417
2024-09-13,Maple Cash USDC1,0.9999167814
2024-09-13,Syrup USDT,0.9357998766
2024-09-14,High Yield Secured Lending Maple Pool USDC1,0.9988273422
2024-09-14,Syrup USDC,0.9888894987
2024-09-14,Maple Cash USDC1,0.9999167814
2024-09-14,Syrup USDT,0.9357998766
2024-09-14,Maple Direct USDC1,0.998588536
2024-09-14,Altcoin Lending,1
2024-09-14,AQRU Maple Pool USDC1,0.999762417
2024-09-15,High Yield Secured Lending Maple Pool USDC1,0.9976633732
2024-09-15,Syrup USDC,0.9583344194
2024-09-15,AQRU Maple Pool USDC1,0.999762417
2024-09-15,Altcoin Lending,1
2024-09-15,Syrup USDT,0.8862018119
2024-09-15,Maple Direct USDC1,0.998588536
2024-09-15,Maple Cash USDC1,0.9999167814
2024-09-16,High Yield Secured Lending Maple Pool USDC1,0.9869619827
2024-09-16,Syrup USDC,0.9974061437
2024-09-16,Maple Cash USDC1,0.9996962809
2024-09-16,Syrup USDT,0.9983212867
2024-09-16,AQRU Maple Pool USDC1,0.9998738422
2024-09-16,Altcoin Lending,1
2024-09-16,Maple Direct USDC1,0.999990974
2024-09-17,Maple Cash USDC1,0.9996962809
2024-09-17,AQRU Maple Pool USDC1,0.9999354896
2024-09-17,Syrup USDT,0.9897895165
2024-09-17,Maple Direct USDC1,0.999990974
2024-09-17,Altcoin Lending,1
2024-09-17,High Yield Secured Lending Maple Pool USDC1,0.9867462684
2024-09-17,Syrup USDC,0.9883500469
2024-09-18,AQRU Maple Pool USDC1,0.9999991113
2024-09-18,Maple Direct USDC1,0.999990974
2024-09-18,High Yield Secured Lending Maple Pool USDC1,0.9999677106
2024-09-18,Maple Cash USDC1,0.9996962809
2024-09-18,Syrup USDC,0.9907307677
2024-09-18,Altcoin Lending,1
2024-09-18,Syrup USDT,0.9309013288
2024-09-19,Altcoin Lending,1
2024-09-19,High Yield Secured Lending Maple Pool USDC1,0.9999677106
2024-09-19,AQRU Maple Pool USDC1,0.9972500605
2024-09-19,Maple Direct USDC1,0.999990974
2024-09-19,Maple Cash USDC1,0.9996962809
2024-09-19,Syrup USDC,0.9837759801
2024-09-19,Syrup USDT,0.9239826198
2024-09-20,Syrup USDC,0.9990456375
2024-09-20,Maple Direct USDC1,0.998642208
2024-09-20,Syrup USDT,0.7148996271
2024-09-20,Altcoin Lending,1
2024-09-20,AQRU Maple Pool USDC1,0.9972500605
2024-09-20,Maple Cash USDC1,0.9996962809
2024-09-20,High Yield Secured Lending Maple Pool USDC1,0.9976225823
2024-09-21,Maple Direct USDC1,0.998642208
2024-09-21,Syrup USDC,0.9859211703
2024-09-21,Maple Cash USDC1,0.9996962809
2024-09-21,Altcoin Lending,1
2024-09-21,Syrup USDT,0.9737835604
2024-09-21,High Yield Secured Lending Maple Pool USDC1,0.9976225823
2024-09-21,AQRU Maple Pool USDC1,0.9972500605
2024-09-22,Altcoin Lending,1
2024-09-22,High Yield Secured Lending Maple Pool USDC1,0.9976225823
2024-09-22,Maple Direct USDC1,0.998642208
2024-09-22,Syrup USDC,0.9852512257
2024-09-22,Maple Cash USDC1,0.9996962809
2024-09-22,AQRU Maple Pool USDC1,0.9972500605
2024-09-22,Syrup USDT,0.9553778849
2024-09-23,Altcoin Lending,1
2024-09-23,AQRU Maple Pool USDC1,0.9982912965
2024-09-23,Maple Cash USDC1,0.9996962809
2024-09-23,High Yield Secured Lending Maple Pool USDC1,0.9969794892
2024-09-23,Maple Direct USDC1,0.999957194
2024-09-23,Syrup USDC,0.9634204128
2024-09-23,Syrup USDT,0.9342105359
2024-09-24,Syrup USDT,0.928808361
2024-09-24,High Yield Secured Lending Maple Pool USDC1,0.9924101595
2024-09-24,Altcoin Lending,1
2024-09-24,Syrup USDC,0.9974420339
2024-09-24,AQRU Maple Pool USDC1,0.9986891929
2024-09-24,Maple Direct USDC1,0.999986478
2024-09-24,Maple Cash USDC1,0.9996962809
2024-09-25,Altcoin Lending,1
2024-09-25,Syrup USDT,0.9938648153
2024-09-25,Maple Cash USDC1,0.9996962809
2024-09-25,High Yield Secured Lending Maple Pool USDC1,0.9907754371
2024-09-25,Syrup USDC,0.9448461665
2024-09-25,Maple Direct USDC1,0.999986478
2024-09-25,AQRU Maple Pool USDC1,0.9996324568
2024-09-26,Maple Direct USDC1,0.9990744762
2024-09-26,Syrup USDC,0.9938856065
2024-09-26,AQRU Maple Pool USDC1,0.999805769
2024-09-26,Altcoin Lending,1
2024-09-26,Maple Cash USDC1,0.9997625656
2024-09-26,Syrup USDT,0.9529112027
2024-09-26,High Yield Secured Lending Maple Pool USDC1,0.9879883636
2024-09-27,AQRU Maple Pool USDC1,0.999805769
2024-09-27,Syrup USDT,0.9999651994
2024-09-27,Maple Cash USDC1,0.9988971022
2024-09-27,Maple Direct USDC1,0.9990744762
2024-09-27,High Yield Secured Lending Maple Pool USDC1,0.9962269381
2024-09-27,Altcoin Lending,1
2024-09-27,Syrup USDC,0.9871768446
2024-09-28,Syrup USDT,0.9998061945
2024-09-28,High Yield Secured Lending Maple Pool USDC1,0.9962269381
2024-09-28,Maple Direct USDC1,0.998811912
2024-09-28,Altcoin Lending,1
2024-09-28,Syrup USDC,0.966331587
2024-09-28,AQRU Maple Pool USDC1,0.999805769
2024-09-28,Maple Cash USDC1,0.9988971022
2024-09-29,AQRU Maple Pool USDC1,0.999805769
2024-09-29,Altcoin Lending,1
2024-09-29,Maple Direct USDC1,0.998811912
2024-09-29,High Yield Secured Lending Maple Pool USDC1,0.9957744547
2024-09-29,Maple Cash USDC1,0.9988971022
2024-09-29,Syrup USDC,0.9660099527
2024-09-29,Syrup USDT,0.9998061945
2024-09-30,AQRU Maple Pool USDC1,0.9998147234
2024-09-30,Syrup USDC,0.9933021576
2024-09-30,High Yield Secured Lending Maple Pool USDC1,0.9546906751
2024-09-30,Altcoin Lending,1
2024-09-30,Maple Direct USDC1,0.9999810031
2024-09-30,Syrup USDT,0.9995414196
2024-09-30,Maple Cash USDC1,0.9997001968
2024-10-01,High Yield Secured Lending Maple Pool USDC1,0.9989868781
2024-10-01,Maple Direct USDC1,0.9999810031
2024-10-01,Syrup USDT,0.9945950469
2024-10-01,Syrup USDC,0.9954208593
2024-10-01,AQRU Maple Pool USDC1,0.9999171395
2024-10-01,Maple Cash USDC1,0.9997001968
2024-10-01,Altcoin Lending,1
2024-10-02,Syrup USDC,0.995160658
2024-10-02,Maple Cash USDC1,0.9997001968
2024-10-02,AQRU Maple Pool USDC1,0.9999892458
2024-10-02,Maple Direct USDC1,0.9999810031
2024-10-02,Syrup USDT,0.9939895106
2024-10-02,Altcoin Lending,1
2024-10-02,High Yield Secured Lending Maple Pool USDC1,0.9982017839
2024-10-03,Maple Direct USDC1,0.9999810031
2024-10-03,Maple Cash USDC1,0.9996101424
2024-10-03,AQRU Maple Pool USDC1,0.9999892458
2024-10-03,Altcoin Lending,1
2024-10-03,High Yield Secured Lending Maple Pool USDC1,0.9982017839
2024-10-03,Syrup USDT,0.9936237361
2024-10-03,Syrup USDC,0.9951327506
2024-10-04,Maple Cash USDC1,0.9996101424
2024-10-04,Syrup USDT,0.9934581408
2024-10-04,AQRU Maple Pool USDC1,0.9999892458
2024-10-04,Syrup USDC,0.9955530756
2024-10-04,Maple Direct USDC1,0.9999810031
2024-10-04,Altcoin Lending,1
2024-10-04,High Yield Secured Lending Maple Pool USDC1,0.9964772777
2024-10-05,Maple Cash USDC1,0.9996101424
2024-10-05,High Yield Secured Lending Maple Pool USDC1,0.9964772777
2024-10-05,Maple Direct USDC1,0.9999810031
2024-10-05,Altcoin Lending,1
2024-10-05,Syrup USDC,0.9954670143
2024-10-05,AQRU Maple Pool USDC1,0.9999892458
2024-10-05,Syrup USDT,0.9323793824
2024-10-06,Altcoin Lending,1
2024-10-06,Maple Direct USDC1,0.997983605
2024-10-06,Syrup USDT,0.93114846
2024-10-06,Syrup USDC,0.9953916768
2024-10-06,High Yield Secured Lending Maple Pool USDC1,0.9964772777
2024-10-06,AQRU Maple Pool USDC1,0.9999892458
2024-10-06,Maple Cash USDC1,0.9996101424
2024-10-07,Syrup USDC,0.7791468621
2024-10-07,AQRU Maple Pool USDC1,0.9999895996
2024-10-07,Altcoin Lending,1
2024-10-07,Maple Direct USDC1,0.9982764224
2024-10-07,High Yield Secured Lending Maple Pool USDC1,0.9925831995
2024-10-07,Maple Cash USDC1,0.9996101424
2024-10-07,Syrup USDT,0.9235962275
2024-10-08,AQRU Maple Pool USDC1,0.9999988142
2024-10-08,Altcoin Lending,1
2024-10-08,Syrup USDT,0.991867283
2024-10-08,Maple Direct USDC1,0.9982764224
2024-10-08,High Yield Secured Lending Maple Pool USDC1,0.9925831995
2024-10-08,Syrup USDC,0.9362275341
2024-10-08,Maple Cash USDC1,0.9996101424
2024-10-09,AQRU Maple Pool USDC1,0.9999999919
2024-10-09,Altcoin Lending,1
2024-10-09,Maple Cash USDC1,0.9996101424
2024-10-09,Syrup USDC,0.9870056326
2024-10-09,Maple Direct USDC1,0.9999615784
2024-10-09,High Yield Secured Lending Maple Pool USDC1,0.99317834
2024-10-09,Syrup USDT,0.9911240898
2024-10-10,AQRU Maple Pool USDC1,0.9999999919
2024-10-10,Maple Cash USDC1,0.9996101424
2024-10-10,Altcoin Lending,1
2024-10-10,High Yield Secured Lending Maple Pool USDC1,0.9931339524
2024-10-10,Syrup USDT,0.9611413571
2024-10-10,Syrup USDC,0.9954068836
2024-10-10,Maple Direct USDC1,0.9993612548
2024-10-11,Syrup USDC,0.9897031997
2024-10-11,High Yield Secured Lending Maple Pool USDC1,0.9990403998
2024-10-11,Altcoin Lending,1
2024-10-11,Syrup USDT,0.9526441348
2024-10-11,Maple Cash USDC1,0.9991733478
2024-10-11,Maple Direct USDC1,0.9993612548
2024-10-11,AQRU Maple Pool USDC1,0.9999999919
2024-10-12,High Yield Secured Lending Maple Pool USDC1,0.9990403998
2024-10-12,AQRU Maple Pool USDC1,0.9999999919
2024-10-12,Maple Direct USDC1,0.9993612548
2024-10-12,Syrup USDC,0.9835822771
2024-10-12,Maple Cash USDC1,0.9991733478
2024-10-12,Syrup USDT,0.9504653346
2024-10-12,Altcoin Lending,1
2024-10-13,Maple Cash USDC1,0.9991733478
2024-10-13,Syrup USDT,0.9505581987
2024-10-13,High Yield Secured Lending Maple Pool USDC1,0.9985447389
2024-10-13,Maple Direct USDC1,0.9993612548
2024-10-13,AQRU Maple Pool USDC1,0.9999999919
2024-10-13,Syrup USDC,0.9835208033
2024-10-13,Altcoin Lending,1
2024-10-14,AQRU Maple Pool USDC1,0.9999999946
2024-10-14,Syrup USDC,0.8894781413
2024-10-14,Maple Direct USDC1,0.9386353067
2024-10-14,High Yield Secured Lending Maple Pool USDC1,0.99933308
2024-10-14,Maple Cash USDC1,0.9991733478
2024-10-14,Syrup USDT,0.8942709248
2024-10-14,Altcoin Lending,1
2024-10-15,High Yield Secured Lending Maple Pool USDC1,0.9995402191
2024-10-15,Maple Cash USDC1,0.9991733478
2024-10-15,Syrup USDC,0.9999277166
2024-10-15,Altcoin Lending,1
2024-10-15,Syrup USDT,0.9897454471
2024-10-15,AQRU Maple Pool USDC1,0.9999999986
2024-10-15,Maple Direct USDC1,0.9455355015
2024-10-16,Syrup USDT,0.9968502579
2024-10-16,Maple Cash USDC1,0.9991733478
2024-10-16,AQRU Maple Pool USDC1,0.9999999993
2024-10-16,High Yield Secured Lending Maple Pool USDC1,0.9997720722
2024-10-16,Maple Direct USDC1,0.9999939113
2024-10-16,Altcoin Lending,1
2024-10-16,Syrup USDC,0.9958949961
2024-10-17,Altcoin Lending,1
2024-10-17,AQRU Maple Pool USDC1,0.9999999997
2024-10-17,Syrup USDT,0.970138337
2024-10-17,Syrup USDC,0.9479258419
2024-10-17,Maple Direct USDC1,0.9999784708
2024-10-17,High Yield Secured Lending Maple Pool USDC1,0.9950342675
2024-10-17,Maple Cash USDC1,0.9994038257
2024-10-18,Maple Direct USDC1,0.9999738673
2024-10-18,AQRU Maple Pool USDC1,0.9791272049
2024-10-18,Maple Cash USDC1,0.9997517037
2024-10-18,Syrup USDC,0.993913643
2024-10-18,Syrup USDT,0.939849518
2024-10-18,High Yield Secured Lending Maple Pool USDC1,0.9456369418
2024-10-18,Altcoin Lending,1
2024-10-19,High Yield Secured Lending Maple Pool USDC1,0.9456369418
2024-10-19,Altcoin Lending,1
2024-10-19,AQRU Maple Pool USDC1,0.9791272049
2024-10-19,Syrup USDT,0.9397788099
2024-10-19,Maple Direct USDC1,0.9999738673
2024-10-19,Syrup USDC,0.9464175768
2024-10-19,Maple Cash USDC1,0.9997517037
2024-10-20,Maple Direct USDC1,0.9999738673
2024-10-20,Syrup USDC,0.9129067825
2024-10-20,Altcoin Lending,1
2024-10-20,Maple Cash USDC1,0.9997517037
2024-10-20,High Yield Secured Lending Maple Pool USDC1,0.9456369418
2024-10-20,Syrup USDT,0.9397788099
2024-10-20,AQRU Maple Pool USDC1,0.9791272049
2024-10-21,Altcoin Lending,1
2024-10-21,Syrup USDC,0.9026049679
2024-10-21,Maple Cash USDC1,0.9997517037
2024-10-21,Maple Direct USDC1,0.9986106699
2024-10-21,High Yield Secured Lending Maple Pool USDC1,0.9990301043
2024-10-21,Syrup USDT,0.9989680062
2024-10-21,AQRU Maple Pool USDC1,0.9882689025
2024-10-22,Maple Cash USDC1,0.9997517037
2024-10-22,Altcoin Lending,1
2024-10-22,AQRU Maple Pool USDC1,0.9980204055
2024-10-22,Maple Direct USDC1,0.9981764151
2024-10-22,High Yield Secured Lending Maple Pool USDC1,0.9987203401
2024-10-22,Syrup USDC,0.947930521
2024-10-22,Syrup USDT,0.9988633098
2024-10-23,Maple Cash USDC1,0.9997517037
2024-10-23,AQRU Maple Pool USDC1,0.9995829312
2024-10-23,Syrup USDT,0.9723816934
2024-10-23,Maple Direct USDC1,0.9981764151
2024-10-23,Syrup USDC,0.9724662983
2024-10-23,Altcoin Lending,1
2024-10-23,High Yield Secured Lending Maple Pool USDC1,0.9975507451
2024-10-24,AQRU Maple Pool USDC1,0.9995829312
2024-10-24,Syrup USDT,0.9993044467
2024-10-24,High Yield Secured Lending Maple Pool USDC1,0.998457764
2024-10-24,Maple Cash USDC1,0.9998127529
2024-10-24,Syrup USDC,0.9570662111
2024-10-24,Altcoin Lending,1
2024-10-24,Maple Direct USDC1,0.9994482212
2024-10-25,AQRU Maple Pool USDC1,0.9962643605
2024-10-25,Syrup USDT,0.9999907891
2024-10-25,High Yield Secured Lending Maple Pool USDC1,0.9941506076
2024-10-25,Altcoin Lending,1
2024-10-25,Maple Cash USDC1,0.9989761682
2024-10-25,Syrup USDC,0.9830272252
2024-10-25,Maple Direct USDC1,0.998731171
2024-10-26,Syrup USDC,0.9634007691
2024-10-26,Maple Direct USDC1,0.9984860239
2024-10-26,AQRU Maple Pool USDC1,0.9962643605
2024-10-26,Altcoin Lending,1
2024-10-26,Maple Cash USDC1,0.9989761682
2024-10-26,Syrup USDT,0.9990172422
2024-10-26,High Yield Secured Lending Maple Pool USDC1,0.9941506076
2024-10-27,High Yield Secured Lending Maple Pool USDC1,0.9941506076
2024-10-27,Maple Direct USDC1,0.9984860239
2024-10-27,AQRU Maple Pool USDC1,0.9962643605
2024-10-27,Maple Cash USDC1,0.9989761682
2024-10-27,Syrup USDC,0.9408874832
2024-10-27,Altcoin Lending,1
2024-10-27,Syrup USDT,0.9991571809
2024-10-28,Syrup USDC,0.9940283892
2024-10-28,Maple Direct USDC1,0.9984860239
2024-10-28,AQRU Maple Pool USDC1,0.9962643605
2024-10-28,Altcoin Lending,1
2024-10-28,High Yield Secured Lending Maple Pool USDC1,0.9937215411
2024-10-28,Syrup USDT,0.9308602173
2024-10-29,Syrup USDC,0.984060347
2024-10-29,Syrup USDT,0.9061856732
2024-10-29,Altcoin Lending,1
2024-10-29,High Yield Secured Lending Maple Pool USDC1,0.9921176968
2024-10-29,AQRU Maple Pool USDC1,0.9921197002
2024-10-29,Maple Direct USDC1,0.9984860239
2024-10-30,AQRU Maple Pool USDC1,0.9993028147
2024-10-30,Syrup USDC,0.9942667427
2024-10-30,Syrup USDT,0.9963028405
2024-10-30,High Yield Secured Lending Maple Pool USDC1,0.9910923802
2024-10-30,Maple Direct USDC1,0.9894610455
2024-10-30,Altcoin Lending,1
2024-10-31,Altcoin Lending,1
2024-10-31,High Yield Secured Lending Maple Pool USDC1,0.986956272
2024-10-31,Syrup USDC,0.9794197931
2024-10-31,Syrup USDT,0.9952214203
2024-10-31,AQRU Maple Pool USDC1,0.9993028147
2024-10-31,Maple Direct USDC1,0.9840703304
2024-11-01,Altcoin Lending,1
2024-11-01,Syrup USDC,0.9933172204
2024-11-01,Syrup USDT,0.9978818664
2024-11-01,AQRU Maple Pool USDC1,0.9993028147
2024-11-01,Maple Direct USDC1,0.9999911343
2024-11-01,High Yield Secured Lending Maple Pool USDC1,0.9999858924
2024-11-02,AQRU Maple Pool USDC1,0.9993028147
2024-11-02,High Yield Secured Lending Maple Pool USDC1,0.997780366
2024-11-02,Altcoin Lending,1
2024-11-02,Syrup USDC,0.9999980454
2024-11-02,Syrup USDT,0.9913944561
2024-11-02,Maple Direct USDC1,0.999963895
2024-11-03,High Yield Secured Lending Maple Pool USDC1,0.9977395391
2024-11-03,Syrup USDT,0.9760924693
2024-11-03,Altcoin Lending,1
2024-11-03,AQRU Maple Pool USDC1,0.9993028147
2024-11-03,Maple Direct USDC1,0.999963895
2024-11-03,Syrup USDC,0.9295211088
2024-11-04,Syrup USDT,0.9593801599
2024-11-04,Syrup USDC,0.9985995487
2024-11-04,Maple Direct USDC1,0.9622208286
2024-11-04,High Yield Secured Lending Maple Pool USDC1,0.987601552
2024-11-04,AQRU Maple Pool USDC1,0.9993028147
2024-11-04,Altcoin Lending,1
2024-11-05,Maple Direct USDC1,0.9981848262
2024-11-05,Syrup USDT,0.9483885022
2024-11-05,Syrup USDC,0.9794705299
2024-11-05,High Yield Secured Lending Maple Pool USDC1,0.9988961301
2024-11-05,AQRU Maple Pool USDC1,0.9925488232
2024-11-05,Altcoin Lending,1
2024-11-06,Syrup USDC,0.9932017925
2024-11-06,AQRU Maple Pool USDC1,0.9996284485
2024-11-06,Maple Direct USDC1,0.9986368183
2024-11-06,Altcoin Lending,1
2024-11-06,Syrup USDT,0.9482473774
2024-11-06,High Yield Secured Lending Maple Pool USDC1,0.9948666343
2024-11-07,AQRU Maple Pool USDC1,1
2024-11-07,Syrup USDC,0.8680485086
2024-11-07,Maple Direct USDC1,0.9986368181
2024-11-07,Altcoin Lending,1
2024-11-07,High Yield Secured Lending Maple Pool USDC1,0.9867514133
2024-11-07,Syrup USDT,0.9868157626
2024-11-08,Syrup USDC,0.9965631123
2024-11-08,Syrup USDT,0.9791118682
2024-11-08,High Yield Secured Lending Maple Pool USDC1,0.9998212135
2024-11-08,Altcoin Lending,1
2024-11-08,Maple Direct USDC1,0.9999997084
2024-11-08,AQRU Maple Pool USDC1,1
2024-11-09,Altcoin Lending,1
2024-11-09,Syrup USDC,0.999565493
2024-11-09,High Yield Secured Lending Maple Pool USDC1,0.9905668445
2024-11-09,AQRU Maple Pool USDC1,1
2024-11-09,Maple Direct USDC1,0.9939982205
2024-11-09,Syrup USDT,0.9996748909
2024-11-10,Maple Direct USDC1,0.9939982205
2024-11-10,Syrup USDC,0.9906292562
2024-11-10,AQRU Maple Pool USDC1,1
2024-11-10,Syrup USDT,0.9986373916
2024-11-10,High Yield Secured Lending Maple Pool USDC1,0.9963986351
2024-11-10,Altcoin Lending,1
2024-11-11,Altcoin Lending,1
2024-11-11,High Yield Secured Lending Maple Pool USDC1,0.9983754632
2024-11-11,AQRU Maple Pool USDC1,1
2024-11-11,Maple Direct USDC1,0.9938411832
2024-11-11,Syrup USDT,0.9993292046
2024-11-11,Syrup USDC,0.9961917348
2024-11-12,High Yield Secured Lending Maple Pool USDC1,0.9997269538
2024-11-12,Syrup USDT,0.9993291533
2024-11-12,Maple Direct USDC1,0.9789006248
2024-11-12,Altcoin Lending,1
2024-11-12,AQRU Maple Pool USDC1,1
2024-11-12,Syrup USDC,0.995873899
2024-11-13,High Yield Secured Lending Maple Pool USDC1,0.9999996375
2024-11-13,Maple Direct USDC1,0.9999996535
2024-11-13,AQRU Maple Pool USDC1,0.9967704649
2024-11-13,Syrup USDC,0.9982869395
2024-11-13,Syrup USDT,0.9897392539
2024-11-13,Altcoin Lending,1
2024-11-14,Maple Direct USDC1,0.9999996541
2024-11-14,Syrup USDT,0.9424910242
2024-11-14,Syrup USDC,0.9926200873
2024-11-14,High Yield Secured Lending Maple Pool USDC1,0.9926547171
2024-11-14,AQRU Maple Pool USDC1,0.9999949505
2024-11-14,Altcoin Lending,1
2024-11-15,Syrup USDC,0.9754127547
2024-11-15,AQRU Maple Pool USDC1,0.9999949505
2024-11-15,Altcoin Lending,1
2024-11-15,High Yield Secured Lending Maple Pool USDC1,0.9746372128
2024-11-15,Syrup USDT,0.9802424639
2024-11-15,Maple Direct USDC1,0.9999996692
2024-11-16,Syrup USDT,0.9972632884
2024-11-16,AQRU Maple Pool USDC1,0.9999949505
2024-11-16,Altcoin Lending,1
2024-11-16,Syrup USDC,0.9871327324
2024-11-16,High Yield Secured Lending Maple Pool USDC1,0.9745345421
2024-11-16,Maple Direct USDC1,0.99999966
2024-11-17,High Yield Secured Lending Maple Pool USDC1,0.9745345421
2024-11-17,Syrup USDT,0.9972361969
2024-11-17,Altcoin Lending,1
2024-11-17,Syrup USDC,0.9977650332
2024-11-17,AQRU Maple Pool USDC1,0.9999949505
2024-11-17,Maple Direct USDC1,0.99999966
2024-11-18,Syrup USDC,0.9999996504
2024-11-18,High Yield Secured Lending Maple Pool USDC1,0.9999392574
2024-11-18,Maple Direct USDC1,0.99999966
2024-11-18,AQRU Maple Pool USDC1,0.9999949505
2024-11-18,Syrup USDT,0.996408133
2024-11-18,Altcoin Lending,1
2024-11-19,Syrup USDC,0.9997917494
2024-11-19,Altcoin Lending,1
2024-11-19,Syrup USDT,0.9997654916
2024-11-19,High Yield Secured Lending Maple Pool USDC1,0.9999392574
2024-11-19,Maple Direct USDC1,0.99999966
2024-11-19,AQRU Maple Pool USDC1,0.9954899983
2024-11-20,Altcoin Lending,1
2024-11-20,High Yield Secured Lending Maple Pool USDC1,0.9999996317
2024-11-20,AQRU Maple Pool USDC1,0.997609572
2024-11-20,Syrup USDT,0.9993822098
2024-11-20,Maple Direct USDC1,0.9999996593
2024-11-20,Syrup USDC,0.9402325308
2024-11-21,Maple Direct USDC1,0.9999996537
2024-11-21,AQRU Maple Pool USDC1,0.9978647056
2024-11-21,Altcoin Lending,1
2024-11-21,High Yield Secured Lending Maple Pool USDC1,0.9999996343
2024-11-21,Syrup USDT,0.999936472
2024-11-21,Syrup USDC,0.9981127595
2024-11-22,Syrup USDC,0.9990524964
2024-11-22,Syrup USDT,0.9811088683
2024-11-22,Maple Direct USDC1,0.9999996537
2024-11-22,High Yield Secured Lending Maple Pool USDC1,0.9992428574
2024-11-22,Altcoin Lending,1
2024-11-22,AQRU Maple Pool USDC1,0.9978647056
2024-11-23,Maple Direct USDC1,0.9999996537
2024-11-23,High Yield Secured Lending Maple Pool USDC1,0.9990660739
2024-11-23,Syrup USDC,0.9974300098
2024-11-23,Syrup USDT,0.9743547088
2024-11-23,AQRU Maple Pool USDC1,0.9978647056
2024-11-23,Altcoin Lending,1
2024-11-24,Syrup USDT,0.9444360683
2024-11-24,Syrup USDC,0.9878376197
2024-11-24,High Yield Secured Lending Maple Pool USDC1,0.9989863444
2024-11-24,Maple Direct USDC1,0.9999996537
2024-11-24,AQRU Maple Pool USDC1,0.9978647056
2024-11-24,Altcoin Lending,1
2024-11-25,Maple Direct USDC1,0.9999996537
2024-11-25,Syrup USDC,0.9987771374
2024-11-25,Syrup USDT,0.9996326877
2024-11-25,AQRU Maple Pool USDC1,0.9979321093
2024-11-25,High Yield Secured Lending Maple Pool USDC1,0.9999996319
2024-11-25,Altcoin Lending,1
2024-11-26,AQRU Maple Pool USDC1,0.989093273
2024-11-26,Altcoin Lending,1
2024-11-26,Syrup USDT,0.999999665
2024-11-26,Maple Direct USDC1,0.9339320489
2024-11-26,Syrup USDC,0.9999996395
2024-11-26,High Yield Secured Lending Maple Pool USDC1,0.9953114401
2024-11-27,High Yield Secured Lending Maple Pool USDC1,0.9997376403
2024-11-27,AQRU Maple Pool USDC1,0.992865396
2024-11-27,Syrup USDT,0.9999992327
2024-11-27,Maple Direct USDC1,0.9910227627
2024-11-27,Altcoin Lending,1
2024-11-27,Syrup USDC,0.994872683
2024-11-28,High Yield Secured Lending Maple Pool USDC1,0.9997354155
2024-11-28,AQRU Maple Pool USDC1,1
2024-11-28,Syrup USDC,0.9978602432
2024-11-28,Altcoin Lending,1
2024-11-28,Syrup USDT,0.9987931772
2024-11-28,Maple Direct USDC1,0.9910227627
2024-11-29,AQRU Maple Pool USDC1,1
2024-11-29,Syrup USDC,0.9977466344
2024-11-29,Syrup USDT,0.9987548249
2024-11-29,Maple Direct USDC1,0.9924625938
2024-11-29,Altcoin Lending,1
2024-11-29,High Yield Secured Lending Maple Pool USDC1,0.9970970865
2024-11-30,AQRU Maple Pool USDC1,1
2024-11-30,High Yield Secured Lending Maple Pool USDC1,0.9970970865
2024-11-30,Altcoin Lending,1
2024-11-30,Syrup USDC,0.9968644065
2024-11-30,Syrup USDT,0.9981743826
2024-11-30,Maple Direct USDC1,0.9924625938
2024-12-01,Altcoin Lending,1
2024-12-01,AQRU Maple Pool USDC1,1
2024-12-01,Syrup USDC,0.9974756111
2024-12-01,Syrup USDT,0.9973085595
2024-12-01,Maple Direct USDC1,0.9924625938
2024-12-01,High Yield Secured Lending Maple Pool USDC1,0.9947636242
2024-12-02,Syrup USDT,0.9973085595
2024-12-02,Maple Direct USDC1,0.9924625938
2024-12-02,Altcoin Lending,1
2024-12-02,High Yield Secured Lending Maple Pool USDC1,0.9977777623
2024-12-02,Syrup USDC,0.9981352279
2024-12-02,AQRU Maple Pool USDC1,1
2024-12-03,AQRU Maple Pool USDC1,0.9921695405
2024-12-03,Syrup USDC,0.9999999983
2024-12-03,Syrup USDT,0.9999996099
2024-12-03,Altcoin Lending,1
2024-12-03,Maple Direct USDC1,0.9975242823
2024-12-03,High Yield Secured Lending Maple Pool USDC1,0.9999996286
2024-12-04,Syrup USDC,0.9999471596
2024-12-04,High Yield Secured Lending Maple Pool USDC1,0.9999996288
2024-12-04,Syrup USDT,0.9997516406
2024-12-04,AQRU Maple Pool USDC1,0.9994881008
2024-12-04,Maple Direct USDC1,0.9999996051
2024-12-04,Altcoin Lending,1
2024-12-05,High Yield Secured Lending Maple Pool USDC1,0.9999996288
2024-12-05,Syrup USDC,0.9992521475
2024-12-05,Syrup USDT,0.9989917705
2024-12-05,Altcoin Lending,1
2024-12-05,AQRU Maple Pool USDC1,1
2024-12-05,Maple Direct USDC1,0.9999702514
2024-12-06,AQRU Maple Pool USDC1,1
2024-12-06,Syrup USDT,0.9965843948
2024-12-06,High Yield Secured Lending Maple Pool USDC1,0.9976939092
2024-12-06,Syrup USDC,0.9999996861
2024-12-06,Maple Direct USDC1,0.9999702514
2024-12-06,Altcoin Lending,1
2024-12-07,High Yield Secured Lending Maple Pool USDC1,0.9966125856
2024-12-07,Altcoin Lending,1
2024-12-07,Maple Direct USDC1,0.9999702514
2024-12-07,Syrup USDT,0.9963447133
2024-12-07,AQRU Maple Pool USDC1,1
2024-12-07,Syrup USDC,0.9900907839
2024-12-08,Maple Direct USDC1,0.9999702514
2024-12-08,Syrup USDC,0.9898823332
2024-12-08,AQRU Maple Pool USDC1,1
2024-12-08,Syrup USDT,0.9904848905
2024-12-08,Altcoin Lending,1
2024-12-08,High Yield Secured Lending Maple Pool USDC1,0.9964834975
2024-12-09,Syrup USDC,0.9997261962
2024-12-09,AQRU Maple Pool USDC1,1
2024-12-09,Altcoin Lending,1
2024-12-09,Syrup USDT,0.9943006411
2024-12-09,High Yield Secured Lending Maple Pool USDC1,0.8963980847
2024-12-09,Maple Direct USDC1,0.9999702514
2024-12-10,High Yield Secured Lending Maple Pool USDC1,0.9999999384
2024-12-10,AQRU Maple Pool USDC1,0.9925315588
2024-12-10,Syrup USDC,0.996948959
2024-12-10,Maple Direct USDC1,0.9999996106
2024-12-10,Altcoin Lending,1
2024-12-10,Syrup USDT,0.9894388442
2024-12-11,High Yield Secured Lending Maple Pool USDC1,0.8385336906
2024-12-11,Syrup USDC,0.999606764
2024-12-11,Syrup USDT,0.99441336
2024-12-11,Maple Direct USDC1,0.9999866341
2024-12-11,AQRU Maple Pool USDC1,0.9990458941
2024-12-11,Altcoin Lending,1
2024-12-12,Altcoin Lending,1
2024-12-12,Maple Direct USDC1,0.9999866398
2024-12-12,High Yield Secured Lending Maple Pool USDC1,0.9999998004
2024-12-12,Syrup USDT,0.999776423
2024-12-12,AQRU Maple Pool USDC1,0.9993321123
2024-12-12,Syrup USDC,0.9947676827
2024-12-13,AQRU Maple Pool USDC1,0.9993321123
2024-12-13,Maple Direct USDC1,0.9992309574
2024-12-13,Altcoin Lending,1
2024-12-13,Syrup USDT,0.9798969317
2024-12-13,Syrup USDC,0.9946512531
2024-12-13,High Yield Secured Lending Maple Pool USDC1,0.9985901122
2024-12-14,Maple Direct USDC1,0.9992309574
2024-12-14,Syrup USDC,0.9946460384
2024-12-14,Syrup USDT,0.9555436533
2024-12-14,AQRU Maple Pool USDC1,0.9993321123
2024-12-14,High Yield Secured Lending Maple Pool USDC1,0.9985901122
2024-12-14,Altcoin Lending,1
2024-12-15,Syrup USDT,0.9844359129
2024-12-15,Syrup USDC,0.9995093119
2024-12-15,Altcoin Lending,1
2024-12-15,AQRU Maple Pool USDC1,0.9993321123
2024-12-15,Maple Direct USDC1,0.9992309574
2024-12-15,High Yield Secured Lending Maple Pool USDC1,0.9998860767
2024-12-16,High Yield Secured Lending Maple Pool USDC1,0.9994170066
2024-12-16,Syrup USDT,0.9999425587
2024-12-16,Altcoin Lending,1
2024-12-16,Syrup USDC,0.9992892978
2024-12-16,AQRU Maple Pool USDC1,0.9993321123
2024-12-16,Maple Direct USDC1,0.9999995959
2024-12-17,Altcoin Lending,1
2024-12-17,Maple Direct USDC1,0.9992543867
2024-12-17,Syrup USDC,0.9983810878
2024-12-17,AQRU Maple Pool USDC1,0.9993569578
2024-12-17,High Yield Secured Lending Maple Pool USDC1,0.9762534186
2024-12-17,Syrup USDT,0.9977245658
2024-12-18,High Yield Secured Lending Maple Pool USDC1,0.9989895116
2024-12-18,Altcoin Lending,1
2024-12-18,Maple Direct USDC1,0.9992543867
2024-12-18,Syrup USDT,0.9836777105
2024-12-18,Syrup USDC,0.9989230053
2024-12-18,AQRU Maple Pool USDC1,0.9999661209
2024-12-19,High Yield Secured Lending Maple Pool USDC1,0.9995977593
2024-12-19,Altcoin Lending,1
2024-12-19,Maple Direct USDC1,0.9992543867
2024-12-19,AQRU Maple Pool USDC1,1
2024-12-19,Syrup USDT,0.9799590594
2024-12-19,Syrup USDC,0.9756014538
2024-12-20,Syrup USDC,0.9683027453
2024-12-20,Altcoin Lending,1
2024-12-20,High Yield Secured Lending Maple Pool USDC1,0.9999986577
2024-12-20,Maple Direct USDC1,0.9974301425
2024-12-20,Syrup USDT,0.9884708003
2024-12-20,AQRU Maple Pool USDC1,1
2024-12-21,Syrup USDT,0.9278660178
2024-12-21,High Yield Secured Lending Maple Pool USDC1,0.9998121593
2024-12-21,Maple Direct USDC1,0.9974301425
2024-12-21,Syrup USDC,0.9687368304
2024-12-21,Altcoin Lending,1
2024-12-21,AQRU Maple Pool USDC1,1
2024-12-22,AQRU Maple Pool USDC1,1
2024-12-22,High Yield Secured Lending Maple Pool USDC1,0.9996257305
2024-12-22,Altcoin Lending,1
2024-12-22,Syrup USDC,0.9697867483
2024-12-22,Syrup USDT,0.9202521989
2024-12-22,Maple Direct USDC1,0.9974301425
2024-12-23,Syrup USDT,0.9102619807
2024-12-23,AQRU Maple Pool USDC1,1
2024-12-23,Maple Direct USDC1,0.9974301425
2024-12-23,High Yield Secured Lending Maple Pool USDC1,0.999595845
2024-12-23,Syrup USDC,0.978318986
2024-12-23,Altcoin Lending,1
2024-12-24,Maple Direct USDC1,0.9972256607
2024-12-24,AQRU Maple Pool USDC1,1
2024-12-24,Syrup USDC,0.97975777
2024-12-24,Altcoin Lending,1
2024-12-24,High Yield Secured Lending Maple Pool USDC1,0.9945912934
2024-12-24,Syrup USDT,0.9843673099
2024-12-25,High Yield Secured Lending Maple Pool USDC1,0.9935985136
2024-12-25,Altcoin Lending,1
2024-12-25,Syrup USDT,0.9742842272
2024-12-25,Syrup USDC,0.9798334762
2024-12-25,Maple Direct USDC1,0.9972256607
2024-12-25,AQRU Maple Pool USDC1,1
2024-12-26,Syrup USDC,0.9828897008
2024-12-26,Maple Direct USDC1,0.9972256607
2024-12-26,High Yield Secured Lending Maple Pool USDC1,0.992791899
2024-12-26,AQRU Maple Pool USDC1,1
2024-12-26,Syrup USDT,0.9835481013
2024-12-26,Altcoin Lending,1
2024-12-27,High Yield Secured Lending Maple Pool USDC1,0.992791899
2024-12-27,Syrup USDT,0.983683277
2024-12-27,Altcoin Lending,1
2024-12-27,AQRU Maple Pool USDC1,1
2024-12-27,Syrup USDC,0.9830061356
2024-12-27,Maple Direct USDC1,0.9972256607
2024-12-28,High Yield Secured Lending Maple Pool USDC1,0.9923890826
2024-12-28,AQRU Maple Pool USDC1,1
2024-12-28,Syrup USDC,0.9663478598
2024-12-28,Maple Direct USDC1,0.9972256607
2024-12-28,Syrup USDT,0.9974615683
2024-12-28,Altcoin Lending,1
2024-12-29,Altcoin Lending,1
2024-12-29,AQRU Maple Pool USDC1,1
2024-12-29,Syrup USDT,0.996630802
2024-12-29,Syrup USDC,0.9664190082
2024-12-29,High Yield Secured Lending Maple Pool USDC1,0.9923890826
2024-12-29,Maple Direct USDC1,0.9972256607
2024-12-30,Altcoin Lending,1
2024-12-30,Syrup USDT,0.9886282825
2024-12-30,Maple Direct USDC1,0.9999995906
2024-12-30,Syrup USDC,0.9635450648
2024-12-30,AQRU Maple Pool USDC1,1
2024-12-30,High Yield Secured Lending Maple Pool USDC1,0.9999357665
2024-12-31,Syrup USDT,0.9869415017
2024-12-31,Syrup USDC,0.963012424
2024-12-31,AQRU Maple Pool USDC1,1
2024-12-31,High Yield Secured Lending Maple Pool USDC1,0.9682358713
2024-12-31,Altcoin Lending,1
2024-12-31,Maple Direct USDC1,0.9999995906
2025-01-01,Maple Direct USDC1,0.9999995906
2025-01-01,AQRU Maple Pool USDC1,1
2025-01-01,High Yield Secured Lending Maple Pool USDC1,0.9682791344
2025-01-01,Syrup USDC,0.9678087172
2025-01-01,Syrup USDT,0.9843454272
2025-01-01,Altcoin Lending,1
2025-01-02,High Yield Secured Lending Maple Pool USDC1,0.9999999999
2025-01-02,Maple Direct USDC1,0.9997697218
2025-01-02,AQRU Maple Pool USDC1,1
2025-01-02,Syrup USDC,0.9954404988
2025-01-02,Syrup USDT,0.9999302599
2025-01-02,Altcoin Lending,1
2025-01-03,Altcoin Lending,1
2025-01-03,Syrup USDC,0.9963860256
2025-01-03,Syrup USDT,0.9914861948
2025-01-03,AQRU Maple Pool USDC1,1
2025-01-03,Maple Direct USDC1,0.996873117
2025-01-03,High Yield Secured Lending Maple Pool USDC1,0.9990091367
2025-01-04,Maple Direct USDC1,0.996873117
2025-01-04,High Yield Secured Lending Maple Pool USDC1,0.9990091367
2025-01-04,Syrup USDC,0.95421328
2025-01-04,Syrup USDT,0.9850247085
2025-01-04,AQRU Maple Pool USDC1,1
2025-01-04,Altcoin Lending,1
2025-01-05,Maple Direct USDC1,0.996873117
2025-01-05,Syrup USDC,0.9697464657
2025-01-05,High Yield Secured Lending Maple Pool USDC1,0.9990091367
2025-01-05,Altcoin Lending,1
2025-01-05,Syrup USDT,0.9976901317
2025-01-05,AQRU Maple Pool USDC1,1
2025-01-06,High Yield Secured Lending Maple Pool USDC1,0.9989642832
2025-01-06,Syrup USDT,0.9949858037
2025-01-06,Altcoin Lending,1
2025-01-06,Syrup USDC,0.9965766658
2025-01-06,AQRU Maple Pool USDC1,1
2025-01-06,Maple Direct USDC1,0.9999995886
2025-01-07,Altcoin Lending,1
2025-01-07,High Yield Secured Lending Maple Pool USDC1,0.9999775611
2025-01-07,Maple Direct USDC1,0.9999995886
2025-01-07,Syrup USDT,0.9999995124
2025-01-07,Syrup USDC,0.996722815
2025-01-07,AQRU Maple Pool USDC1,1
2025-01-08,Maple Direct USDC1,0.9999997092
2025-01-08,AQRU Maple Pool USDC1,1
2025-01-08,High Yield Secured Lending Maple Pool USDC1,0.9993048856
2025-01-08,Syrup USDT,0.9872575483
2025-01-08,Syrup USDC,0.9944530291
2025-01-08,Altcoin Lending,1
2025-01-09,AQRU Maple Pool USDC1,1
2025-01-09,Syrup USDT,0.9919228863
2025-01-09,Syrup USDC,0.9966938948
2025-01-09,Maple Direct USDC1,0.9990857071
2025-01-09,High Yield Secured Lending Maple Pool USDC1,0.9980913337
2025-01-09,Altcoin Lending,1
2025-01-10,AQRU Maple Pool USDC1,1
2025-01-10,Syrup USDC,0.9941326487
2025-01-10,Syrup USDT,0.9927805322
2025-01-10,High Yield Secured Lending Maple Pool USDC1,0.9992455373
2025-01-10,Maple Direct USDC1,0.9990857071
2025-01-10,Altcoin Lending,1
2025-01-11,High Yield Secured Lending Maple Pool USDC1,0.998593679
2025-01-11,Syrup USDT,0.9775284964
2025-01-11,Syrup USDC,0.9918089991
2025-01-11,Maple Direct USDC1,0.9990857071
2025-01-11,Altcoin Lending,1
2025-01-11,AQRU Maple Pool USDC1,1
2025-01-12,Syrup USDC,0.9918230734
2025-01-12,AQRU Maple Pool USDC1,1
2025-01-12,Altcoin Lending,1
2025-01-12,High Yield Secured Lending Maple Pool USDC1,0.9978266422
2025-01-12,Syrup USDT,0.9758837478
2025-01-12,Maple Direct USDC1,0.9990857071
2025-01-13,High Yield Secured Lending Maple Pool USDC1,0.9998346646
2025-01-13,Maple Direct USDC1,0.9999995812
2025-01-13,Syrup USDC,0.9915621713
2025-01-13,Syrup USDT,0.9891835511
2025-01-13,Altcoin Lending,1
2025-01-13,AQRU Maple Pool USDC1,1
2025-01-14,High Yield Secured Lending Maple Pool USDC1,0.9991031169
2025-01-14,Syrup USDT,0.9962000408
2025-01-14,Syrup USDC,0.994667279
2025-01-14,Altcoin Lending,1
2025-01-14,Maple Direct USDC1,0.9931030471
2025-01-14,AQRU Maple Pool USDC1,0.990421882
2025-01-15,Altcoin Lending,1
2025-01-15,Syrup USDC,0.9920272932
2025-01-15,Syrup USDT,0.9982107402
2025-01-15,High Yield Secured Lending Maple Pool USDC1,0.9946789298
2025-01-15,AQRU Maple Pool USDC1,0.9911355818
2025-01-15,Maple Direct USDC1,0.9990480865
2025-01-16,Syrup USDC,0.995183685
2025-01-16,High Yield Secured Lending Maple Pool USDC1,0.9786484808
2025-01-16,Maple Direct USDC1,0.9990554427
2025-01-16,Altcoin Lending,1
2025-01-16,Syrup USDT,0.9941146125
2025-01-16,AQRU Maple Pool USDC1,0.9947042429
2025-01-17,Syrup USDT,0.979401275
2025-01-17,High Yield Secured Lending Maple Pool USDC1,0.9997619537
2025-01-17,AQRU Maple Pool USDC1,0.9947042429
2025-01-17,Syrup USDC,0.9982472418
2025-01-17,Maple Direct USDC1,0.9990554427
2025-01-17,Altcoin Lending,1
2025-01-18,Syrup USDC,0.9947745908
2025-01-18,Syrup USDT,0.9787047899
2025-01-18,High Yield Secured Lending Maple Pool USDC1,0.9997619537
2025-01-18,AQRU Maple Pool USDC1,0.9947042429
2025-01-18,Maple Direct USDC1,0.9990554427
2025-01-18,Altcoin Lending,1
2025-01-19,Maple Direct USDC1,0.9990554427
2025-01-19,AQRU Maple Pool USDC1,0.9947042429
2025-01-19,Syrup USDT,0.9846053555
2025-01-19,Syrup USDC,0.9804025431
2025-01-19,Altcoin Lending,1
2025-01-19,High Yield Secured Lending Maple Pool USDC1,0.998935994
2025-01-20,Altcoin Lending,1
2025-01-20,AQRU Maple Pool USDC1,0.9959677738
2025-01-20,Syrup USDT,0.9957500553
2025-01-20,High Yield Secured Lending Maple Pool USDC1,0.9999514683
2025-01-20,Maple Direct USDC1,0.9990554427
2025-01-20,Syrup USDC,0.9959966319
2025-01-21,AQRU Maple Pool USDC1,0.9978091412
2025-01-21,Syrup USDT,0.9955037562
2025-01-21,Maple Direct USDC1,0.9990554427
2025-01-21,Altcoin Lending,1
2025-01-21,High Yield Secured Lending Maple Pool USDC1,0.9987427506
2025-01-21,Syrup USDC,0.9956695175
2025-01-22,Maple Direct USDC1,0.9999762341
2025-01-22,Syrup USDT,0.9955037562
2025-01-22,Altcoin Lending,1
2025-01-22,AQRU Maple Pool USDC1,0.9978571242
2025-01-22,Syrup USDC,0.9722757495
2025-01-22,High Yield Secured Lending Maple Pool USDC1,0.909133266
2025-01-23,Maple Direct USDC1,0.9999762341
2025-01-23,Syrup USDT,0.9955028811
2025-01-23,AQRU Maple Pool USDC1,0.9978571242
2025-01-23,High Yield Secured Lending Maple Pool USDC1,0.9999995855
2025-01-23,Syrup USDC,0.9908508403
2025-01-23,Altcoin Lending,1
2025-01-24,Syrup USDC,0.9961526207
2025-01-24,AQRU Maple Pool USDC1,0.9978670199
2025-01-24,Altcoin Lending,1
2025-01-24,Syrup USDT,0.9998729682
2025-01-24,Maple Direct USDC1,0.9975653806
2025-01-24,High Yield Secured Lending Maple Pool USDC1,0.9999994853
2025-01-25,Syrup USDT,0.9758586183
2025-01-25,Altcoin Lending,1
2025-01-25,AQRU Maple Pool USDC1,0.9978670199
2025-01-25,Maple Direct USDC1,0.9975653806
2025-01-25,High Yield Secured Lending Maple Pool USDC1,0.9999994853
2025-01-25,Syrup USDC,0.9963237336
2025-01-26,High Yield Secured Lending Maple Pool USDC1,0.9999994853
2025-01-26,AQRU Maple Pool USDC1,0.9978670199
2025-01-26,Altcoin Lending,1
2025-01-26,Syrup USDT,0.9764690485
2025-01-26,Syrup USDC,0.9925479018
2025-01-26,Maple Direct USDC1,0.9975653806
2025-01-27,AQRU Maple Pool USDC1,0.9978670199
2025-01-27,Maple Direct USDC1,0.9783038043
2025-01-27,Altcoin Lending,1
2025-01-27,High Yield Secured Lending Maple Pool USDC1,0.9999854757
2025-01-27,Syrup USDC,0.9849162535
2025-01-27,Syrup USDT,0.995478161
2025-01-28,Altcoin Lending,1
2025-01-28,Syrup USDT,0.9919002633
2025-01-28,Syrup USDC,0.9898642551
2025-01-28,AQRU Maple Pool USDC1,0.997874301
2025-01-28,Maple Direct USDC1,0.9999282196
2025-01-28,High Yield Secured Lending Maple Pool USDC1,0.999946049
2025-01-29,Syrup USDT,0.9941857304
2025-01-29,Syrup USDC,0.9956030339
2025-01-29,AQRU Maple Pool USDC1,0.998184066
2025-01-29,Maple Direct USDC1,0.9999282196
2025-01-29,High Yield Secured Lending Maple Pool USDC1,0.9999023614
2025-01-29,Altcoin Lending,1
2025-01-30,Syrup USDC,0.9997340591
2025-01-30,Maple Direct USDC1,0.9999282196
2025-01-30,Syrup USDT,0.9772179258
2025-01-30,AQRU Maple Pool USDC1,0.9954847429
2025-01-30,Altcoin Lending,1
2025-01-30,High Yield Secured Lending Maple Pool USDC1,0.9999679431
2025-01-31,Maple Direct USDC1,0.9961235826
2025-01-31,High Yield Secured Lending Maple Pool USDC1,0.9999069188
2025-01-31,AQRU Maple Pool USDC1,0.9954847429
2025-01-31,Syrup USDC,0.9917784863
2025-01-31,Syrup USDT,0.965305242
2025-01-31,Altcoin Lending,1
2025-02-01,Altcoin Lending,1
2025-02-01,High Yield Secured Lending Maple Pool USDC1,0.9851418668
2025-02-01,AQRU Maple Pool USDC1,0.9954847429
2025-02-01,Syrup USDT,0.8736053622
2025-02-01,Maple Direct USDC1,0.9961235826
2025-02-01,Syrup USDC,0.9970968668
2025-02-02,Syrup USDT,0.9928988032
2025-02-02,AQRU Maple Pool USDC1,0.9954847429
2025-02-02,Altcoin Lending,1
2025-02-02,Syrup USDC,0.9997718997
2025-02-02,High Yield Secured Lending Maple Pool USDC1,0.9850318289
2025-02-02,Maple Direct USDC1,0.9961235826
2025-02-03,High Yield Secured Lending Maple Pool USDC1,0.99992582
2025-02-03,Syrup USDC,0.9797597305
2025-02-03,Maple Direct USDC1,0.975969226
2025-02-03,AQRU Maple Pool USDC1,0.9930841525
2025-02-03,Syrup USDT,0.996517268
2025-02-03,Altcoin Lending,1
2025-02-04,Syrup USDT,0.9938184431
2025-02-04,Altcoin Lending,1
2025-02-04,Maple Direct USDC1,0.8979419141
2025-02-04,Syrup USDC,0.999379755
2025-02-04,AQRU Maple Pool USDC1,0.9934967202
2025-02-04,High Yield Secured Lending Maple Pool USDC1,0.9655536947
2025-02-05,Altcoin Lending,1
2025-02-05,Syrup USDT,0.98395524
2025-02-05,Maple Direct USDC1,0.9790894671
2025-02-05,High Yield Secured Lending Maple Pool USDC1,0.9998116246
2025-02-05,Syrup USDC,0.9908305205
2025-02-05,AQRU Maple Pool USDC1,0.9934967202
2025-02-06,AQRU Maple Pool USDC1,0.9934967202
2025-02-06,High Yield Secured Lending Maple Pool USDC1,0.9999077741
2025-02-06,Altcoin Lending,1
2025-02-06,Syrup USDT,0.9902674154
2025-02-06,Maple Direct USDC1,0.9780661608
2025-02-06,Syrup USDC,0.9817137184
2025-02-07,AQRU Maple Pool USDC1,0.9940496658
2025-02-07,Maple Direct USDC1,0.9981920945
2025-02-07,Syrup USDT,0.932463257
2025-02-07,Altcoin Lending,1
2025-02-07,High Yield Secured Lending Maple Pool USDC1,0.9873713687
2025-02-07,Syrup USDC,0.9859720453
2025-02-08,Syrup USDC,0.9525481138
2025-02-08,Syrup USDT,0.9462480401
2025-02-08,Altcoin Lending,1
2025-02-08,Maple Direct USDC1,0.998115159
2025-02-08,AQRU Maple Pool USDC1,0.9940496658
2025-02-08,High Yield Secured Lending Maple Pool USDC1,0.9872249052
2025-02-09,Syrup USDT,0.9520154578
2025-02-09,AQRU Maple Pool USDC1,0.9940496658
2025-02-09,Altcoin Lending,1
2025-02-09,High Yield Secured Lending Maple Pool USDC1,0.9866698999
2025-02-09,Syrup USDC,0.9592069802
2025-02-09,Maple Direct USDC1,0.998115159
2025-02-10,Syrup USDC,0.9837388038
2025-02-10,Maple Direct USDC1,0.998115159
2025-02-10,AQRU Maple Pool USDC1,0.9940496658
2025-02-10,Syrup USDT,0.958573469
2025-02-10,Altcoin Lending,1
2025-02-10,High Yield Secured Lending Maple Pool USDC1,0.9869377879
2025-02-11,High Yield Secured Lending Maple Pool USDC1,0.9783139262
2025-02-11,Syrup USDT,0.9763881507
2025-02-11,AQRU Maple Pool USDC1,0.9940496658
2025-02-11,Maple Direct USDC1,0.9792279438
2025-02-11,Altcoin Lending,1
2025-02-11,Syrup USDC,0.9867479185
2025-02-12,AQRU Maple Pool USDC1,0.9940496658
2025-02-12,Syrup USDT,0.9944099969
2025-02-12,Syrup USDC,0.9892201275
2025-02-12,Maple Direct USDC1,0.9316578266
2025-02-12,Altcoin Lending,1
2025-02-12,High Yield Secured Lending Maple Pool USDC1,0.9911601002
2025-02-13,Syrup USDT,0.9952851149
2025-02-13,Altcoin Lending,1
2025-02-13,Maple Direct USDC1,0.9316578266
2025-02-13,High Yield Secured Lending Maple Pool USDC1,0.9993154319
2025-02-13,Syrup USDC,0.977433539
2025-02-13,AQRU Maple Pool USDC1,0.9940496658
2025-02-14,High Yield Secured Lending Maple Pool USDC1,0.9991934795
2025-02-14,Altcoin Lending,1
2025-02-14,AQRU Maple Pool USDC1,0.7941680787
2025-02-14,Maple Direct USDC1,0.9999999762
2025-02-14,Syrup USDT,0.9884202858
2025-02-14,Syrup USDC,0.968389702
2025-02-15,AQRU Maple Pool USDC1,0.8656356331
2025-02-15,Altcoin Lending,1
2025-02-15,Maple Direct USDC1,0.9999999762
2025-02-15,Syrup USDT,0.9878279726
2025-02-15,Syrup USDC,0.9620442501
2025-02-15,High Yield Secured Lending Maple Pool USDC1,0.9990445928
2025-02-16,Altcoin Lending,1
2025-02-16,Maple Direct USDC1,0.9999999762
2025-02-16,High Yield Secured Lending Maple Pool USDC1,0.9989442283
2025-02-16,Syrup USDC,0.9597304925
2025-02-16,Syrup USDT,0.9860952069
2025-02-16,AQRU Maple Pool USDC1,0.9767852478
2025-02-17,Syrup USDT,0.991308963
2025-02-17,Altcoin Lending,1
2025-02-17,Syrup USDC,0.9903277016
2025-02-17,High Yield Secured Lending Maple Pool USDC1,0.9998757788
2025-02-17,AQRU Maple Pool USDC1,1
2025-02-17,Maple Direct USDC1,0.9999999762
2025-02-18,Syrup USDC,0.999988382
2025-02-18,Syrup USDT,0.9421389469
2025-02-18,High Yield Secured Lending Maple Pool USDC1,0.9954467181
2025-02-18,AQRU Maple Pool USDC1,1
2025-02-18,Altcoin Lending,1
2025-02-18,Maple Direct USDC1,0.9984020472
2025-02-19,High Yield Secured Lending Maple Pool USDC1,0.9999999986
2025-02-19,Syrup USDT,0.9657323678
2025-02-19,Maple Direct USDC1,0.9999999998
2025-02-19,Altcoin Lending,1
2025-02-19,Syrup USDC,0.8297854223
2025-02-19,AQRU Maple Pool USDC1,1
2025-02-20,Maple Direct USDC1,0.9982325535
2025-02-20,AQRU Maple Pool USDC1,1
2025-02-20,Altcoin Lending,1
2025-02-20,High Yield Secured Lending Maple Pool USDC1,0.9999858833
2025-02-20,Syrup USDT,0.96820456
2025-02-20,Syrup USDC,0.9950978638
2025-02-21,AQRU Maple Pool USDC1,1
2025-02-21,Syrup USDT,0.9877228384
2025-02-21,Altcoin Lending,1
2025-02-21,Syrup USDC,0.9956055742
2025-02-21,Maple Direct USDC1,0.9839137332
2025-02-21,High Yield Secured Lending Maple Pool USDC1,0.9807572093
2025-02-22,AQRU Maple Pool USDC1,1
2025-02-22,Altcoin Lending,1
2025-02-22,Syrup USDC,0.9974313624
2025-02-22,Syrup USDT,0.9876778875
2025-02-22,High Yield Secured Lending Maple Pool USDC1,0.9807080883
2025-02-22,Maple Direct USDC1,0.9839137332
2025-02-23,Syrup USDC,0.9968378159
2025-02-23,AQRU Maple Pool USDC1,1
2025-02-23,Altcoin Lending,1
2025-02-23,Syrup USDT,0.9872049335
2025-02-23,High Yield Secured Lending Maple Pool USDC1,0.9805188774
2025-02-23,Maple Direct USDC1,0.9813493294
2025-02-24,Syrup USDC,0.9844329204
2025-02-24,Altcoin Lending,1
2025-02-24,Syrup USDT,0.9771005174
2025-02-24,Maple Direct USDC1,0.9959845131
2025-02-24,High Yield Secured Lending Maple Pool USDC1,0.9867722017
2025-02-24,AQRU Maple Pool USDC1,1
2025-02-25,Maple Direct USDC1,0.9999607612
2025-02-25,Syrup USDT,0.9815682692
2025-02-25,Altcoin Lending,1
2025-02-25,Syrup USDC,0.9925754417
2025-02-25,AQRU Maple Pool USDC1,1
2025-02-25,High Yield Secured Lending Maple Pool USDC1,0.986942363
2025-02-26,Syrup USDC,0.9819911113
2025-02-26,High Yield Secured Lending Maple Pool USDC1,0.9835799255
2025-02-26,Syrup USDT,0.9907604083
2025-02-26,Maple Direct USDC1,0.9946949689
2025-02-26,AQRU Maple Pool USDC1,1
2025-02-26,Altcoin Lending,1
2025-02-27,Altcoin Lending,1
2025-02-27,Maple Direct USDC1,0.9912151436
2025-02-27,Syrup USDC,0.9896075584
2025-02-27,Syrup USDT,0.9822457692
2025-02-27,AQRU Maple Pool USDC1,1
2025-02-27,High Yield Secured Lending Maple Pool USDC1,0.9999654511
2025-02-28,Maple Direct USDC1,0.9999766847
2025-02-28,Syrup USDT,0.9925701901
2025-02-28,High Yield Secured Lending Maple Pool USDC1,0.9999531882
2025-02-28,Syrup USDC,0.9998194298
2025-02-28,Altcoin Lending,1
2025-02-28,AQRU Maple Pool USDC1,1
2025-03-01,AQRU Maple Pool USDC1,1
2025-03-01,High Yield Secured Lending Maple Pool USDC1,0.9993919165
2025-03-01,Syrup USDC,0.962647389
2025-03-01,Altcoin Lending,1
2025-03-01,Syrup USDT,0.9924840386
2025-03-01,Maple Direct USDC1,0.9999766847
2025-03-02,Syrup USDC,0.9802232117
2025-03-02,Altcoin Lending,1
2025-03-02,Maple Direct USDC1,0.9999766847
2025-03-02,High Yield Secured Lending Maple Pool USDC1,0.9991609394
2025-03-02,Syrup USDT,0.9924839524
2025-03-02,AQRU Maple Pool USDC1,1
2025-03-03,Syrup USDC,0.9576171651
2025-03-03,Syrup USDT,0.9919672257
2025-03-03,Maple Direct USDC1,0.9105949632
2025-03-03,AQRU Maple Pool USDC1,1
2025-03-03,High Yield Secured Lending Maple Pool USDC1,0.9729921263
2025-03-03,Altcoin Lending,1
2025-03-04,Syrup USDT,0.9878296976
2025-03-04,Altcoin Lending,1
2025-03-04,High Yield Secured Lending Maple Pool USDC1,0.9802723668
2025-03-04,AQRU Maple Pool USDC1,1
2025-03-04,Maple Direct USDC1,0.9713818015
2025-03-04,Syrup USDC,0.9844457236
2025-03-05,Altcoin Lending,1
2025-03-05,AQRU Maple Pool USDC1,1
2025-03-05,High Yield Secured Lending Maple Pool USDC1,0.9801539927
2025-03-05,Maple Direct USDC1,0.9999958494
2025-03-05,Syrup USDC,0.9879896476
2025-03-05,Syrup USDT,0.9891520013
2025-03-06,High Yield Secured Lending Maple Pool USDC1,0.977819536
2025-03-06,Maple Direct USDC1,0.9999481173
2025-03-06,Syrup USDC,0.9591071734
2025-03-06,Altcoin Lending,1
2025-03-06,Syrup USDT,0.9841944972
2025-03-06,AQRU Maple Pool USDC1,1
2025-03-07,Altcoin Lending,1
2025-03-07,Maple Direct USDC1,0.9988234236
2025-03-07,Syrup USDC,0.958492217
2025-03-07,AQRU Maple Pool USDC1,0.8537592189
2025-03-07,Syrup USDT,0.977301771
2025-03-07,High Yield Secured Lending Maple Pool USDC1,0.977958157
2025-03-08,Syrup USDC,0.9468228349
2025-03-08,High Yield Secured Lending Maple Pool USDC1,0.9770053216
2025-03-08,Syrup USDT,0.9759566572
2025-03-08,Maple Direct USDC1,0.9973773236
2025-03-08,Altcoin Lending,1
2025-03-08,AQRU Maple Pool USDC1,0.8537592189
2025-03-09,Altcoin Lending,1
2025-03-09,Syrup USDC,0.9286886832
2025-03-09,AQRU Maple Pool USDC1,0.8537592189
2025-03-09,Syrup USDT,0.950158183
2025-03-09,Maple Direct USDC1,0.9972980448
2025-03-09,High Yield Secured Lending Maple Pool USDC1,0.9769023647
2025-03-10,AQRU Maple Pool USDC1,0.8537592189
2025-03-10,Maple Direct USDC1,0.9998718639
2025-03-10,High Yield Secured Lending Maple Pool USDC1,0.9657675139
2025-03-10,Altcoin Lending,1
2025-03-10,Syrup USDC,0.9825717096
2025-03-10,Syrup USDT,0.9776566127
2025-03-11,AQRU Maple Pool USDC1,0.8537592189
2025-03-11,Syrup USDT,0.9441169366
2025-03-11,High Yield Secured Lending Maple Pool USDC1,0.9957858997
2025-03-11,Syrup USDC,0.9355769064
2025-03-11,Maple Direct USDC1,0.9815417007
2025-03-11,Altcoin Lending,1
2025-03-12,High Yield Secured Lending Maple Pool USDC1,0.9830505616
2025-03-12,Syrup USDC,0.9338123322
2025-03-12,Altcoin Lending,1
2025-03-12,Syrup USDT,0.957858219
2025-03-12,AQRU Maple Pool USDC1,0.8815891066
2025-03-12,Maple Direct USDC1,0.9722561957
2025-03-13,AQRU Maple Pool USDC1,0.8815891066
2025-03-13,Syrup USDT,0.918463808
2025-03-13,Maple Direct USDC1,0.971342268
2025-03-13,High Yield Secured Lending Maple Pool USDC1,0.9999999974
2025-03-13,Syrup USDC,0.9857954927
2025-03-13,Altcoin Lending,1
2025-03-14,Altcoin Lending,1
2025-03-14,Syrup USDC,0.9821474612
2025-03-14,High Yield Secured Lending Maple Pool USDC1,0.9910488947
2025-03-14,AQRU Maple Pool USDC1,0.8815891066
2025-03-14,Maple Direct USDC1,0.9999999704
2025-03-14,Syrup USDT,0.9805885691
2025-03-15,Maple Direct USDC1,0.999937501
2025-03-15,High Yield Secured Lending Maple Pool USDC1,0.9793795
2025-03-15,AQRU Maple Pool USDC1,0.8815891066
2025-03-15,Syrup USDC,0.9866504358
2025-03-15,Altcoin Lending,1
2025-03-15,Syrup USDT,0.9847713753
2025-03-16,AQRU Maple Pool USDC1,0.8869296155
2025-03-16,Syrup USDC,0.9996769503
2025-03-16,Altcoin Lending,1
2025-03-16,High Yield Secured Lending Maple Pool USDC1,0.9791313921
2025-03-16,Syrup USDT,0.9888117203
2025-03-16,Maple Direct USDC1,0.999937501
2025-03-17,Maple Direct USDC1,0.9997665581
2025-03-17,Syrup USDT,0.9901464654
2025-03-17,AQRU Maple Pool USDC1,0.8916792132
2025-03-17,Altcoin Lending,1
2025-03-17,High Yield Secured Lending Maple Pool USDC1,0.9999641411
2025-03-17,Syrup USDC,0.9941484875
2025-03-18,Maple Direct USDC1,0.999709127
2025-03-18,Altcoin Lending,1
2025-03-18,AQRU Maple Pool USDC1,0.9291937716
2025-03-18,High Yield Secured Lending Maple Pool USDC1,0.9981566952
2025-03-18,Syrup USDC,0.9721897752
2025-03-18,Syrup USDT,0.9946236181
2025-03-19,Syrup USDT,0.7713347081
2025-03-19,Maple Direct USDC1,0.9999862552
2025-03-19,Altcoin Lending,1
2025-03-19,AQRU Maple Pool USDC1,0.9339278087
2025-03-19,Syrup USDC,0.5570338959
2025-03-19,High Yield Secured Lending Maple Pool USDC1,0.996642775
2025-03-20,Syrup USDT,0.8396750186
2025-03-20,High Yield Secured Lending Maple Pool USDC1,0.9647529613
2025-03-20,Altcoin Lending,1
2025-03-20,Syrup USDC,0.5516850798
2025-03-20,Maple Direct USDC1,0.9409824881
2025-03-20,AQRU Maple Pool USDC1,0.9414727572
2025-03-21,Syrup USDC,0.9973563901
2025-03-21,Maple Direct USDC1,0.9480168984
2025-03-21,Altcoin Lending,1
2025-03-21,AQRU Maple Pool USDC1,0.9414727572
2025-03-21,Syrup USDT,0.852800899
2025-03-21,High Yield Secured Lending Maple Pool USDC1,0.9643121389
2025-03-22,Altcoin Lending,1
2025-03-22,Syrup USDT,0.8489751329
2025-03-22,AQRU Maple Pool USDC1,0.9524535692
2025-03-22,Maple Direct USDC1,0.9479997242
2025-03-22,High Yield Secured Lending Maple Pool USDC1,0.9642298308
2025-03-22,Syrup USDC,0.9965882025
2025-03-23,Syrup USDT,0.8509677408
2025-03-23,AQRU Maple Pool USDC1,0.9940506177
2025-03-23,Altcoin Lending,1
2025-03-23,Syrup USDC,0.9957762448
2025-03-23,Maple Direct USDC1,0.9479997242
2025-03-23,High Yield Secured Lending Maple Pool USDC1,0.9641570619
2025-03-24,Altcoin Lending,1
2025-03-24,Syrup USDC,0.9838942786
2025-03-24,Maple Direct USDC1,0.997720253
2025-03-24,High Yield Secured Lending Maple Pool USDC1,0.9727365402
2025-03-24,AQRU Maple Pool USDC1,0.9940506177
2025-03-24,Syrup USDT,0.867286576
2025-03-25,Syrup USDT,0.898313699
2025-03-25,High Yield Secured Lending Maple Pool USDC1,0.9811154749
2025-03-25,Maple Direct USDC1,0.9999980977
2025-03-25,Altcoin Lending,1
2025-03-25,Syrup USDC,0.9855782733
2025-03-25,AQRU Maple Pool USDC1,0.9940506177
2025-03-26,AQRU Maple Pool USDC1,0.9940506177
2025-03-26,High Yield Secured Lending Maple Pool USDC1,0.9775792946
2025-03-26,Maple Direct USDC1,0.9999985143
2025-03-26,Syrup USDC,0.9360246818
2025-03-26,Altcoin Lending,1
2025-03-26,Syrup USDT,0.8738173162
2025-03-27,Maple Direct USDC1,0.9999985143
2025-03-27,Syrup USDC,0.9326505443
2025-03-27,AQRU Maple Pool USDC1,0.9940506177
2025-03-27,Altcoin Lending,1
2025-03-27,High Yield Secured Lending Maple Pool USDC1,0.9779123247
2025-03-27,Syrup USDT,0.9274027093
2025-03-28,High Yield Secured Lending Maple Pool USDC1,0.9705840544
2025-03-28,Maple Direct USDC1,0.9968376306
2025-03-28,Syrup USDT,0.8778696169
2025-03-28,AQRU Maple Pool USDC1,0.9940506177
2025-03-28,Syrup USDC,0.9890551543
2025-03-28,Altcoin Lending,1
2025-03-29,Altcoin Lending,1
2025-03-29,High Yield Secured Lending Maple Pool USDC1,0.9702467361
2025-03-29,AQRU Maple Pool USDC1,0.9940506177
2025-03-29,Syrup USDT,0.8696035235
2025-03-29,Syrup USDC,0.9993961729
2025-03-29,Maple Direct USDC1,0.9969507883
2025-03-30,Maple Direct USDC1,0.999979528
2025-03-30,Syrup USDC,0.9996464716
2025-03-30,Altcoin Lending,1
2025-03-30,Syrup USDT,0.7962655944
2025-03-30,AQRU Maple Pool USDC1,0.9940506177
2025-03-30,High Yield Secured Lending Maple Pool USDC1,0.9699400678
2025-03-31,AQRU Maple Pool USDC1,0.9940506177
2025-03-31,Maple Direct USDC1,0.9999421796
2025-03-31,Altcoin Lending,1
2025-03-31,Syrup USDT,0.8332392373
2025-03-31,High Yield Secured Lending Maple Pool USDC1,0.9735678664
2025-03-31,Syrup USDC,0.976005462
2025-04-01,Altcoin Lending,1
2025-04-01,Maple Direct USDC1,0.9997549672
2025-04-01,Syrup USDC,0.9722780672
2025-04-01,High Yield Secured Lending Maple Pool USDC1,0.9704873295
2025-04-01,Syrup USDT,0.8434191421
2025-04-01,AQRU Maple Pool USDC1,0.9940506177
2025-04-02,AQRU Maple Pool USDC1,0.9940506177
2025-04-02,Altcoin Lending,1
2025-04-02,Maple Direct USDC1,0.998283255
2025-04-02,High Yield Secured Lending Maple Pool USDC1,0.944482504
2025-04-02,Syrup USDC,0.9863440663
2025-04-02,Syrup USDT,0.9732983344
2025-04-03,Maple Direct USDC1,0.9987243136
2025-04-03,AQRU Maple Pool USDC1,0.9941145531
2025-04-03,Syrup USDC,0.9739242449
2025-04-03,Syrup USDT,0.9234834736
2025-04-03,High Yield Secured Lending Maple Pool USDC1,0.9475940957
2025-04-04,Syrup USDC,0.9623878095
2025-04-04,Syrup USDT,0.9228860767
2025-04-04,Maple Direct USDC1,0.9988291283
2025-04-04,High Yield Secured Lending Maple Pool USDC1,0.9571031009
2025-04-04,AQRU Maple Pool USDC1,0.9490379829
2025-04-05,High Yield Secured Lending Maple Pool USDC1,0.8582327284
2025-04-05,Syrup USDT,0.9214505144
2025-04-05,Maple Direct USDC1,0.9988291283
2025-04-05,AQRU Maple Pool USDC1,0.9490379829
2025-04-05,Syrup USDC,0.9547848572
2025-04-06,High Yield Secured Lending Maple Pool USDC1,0.8581785388
2025-04-06,Syrup USDT,0.8513005172
2025-04-06,Maple Direct USDC1,0.9988291283
2025-04-06,Syrup USDC,0.9999909267
2025-04-06,AQRU Maple Pool USDC1,0.9490379829
2025-04-07,Syrup USDC,0.9207405198
2025-04-07,Maple Direct USDC1,0.9999997806
2025-04-07,AQRU Maple Pool USDC1,0.9490379829
2025-04-07,Syrup USDT,0.9889415024
2025-04-07,High Yield Secured Lending Maple Pool USDC1,0.8457033154
2025-04-08,High Yield Secured Lending Maple Pool USDC1,0.8316087407
2025-04-08,Syrup USDT,0.995632396
2025-04-08,Maple Direct USDC1,0.9987200771
2025-04-08,Syrup USDC,0.8658882461
2025-04-08,AQRU Maple Pool USDC1,0.9490379829
2025-04-09,High Yield Secured Lending Maple Pool USDC1,0.9999250258
2025-04-09,Maple Direct USDC1,0.9987200771
2025-04-09,Syrup USDC,0.9968268675
2025-04-09,AQRU Maple Pool USDC1,0.9490637355
2025-04-09,Syrup USDT,0.9751428551
2025-04-10,Syrup USDT,0.9507212731
2025-04-10,Maple Direct USDC1,0.9987200771
2025-04-10,High Yield Secured Lending Maple Pool USDC1,0.9998756259
2025-04-10,AQRU Maple Pool USDC1,0.9490637355
2025-04-10,Syrup USDC,0.9099044733
2025-04-11,AQRU Maple Pool USDC1,0.9284221076
2025-04-11,Syrup USDT,0.9424959729
2025-04-11,High Yield Secured Lending Maple Pool USDC1,0.9998519111
2025-04-11,Maple Direct USDC1,0.9987200771
2025-04-11,Syrup USDC,0.8750140633
2025-04-12,Syrup USDT,0.9371250566
2025-04-12,Syrup USDC,0.8489502542
2025-04-12,High Yield Secured Lending Maple Pool USDC1,0.9995614529
2025-04-12,Maple Direct USDC1,0.9979650118
2025-04-12,Altcoin Lending,1
2025-04-12,AQRU Maple Pool USDC1,0.9284221076
2025-04-13,AQRU Maple Pool USDC1,0.9284221076
2025-04-13,Maple Direct USDC1,0.9979650118
2025-04-13,Syrup USDC,0.8490862859
2025-04-13,Syrup USDT,0.9274090203
2025-04-13,Altcoin Lending,1
2025-04-13,High Yield Secured Lending Maple Pool USDC1,0.9995122311
2025-04-14,Syrup USDC,0.8434860157
2025-04-14,Maple Direct USDC1,0.9979650118
2025-04-14,AQRU Maple Pool USDC1,0.9284221076
2025-04-14,Syrup USDT,0.9274090203
2025-04-14,High Yield Secured Lending Maple Pool USDC1,0.9994883103
2025-04-14,Altcoin Lending,1
2025-04-15,High Yield Secured Lending Maple Pool USDC1,0.9996479564
2025-04-15,Maple Direct USDC1,0.9996753974
2025-04-15,Syrup USDC,0.9647631776
2025-04-15,AQRU Maple Pool USDC1,0.9284221076
2025-04-15,Syrup USDT,0.9995045812
2025-04-16,Altcoin Lending,1
2025-04-16,Syrup USDT,0.9526984944
2025-04-16,Syrup USDC,0.931546536
2025-04-16,High Yield Secured Lending Maple Pool USDC1,0.9985262706
2025-04-16,Maple Direct USDC1,0.9996753974
2025-04-16,AQRU Maple Pool USDC1,0.9300670135
2025-04-17,Altcoin Lending,1
2025-04-17,High Yield Secured Lending Maple Pool USDC1,0.9932845976
2025-04-17,Syrup USDT,0.9525257439
2025-04-17,Syrup USDC,0.9228042143
2025-04-17,AQRU Maple Pool USDC1,0.954431332
2025-04-17,Maple Direct USDC1,0.9996753974
2025-04-18,High Yield Secured Lending Maple Pool USDC1,0.9932845976
2025-04-18,Maple Direct USDC1,0.9996753974
2025-04-18,Syrup USDC,0.8801227395
2025-04-18,Altcoin Lending,1
2025-04-18,AQRU Maple Pool USDC1,0.9627021727
2025-04-18,Syrup USDT,0.9506005644
2025-04-19,AQRU Maple Pool USDC1,0.9627021727
2025-04-19,Syrup USDC,0.879166229
2025-04-19,Maple Direct USDC1,0.9996753974
2025-04-19,Syrup USDT,0.9505782757
2025-04-19,High Yield Secured Lending Maple Pool USDC1,0.9676675666
2025-04-19,Altcoin Lending,1
2025-04-20,AQRU Maple Pool USDC1,0.980199009
2025-04-20,High Yield Secured Lending Maple Pool USDC1,0.9672964763
2025-04-20,Maple Direct USDC1,0.9996753974
2025-04-20,Altcoin Lending,1
2025-04-20,Syrup USDT,0.9504349197
2025-04-20,Syrup USDC,0.8767716386
2025-04-21,Altcoin Lending,1
2025-04-21,Syrup USDT,0.9691697569
2025-04-21,Maple Direct USDC1,0.9995546871
2025-04-21,High Yield Secured Lending Maple Pool USDC1,0.8883834517
2025-04-21,Syrup USDC,0.8222208829
2025-04-21,AQRU Maple Pool USDC1,0.9834246008
2025-04-22,Altcoin Lending,1
2025-04-22,AQRU Maple Pool USDC1,1
2025-04-22,Maple Direct USDC1,0.9995546871
2025-04-22,Syrup USDC,0.9747065272
2025-04-22,Syrup USDT,0.8909290421
2025-04-22,High Yield Secured Lending Maple Pool USDC1,0.8826659351
2025-04-23,Maple Direct USDC1,0.9920419246
2025-04-23,AQRU Maple Pool USDC1,1
2025-04-23,Syrup USDT,0.9033049061
2025-04-23,Altcoin Lending,1
2025-04-23,Syrup USDC,0.9971263052
2025-04-23,High Yield Secured Lending Maple Pool USDC1,0.8611023443
2025-04-24,AQRU Maple Pool USDC1,1
2025-04-24,Syrup USDC,0.9369961487
2025-04-24,Syrup USDT,0.8448894966
2025-04-24,Maple Direct USDC1,0.9999999927
2025-04-24,High Yield Secured Lending Maple Pool USDC1,0.8086369007
2025-04-24,Altcoin Lending,1
2025-04-25,Syrup USDC,0.920015162
2025-04-25,High Yield Secured Lending Maple Pool USDC1,0.8413197609
2025-04-25,Syrup USDT,0.8420734072
2025-04-25,Altcoin Lending,1
2025-04-25,Maple Direct USDC1,0.9737548599
2025-04-25,AQRU Maple Pool USDC1,1
2025-04-26,AQRU Maple Pool USDC1,1
2025-04-26,Altcoin Lending,1
2025-04-26,High Yield Secured Lending Maple Pool USDC1,0.8412353742
2025-04-26,Syrup USDC,0.9155038491
2025-04-26,Maple Direct USDC1,0.9609989007
2025-04-26,Syrup USDT,0.8420021513
2025-04-27,Syrup USDT,0.8414669943
2025-04-27,Altcoin Lending,1
2025-04-27,AQRU Maple Pool USDC1,1
2025-04-27,Syrup USDC,0.8914826912
2025-04-27,High Yield Secured Lending Maple Pool USDC1,0.8412353742
2025-04-27,Maple Direct USDC1,0.9609989007
2025-04-28,Syrup USDT,0.7958093903
2025-04-28,Syrup USDC,0.8877438626
2025-04-28,Altcoin Lending,1
2025-04-28,High Yield Secured Lending Maple Pool USDC1,0.8412192169
2025-04-28,Maple Direct USDC1,0.9999500746
2025-04-28,AQRU Maple Pool USDC1,1
2025-04-29,AQRU Maple Pool USDC1,1
2025-04-29,Syrup USDT,0.7945276864
2025-04-29,High Yield Secured Lending Maple Pool USDC1,0.840438269
2025-04-29,Maple Direct USDC1,0.9988818955
2025-04-29,Syrup USDC,0.8911214614
2025-04-29,Altcoin Lending,1
2025-04-30,Syrup USDT,0.8755084748
2025-04-30,Maple Direct USDC1,0.998402491
2025-04-30,Syrup USDC,0.8992357001
2025-04-30,AQRU Maple Pool USDC1,1
2025-04-30,Altcoin Lending,1
2025-04-30,High Yield Secured Lending Maple Pool USDC1,0.8398280109
2025-05-01,Syrup USDT,0.8849357707
2025-05-01,Altcoin Lending,1
2025-05-01,Syrup USDC,0.8826316597
2025-05-01,High Yield Secured Lending Maple Pool USDC1,0.8395216007
2025-05-01,AQRU Maple Pool USDC1,1
2025-05-01,Maple Direct USDC1,0.998402491
2025-05-02,Syrup USDC,0.8649856387
2025-05-02,High Yield Secured Lending Maple Pool USDC1,0.8388606981
2025-05-02,AQRU Maple Pool USDC1,1
2025-05-02,Altcoin Lending,1
2025-05-02,Maple Direct USDC1,0.998402491
2025-05-02,Syrup USDT,0.7973450053
2025-05-03,High Yield Secured Lending Maple Pool USDC1,0.8383031841
2025-05-03,Maple Direct USDC1,0.998402491
2025-05-03,Altcoin Lending,1
2025-05-03,AQRU Maple Pool USDC1,1
2025-05-03,Syrup USDC,0.8648983406
2025-05-03,Syrup USDT,0.7974274286
2025-05-04,AQRU Maple Pool USDC1,1
2025-05-04,Syrup USDC,0.8604006462
2025-05-04,Maple Direct USDC1,0.998402491
2025-05-04,Syrup USDT,0.7912906932
2025-05-04,Altcoin Lending,1
2025-05-04,High Yield Secured Lending Maple Pool USDC1,0.838256552
2025-05-05,Syrup USDT,0.7912711869
2025-05-05,AQRU Maple Pool USDC1,1
2025-05-05,Altcoin Lending,1
2025-05-05,High Yield Secured Lending Maple Pool USDC1,0.838173762
2025-05-05,Maple Direct USDC1,0.9998429813
2025-05-05,Syrup USDC,0.8449912779
2025-05-06,High Yield Secured Lending Maple Pool USDC1,0.8215638019
2025-05-06,Syrup USDT,0.7317159529
2025-05-06,AQRU Maple Pool USDC1,1
2025-05-06,Syrup USDC,0.8649893936
2025-05-06,Maple Direct USDC1,0.9598107234
2025-05-06,Altcoin Lending,1
2025-05-07,Altcoin Lending,1
2025-05-07,Maple Direct USDC1,0.9999955574
2025-05-07,Syrup USDC,0.9264548707
2025-05-07,Syrup USDT,0.7303294718
2025-05-07,AQRU Maple Pool USDC1,1
2025-05-07,High Yield Secured Lending Maple Pool USDC1,0.9357270058
2025-05-08,High Yield Secured Lending Maple Pool USDC1,0.9370479363
2025-05-08,AQRU Maple Pool USDC1,1
2025-05-08,Maple Direct USDC1,0.9999955574
2025-05-08,Syrup USDT,0.9071759532
2025-05-08,Altcoin Lending,1
2025-05-08,Syrup USDC,0.8267702489
2025-05-09,AQRU Maple Pool USDC1,0.9536217755
2025-05-09,Syrup USDT,0.9059142256
2025-05-09,Syrup USDC,0.8109407087
2025-05-09,Maple Direct USDC1,0.9999955574
2025-05-09,Altcoin Lending,1
2025-05-09,High Yield Secured Lending Maple Pool USDC1,0.8787436554
2025-05-10,Maple Direct USDC1,0.9999955574
2025-05-10,AQRU Maple Pool USDC1,0.9536217755
2025-05-10,Altcoin Lending,1
2025-05-10,Syrup USDC,0.8061856351
2025-05-10,High Yield Secured Lending Maple Pool USDC1,0.8785906492
2025-05-10,Syrup USDT,0.9049921498
2025-05-11,AQRU Maple Pool USDC1,0.9536217755
2025-05-11,Altcoin Lending,1
2025-05-11,Syrup USDT,0.8770628866
2025-05-11,Syrup USDC,0.8010382082
2025-05-11,Maple Direct USDC1,0.9999955574
2025-05-11,High Yield Secured Lending Maple Pool USDC1,0.8785789407
2025-05-12,Syrup USDT,0.8716480277
2025-05-12,Syrup USDC,0.7908096952
2025-05-12,Altcoin Lending,1
2025-05-12,High Yield Secured Lending Maple Pool USDC1,0.8783595421
2025-05-12,Maple Direct USDC1,0.9999955574
2025-05-12,AQRU Maple Pool USDC1,0.9536217755
2025-05-13,Syrup USDT,0.9107490943
2025-05-13,AQRU Maple Pool USDC1,0.9536217755
2025-05-13,Maple Direct USDC1,0.9999868628
2025-05-13,Altcoin Lending,1
2025-05-13,High Yield Secured Lending Maple Pool USDC1,0.8824100694
2025-05-13,Syrup USDC,0.7979453791
2025-05-14,High Yield Secured Lending Maple Pool USDC1,0.8997396968
2025-05-14,Syrup USDT,0.9114143509
2025-05-14,AQRU Maple Pool USDC1,0.9536217755
2025-05-14,Altcoin Lending,1
2025-05-14,Maple Direct USDC1,0.9999847451
2025-05-14,Syrup USDC,0.8730064904
2025-05-15,AQRU Maple Pool USDC1,0.9112087028
2025-05-15,Syrup USDC,0.8305090463
2025-05-15,High Yield Secured Lending Maple Pool USDC1,0.9053143925
2025-05-15,Altcoin Lending,1
2025-05-15,Maple Direct USDC1,0.9999847451
2025-05-15,Syrup USDT,0.8844386468
2025-05-16,Syrup USDC,0.8258090044
2025-05-16,Maple Direct USDC1,0.9999847451
2025-05-16,Altcoin Lending,1
2025-05-16,High Yield Secured Lending Maple Pool USDC1,0.963164588
2025-05-16,AQRU Maple Pool USDC1,0.9309057819
2025-05-16,Syrup USDT,0.8539205692
2025-05-17,Maple Direct USDC1,0.9999847451
2025-05-17,High Yield Secured Lending Maple Pool USDC1,0.963164588
2025-05-17,AQRU Maple Pool USDC1,0.9309057819
2025-05-17,Syrup USDC,0.8259487235
2025-05-17,Altcoin Lending,1
2025-05-17,Syrup USDT,0.8532970642
2025-05-18,Syrup USDT,0.8520193917
2025-05-18,AQRU Maple Pool USDC1,0.9314979991
2025-05-18,Altcoin Lending,1
2025-05-18,Syrup USDC,0.827573661
2025-05-18,High Yield Secured Lending Maple Pool USDC1,0.9630405336
2025-05-18,Maple Direct USDC1,0.9999847451
2025-05-19,Altcoin Lending,1
2025-05-19,High Yield Secured Lending Maple Pool USDC1,0.9637987977
2025-05-19,Syrup USDT,0.8522379984
2025-05-19,AQRU Maple Pool USDC1,0.934596735
2025-05-19,Syrup USDC,0.8111637873
2025-05-19,Maple Direct USDC1,0.9999847451
2025-05-20,Syrup USDC,0.7658865651
2025-05-20,Syrup USDT,0.4626638909
2025-05-20,Altcoin Lending,1
2025-05-20,AQRU Maple Pool USDC1,0.934596735
2025-05-20,High Yield Secured Lending Maple Pool USDC1,0.963782211
2025-05-20,Maple Direct USDC1,0.9999847451
2025-05-21,Maple Direct USDC1,0.9999579735
2025-05-21,Altcoin Lending,1
2025-05-21,AQRU Maple Pool USDC1,0.9744505528
2025-05-21,Syrup USDT,0.4622725518
2025-05-21,Syrup USDC,0.779721342
2025-05-21,High Yield Secured Lending Maple Pool USDC1,0.9636784235
2025-05-22,Syrup USDT,0.4636523013
2025-05-22,Syrup USDC,0.7107867708
2025-05-22,Altcoin Lending,1
2025-05-22,AQRU Maple Pool USDC1,0.9971140242
2025-05-22,Maple Direct USDC1,0.9981317819
2025-05-22,High Yield Secured Lending Maple Pool USDC1,0.9405377627
2025-05-23,Syrup USDT,0.467298871
2025-05-23,Syrup USDC,0.8223164506
2025-05-23,Maple Direct USDC1,0.9966651382
2025-05-23,Altcoin Lending,1
2025-05-23,High Yield Secured Lending Maple Pool USDC1,0.9275377156
2025-05-23,AQRU Maple Pool USDC1,0.9971140242
2025-05-24,Altcoin Lending,1
2025-05-24,High Yield Secured Lending Maple Pool USDC1,0.927484469
2025-05-24,Syrup USDT,0.4692954403
2025-05-24,Maple Direct USDC1,0.9966651382
2025-05-24,Syrup USDC,0.8203747502
2025-05-24,AQRU Maple Pool USDC1,0.9971140242
2025-05-25,Syrup USDC,0.8113825937
2025-05-25,Maple Direct USDC1,0.99008604
2025-05-25,Altcoin Lending,1
2025-05-25,High Yield Secured Lending Maple Pool USDC1,0.9274317098
2025-05-25,AQRU Maple Pool USDC1,0.9971140242
2025-05-25,Syrup USDT,0.4913089072
2025-05-26,Maple Direct USDC1,0.9862637517
2025-05-26,High Yield Secured Lending Maple Pool USDC1,0.9274317098
2025-05-26,AQRU Maple Pool USDC1,0.9971140242
2025-05-26,Syrup USDC,0.7767150672
2025-05-26,Syrup USDT,0.4948450465
2025-05-26,Altcoin Lending,1
2025-05-27,Altcoin Lending,1
2025-05-27,High Yield Secured Lending Maple Pool USDC1,0.9901820185
2025-05-27,Maple Direct USDC1,0.9856916812
2025-05-27,AQRU Maple Pool USDC1,0.9971140242
2025-05-27,Syrup USDC,0.7383423724
2025-05-27,Syrup USDT,0.4959241257
2025-05-28,AQRU Maple Pool USDC1,0.8754167265
2025-05-28,Altcoin Lending,1
2025-05-28,Syrup USDT,0.8479446119
2025-05-28,Syrup USDC,0.7305933757
2025-05-28,High Yield Secured Lending Maple Pool USDC1,0.8067178224
2025-05-28,Maple Direct USDC1,0.9856916812
2025-05-29,AQRU Maple Pool USDC1,0.8754167265
2025-05-29,Maple Direct USDC1,0.985678545
2025-05-29,Syrup USDC,0.6991629225
2025-05-29,Altcoin Lending,1
2025-05-29,High Yield Secured Lending Maple Pool USDC1,0.9983310921
2025-05-29,Syrup USDT,0.8549812199
2025-05-30,AQRU Maple Pool USDC1,0.8754167265
2025-05-30,Syrup USDC,0.6152769956
2025-05-30,High Yield Secured Lending Maple Pool USDC1,0.999765929
2025-05-30,Altcoin Lending,1
2025-05-30,Syrup USDT,0.8140406624
2025-05-30,Maple Direct USDC1,0.9994705077
2025-05-31,Syrup USDT,0.81382815
2025-05-31,Syrup USDC,0.6166172208
2025-05-31,High Yield Secured Lending Maple Pool USDC1,0.9996992773
2025-05-31,Maple Direct USDC1,0.9994705077
2025-05-31,Altcoin Lending,1
2025-05-31,AQRU Maple Pool USDC1,0.8754167265
2025-06-01,Maple Direct USDC1,0.9994705077
2025-06-01,Syrup USDT,0.8143288944
2025-06-01,Altcoin Lending,1
2025-06-01,AQRU Maple Pool USDC1,0.8754167265
2025-06-01,Syrup USDC,0.5858877485
2025-06-01,High Yield Secured Lending Maple Pool USDC1,0.9996992773
2025-06-02,AQRU Maple Pool USDC1,0.8754167265
2025-06-02,High Yield Secured Lending Maple Pool USDC1,0.9993841634
2025-06-02,Altcoin Lending,1
2025-06-02,Syrup USDC,0.5822347182
2025-06-02,Maple Direct USDC1,0.9999133385
2025-06-02,Syrup USDT,0.7599363173
2025-06-03,Syrup USDC,0.5997212133
2025-06-03,Maple Direct USDC1,0.9984796655
2025-06-03,Altcoin Lending,1
2025-06-03,Syrup USDT,0.7600922713
2025-06-03,AQRU Maple Pool USDC1,0.8754167265
2025-06-03,High Yield Secured Lending Maple Pool USDC1,0.9992549644
2025-06-04,High Yield Secured Lending Maple Pool USDC1,0.9988691349
2025-06-04,Syrup USDT,0.7624984148
2025-06-04,Maple Direct USDC1,0.9984796655
2025-06-04,Syrup USDC,0.5757408408
2025-06-04,Altcoin Lending,1
2025-06-04,AQRU Maple Pool USDC1,0.8754167265
2025-06-05,Syrup USDT,0.7451085826
2025-06-05,High Yield Secured Lending Maple Pool USDC1,0.9968027882
2025-06-05,Altcoin Lending,1
2025-06-05,Syrup USDC,0.5597934301
2025-06-05,Maple Direct USDC1,0.9984796655
2025-06-06,High Yield Secured Lending Maple Pool USDC1,0.9896117198
2025-06-06,Altcoin Lending,1
2025-06-06,Syrup USDC,0.5633492679
2025-06-06,Syrup USDT,0.7386336043
2025-06-06,Maple Direct USDC1,0.9984796655
2025-06-07,Syrup USDC,0.5561689129
2025-06-07,Altcoin Lending,1
2025-06-07,High Yield Secured Lending Maple Pool USDC1,0.9895285137
2025-06-07,Syrup USDT,0.7382328587
2025-06-07,Maple Direct USDC1,0.9984796655
2025-06-08,Maple Direct USDC1,0.9984796655
2025-06-08,Syrup USDT,0.7415543265
2025-06-08,Syrup USDC,0.5699504319
2025-06-08,Altcoin Lending,1
2025-06-08,High Yield Secured Lending Maple Pool USDC1,0.9894855645
2025-06-09,Altcoin Lending,1
2025-06-09,High Yield Secured Lending Maple Pool USDC1,0.9993067719
2025-06-09,Syrup USDT,0.7378995093
2025-06-09,Maple Direct USDC1,0.9997082595
2025-06-09,Syrup USDC,0.5893175418
2025-06-10,Maple Direct USDC1,0.9997082595
2025-06-10,Syrup USDT,0.9735353018
2025-06-10,High Yield Secured Lending Maple Pool USDC1,0.9979132723
2025-06-10,Syrup USDC,0.6656199403
2025-06-10,Altcoin Lending,1
2025-06-11,High Yield Secured Lending Maple Pool USDC1,0.9965318777
2025-06-11,Syrup USDC,0.6941511371
2025-06-11,Syrup USDT,0.9725975587
2025-06-11,Altcoin Lending,1
2025-06-11,Maple Direct USDC1,0.9997082595
2025-06-12,Syrup USDC,0.7109160455
2025-06-12,High Yield Secured Lending Maple Pool USDC1,0.9999997462
2025-06-12,Altcoin Lending,1
2025-06-12,Maple Direct USDC1,0.9889003672
2025-06-12,Syrup USDT,0.9718201489
2025-06-13,Altcoin Lending,1
2025-06-13,Maple Direct USDC1,0.9889003672
2025-06-13,Syrup USDT,0.9559803829
2025-06-13,High Yield Secured Lending Maple Pool USDC1,0.9998399498
2025-06-13,Syrup USDC,0.8316880519
2025-06-14,Altcoin Lending,1
2025-06-14,Syrup USDT,0.9562392632
2025-06-14,High Yield Secured Lending Maple Pool USDC1,0.9985966135
2025-06-14,Syrup USDC,0.8320986684
2025-06-14,Maple Direct USDC1,0.9889003672
2025-06-15,Maple Direct USDC1,0.9889003672
2025-06-15,Syrup USDT,0.9511514104
2025-06-15,Altcoin Lending,1
2025-06-15,Syrup USDC,0.8635362394
2025-06-15,High Yield Secured Lending Maple Pool USDC1,0.9985572559
2025-06-16,High Yield Secured Lending Maple Pool USDC1,0.9981557082
2025-06-16,Syrup USDC,0.7362866525
2025-06-16,Syrup USDT,0.9415832375
2025-06-16,Maple Direct USDC1,0.999999739
2025-06-16,Altcoin Lending,1
2025-06-17,Syrup USDT,0.9279024772
2025-06-17,Altcoin Lending,1
2025-06-17,Maple Direct USDC1,0.999999739
2025-06-17,High Yield Secured Lending Maple Pool USDC1,0.997739978
2025-06-17,Syrup USDC,0.730985421
2025-06-18,Altcoin Lending,1
2025-06-18,High Yield Secured Lending Maple Pool USDC1,0.9953130937
2025-06-18,Syrup USDC,0.7400689498
2025-06-18,Syrup USDT,0.9279036812
2025-06-18,Maple Direct USDC1,0.999999739
2025-06-19,Syrup USDT,0.9751329382
2025-06-19,High Yield Secured Lending Maple Pool USDC1,0.9898453224
2025-06-19,Altcoin Lending,1
2025-06-19,Syrup USDC,0.7445677397
2025-06-19,Maple Direct USDC1,0.999999739
2025-06-20,Altcoin Lending,1
2025-06-20,Maple Direct USDC1,0.9995061183
2025-06-20,Syrup USDT,0.9751077924
2025-06-20,Syrup USDC,0.7450308174
2025-06-20,High Yield Secured Lending Maple Pool USDC1,0.9878630382
2025-06-21,High Yield Secured Lending Maple Pool USDC1,0.9866515601
2025-06-21,Maple Direct USDC1,0.9995061183
2025-06-21,Syrup USDT,0.9752521125
2025-06-21,Syrup USDC,0.7480407339
2025-06-21,Altcoin Lending,1
2025-06-22,High Yield Secured Lending Maple Pool USDC1,0.9854063713
2025-06-22,Altcoin Lending,1
2025-06-22,Syrup USDT,0.9732931356
2025-06-22,Maple Direct USDC1,0.9995061183
2025-06-22,Syrup USDC,0.7592618302
2025-06-23,Maple Direct USDC1,0.9995061183
2025-06-23,High Yield Secured Lending Maple Pool USDC1,0.9797065396
2025-06-23,Syrup USDC,0.6605754092
2025-06-23,Syrup USDT,0.9706192736
2025-06-23,Altcoin Lending,1
2025-06-24,Maple Direct USDC1,0.9995061183
2025-06-24,High Yield Secured Lending Maple Pool USDC1,0.9781043278
2025-06-24,Syrup USDC,0.6606970544
2025-06-24,Syrup USDT,0.9685995121
2025-06-25,Syrup USDC,0.6909147678
2025-06-25,Maple Direct USDC1,0.9987655395
2025-06-25,Syrup USDT,0.9189256989
2025-06-25,High Yield Secured Lending Maple Pool USDC1,0.9771525092
2025-06-26,Syrup USDT,0.9145632258
2025-06-26,Syrup USDC,0.6916482706
2025-06-26,High Yield Secured Lending Maple Pool USDC1,0.9701842959
2025-06-26,Maple Direct USDC1,0.9987655395
2025-06-27,High Yield Secured Lending Maple Pool USDC1,0.9901411169
2025-06-27,Syrup USDC,0.6891407821
2025-06-27,Maple Direct USDC1,0.959395944
2025-06-27,Syrup USDT,0.862990617
2025-06-28,Maple Direct USDC1,0.959395944
2025-06-28,High Yield Secured Lending Maple Pool USDC1,0.9888873362
2025-06-28,Syrup USDC,0.6768178002
2025-06-28,Syrup USDT,0.9768467354
2025-06-29,High Yield Secured Lending Maple Pool USDC1,0.9923457683
2025-06-29,Maple Direct USDC1,0.9593046832
2025-06-29,Syrup USDT,0.9756800941
2025-06-29,Syrup USDC,0.6763933693
2025-06-30,Maple Direct USDC1,0.9578935642
2025-06-30,Syrup USDT,0.9565665379
2025-06-30,Syrup USDC,0.6832762887
2025-06-30,High Yield Secured Lending Maple Pool USDC1,0.9905616151
2025-07-01,Maple Direct USDC1,0.9578935642
2025-07-01,Syrup USDT,0.9999999071
2025-07-01,Syrup USDC,0.6799490792
2025-07-01,High Yield Secured Lending Maple Pool USDC1,0.9904452049
2025-07-02,Maple Direct USDC1,0.9837825445
2025-07-02,Syrup USDT,0.9873157745
2025-07-02,Syrup USDC,0.7143037502
2025-07-02,High Yield Secured Lending Maple Pool USDC1,0.9797983871
2025-07-03,Syrup USDC,0.7392266548
2025-07-03,Syrup USDT,0.9786755462
2025-07-03,High Yield Secured Lending Maple Pool USDC1,0.984466952
2025-07-03,Maple Direct USDC1,0.9999997367
2025-07-04,Maple Direct USDC1,0.9944280926
2025-07-04,High Yield Secured Lending Maple Pool USDC1,0.9855491557
2025-07-04,Syrup USDC,0.7300813309
2025-07-04,Syrup USDT,0.9719243303
2025-07-05,Syrup USDC,0.7272245459
2025-07-05,Maple Direct USDC1,0.9944280926
2025-07-05,Syrup USDT,0.9781211726
2025-07-05,High Yield Secured Lending Maple Pool USDC1,0.9854092528
2025-07-06,Syrup USDT,0.9769347771
2025-07-06,Maple Direct USDC1,0.9944280926
2025-07-06,High Yield Secured Lending Maple Pool USDC1,0.9853666622
2025-07-06,Syrup USDC,0.7242877013
2025-07-07,High Yield Secured Lending Maple Pool USDC1,0.9999999905
2025-07-07,Maple Direct USDC1,0.9944280926
2025-07-07,Syrup USDT,0.9769578885
2025-07-07,Syrup USDC,0.718874364
2025-07-08,High Yield Secured Lending Maple Pool USDC1,0.9988005353
2025-07-08,Syrup USDC,0.7201978875
2025-07-08,Syrup USDT,0.9744676976
2025-07-08,Maple Direct USDC1,0.9944280926
2025-07-09,Maple Direct USDC1,0.9946910235
2025-07-09,Syrup USDT,0.9746097938
2025-07-09,Syrup USDC,0.7290215191
2025-07-09,High Yield Secured Lending Maple Pool USDC1,0.9815078537
2025-07-10,Maple Direct USDC1,0.9946910235
2025-07-10,Syrup USDT,0.9719351832
2025-07-10,Syrup USDC,0.7271261583
2025-07-10,High Yield Secured Lending Maple Pool USDC1,0.9815078537
2025-07-11,Syrup USDC,0.7955317307
2025-07-11,High Yield Secured Lending Maple Pool USDC1,0.9813095623
2025-07-11,Syrup USDT,0.9928713287
2025-07-11,Maple Direct USDC1,0.9946910235
2025-07-12,Syrup USDT,0.9847525112
2025-07-12,High Yield Secured Lending Maple Pool USDC1,0.9830062472
2025-07-12,Maple Direct USDC1,0.9946910235
2025-07-12,Syrup USDC,0.8021562905
2025-07-13,High Yield Secured Lending Maple Pool USDC1,0.9816383842
2025-07-13,Syrup USDT,0.9898031429
2025-07-13,Maple Direct USDC1,0.9941773103
2025-07-13,Syrup USDC,0.8075743151
2025-07-14,Syrup USDT,0.992679589
2025-07-14,Syrup USDC,0.8134568643
2025-07-14,Maple Direct USDC1,0.9941773103
2025-07-14,High Yield Secured Lending Maple Pool USDC1,0.9805745039
2025-07-15,Syrup USDC,0.8457634461
2025-07-15,Maple Direct USDC1,0.9941773103
2025-07-15,Syrup USDT,0.9527729823
2025-07-15,High Yield Secured Lending Maple Pool USDC1,0.9843570875
2025-07-16,High Yield Secured Lending Maple Pool USDC1,0.9847527279
2025-07-16,Syrup USDC,0.8547228819
2025-07-16,Syrup USDT,0.953288356
2025-07-16,Maple Direct USDC1,0.9940565665
2025-07-17,Syrup USDT,0.9533348409
2025-07-17,High Yield Secured Lending Maple Pool USDC1,0.981986469
2025-07-17,Syrup USDC,0.9887115802
2025-07-17,Maple Direct USDC1,0.9940565665
2025-07-18,Syrup USDT,0.9993591472
2025-07-18,High Yield Secured Lending Maple Pool USDC1,0.9999639252
2025-07-18,Maple Direct USDC1,0.9999997407
2025-07-18,Syrup USDC,0.9911885231
2025-07-19,Syrup USDT,0.9998635243
2025-07-19,Maple Direct USDC1,0.9999997407
2025-07-19,High Yield Secured Lending Maple Pool USDC1,0.99462028
2025-07-19,Syrup USDC,0.9919336405
2025-07-20,Syrup USDT,0.9992971564
2025-07-20,High Yield Secured Lending Maple Pool USDC1,0.9949256322
2025-07-20,Syrup USDC,0.9999992673
2025-07-20,Maple Direct USDC1,0.9984584441
2025-07-21,Syrup USDC,0.9997890259
2025-07-21,High Yield Secured Lending Maple Pool USDC1,0.9818526304
2025-07-21,Maple Direct USDC1,0.9930501639
2025-07-21,Syrup USDT,0.99638415
2025-07-22,Syrup USDT,0.9955675898
2025-07-22,Maple Direct USDC1,0.9930501639
2025-07-22,Altcoin Lending,1
2025-07-22,High Yield Secured Lending Maple Pool USDC1,0.9996643198
2025-07-22,Syrup USDC,0.9978829798
2025-07-23,Syrup USDC,0.9999024733
2025-07-23,Syrup USDT,0.9997821055
2025-07-23,Maple Direct USDC1,0.9930501639
2025-07-23,High Yield Secured Lending Maple Pool USDC1,0.9995478043
2025-07-24,Maple Direct USDC1,0.9971679235
2025-07-24,High Yield Secured Lending Maple Pool USDC1,0.9994348884
2025-07-24,Syrup USDT,0.9999149748
2025-07-24,Syrup USDC,0.9993482628
2025-07-25,Maple Direct USDC1,0.9963731514
2025-07-25,Syrup USDT,0.9995554894
2025-07-25,High Yield Secured Lending Maple Pool USDC1,0.9996321199
2025-07-25,Syrup USDC,0.999609497
2025-07-26,Syrup USDT,0.9974066277
2025-07-26,High Yield Secured Lending Maple Pool USDC1,0.9981015309
2025-07-26,Maple Direct USDC1,0.9929005894
2025-07-26,Syrup USDC,0.998876961
2025-07-27,High Yield Secured Lending Maple Pool USDC1,0.9979883176
2025-07-27,Syrup USDT,0.9934752514
2025-07-27,Maple Direct USDC1,0.9929005894
2025-07-27,Syrup USDC,0.9992761901
2025-07-28,Syrup USDT,0.9917579588
2025-07-28,High Yield Secured Lending Maple Pool USDC1,0.9971521318
2025-07-28,Maple Direct USDC1,0.9813074926
2025-07-28,Syrup USDC,0.9988949168
2025-07-29,Syrup USDT,0.9779620915
2025-07-29,High Yield Secured Lending Maple Pool USDC1,0.9970827292
2025-07-29,Syrup USDC,0.995468634
2025-07-29,Maple Direct USDC1,0.9810729167
2025-07-30,Syrup USDT,0.9769068743
2025-07-30,High Yield Secured Lending Maple Pool USDC1,0.9958830254
2025-07-30,Syrup USDC,0.9953411729
2025-07-30,Maple Direct USDC1,0.9810729167
2025-07-31,High Yield Secured Lending Maple Pool USDC1,0.9914220433
2025-07-31,Maple Direct USDC1,0.9995275114
2025-07-31,Syrup USDT,0.9613800314
2025-07-31,Syrup USDC,0.9993430332
2025-08-01,High Yield Secured Lending Maple Pool USDC1,0.9896785423
2025-08-01,Syrup USDT,0.9636591122
2025-08-01,Syrup USDC,0.9908394978
2025-08-01,Maple Direct USDC1,0.9995275114
2025-08-02,Syrup USDT,0.9617813287
2025-08-02,High Yield Secured Lending Maple Pool USDC1,0.9884269374
2025-08-02,Maple Direct USDC1,0.9995275114
2025-08-02,Syrup USDC,0.9996800551
2025-08-03,Maple Direct USDC1,0.9995275114
2025-08-03,Syrup USDT,0.9607868107
2025-08-03,High Yield Secured Lending Maple Pool USDC1,0.9883842981
2025-08-03,Syrup USDC,0.9995195302
2025-08-04,Maple Direct USDC1,0.9995275114
2025-08-04,Syrup USDT,0.9320230734
2025-08-04,Syrup USDC,0.9893797316
2025-08-04,High Yield Secured Lending Maple Pool USDC1,0.9990703656
2025-08-05,Maple Direct USDC1,0.9995275114
2025-08-05,Syrup USDT,0.930841881
2025-08-05,High Yield Secured Lending Maple Pool USDC1,0.9742966818
2025-08-05,Syrup USDC,0.8943464585
2025-08-06,Syrup USDC,0.9187048818
2025-08-06,Syrup USDT,0.9302612894
2025-08-06,Maple Direct USDC1,0.9966146859
2025-08-06,High Yield Secured Lending Maple Pool USDC1,0.9788356396
2025-08-07,Syrup USDC,0.9233663486
2025-08-07,Syrup USDT,0.9316094568
2025-08-07,High Yield Secured Lending Maple Pool USDC1,0.9674020577
2025-08-07,Maple Direct USDC1,0.9961808915
2025-08-08,Syrup USDT,0.9261244811
2025-08-08,Maple Direct USDC1,0.9961808915
2025-08-08,Syrup USDC,0.9270830782
2025-08-08,High Yield Secured Lending Maple Pool USDC1,0.9672504549
2025-08-09,Syrup USDC,0.9247489185
2025-08-09,High Yield Secured Lending Maple Pool USDC1,0.9659971736
2025-08-09,Maple Direct USDC1,0.9961808915
2025-08-09,Syrup USDT,0.9163975543
2025-08-10,Maple Direct USDC1,0.9961808915
2025-08-10,Syrup USDT,0.9124847285
2025-08-10,High Yield Secured Lending Maple Pool USDC1,0.9650944647
2025-08-10,Syrup USDC,0.923206766
2025-08-11,Syrup USDT,0.9080177125
2025-08-11,High Yield Secured Lending Maple Pool USDC1,0.8460017581
2025-08-11,Maple Direct USDC1,0.9961808915
2025-08-11,Syrup USDC,0.9328837559
2025-08-12,Syrup USDC,0.9505234121
2025-08-12,Maple Direct USDC1,0.9961808915
2025-08-12,Syrup USDT,0.9751404123
2025-08-12,High Yield Secured Lending Maple Pool USDC1,0.9624552937
2025-08-13,Syrup USDT,0.9748882762
2025-08-13,Altcoin Lending,1
2025-08-13,High Yield Secured Lending Maple Pool USDC1,0.9657087862
2025-08-13,Maple Direct USDC1,0.9961808915
2025-08-13,Syrup USDC,0.9005143811
2025-08-14,High Yield Secured Lending Maple Pool USDC1,0.9632938962
2025-08-14,Maple Direct USDC1,0.9961808915
2025-08-14,Syrup USDT,0.9787450182
2025-08-14,Syrup USDC,0.9539755521
2025-08-15,High Yield Secured Lending Maple Pool USDC1,0.9620466549
2025-08-15,Syrup USDT,0.9752633301
2025-08-15,Syrup USDC,0.9575924161
2025-08-15,Maple Direct USDC1,0.9998641661
2025-08-16,High Yield Secured Lending Maple Pool USDC1,0.9608683974
2025-08-16,Syrup USDC,0.9541788567
2025-08-16,Syrup USDT,0.9750633024
2025-08-16,Maple Direct USDC1,0.9998641661
2025-08-17,Syrup USDC,0.9531661998
2025-08-17,Maple Direct USDC1,0.9998641661
2025-08-17,Syrup USDT,0.974278293
2025-08-17,High Yield Secured Lending Maple Pool USDC1,0.9675617456
2025-08-18,Syrup USDT,0.9864488323
2025-08-18,Maple Direct USDC1,0.9998641661
2025-08-18,Syrup USDC,0.9454674806
2025-08-18,High Yield Secured Lending Maple Pool USDC1,0.9668143697
2025-08-19,Syrup USDT,0.9771523932
2025-08-19,High Yield Secured Lending Maple Pool USDC1,0.9608501915
2025-08-19,Maple Direct USDC1,0.9999997577
2025-08-19,Syrup USDC,0.9408483398
2025-08-20,Maple Direct USDC1,0.9999997577
2025-08-20,Syrup USDC,0.9328847801
2025-08-20,Syrup USDT,0.9601581574
2025-08-20,High Yield Secured Lending Maple Pool USDC1,0.8673397431
2025-08-21,Syrup USDT,0.9729792662
2025-08-21,Maple Direct USDC1,0.9999997577
2025-08-21,Syrup USDC,0.9337014079
2025-08-21,High Yield Secured Lending Maple Pool USDC1,0.8671601063
2025-08-22,Syrup USDC,0.938038964
2025-08-22,High Yield Secured Lending Maple Pool USDC1,0.8591854636
2025-08-22,Maple Direct USDC1,0.9991660703
2025-08-22,Altcoin Lending,1
2025-08-22,Syrup USDT,0.9729739882
2025-08-23,Syrup USDC,0.9367194888
2025-08-23,Altcoin Lending,1
2025-08-23,Syrup USDT,0.9561978253
2025-08-23,High Yield Secured Lending Maple Pool USDC1,0.8580168623
2025-08-23,Maple Direct USDC1,0.9991660703
2025-08-24,Maple Direct USDC1,0.9991660703
2025-08-24,Altcoin Lending,1
2025-08-24,High Yield Secured Lending Maple Pool USDC1,0.8578770104
2025-08-24,Syrup USDC,0.9445005901
2025-08-24,Syrup USDT,0.9509746245
2025-08-25,Syrup USDT,0.9798444703
2025-08-25,Maple Direct USDC1,0.9989211513
2025-08-25,Syrup USDC,0.9545908617
2025-08-25,High Yield Secured Lending Maple Pool USDC1,0.8514682602
2025-08-26,Maple Direct USDC1,0.9989211513
2025-08-26,Syrup USDC,0.9322125706
2025-08-26,Syrup USDT,0.9816175591
2025-08-26,High Yield Secured Lending Maple Pool USDC1,0.8504396675
2025-08-27,Altcoin Lending,1
2025-08-27,Syrup USDT,0.9811063095
2025-08-27,High Yield Secured Lending Maple Pool USDC1,0.8478845595
2025-08-27,Syrup USDC,0.9407464817
2025-08-27,Maple Direct USDC1,0.9983596144
2025-08-28,Altcoin Lending,1
2025-08-28,Maple Direct USDC1,0.9983596144
2025-08-28,Syrup USDT,0.9780074714
2025-08-28,High Yield Secured Lending Maple Pool USDC1,0.8508044217
2025-08-28,Syrup USDC,0.9388568386
2025-08-29,Syrup USDC,0.9370057594
2025-08-29,Altcoin Lending,1
2025-08-29,High Yield Secured Lending Maple Pool USDC1,0.8456387996
2025-08-29,Maple Direct USDC1,0.9983596144
2025-08-29,Syrup USDT,0.9744998503
2025-08-30,Syrup USDT,0.9274307859
2025-08-30,High Yield Secured Lending Maple Pool USDC1,0.8459117215
2025-08-30,Altcoin Lending,1
2025-08-30,Maple Direct USDC1,0.9977135628
2025-08-30,Syrup USDC,0.9352989997
2025-08-31,Maple Direct USDC1,0.9979543109
2025-08-31,Altcoin Lending,1
2025-08-31,High Yield Secured Lending Maple Pool USDC1,0.8448571824
2025-08-31,Syrup USDT,0.9284445769
2025-08-31,Syrup USDC,0.9297168855
2025-09-01,High Yield Secured Lending Maple Pool USDC1,0.8840684697
2025-09-01,Syrup USDT,0.926967334
2025-09-01,Syrup USDC,0.9296221457
2025-09-01,Maple Direct USDC1,0.9753364296
2025-09-02,Syrup USDT,0.9283761865
2025-09-02,Altcoin Lending,1
2025-09-02,Maple Direct USDC1,0.9753364296
2025-09-02,Syrup USDC,0.9289641387
2025-09-02,High Yield Secured Lending Maple Pool USDC1,0.8840161584
2025-09-03,High Yield Secured Lending Maple Pool USDC1,0.8842312618
2025-09-03,Syrup USDT,0.9278840605
2025-09-03,Syrup USDC,0.9624354911
2025-09-03,Altcoin Lending,1
2025-09-03,Maple Direct USDC1,0.9999700292
2025-09-04,Syrup USDC,0.9249550773
2025-09-04,Maple Direct USDC1,0.9999700292
2025-09-04,Altcoin Lending,1
2025-09-04,Syrup USDT,0.9345363973
2025-09-04,High Yield Secured Lending Maple Pool USDC1,0.8817731159
2025-09-05,Maple Direct USDC1,0.9999700292
2025-09-05,Altcoin Lending,1
2025-09-05,Syrup USDT,0.9345356271
2025-09-05,High Yield Secured Lending Maple Pool USDC1,0.8848254135
2025-09-05,Syrup USDC,0.9194463717
2025-09-06,Altcoin Lending,1
2025-09-06,High Yield Secured Lending Maple Pool USDC1,0.8728717641
2025-09-06,Maple Direct USDC1,0.9999700292
2025-09-06,Syrup USDT,0.93209235
2025-09-06,Syrup USDC,0.9152775083
2025-09-07,Maple Direct USDC1,0.9999700292
2025-09-07,Syrup USDC,0.9146426061
2025-09-07,High Yield Secured Lending Maple Pool USDC1,0.8746642134
2025-09-07,Syrup USDT,0.9235923202
2025-09-07,Altcoin Lending,1
2025-09-08,Maple Direct USDC1,0.9999700292
2025-09-08,Syrup USDT,0.9969724843
2025-09-08,Syrup USDC,0.9143626896
2025-09-08,High Yield Secured Lending Maple Pool USDC1,0.8746130091
2025-09-08,Altcoin Lending,1
2025-09-09,High Yield Secured Lending Maple Pool USDC1,0.878108615
2025-09-09,Syrup USDC,0.8859128336
2025-09-09,Maple Direct USDC1,0.9999700292
2025-09-09,Altcoin Lending,1
2025-09-09,Syrup USDT,0.9868047487
2025-09-10,Maple Direct USDC1,0.9999700292
2025-09-10,Syrup USDC,0.9104569704
2025-09-10,High Yield Secured Lending Maple Pool USDC1,0.8888765068
2025-09-10,Syrup USDT,0.984497869
2025-09-10,Altcoin Lending,1
2025-09-11,Maple Direct USDC1,0.9999700292
2025-09-11,High Yield Secured Lending Maple Pool USDC1,0.8778350385
2025-09-11,Syrup USDC,0.9161763311
2025-09-11,Syrup USDT,0.9717601554
2025-09-11,Altcoin Lending,1
2025-09-12,High Yield Secured Lending Maple Pool USDC1,0.881287409
2025-09-12,Syrup USDT,0.9688760144
2025-09-12,Maple Direct USDC1,0.9972857122
2025-09-12,Altcoin Lending,1
2025-09-12,Syrup USDC,0.9164299967
2025-09-13,Maple Direct USDC1,0.9972857122
2025-09-13,Altcoin Lending,1
2025-09-13,Syrup USDC,0.9783221522
2025-09-13,High Yield Secured Lending Maple Pool USDC1,0.880924283
2025-09-13,Syrup USDT,0.9679256034
2025-09-14,Altcoin Lending,1
2025-09-14,Syrup USDC,0.9670430931
2025-09-14,Syrup USDT,0.9699579353
2025-09-14,Maple Direct USDC1,0.9972857122
2025-09-14,High Yield Secured Lending Maple Pool USDC1,0.8674662108
2025-09-15,Altcoin Lending,1
2025-09-15,Maple Direct USDC1,0.9972857122
2025-09-15,Syrup USDC,0.96227388
2025-09-15,Syrup USDT,0.9980350389
2025-09-15,High Yield Secured Lending Maple Pool USDC1,0.8674662108
2025-09-16,Syrup USDT,0.4958827935
2025-09-16,Maple Direct USDC1,0.9958166321
2025-09-16,Altcoin Lending,1
2025-09-16,High Yield Secured Lending Maple Pool USDC1,0.8699043212
2025-09-16,Syrup USDC,0.9809929048
2025-09-17,Syrup USDT,0.4212899173
2025-09-17,Altcoin Lending,1
2025-09-17,High Yield Secured Lending Maple Pool USDC1,0.8657497217
2025-09-17,Maple Direct USDC1,0.9958166321
2025-09-17,Syrup USDC,0.9791218092
2025-09-18,Altcoin Lending,1
2025-09-18,Maple Direct USDC1,0.9469507262
2025-09-18,Syrup USDC,0.9785810402
2025-09-18,High Yield Secured Lending Maple Pool USDC1,0.8642383705
2025-09-18,Syrup USDT,0.357598251
2025-09-19,Altcoin Lending,1
2025-09-19,Maple Direct USDC1,0.9676492896
2025-09-19,High Yield Secured Lending Maple Pool USDC1,0.8697032196
2025-09-19,Syrup USDC,0.9792354111
2025-09-19,Syrup USDT,0.3059775274
2025-09-20,High Yield Secured Lending Maple Pool USDC1,0.8696774088
2025-09-20,Altcoin Lending,1
2025-09-20,Maple Direct USDC1,0.9737025309
2025-09-20,Syrup USDT,0.2989792723
2025-09-20,Syrup USDC,0.9723616239
2025-09-21,Maple Direct USDC1,0.9739943401
2025-09-21,High Yield Secured Lending Maple Pool USDC1,0.8694595906
2025-09-21,Syrup USDT,0.2928896892
2025-09-21,Altcoin Lending,1
2025-09-21,Syrup USDC,0.9677906715
2025-09-22,Syrup USDC,0.971197937
2025-09-22,Altcoin Lending,1
2025-09-22,High Yield Secured Lending Maple Pool USDC1,0.8670641964
2025-09-22,Maple Direct USDC1,0.9739943401
2025-09-22,Syrup USDT,0.2922923322
2025-09-23,Syrup USDC,0.9738426431
2025-09-23,Syrup USDT,0.2935615341
2025-09-23,Altcoin Lending,1
2025-09-23,Maple Direct USDC1,0.9739943401
2025-09-23,High Yield Secured Lending Maple Pool USDC1,0.8655948343
2025-09-24,Syrup USDT,0.4866128214
2025-09-24,Syrup USDC,0.9368096374
2025-09-24,Maple Direct USDC1,0.9719545929
2025-09-24,High Yield Secured Lending Maple Pool USDC1,0.8648531115
2025-09-24,Altcoin Lending,1
2025-09-25,High Yield Secured Lending Maple Pool USDC1,0.8797153905
2025-09-25,Syrup USDC,0.9290416273
2025-09-25,Syrup USDT,0.6451659906
2025-09-25,Maple Direct USDC1,0.9719545929
2025-09-26,Syrup USDT,0.6410067741
2025-09-26,Altcoin Lending,1
2025-09-26,Maple Direct USDC1,0.9719545929
2025-09-26,High Yield Secured Lending Maple Pool USDC1,0.8800746455
2025-09-26,Syrup USDC,0.9328653443
2025-09-27,Syrup USDT,0.6339408732
2025-09-27,Altcoin Lending,1
2025-09-27,High Yield Secured Lending Maple Pool USDC1,0.8800746455
2025-09-27,Maple Direct USDC1,0.9719545929
2025-09-27,Syrup USDC,0.9384780127
2025-09-28,Syrup USDC,0.9378241481
2025-09-28,Maple Direct USDC1,0.9719545929
2025-09-28,Altcoin Lending,1
2025-09-28,Syrup USDT,0.6336144213
2025-09-28,High Yield Secured Lending Maple Pool USDC1,0.8800250536
2025-09-29,Syrup USDC,0.9360995009
2025-09-29,Altcoin Lending,1
2025-09-29,Syrup USDT,0.6278838479
2025-09-29,High Yield Secured Lending Maple Pool USDC1,0.8790018251
2025-09-29,Maple Direct USDC1,0.9719545929
2025-09-30,Syrup USDC,0.9435982088
2025-09-30,Syrup USDT,0.962921596
2025-09-30,High Yield Secured Lending Maple Pool USDC1,0.8746661632
2025-09-30,Maple Direct USDC1,0.9714800349
2025-09-30,Altcoin Lending,1
2025-10-01,Syrup USDT,0.9555922237
2025-10-01,Altcoin Lending,1
2025-10-01,High Yield Secured Lending Maple Pool USDC1,0.9665644761
2025-10-01,Syrup USDC,0.9472685556
2025-10-01,Maple Direct USDC1,0.983801833
2025-10-02,Maple Direct USDC1,0.9827288664
2025-10-02,Altcoin Lending,1
2025-10-02,High Yield Secured Lending Maple Pool USDC1,0.9659889459
2025-10-02,Syrup USDC,0.9521369479
2025-10-02,Syrup USDT,0.923140503
2025-10-03,Maple Direct USDC1,0.9826590239
2025-10-03,High Yield Secured Lending Maple Pool USDC1,0.961286195
2025-10-03,Syrup USDC,0.9381888358
2025-10-03,Syrup USDT,0.7090850625
2025-10-03,Altcoin Lending,1
2025-10-04,Syrup USDT,0.6026499213
2025-10-04,Altcoin Lending,1
2025-10-04,High Yield Secured Lending Maple Pool USDC1,0.9614289733
2025-10-04,Syrup USDC,0.9446910478
2025-10-04,Maple Direct USDC1,0.9826590239
2025-10-05,High Yield Secured Lending Maple Pool USDC1,0.9612947498
2025-10-05,Syrup USDC,0.9415481471
2025-10-05,Syrup USDT,0.5959226415
2025-10-05,Altcoin Lending,1
2025-10-05,Maple Direct USDC1,0.9826590239
2025-10-06,Syrup USDT,0.6345384152
2025-10-06,Maple Direct USDC1,0.9890932113
2025-10-06,Altcoin Lending,1
2025-10-06,High Yield Secured Lending Maple Pool USDC1,0.9624311913
2025-10-06,Syrup USDC,0.9401183221
2025-10-07,Maple Direct USDC1,0.9890932113
2025-10-07,Altcoin Lending,1
2025-10-07,High Yield Secured Lending Maple Pool USDC1,0.9598806732
2025-10-07,Syrup USDC,0.9440487261
2025-10-07,Syrup USDT,0.616081615
2025-10-08,Syrup USDT,0.6142090166
2025-10-08,Syrup USDC,0.9405073879
2025-10-08,High Yield Secured Lending Maple Pool USDC1,0.9583206523
2025-10-08,Altcoin Lending,1
2025-10-08,Maple Direct USDC1,0.9890932113
2025-10-09,Syrup USDC,0.9319366197
2025-10-09,Altcoin Lending,1
2025-10-09,Syrup USDT,0.6052877806
2025-10-09,High Yield Secured Lending Maple Pool USDC1,0.9582175951
2025-10-09,Maple Direct USDC1,0.9890932113
2025-10-10,High Yield Secured Lending Maple Pool USDC1,0.9582175951
2025-10-10,Syrup USDT,0.7511047727
2025-10-10,Maple Direct USDC1,0.9890932113
2025-10-10,Syrup USDC,0.9433245053
2025-10-11,High Yield Secured Lending Maple Pool USDC1,0.9580973288
2025-10-11,Maple Direct USDC1,0.9890932113
2025-10-11,Syrup USDT,0.9092909794
2025-10-11,Syrup USDC,0.9646363504
2025-10-12,Syrup USDT,0.9167832677
2025-10-12,High Yield Secured Lending Maple Pool USDC1,0.9579322734
2025-10-12,Maple Direct USDC1,0.9890932113
2025-10-12,Syrup USDC,0.95810966
2025-10-13,Syrup USDT,0.807152088
2025-10-13,High Yield Secured Lending Maple Pool USDC1,0.9991094046
2025-10-13,Altcoin Lending,1
2025-10-13,Maple Direct USDC1,0.9978681994
2025-10-13,Syrup USDC,0.9439086186
2025-10-14,Maple Direct USDC1,0.9978681994
2025-10-14,Altcoin Lending,1
2025-10-14,Syrup USDC,0.9286553005
2025-10-14,Syrup USDT,0.6759129601
2025-10-14,High Yield Secured Lending Maple Pool USDC1,0.9978660649
2025-10-15,Syrup USDC,0.9017038202
2025-10-15,Maple Direct USDC1,0.9978681994
2025-10-15,High Yield Secured Lending Maple Pool USDC1,0.9976837161
2025-10-15,Syrup USDT,0.707867572
2025-10-16,Syrup USDC,0.868499987
2025-10-16,High Yield Secured Lending Maple Pool USDC1,0.9580883804
2025-10-16,Maple Direct USDC1,0.9965490173
2025-10-16,Syrup USDT,0.7126540465
2025-10-17,High Yield Secured Lending Maple Pool USDC1,0.9414111305
2025-10-17,Syrup USDC,0.8765396522
2025-10-17,Syrup USDT,0.7500281396
2025-10-17,Maple Direct USDC1,0.9634415992
2025-10-18,High Yield Secured Lending Maple Pool USDC1,0.9337335543
2025-10-18,Syrup USDC,0.8709121219
2025-10-18,Maple Direct USDC1,0.9634415992
2025-10-18,Syrup USDT,0.7413595432
2025-10-19,High Yield Secured Lending Maple Pool USDC1,0.9314701584
2025-10-19,Syrup USDC,0.8613244062
2025-10-19,Maple Direct USDC1,0.9634415992
2025-10-19,Syrup USDT,0.7351233286
2025-10-20,High Yield Secured Lending Maple Pool USDC1,0.9313971787
2025-10-20,Syrup USDC,0.8539754493
2025-10-20,Maple Direct USDC1,0.9634415992
2025-10-20,Syrup USDT,0.6988937662
2025-10-21,Syrup USDT,0.6157546841
2025-10-21,Maple Direct USDC1,0.9634415992
2025-10-21,Syrup USDC,0.8569027494
2025-10-21,High Yield Secured Lending Maple Pool USDC1,0.941513528
2025-10-22,Maple Direct USDC1,0.9999981063
2025-10-22,High Yield Secured Lending Maple Pool USDC1,0.9416751495
2025-10-22,Syrup USDC,0.8247160722
2025-10-22,Syrup USDT,0.6866822817
2025-10-23,Syrup USDT,0.7914935923
2025-10-23,High Yield Secured Lending Maple Pool USDC1,0.9303737849
2025-10-23,Syrup USDC,0.8290098788
2025-10-23,Maple Direct USDC1,0.9999981063
2025-10-24,Maple Direct USDC1,0.9999981063
2025-10-24,Syrup USDC,0.824470637
2025-10-24,High Yield Secured Lending Maple Pool USDC1,0.9293211963
2025-10-24,Syrup USDT,0.7924858562
2025-10-25,High Yield Secured Lending Maple Pool USDC1,0.9292582813
2025-10-25,Syrup USDC,0.8257425199
2025-10-25,Maple Direct USDC1,0.9999981063
2025-10-25,Syrup USDT,0.792603342
2025-10-26,Syrup USDC,0.8239991058
2025-10-26,High Yield Secured Lending Maple Pool USDC1,0.9293533862
2025-10-26,Altcoin Lending,1
2025-10-26,Syrup USDT,0.7962736355
2025-10-26,Maple Direct USDC1,0.9999981063
2025-10-27,Syrup USDC,0.8228063288
2025-10-27,Maple Direct USDC1,0.9999981063
2025-10-27,High Yield Secured Lending Maple Pool USDC1,0.9543163777
2025-10-27,Syrup USDT,0.9163232872
2025-10-28,Maple Direct USDC1,0.9999972179
2025-10-28,High Yield Secured Lending Maple Pool USDC1,0.9513337601
2025-10-28,Syrup USDC,0.7852311797
2025-10-28,Syrup USDT,0.8890560633
2025-10-29,Syrup USDC,0.7865059409
2025-10-29,Maple Direct USDC1,0.9999972179
2025-10-29,Syrup USDT,0.8129763479
2025-10-29,High Yield Secured Lending Maple Pool USDC1,0.8974176158
2025-10-30,Maple Direct USDC1,0.9766200824
2025-10-30,Syrup USDT,0.821349868
2025-10-30,Syrup USDC,0.7789002575
2025-10-30,High Yield Secured Lending Maple Pool USDC1,0.9960160775
2025-10-31,High Yield Secured Lending Maple Pool USDC1,0.9883433194
2025-10-31,Maple Direct USDC1,0.9445943187
2025-10-31,Syrup USDT,0.8188744484
2025-10-31,Syrup USDC,0.7476321734
2025-11-01,High Yield Secured Lending Maple Pool USDC1,0.9790424591
2025-11-01,Syrup USDT,0.8205373207
2025-11-01,Maple Direct USDC1,0.9423285633
2025-11-01,Syrup USDC,0.7528516843
2025-11-02,Maple Direct USDC1,0.9423285633
2025-11-02,Syrup USDT,0.8179254389
2025-11-02,High Yield Secured Lending Maple Pool USDC1,0.975746163
2025-11-02,Syrup USDC,0.7574866137
2025-11-03,Syrup USDC,0.7229502228
2025-11-03,Maple Direct USDC1,0.9999990346
2025-11-03,High Yield Secured Lending Maple Pool USDC1,0.9426728219
2025-11-03,Syrup USDT,0.8193140609
2025-11-04,Maple Direct USDC1,0.9999990346
2025-11-04,Syrup USDC,0.7580150593
2025-11-04,Syrup USDT,0.8417463247
2025-11-04,High Yield Secured Lending Maple Pool USDC1,0.9194250167
2025-11-05,Syrup USDC,0.7775123145
2025-11-05,High Yield Secured Lending Maple Pool USDC1,0.9168552098
2025-11-05,Maple Direct USDC1,0.9999990346
2025-11-05,Syrup USDT,0.9442058562
2025-11-06,Syrup USDC,0.7833221594
2025-11-06,High Yield Secured Lending Maple Pool USDC1,0.9070985566
2025-11-06,Syrup USDT,0.9602314431
2025-11-06,Maple Direct USDC1,0.9999990346
2025-11-07,Syrup USDT,0.9683653754
2025-11-07,High Yield Secured Lending Maple Pool USDC1,0.8857054739
2025-11-07,Syrup USDC,0.7899186283
2025-11-07,Maple Direct USDC1,0.9999990346
2025-11-08,High Yield Secured Lending Maple Pool USDC1,0.8856237781
2025-11-08,Syrup USDT,0.971211454
2025-11-08,Syrup USDC,0.792218944
2025-11-08,Maple Direct USDC1,0.9999990346
2025-11-09,Syrup USDC,0.7950282319
2025-11-09,Maple Direct USDC1,0.9999990346
2025-11-09,High Yield Secured Lending Maple Pool USDC1,0.8776162501
2025-11-09,Syrup USDT,0.9774096544
2025-11-10,Syrup USDC,0.7756334433
2025-11-10,High Yield Secured Lending Maple Pool USDC1,0.951768522
2025-11-10,Syrup USDT,0.9780610156
2025-11-10,Maple Direct USDC1,0.9838895732
2025-11-11,Maple Direct USDC1,0.9994052441
2025-11-11,High Yield Secured Lending Maple Pool USDC1,0.9420965186
2025-11-11,Syrup USDT,0.9686607469
2025-11-11,Syrup USDC,0.7436517661
2025-11-12,Syrup USDT,0.9831528454
2025-11-12,Maple Direct USDC1,0.9997431158
2025-11-12,Syrup USDC,0.7980062829
2025-11-12,High Yield Secured Lending Maple Pool USDC1,0.9962522847
2025-11-13,Syrup USDT,0.9854940106
2025-11-13,Maple Direct USDC1,0.9997431158
2025-11-13,Syrup USDC,0.7987121295
2025-11-13,High Yield Secured Lending Maple Pool USDC1,0.967169545
2025-11-14,Maple Direct USDC1,0.9982815836
2025-11-14,Syrup USDC,0.7869029756
2025-11-14,Syrup USDT,0.9792616496
2025-11-14,High Yield Secured Lending Maple Pool USDC1,0.9031487909
2025-11-15,Syrup USDC,0.788763143
2025-11-15,Maple Direct USDC1,0.9982815836
2025-11-15,High Yield Secured Lending Maple Pool USDC1,0.9029510964
2025-11-15,Syrup USDT,0.9761751211
2025-11-16,High Yield Secured Lending Maple Pool USDC1,0.9028753952
2025-11-16,Maple Direct USDC1,0.9982815836
2025-11-16,Syrup USDT,0.9790081067
2025-11-16,Syrup USDC,0.7877582979
2025-11-17,Maple Direct USDC1,0.9936156918
2025-11-17,Syrup USDT,0.9937249232
2025-11-17,Syrup USDC,0.7911906647
2025-11-17,High Yield Secured Lending Maple Pool USDC1,0.927395857
2025-11-18,High Yield Secured Lending Maple Pool USDC1,0.9273456323
2025-11-18,Maple Direct USDC1,0.9936156918
2025-11-18,Syrup USDT,0.9756071477
2025-11-18,Syrup USDC,0.7654369669
2025-11-19,Maple Direct USDC1,0.9936156918
2025-11-19,Syrup USDT,0.8550201496
2025-11-19,High Yield Secured Lending Maple Pool USDC1,0.9352336072
2025-11-19,Syrup USDC,0.7486160321
2025-11-20,Syrup USDT,0.8631815241
2025-11-20,Maple Direct USDC1,0.9990791903
2025-11-20,Syrup USDC,0.7372205717
2025-11-20,High Yield Secured Lending Maple Pool USDC1,0.9858173521
2025-11-21,Maple Direct USDC1,0.9990791903
2025-11-21,Syrup USDC,0.741872769
2025-11-21,High Yield Secured Lending Maple Pool USDC1,0.9917109007
2025-11-21,Syrup USDT,0.8295949292
2025-11-22,Syrup USDT,0.9376932485
2025-11-22,High Yield Secured Lending Maple Pool USDC1,0.9917970815
2025-11-22,Maple Direct USDC1,0.9990791903
2025-11-22,Syrup USDC,0.7427899813
2025-11-23,Maple Direct USDC1,0.9990791903
2025-11-23,High Yield Secured Lending Maple Pool USDC1,0.9919782546
2025-11-23,Syrup USDC,0.7428124714
2025-11-23,Syrup USDT,0.9357204206
2025-11-24,Maple Direct USDC1,0.9990791903
2025-11-24,High Yield Secured Lending Maple Pool USDC1,0.9904574418
2025-11-24,Syrup USDC,0.8020851202
2025-11-24,Syrup USDT,0.8899503597
2025-11-25,Syrup USDT,0.9400212378
2025-11-25,Syrup USDC,0.739429431
2025-11-25,High Yield Secured Lending Maple Pool USDC1,0.9998162977
2025-11-26,High Yield Secured Lending Maple Pool USDC1,0.9984617618
2025-11-26,Syrup USDC,0.7427881885
2025-11-26,Syrup USDT,0.941562384
2025-11-27,Syrup USDT,0.8657826492
2025-11-27,Syrup USDC,0.7498392523
2025-11-27,High Yield Secured Lending Maple Pool USDC1,0.9981861454
2025-11-28,Syrup USDT,0.8550624038
2025-11-28,High Yield Secured Lending Maple Pool USDC1,0.9851788279
2025-11-28,Syrup USDC,0.736733376
2025-11-29,High Yield Secured Lending Maple Pool USDC1,0.9849379763
2025-11-29,Syrup USDT,0.8530822642
2025-11-29,Syrup USDC,0.7350678234
2025-11-30,Syrup USDC,0.7382877931
2025-11-30,Syrup USDT,0.848049025
2025-11-30,High Yield Secured Lending Maple Pool USDC1,0.984579818
2025-12-01,High Yield Secured Lending Maple Pool USDC1,0.9957322933
2025-12-01,Syrup USDT,0.7816078995
2025-12-01,Syrup USDC,0.6834355043
2025-12-02,High Yield Secured Lending Maple Pool USDC1,0.9910073039
2025-12-02,Syrup USDC,0.6739182785
2025-12-02,Syrup USDT,0.889862753
2025-12-03,Syrup USDC,0.6542619161
2025-12-03,Syrup USDT,0.7863494067
2025-12-03,High Yield Secured Lending Maple Pool USDC1,0.9731631839
2025-12-04,Syrup USDT,0.8836640951
2025-12-04,Syrup USDC,0.7019722564
2025-12-04,High Yield Secured Lending Maple Pool USDC1,0.9677006998
2025-12-05,Syrup USDT,0.8058791231
2025-12-05,Syrup USDC,0.6775768895
2025-12-05,High Yield Secured Lending Maple Pool USDC1,0.9689902855
2025-12-06,Syrup USDT,0.8047255921
2025-12-06,Syrup USDC,0.6765281083
2025-12-06,High Yield Secured Lending Maple Pool USDC1,0.9684426921
2025-12-07,Syrup USDT,0.8052297433
2025-12-07,High Yield Secured Lending Maple Pool USDC1,0.9680475628
2025-12-07,Syrup USDC,0.6769438538
2025-12-08,High Yield Secured Lending Maple Pool USDC1,0.9632172265
2025-12-08,Syrup USDC,0.6408598193
2025-12-08,Syrup USDT,0.8001245075
2025-12-09,Syrup USDC,0.5954007145
2025-12-09,Syrup USDT,0.8715502671
2025-12-09,High Yield Secured Lending Maple Pool USDC1,0.9380380994
2025-12-10,Syrup USDC,0.5902333587
2025-12-10,High Yield Secured Lending Maple Pool USDC1,0.9999998747
2025-12-10,Syrup USDT,0.8803433561
2025-12-11,High Yield Secured Lending Maple Pool USDC1,0.9941056694
2025-12-11,Syrup USDC,0.5294974098
2025-12-11,Syrup USDT,0.8900202176
2025-12-12,Syrup USDT,0.8876949251
2025-12-12,High Yield Secured Lending Maple Pool USDC1,0.9934523041
2025-12-12,Syrup USDC,0.5791080245
2025-12-13,Syrup USDC,0.5741465204
2025-12-13,High Yield Secured Lending Maple Pool USDC1,0.9892514673
2025-12-13,Syrup USDT,0.8878066879
2025-12-14,Syrup USDC,0.572880392
2025-12-14,High Yield Secured Lending Maple Pool USDC1,0.9881550904
2025-12-14,Syrup USDT,0.8857482715
2025-12-15,High Yield Secured Lending Maple Pool USDC1,0.9967483145
2025-12-15,Syrup USDT,0.885649689
2025-12-15,Syrup USDC,0.5702798395
2025-12-16,Syrup USDC,0.5486149716
2025-12-16,Syrup USDT,0.8847094542
2025-12-16,High Yield Secured Lending Maple Pool USDC1,0.9955425008
2025-12-17,Syrup USDT,0.8844793886
2025-12-17,High Yield Secured Lending Maple Pool USDC1,0.9963185698
2025-12-17,Syrup USDC,0.547282143
2025-12-18,High Yield Secured Lending Maple Pool USDC1,0.9853962103
2025-12-18,Syrup USDT,0.8867095732
2025-12-18,Syrup USDC,0.4479790966
2025-12-19,Syrup USDT,0.8863318233
2025-12-19,High Yield Secured Lending Maple Pool USDC1,0.9756887428
2025-12-19,Syrup USDC,0.4472808123
2025-12-20,Syrup USDC,0.4469197819
2025-12-20,Syrup USDT,0.8956645842
2025-12-20,High Yield Secured Lending Maple Pool USDC1,0.9751761372
2025-12-21,Syrup USDT,0.8969083162
2025-12-21,Syrup USDC,0.4497451568
2025-12-21,High Yield Secured Lending Maple Pool USDC1,0.9749190006
2025-12-22,High Yield Secured Lending Maple Pool USDC1,0.9864705613
2025-12-22,Syrup USDC,0.4290365769
2025-12-22,Syrup USDT,0.9029052091
2025-12-23,Syrup USDT,0.9572994898
2025-12-23,Syrup USDC,0.7280457742
2025-12-23,High Yield Secured Lending Maple Pool USDC1,0.9754268315
2025-12-24,Syrup USDC,0.7225177472
2025-12-24,High Yield Secured Lending Maple Pool USDC1,0.9701867295
2025-12-24,Syrup USDT,0.9668157855
2025-12-25,High Yield Secured Lending Maple Pool USDC1,0.9692110317
2025-12-25,Syrup USDC,0.7245753731
2025-12-25,Syrup USDT,0.9737877223
2025-12-26,High Yield Secured Lending Maple Pool USDC1,0.9635003344
2025-12-26,Syrup USDC,0.787563535
2025-12-26,Syrup USDT,0.9734368716
2025-12-27,High Yield Secured Lending Maple Pool USDC1,0.9630711375
2025-12-27,Syrup USDT,0.9727972871
2025-12-27,Syrup USDC,0.7892896758
2025-12-28,Syrup USDT,0.9413332036
2025-12-28,High Yield Secured Lending Maple Pool USDC1,0.9622784699
2025-12-28,Syrup USDC,0.7904700357
2025-12-29,Syrup USDT,0.8285897035
2025-12-29,High Yield Secured Lending Maple Pool USDC1,0.9623577463
2025-12-29,Syrup USDC,0.8481648271
2025-12-30,High Yield Secured Lending Maple Pool USDC1,0.9606832848
2025-12-30,Syrup USDC,0.8939505275
2025-12-30,Syrup USDT,0.8340977442
2025-12-31,High Yield Secured Lending Maple Pool USDC1,0.9569763069
2025-12-31,Syrup USDC,0.9891991397
2025-12-31,Syrup USDT,0.9313866884
2026-01-01,Syrup USDC,0.9644834694
2026-01-01,Syrup USDT,0.928221154
2026-01-01,High Yield Secured Lending Maple Pool USDC1,0.9530120007
2026-01-02,Syrup USDC,0.5811447888
2026-01-02,Syrup USDT,0.9051243793
2026-01-02,High Yield Secured Lending Maple Pool USDC1,0.9504637107
2026-01-03,Syrup USDT,0.9273109548
2026-01-03,High Yield Secured Lending Maple Pool USDC1,0.9504257065
2026-01-03,Syrup USDC,0.5701239544
2026-01-04,Syrup USDT,0.9279926734
2026-01-04,High Yield Secured Lending Maple Pool USDC1,0.9503624183
2026-01-04,Syrup USDC,0.5621269828
2026-01-05,Syrup USDT,0.9032900362
2026-01-05,Syrup USDC,0.5497433166
2026-01-05,High Yield Secured Lending Maple Pool USDC1,0.927468222
2026-01-06,Syrup USDC,0.5682702485
2026-01-06,Syrup USDT,0.936355863
2026-01-06,High Yield Secured Lending Maple Pool USDC1,0.9252791034
2026-01-07,Syrup USDC,0.5575644644
2026-01-07,Syrup USDT,0.9906675398
2026-01-07,High Yield Secured Lending Maple Pool USDC1,0.9161031464
2026-01-08,High Yield Secured Lending Maple Pool USDC1,0.9165276649
2026-01-08,Syrup USDC,0.5595146673
2026-01-08,Syrup USDT,0.9426286999
2026-01-09,Syrup USDC,0.5959926785
2026-01-09,Syrup USDT,0.9904359707
2026-01-09,High Yield Secured Lending Maple Pool USDC1,0.9166906494
2026-01-10,Syrup USDT,0.9922996264
2026-01-10,High Yield Secured Lending Maple Pool USDC1,0.9166273007
2026-01-10,Syrup USDC,0.5998018263
2026-01-11,High Yield Secured Lending Maple Pool USDC1,0.9164992877
2026-01-11,Syrup USDT,0.9845666839
2026-01-11,Syrup USDC,0.602965396
2026-01-12,High Yield Secured Lending Maple Pool USDC1,0.9312277408
2026-01-12,Syrup USDC,0.6012608706
2026-01-12,Syrup USDT,0.9815547818
2026-01-13,Syrup USDC,0.5978493398
2026-01-13,High Yield Secured Lending Maple Pool USDC1,0.9193178172
2026-01-13,Syrup USDT,0.9613498643
2026-01-14,High Yield Secured Lending Maple Pool USDC1,0.9933166238
2026-01-14,Syrup USDC,0.610731138
2026-01-14,Syrup USDT,0.9732342625
2026-01-15,High Yield Secured Lending Maple Pool USDC1,0.9999998725
2026-01-15,Syrup USDT,0.9863723309
2026-01-15,Syrup USDC,0.6100557585
2026-01-16,High Yield Secured Lending Maple Pool USDC1,0.9966846878
2026-01-16,Syrup USDC,0.6103626053
2026-01-16,Syrup USDT,0.9821546146
2026-01-17,Syrup USDC,0.6091670002
2026-01-17,High Yield Secured Lending Maple Pool USDC1,0.9828180414
2026-01-17,Syrup USDT,0.9744925283
2026-01-18,Syrup USDC,0.6115183412
2026-01-18,Syrup USDT,0.9507818155
2026-01-18,High Yield Secured Lending Maple Pool USDC1,0.989282832
2026-01-19,Syrup USDT,0.877179395
2026-01-19,High Yield Secured Lending Maple Pool USDC1,0.9889504488
2026-01-19,Syrup USDC,0.6050431515
2026-01-20,Syrup USDT,0.8764157687
2026-01-20,Syrup USDC,0.6050475733
2026-01-20,High Yield Secured Lending Maple Pool USDC1,0.9723098325
2026-01-21,Syrup USDT,0.852111889
2026-01-21,High Yield Secured Lending Maple Pool USDC1,0.9720038668
2026-01-21,Syrup USDC,0.7698952819
2026-01-22,Syrup USDC,0.7822169336
2026-01-22,High Yield Secured Lending Maple Pool USDC1,0.9528047367
2026-01-22,Syrup USDT,0.8326231452
2026-01-23,High Yield Secured Lending Maple Pool USDC1,0.924132379
2026-01-23,Syrup USDT,0.8932989116
2026-01-23,Syrup USDC,0.7783977355
2026-01-24,Syrup USDC,0.7766213305
2026-01-24,Syrup USDT,0.8871153016
2026-01-24,High Yield Secured Lending Maple Pool USDC1,0.9237043458
2026-01-25,High Yield Secured Lending Maple Pool USDC1,0.9235235917
2026-01-25,Syrup USDT,0.8406265276
2026-01-25,Syrup USDC,0.7606812188
2026-01-26,High Yield Secured Lending Maple Pool USDC1,0.9254006928
2026-01-26,Syrup USDC,0.8000305381
2026-01-26,Syrup USDT,0.931765406
2026-01-27,Syrup USDT,0.9328896916
2026-01-27,Syrup USDC,0.7666837167
2026-01-27,High Yield Secured Lending Maple Pool USDC1,0.9200942901
2026-01-28,Syrup USDT,0.9294744837
2026-01-28,Syrup USDC,0.7720326148
2026-01-28,High Yield Secured Lending Maple Pool USDC1,0.9213622181
2026-01-29,High Yield Secured Lending Maple Pool USDC1,0.9872085038
2026-01-29,Syrup USDC,0.7220538469
2026-01-29,Syrup USDT,0.9653355878
2026-01-30,Syrup USDC,0.7073604424
2026-01-30,Syrup USDT,0.971508368
2026-01-30,High Yield Secured Lending Maple Pool USDC1,0.9616404374
2026-01-31,High Yield Secured Lending Maple Pool USDC1,0.9615472536
2026-01-31,Syrup USDT,0.921495359
2026-01-31,Syrup USDC,0.683483149
2026-02-01,Syrup USDT,0.9167318895
2026-02-01,High Yield Secured Lending Maple Pool USDC1,0.955212365
2026-02-01,Syrup USDC,0.6827665886
2026-02-02,Syrup USDC,0.6871616803
2026-02-02,High Yield Secured Lending Maple Pool USDC1,0.9539541288
2026-02-02,Syrup USDT,0.9326843845
2026-02-03,Syrup USDC,0.6081360455
2026-02-03,Syrup USDT,0.9599073814
2026-02-03,High Yield Secured Lending Maple Pool USDC1,0.9685102967
2026-02-04,Syrup USDC,0.5399440801
2026-02-04,High Yield Secured Lending Maple Pool USDC1,0.9733446711
2026-02-04,Syrup USDT,0.9467472559
2026-02-05,Syrup USDC,0.5120671618
2026-02-05,High Yield Secured Lending Maple Pool USDC1,0.8892700298
2026-02-05,Syrup USDT,0.9206166107
2026-02-06,High Yield Secured Lending Maple Pool USDC1,0.8890736654
2026-02-06,Syrup USDT,0.9553902326
2026-02-06,Syrup USDC,0.5907744499
2026-02-07,High Yield Secured Lending Maple Pool USDC1,0.889066853
2026-02-07,Syrup USDT,0.9854940879
2026-02-07,Syrup USDC,0.5706683284
2026-02-08,High Yield Secured Lending Maple Pool USDC1,0.8885815733
2026-02-08,Syrup USDC,0.5626398512
2026-02-08,Syrup USDT,0.9964352777
2026-02-09,Syrup USDT,0.9413667156
2026-02-09,High Yield Secured Lending Maple Pool USDC1,0.8935292988
2026-02-09,Syrup USDC,0.5605546075
2026-02-10,Syrup USDC,0.6918458869
2026-02-10,Syrup USDT,0.9568604027
2026-02-10,High Yield Secured Lending Maple Pool USDC1,0.8977018729
2026-02-11,Syrup USDT,0.926480838
2026-02-11,High Yield Secured Lending Maple Pool USDC1,0.3505564691
2026-02-11,Syrup USDC,0.6887097648
2026-02-12,Syrup USDC,0.689878623
2026-02-12,High Yield Secured Lending Maple Pool USDC1,0.3512250275
2026-02-12,Syrup USDT,0.9345354113
2026-02-13,Syrup USDC,0.6939170652
2026-02-13,Syrup USDT,0.9931284879
2026-02-13,High Yield Secured Lending Maple Pool USDC1,0.3509309647
2026-02-14,High Yield Secured Lending Maple Pool USDC1,0.3476098749
2026-02-14,Syrup USDT,0.9806783814
2026-02-14,Syrup USDC,0.6916448009
2026-02-15,Syrup USDC,0.6899283647
2026-02-15,Syrup USDT,0.9710671845
2026-02-15,High Yield Secured Lending Maple Pool USDC1,0.3735921193
2026-02-16,Syrup USDT,0.9864419704
2026-02-16,Syrup USDC,0.6842036887
2026-02-16,High Yield Secured Lending Maple Pool USDC1,0.3706350525
2026-02-17,Syrup USDT,0.9695403695
2026-02-17,High Yield Secured Lending Maple Pool USDC1,0.3658781666
2026-02-17,Syrup USDC,0.6794224156
2026-02-18,High Yield Secured Lending Maple Pool USDC1,0.362396765
2026-02-18,Syrup USDC,0.6791567142
2026-02-18,Syrup USDT,0.9907622712
2026-02-19,Syrup USDC,0.6706786027
2026-02-19,High Yield Secured Lending Maple Pool USDC1,0.2787577823
2026-02-19,Syrup USDT,0.9974777602
2026-02-20,Syrup USDC,0.6690489174
2026-02-20,High Yield Secured Lending Maple Pool USDC1,0.2785781565
2026-02-20,Syrup USDT,0.9849007765
2026-02-21,Syrup USDC,0.6691366381
2026-02-21,Syrup USDT,0.9864273017
2026-02-21,High Yield Secured Lending Maple Pool USDC1,0.2785958547
2026-02-22,High Yield Secured Lending Maple Pool USDC1,0.281416504
2026-02-22,Syrup USDT,0.991560428
2026-02-22,Syrup USDC,0.6702179162
2026-02-23,High Yield Secured Lending Maple Pool USDC1,0.2859446656
2026-02-23,Syrup USDT,0.988975205
2026-02-23,Syrup USDC,0.6750731655
2026-02-24,Syrup USDC,0.6786821212
2026-02-24,High Yield Secured Lending Maple Pool USDC1,0.298191294
2026-02-24,Syrup USDT,0.9917829892
2026-02-25,High Yield Secured Lending Maple Pool USDC1,0.2963562985
2026-02-25,Syrup USDC,0.677419266
2026-02-25,Syrup USDT,0.9953567989
2026-02-26,Syrup USDT,0.9877315911
2026-02-26,Syrup USDC,0.6701703301
2026-02-26,High Yield Secured Lending Maple Pool USDC1,0.2963242993
2026-02-27,High Yield Secured Lending Maple Pool USDC1,0.3049535784
2026-02-27,Syrup USDT,0.9906027069
2026-02-27,Syrup USDC,0.6698597912
2026-02-28,Syrup USDC,0.6718096368
2026-02-28,High Yield Secured Lending Maple Pool USDC1,0.3059125836
2026-02-28,Syrup USDT,0.9717011359
2026-03-01,Syrup USDC,0.6712497738
2026-03-01,Syrup USDT,0.9628907684
2026-03-01,High Yield Secured Lending Maple Pool USDC1,0.3059071652
2026-03-02,Syrup USDC,0.6775604711
2026-03-02,High Yield Secured Lending Maple Pool USDC1,0.3055078805
2026-03-02,Syrup USDT,0.9970601962
2026-03-03,High Yield Secured Lending Maple Pool USDC1,0.3079684055
2026-03-03,Syrup USDC,0.7017780214
2026-03-03,Syrup USDT,0.9942184851
2026-03-04,High Yield Secured Lending Maple Pool USDC1,0.3079684055
2026-03-04,Syrup USDC,0.7509440738
2026-03-04,Syrup USDT,0.9883702383
2026-03-05,Syrup USDC,0.6651935316
2026-03-05,Syrup USDT,0.9905475974
2026-03-05,High Yield Secured Lending Maple Pool USDC1,0.3074585154
2026-03-06,High Yield Secured Lending Maple Pool USDC1,0.3074585154
2026-03-06,Syrup USDT,0.945231535
2026-03-06,Syrup USDC,0.6655167019
2026-03-07,Syrup USDC,0.6555997666
2026-03-07,Syrup USDT,0.9451489664
2026-03-07,High Yield Secured Lending Maple Pool USDC1,0.3073676471
2026-03-08,Syrup USDC,0.6558442738
2026-03-08,Syrup USDT,0.9176033992
2026-03-08,High Yield Secured Lending Maple Pool USDC1,0.3073600857
2026-03-09,Syrup USDT,0.8558239122
2026-03-09,High Yield Secured Lending Maple Pool USDC1,0.3074938276
2026-03-09,Syrup USDC,0.6543898839
2026-03-10,High Yield Secured Lending Maple Pool USDC1,0.3073328603
2026-03-10,Syrup USDC,0.6408316482
2026-03-10,Syrup USDT,0.8885158767
2026-03-11,Syrup USDT,0.9180881647
2026-03-11,High Yield Secured Lending Maple Pool USDC1,0.3373908395
2026-03-11,Syrup USDC,0.6241901027
2026-03-12,High Yield Secured Lending Maple Pool USDC1,0.337426973
2026-03-12,Syrup USDC,0.6035956764
2026-03-12,Syrup USDT,0.9179822762
2026-03-13,Syrup USDT,0.8980174401
2026-03-13,Syrup USDC,0.6017758291
2026-03-13,High Yield Secured Lending Maple Pool USDC1,0.3414298962
2026-03-14,High Yield Secured Lending Maple Pool USDC1,0.3413630565
2026-03-14,Syrup USDC,0.5977616208
2026-03-14,Syrup USDT,0.8818851502
2026-03-15,High Yield Secured Lending Maple Pool USDC1,0.3414148706
2026-03-15,Syrup USDT,0.8826303002
2026-03-15,Syrup USDC,0.5894586224
2026-03-16,Syrup USDT,0.925355788
2026-03-16,Syrup USDC,0.5833746077
2026-03-16,High Yield Secured Lending Maple Pool USDC1,0.3412401796
2026-03-17,High Yield Secured Lending Maple Pool USDC1,0.3501391713
2026-03-17,Syrup USDC,0.5642698746
2026-03-17,Syrup USDT,0.945715398
2026-03-18,High Yield Secured Lending Maple Pool USDC1,0.3597420602
2026-03-18,Syrup USDT,0.9669368886
2026-03-18,Syrup USDC,0.5311747907
2026-03-19,High Yield Secured Lending Maple Pool USDC1,0.3596927802
2026-03-19,Syrup USDC,0.5812457557
2026-03-19,Syrup USDT,0.9491965575
2026-03-20,High Yield Secured Lending Maple Pool USDC1,0.3665836596
2026-03-20,Syrup USDT,0.9356113195
2026-03-20,Syrup USDC,0.5669279011
2026-03-21,High Yield Secured Lending Maple Pool USDC1,0.3666548956
2026-03-21,Syrup USDT,0.9348536372
2026-03-21,Syrup USDC,0.5639853173
2026-03-22,High Yield Secured Lending Maple Pool USDC1,0.3955563997
2026-03-22,Syrup USDC,0.5876550105
2026-03-22,Syrup USDT,0.9902789401
2026-03-23,High Yield Secured Lending Maple Pool USDC1,0.5014050366
2026-03-23,Syrup USDT,0.9357883458
2026-03-23,Syrup USDC,0.5804348307
2026-03-24,Syrup USDC,0.5609132434
2026-03-24,High Yield Secured Lending Maple Pool USDC1,0.5012924066
2026-03-24,Syrup USDT,0.9393167419
2026-03-25,Syrup USDT,0.8511246093
2026-03-25,High Yield Secured Lending Maple Pool USDC1,0.5014503194
2026-03-25,Syrup USDC,0.5592530645
2026-03-26,Syrup USDT,0.9415951066
2026-03-26,High Yield Secured Lending Maple Pool USDC1,0.5082221067
2026-03-26,Syrup USDC,0.6591756967
2026-03-27,Syrup USDT,0.9349482269
2026-03-27,Syrup USDC,0.6596359316
2026-03-27,High Yield Secured Lending Maple Pool USDC1,0.4992675634
2026-03-28,High Yield Secured Lending Maple Pool USDC1,0.4992675634
2026-03-28,Syrup USDT,0.9357713616
2026-03-28,Syrup USDC,0.6530105612
2026-03-29,High Yield Secured Lending Maple Pool USDC1,0.4992675634
2026-03-29,Syrup USDT,0.9385754737
2026-03-29,Syrup USDC,0.6561437955
2026-03-30,Syrup USDC,0.6539943077
2026-03-30,High Yield Secured Lending Maple Pool USDC1,0.5257662802
2026-03-30,Syrup USDT,0.9186962601
2026-03-31,Syrup USDC,0.6461774691
2026-03-31,Syrup USDT,0.9445942786
2026-03-31,High Yield Secured Lending Maple Pool USDC1,0.5232325513
2026-04-01,High Yield Secured Lending Maple Pool USDC1,0.5232099685
2026-04-01,Syrup USDT,0.9646399525
2026-04-01,Syrup USDC,0.6698264539
2026-04-02,Syrup USDT,0.8902212403
2026-04-02,Syrup USDC,0.6024993569
2026-04-02,High Yield Secured Lending Maple Pool USDC1,0.522217592
2026-04-03,High Yield Secured Lending Maple Pool USDC1,0.522217592
2026-04-03,Syrup USDC,0.6013373383
2026-04-03,Syrup USDT,0.8916741077
2026-04-04,Syrup USDT,0.8902157458
2026-04-04,Syrup USDC,0.6012000204
2026-04-04,High Yield Secured Lending Maple Pool USDC1,0.5219836484
2026-04-05,Syrup USDC,0.6028499168
2026-04-05,High Yield Secured Lending Maple Pool USDC1,0.5219605329
2026-04-05,Syrup USDT,0.890656865
2026-04-06,Syrup USDT,0.9398719116
2026-04-06,High Yield Secured Lending Maple Pool USDC1,0.521951068
2026-04-06,Syrup USDC,0.8844458132
2026-04-07,Syrup USDC,0.7587213971
2026-04-07,Syrup USDT,0.9431720072
2026-04-07,High Yield Secured Lending Maple Pool USDC1,0.5283777344
2026-04-08,Syrup USDC,0.7608289309
2026-04-08,High Yield Secured Lending Maple Pool USDC1,0.525833001
2026-04-08,Syrup USDT,0.9444829533
2026-04-09,High Yield Secured Lending Maple Pool USDC1,0.8478722085
2026-04-09,Syrup USDT,0.9455195323
2026-04-09,Syrup USDC,0.7576195299
2026-04-10,High Yield Secured Lending Maple Pool USDC1,0.8193151424
2026-04-10,Syrup USDT,0.9475486562
2026-04-10,Syrup USDC,0.7661166389
2026-04-11,Syrup USDT,0.9471346984
2026-04-11,Syrup USDC,0.7659649097
2026-04-11,High Yield Secured Lending Maple Pool USDC1,0.819276386
2026-04-12,Syrup USDT,0.9456634698
2026-04-12,Syrup USDC,0.7662168487
2026-04-12,High Yield Secured Lending Maple Pool USDC1,0.8192541636
2026-04-13,High Yield Secured Lending Maple Pool USDC1,0.81924387
2026-04-13,Syrup USDC,0.8255376895
2026-04-13,Syrup USDT,0.9493432307
2026-04-14,High Yield Secured Lending Maple Pool USDC1,0.804203623
2026-04-14,Syrup USDT,0.9539542803
2026-04-14,Syrup USDC,0.7944568591
2026-04-15,Syrup USDT,0.9355956342
2026-04-15,High Yield Secured Lending Maple Pool USDC1,0.8041813969
2026-04-15,Syrup USDC,0.815300652
2026-04-16,Syrup USDT,0.950605202
2026-04-16,High Yield Secured Lending Maple Pool USDC1,0.8012573186
2026-04-16,Syrup USDC,0.8159986552
2026-04-17,Syrup USDT,0.9447936945
2026-04-17,High Yield Secured Lending Maple Pool USDC1,0.8010852188
2026-04-17,Syrup USDC,0.7826155624
2026-04-18,High Yield Secured Lending Maple Pool USDC1,0.8010458618
2026-04-18,Syrup USDC,0.8259230656
2026-04-18,Syrup USDT,0.9999929371
2026-04-19,High Yield Secured Lending Maple Pool USDC1,0.7866418145
2026-04-19,Syrup USDC,0.9575982094
2026-04-19,Syrup USDT,0.9999986328
2026-04-20,Syrup USDT,0.9960606729
2026-04-20,Syrup USDC,0.8959852077
2026-04-20,High Yield Secured Lending Maple Pool USDC1,0.9933486689
2026-04-21,Syrup USDC,0.8446269302
2026-04-21,Syrup USDT,0.9958270319
2026-04-21,High Yield Secured Lending Maple Pool USDC1,0.9908755825
2026-04-22,High Yield Secured Lending Maple Pool USDC1,0.9906301749
2026-04-22,Syrup USDT,0.987371374
2026-04-22,Syrup USDC,0.8078304095
2026-04-23,Syrup USDT,0.998780457
2026-04-23,Syrup USDC,0.9953222177
2026-04-23,High Yield Secured Lending Maple Pool USDC1,0.9872946114
2026-04-24,Syrup USDC,0.9775767114
2026-04-24,Syrup USDT,0.9322542792
2026-04-24,High Yield Secured Lending Maple Pool USDC1,0.9872946114
2026-04-25,Syrup USDT,0.9455378781
2026-04-25,High Yield Secured Lending Maple Pool USDC1,0.9872677556
2026-04-25,Syrup USDC,0.971688579
2026-04-26,Syrup USDC,0.9715437406
2026-04-26,Syrup USDT,0.9441227622
2026-04-26,High Yield Secured Lending Maple Pool USDC1,0.9872327376
2026-04-27,Syrup USDC,0.9672160295
2026-04-27,High Yield Secured Lending Maple Pool USDC1,0.9872327376
2026-04-27,Syrup USDT,0.9738243859
2026-04-28,High Yield Secured Lending Maple Pool USDC1,0.9872055733
2026-04-28,Syrup USDT,0.7895520357
2026-04-28,Syrup USDC,0.8184775525
2026-04-29,High Yield Secured Lending Maple Pool USDC1,0.9900398547
2026-04-29,Syrup USDT,0.9614430976
2026-04-29,Syrup USDC,0.8179864543
2026-04-30,High Yield Secured Lending Maple Pool USDC1,0.9898695777
2026-04-30,Syrup USDC,0.8198891099
2026-04-30,Syrup USDT,0.9524836177
2026-05-01,Syrup USDT,0.9613872431
2026-05-01,High Yield Secured Lending Maple Pool USDC1,0.9922314823
2026-05-01,Syrup USDC,0.9923597746
2026-05-02,High Yield Secured Lending Maple Pool USDC1,0.9921976089
2026-05-02,Syrup USDC,0.981832699
2026-05-02,Syrup USDT,0.96440425
2026-05-03,Syrup USDT,0.9702391681
2026-05-03,Syrup USDC,0.9790078388
2026-05-03,High Yield Secured Lending Maple Pool USDC1,0.9911344936
2026-05-04,Syrup USDC,0.9850459547
2026-05-04,High Yield Secured Lending Maple Pool USDC1,0.9912426338
2026-05-04,Syrup USDT,0.9394909264
2026-05-05,Syrup USDT,0.9560749974
2026-05-05,High Yield Secured Lending Maple Pool USDC1,0.993362049
2026-05-05,Syrup USDC,0.9919552513
2026-05-06,High Yield Secured Lending Maple Pool USDC1,0.9934724431
2026-05-06,Syrup USDC,0.9919208054
2026-05-06,Syrup USDT,0.9940829541
2026-05-07,Syrup USDT,0.9944444715
2026-05-07,High Yield Secured Lending Maple Pool USDC1,0.9930689355
2026-05-07,Syrup USDC,0.9863001386
2026-05-08,Syrup USDC,0.9931358553
2026-05-08,High Yield Secured Lending Maple Pool USDC1,0.9930130735
2026-05-08,Syrup USDT,0.9785267234
2026-05-09,Syrup USDC,0.986707333
2026-05-09,High Yield Secured Lending Maple Pool USDC1,0.9930130735
2026-05-09,Syrup USDT,0.9805061944
2026-05-10,High Yield Secured Lending Maple Pool USDC1,0.9928039449
2026-05-10,Syrup USDT,0.9565240976
2026-05-10,Syrup USDC,0.9845565404
2026-05-11,Syrup USDC,0.99121385
2026-05-11,Syrup USDT,0.9551342491
2026-05-11,High Yield Secured Lending Maple Pool USDC1,0.9927443659
2026-05-12,High Yield Secured Lending Maple Pool USDC1,0.9927169227
2026-05-12,Syrup USDC,0.9738903213
2026-05-12,Syrup USDT,0.9582949867
2026-05-13,High Yield Secured Lending Maple Pool USDC1,0.9900859982
2026-05-13,Syrup USDT,0.9684725498
2026-05-13,Syrup USDC,0.972812738
2026-05-14,High Yield Secured Lending Maple Pool USDC1,0.9884375107
2026-05-14,Syrup USDT,0.8970206211
2026-05-14,Syrup USDC,0.9734830444
2026-05-15,Syrup USDT,0.9626981034
2026-05-15,Syrup USDC,0.9904617605
2026-05-15,High Yield Secured Lending Maple Pool USDC1,0.987114405
2026-05-16,Syrup USDT,0.96024303
2026-05-16,Syrup USDC,0.9974844072
2026-05-16,High Yield Secured Lending Maple Pool USDC1,0.987114405
2026-05-17,Syrup USDC,0.9957843752
2026-05-17,High Yield Secured Lending Maple Pool USDC1,0.9900886369
2026-05-17,Syrup USDT,0.9585411644
2026-05-18,Syrup USDT,0.9707859022
2026-05-18,High Yield Secured Lending Maple Pool USDC1,0.9900637348
2026-05-18,Syrup USDC,0.9518734998
2026-05-19,Syrup USDC,0.9705882195
2026-05-19,High Yield Secured Lending Maple Pool USDC1,0.9897565901
2026-05-19,Syrup USDT,0.9512644205
2026-05-20,Syrup USDC,0.9699883016
2026-05-20,High Yield Secured Lending Maple Pool USDC1,0.9897348625
2026-05-20,Syrup USDT,0.9637549494
2026-05-21,Syrup USDC,0.9671164071
2026-05-21,Syrup USDT,0.9733589357
2026-05-21,High Yield Secured Lending Maple Pool USDC1,0.9897078369
2026-05-22,High Yield Secured Lending Maple Pool USDC1,0.9897078369
2026-05-22,Syrup USDT,0.977450457
2026-05-22,Syrup USDC,0.9791093326
2026-05-23,Syrup USDC,0.9814069237
2026-05-23,High Yield Secured Lending Maple Pool USDC1,0.9897078369
2026-05-23,Syrup USDT,0.966530197
2026-05-24,Syrup USDT,0.9622206032
2026-05-24,Syrup USDC,0.9808071449
2026-05-24,High Yield Secured Lending Maple Pool USDC1,0.9896861481
2026-05-25,Syrup USDT,0.9655161667
2026-05-25,Syrup USDC,0.9823881967
2026-05-25,High Yield Secured Lending Maple Pool USDC1,0.9999998406
2026-05-26,High Yield Secured Lending Maple Pool USDC1,0.9954563216
2026-05-26,Syrup USDT,0.9637299886
2026-05-26,Syrup USDC,0.9891217927
2026-05-27,Syrup USDT,0.9642754304
2026-05-27,High Yield Secured Lending Maple Pool USDC1,0.999924424
2026-05-27,Syrup USDC,0.9848442356
2026-05-28,High Yield Secured Lending Maple Pool USDC1,0.9998242639
2026-05-28,Syrup USDT,0.9603161166
2026-05-28,Syrup USDC,0.9804240907
2026-05-29,High Yield Secured Lending Maple Pool USDC1,0.9997896559
2026-05-29,Syrup USDC,0.9768064433
2026-05-29,Syrup USDT,0.9800921214
2026-05-30,Syrup USDC,0.9749630013
2026-05-30,Syrup USDT,0.9986663402
2026-05-30,High Yield Secured Lending Maple Pool USDC1,0.9997554081
2026-05-31,High Yield Secured Lending Maple Pool USDC1,0.9996745124
2026-05-31,Syrup USDC,0.9826907804
2026-05-31,Syrup USDT,0.9981450006
2026-06-01,Syrup USDT,0.9862218999
2026-06-01,High Yield Secured Lending Maple Pool USDC1,0.9999987036
2026-06-01,Syrup USDC,0.9718174859
2026-06-02,Syrup USDT,0.99851295
2026-06-02,High Yield Secured Lending Maple Pool USDC1,0.9999593183
2026-06-02,Syrup USDC,0.9800458091
2026-06-03,High Yield Secured Lending Maple Pool USDC1,0.9998783888
2026-06-03,Syrup USDT,0.9917246759
2026-06-03,Syrup USDC,0.9824699812
2026-06-04,Syrup USDT,0.9879883484
2026-06-04,High Yield Secured Lending Maple Pool USDC1,0.9998555035
2026-06-04,Syrup USDC,0.9879158431
2026-06-05,Syrup USDT,0.989038994
2026-06-05,Syrup USDC,0.9812325941
2026-06-06,Syrup USDT,0.9972686966
2026-06-06,Syrup USDC,0.9870888577
2026-06-07,Syrup USDT,0.9971440214
2026-06-07,Syrup USDC,0.9977100498
2026-06-08,Syrup USDT,0.9795915393
2026-06-08,Syrup USDC,0.9695919121
2026-06-09,Syrup USDT,0.9945442979
2026-06-09,Syrup USDC,0.9779875557
2026-06-10,Syrup USDC,0.9937928397
2026-06-10,Syrup USDT,0.9847559698
2026-06-11,Syrup USDT,0.9839054876
2026-06-11,High Yield Secured Lending Maple Pool USDC1,0.8447245735
2026-06-11,Syrup USDC,0.98127992
2026-06-12,Syrup USDC,0.9777622006
2026-06-12,Syrup USDT,0.9503780259
2026-06-12,High Yield Secured Lending Maple Pool USDC1,0.995859263
2026-06-13,Syrup USDC,0.9613658826
2026-06-13,High Yield Secured Lending Maple Pool USDC1,0.9926321818
2026-06-13,Syrup USDT,0.939363679
2026-06-14,Syrup USDC,0.9678570962
2026-06-14,Syrup USDT,0.9417575404
2026-06-14,High Yield Secured Lending Maple Pool USDC1,0.9925896572
2026-06-15,Syrup USDC,0.97086569
2026-06-15,High Yield Secured Lending Maple Pool USDC1,0.9989692778
2026-06-15,Syrup USDT,0.9833154687
2026-06-16,Syrup USDT,0.9794147626
2026-06-16,High Yield Secured Lending Maple Pool USDC1,0.9989280668
2026-06-16,Syrup USDC,0.9814410826
2026-06-17,High Yield Secured Lending Maple Pool USDC1,0.9989085953
2026-06-17,Syrup USDT,0.9704271649
2026-06-17,Syrup USDC,0.9759809331
2026-06-18,High Yield Secured Lending Maple Pool USDC1,0.9988793622
2026-06-18,Syrup USDC,0.9920711183
2026-06-18,Syrup USDT,0.9847635992
2026-06-19,Syrup USDT,0.9847937386
2026-06-19,Syrup USDC,0.9830044383
2026-06-19,High Yield Secured Lending Maple Pool USDC1,0.9988603784
2026-06-20,Syrup USDC,0.9819030137
2026-06-20,High Yield Secured Lending Maple Pool USDC1,0.9998140493
2026-06-20,Syrup USDT,0.9328488915
2026-06-21,Syrup USDT,0.9455378629
2026-06-21,Syrup USDC,0.9824488816
2026-06-21,High Yield Secured Lending Maple Pool USDC1,0.9997819981
2026-06-22,Syrup USDT,0.9840708818158863
2026-06-22,High Yield Secured Lending Maple Pool USDC1,0.9997631822546333
2026-06-22,Syrup USDC,0.9812938668887762
