date,aum_usd,deposits_usd,outstanding_usd,gross_loans_usd,liquidity_deploy_usd,collateral_usd,cash_usd,blended_utilization,direct_credit_ratio,overcollateralization,collateral_share_of_aum,lp_yield_30d
2022-12-11,10607599.01682912,10607599.01682912,10002400,10002400,0,0,605199.01682912,0.9429466540101146,0.9429466540101146,0,0,
2022-12-12,44407844.49803079,44407844.49803079,10002400,10002400,0,0,34405444.49803079,0.2252394844438699,0.2252394844438699,0,0,
2022-12-13,34874886.9886073,34874886.9886073,2400,2400,0,0,34872486.9886073,6.881742730188677e-05,6.881742730188677e-05,0,0,
2022-12-14,34884104.714230925,34884104.714230925,2400,2400,0,0,34881704.714230925,6.879924308394027e-05,6.879924308394027e-05,0,0,
2022-12-15,29155805.67139754,29155805.67139754,2400,2400,0,0,29153405.67139754,8.23163670059185e-05,8.23163670059185e-05,0,0,
2022-12-16,28786501.037668176,28786501.037668176,2400,2400,0,0,28784101.037668176,8.33724111471385e-05,8.33724111471385e-05,0,0,
2022-12-17,28382509.418021798,28382509.418021798,2400,2400,0,0,28380109.418021798,8.455911930310478e-05,8.455911930310478e-05,0,0,
2022-12-18,22700368.09804145,22700368.09804145,2400,2400,0,0,22697968.09804145,0.00010572515783156257,0.00010572515783156257,0,0,
2022-12-19,22369288.053568076,22369288.053568076,2400,2400,0,0,22366888.053568076,0.00010728995908375284,0.00010728995908375284,0,0,
2022-12-20,22242679.986987885,22242679.986987885,2400,2400,0,0,22240279.986987885,0.00010790066670940804,0.00010790066670940804,0,0,
2022-12-21,20600358.3929064,20600358.3929064,2400,2400,0,0,20597958.3929064,0.00011650282748607055,0.00011650282748607055,0,0,
2022-12-22,20568563.760328792,20568563.760328792,2400,2400,0,0,20566163.760328792,0.00011668291612217243,0.00011668291612217243,0,0,
2022-12-23,34147042.84195427,34147042.84195427,2400,2400,0,0,34144642.84195427,7.028427062068387e-05,7.028427062068387e-05,0,0,
2022-12-24,33934955.11652463,33934955.11652463,2400,2400,0,0,33932555.11652463,7.072353541529571e-05,7.072353541529571e-05,0,0,
2022-12-25,33938044.75426009,33938044.75426009,2400,2400,0,0,33935644.75426009,7.07170969152175e-05,7.07170969152175e-05,0,0,
2022-12-26,33573541.08469395,33573541.08469395,2400,2400,0,0,33571141.08469395,7.14848634508247e-05,7.14848634508247e-05,0,0,
2022-12-27,32960913.026793413,32960913.026793413,2400,2400,0,0,32958513.026793413,7.281351696929868e-05,7.281351696929868e-05,0,0,
2022-12-28,32242869.49452687,32242869.49452687,2400,2400,0,0,32240469.49452687,7.44350623137743e-05,7.44350623137743e-05,0,0,
2022-12-29,32002117.71626823,32002117.71626823,2400,2400,0,0,31999717.71626823,7.499503693094547e-05,7.499503693094547e-05,0,0,
2022-12-30,39807133.1475225,39807133.1475225,2400,2400,0,0,39804733.1475225,6.029070194795905e-05,6.029070194795905e-05,0,0,
2022-12-31,39799056.12399344,39799056.12399344,2400,2400,0,0,39796656.12399344,6.0302937650652596e-05,6.0302937650652596e-05,0,0,
2023-01-01,39795560.02265237,39795560.02265237,2400,2400,0,0,39793160.02265237,6.030823535675526e-05,6.030823535675526e-05,0,0,
2023-01-02,39793767.2801773,39793767.2801773,2400,2400,0,0,39791367.2801773,6.0310952293162895e-05,6.0310952293162895e-05,0,0,
2023-01-03,38073007.04813823,38073007.04813823,2400,2400,0,0,38070607.04813823,6.30367860611987e-05,6.30367860611987e-05,0,0,
2023-01-04,38074634.97239417,38074634.97239417,2400,2400,0,0,38072234.97239417,6.303409085182585e-05,6.303409085182585e-05,0,0,
2023-01-05,36979096.57147709,36979096.57147709,2400,2400,0,0,36976696.57147709,6.490153147362666e-05,6.490153147362666e-05,0,0,
2023-01-06,36958690.317178026,36958690.317178026,2400,2400,0,0,36956290.317178026,6.493736599980396e-05,6.493736599980396e-05,0,0,
2023-01-07,36960370.146981955,36960370.146981955,2400,2400,0,0,36957970.146981955,6.493441462993505e-05,6.493441462993505e-05,0,0,
2023-01-08,36962051.05974889,36962051.05974889,2400,2400,0,0,36959651.05974889,6.493146162588265e-05,6.493146162588265e-05,0,0,
2023-01-09,36963731.97251583,36963731.97251583,2400,2400,0,0,36961331.97251583,6.492850889040388e-05,6.492850889040388e-05,0,0,
2023-01-10,36953186.73767975,36953186.73767975,2400,2400,0,0,36950786.73767975,6.494703737019822e-05,6.494703737019822e-05,0,0,-0.5412261006122951
2023-01-11,34944083.25698569,34944083.25698569,2400,2400,0,0,34941683.25698569,6.868115504275578e-05,6.868115504275578e-05,0,0,-0.5726210360837969
2023-01-12,34945657.611582614,34945657.611582614,2400,2400,0,0,34943257.611582614,6.867806085310377e-05,6.867806085310377e-05,0,0,0.01655469283841046
2023-01-13,34947338.524349555,34947338.524349555,2400,2400,0,0,34944938.524349555,6.867475754492149e-05,6.867475754492149e-05,0,0,0.015222822096029251
2023-01-14,34949019.43711648,34949019.43711648,2400,2400,0,0,34946619.43711648,6.867145455449194e-05,6.867145455449194e-05,0,0,0.013893332405197587
2023-01-15,34933018.93123542,34933018.93123542,2400,2400,0,0,34930618.93123542,6.870290840663748e-05,6.870290840663748e-05,0,0,0.012540991111691935
2023-01-16,34934699.84400234,34934699.84400234,2400,2400,0,0,34932299.84400234,6.869960270782279e-05,6.869960270782279e-05,0,0,0.011216622177679662
2023-01-17,34935133.34463828,34935133.34463828,2400,2400,0,0,34932733.34463828,6.869875023300415e-05,6.869875023300415e-05,0,0,0.009892502772093782
2023-01-18,34936814.257405214,34936814.257405214,2400,2400,0,0,34934414.257405214,6.869544493431582e-05,6.869544493431582e-05,0,0,0.008572294710254969
2023-01-19,34938495.17017214,34938495.17017214,2400,2400,0,0,34936095.17017214,6.869213995366748e-05,6.869213995366748e-05,0,0,0.010358519456770314
2023-01-20,34939834.17422607,34939834.17422607,2400,2400,0,0,34937434.17422607,6.868950745537306e-05,6.868950745537306e-05,0,0,0.009387935529144515
2023-01-21,34899299.15932701,34899299.15932701,2400,2400,0,0,34896899.15932701,6.876928929269309e-05,6.876928929269309e-05,0,0,0.008448116011091335
2023-01-22,38898859.949052356,38898859.949052356,2400,2400,0,0,38896459.949052356,6.169846630835432e-05,6.169846630835432e-05,0,0,0.01613400772632999
2023-01-23,38899419.02970662,38899419.02970662,2400,2400,0,0,38897019.02970662,6.169757954912317e-05,6.169757954912317e-05,0,0,0.01558295842931726
2023-01-24,38772792.339745894,38772792.339745894,2400,2400,0,0,38770392.339745894,6.189907549010253e-05,6.189907549010253e-05,0,0,0.014780880805192964
2023-01-25,38759035.744123176,38759035.744123176,2400,2400,0,0,38756635.744123176,6.192104509111528e-05,6.192104509111528e-05,0,0,0.013018022558847741
2023-01-26,39400454.86716085,39400454.86716085,2162390.06,2162390.06,0,0,37238064.80716085,0.05488236283795521,0.05488236283795521,0,0,0.008999681936197814
2023-01-27,39359392.62880149,39359392.62880149,2162390.06,2162390.06,0,0,37197002.568801485,0.05493961963268857,0.05493961963268857,0,0,0.008463986478656777
2023-01-28,39360530.172547124,39360530.172547124,2162390.06,2162390.06,0,0,37198140.11254712,0.054938031843590536,0.054938031843590536,0,0,0.008001476608836527
2023-01-29,39153347.00026377,39153347.00026377,2162390.06,2162390.06,0,0,36990956.94026377,0.0552287409805714,0.0552287409805714,0,0,0.006712190878019316
2023-01-30,39132165.44011241,39132165.44011241,2162390.06,2162390.06,0,0,36969775.38011241,0.055258635336940566,0.055258635336940566,0,0,0.006562324535784607
2023-01-31,39133302.98385805,39133302.98385805,2162390.06,2162390.06,0,0,36970912.92385805,0.055257029055072515,0.055257029055072515,0,0,0.006441942591047029
2023-02-01,41422858.85678751,41422858.85678751,2162390.06,2162390.06,0,0,39260468.79678751,0.05220282036727827,0.05220282036727827,0,0,0.008218377871185649
2023-02-02,41423437.31987888,41423437.31987888,2162390.06,2162390.06,0,0,39261047.25987888,0.05220209137406086,0.05220209137406086,0,0,0.007949745787658453
2023-02-03,41424015.78297024,41424015.78297024,2162390.06,2162390.06,0,0,39261625.72297024,0.052201362401203426,0.052201362401203426,0,0,0.007644433317051059
2023-02-04,41419293.946867615,41419293.946867615,2162390.06,2162390.06,0,0,39256903.88686761,0.05220731340263548,0.05220731340263548,0,0,0.007328872850796582
2023-02-05,44411041.67539898,44411041.67539898,2162390.06,2162390.06,0,0,42248651.61539898,0.04869037019678448,0.04869037019678448,0,0,0.0065165308392992225
2023-02-06,44366001.403620124,44366001.403620124,5162390.06,5162390.06,0,0,39203611.34362012,0.11635914656890321,0.11635914656890321,0,0,0.006174077817217214
2023-02-07,44367383.29136898,44367383.29136898,5162390.06,5162390.06,0,0,39204993.23136898,0.11635552239124876,0.11635552239124876,0,0,0.005865770989221681
2023-02-08,44368765.17911785,44368765.17911785,5162390.06,5162390.06,0,0,39206375.11911785,0.11635189843934798,0.11635189843934798,0,0,0.005558275260733418
2023-02-09,44370147.066866726,44370147.066866726,5162390.06,5162390.06,0,0,39207757.00686672,0.11634827471317982,0.11634827471317982,0,0,0.005251517947063966
2023-02-10,39807209.14057723,39807209.14057723,5162390.06,5162390.06,0,0,34644819.080577224,0.12968480261374943,0.12968480261374943,0,0,0.002073257397437706
2023-02-11,39808368.32735627,39808368.32735627,5162390.06,5162390.06,0,0,34645978.26735627,0.12968102629949818,0.12968102629949818,0,0,0.0019148513329995426
2023-02-12,39810889.3931873,39810889.3931873,5162390.06,5162390.06,0,0,34648499.3331873,0.12967281411410572,0.12967281411410572,0,0,0.0017581947761656255
2023-02-13,39813410.45901833,39813410.45901833,5162390.06,5162390.06,0,0,34651020.399018325,0.1296646029687377,0.1296646029687377,0,0,0.0016022827142800904
2023-02-14,39770655.69072236,39770655.69072236,5162390.06,5162390.06,0,0,34608265.63072236,0.12980399669911086,0.12980399669911086,0,0,0.0014059713248532296
2023-02-15,54889877.0954731,54889877.0954731,8263064.462099999,8263064.462099999,0,0,46626812.633373104,0.1505389499730083,0.1505389499730083,0,0,0.030074871831622274
2023-02-16,54894143.70819412,54894143.70819412,8263064.462099999,8263064.462099999,0,0,46631079.24609412,0.15052724942800338,0.15052724942800338,0,0,0.030318684468938432
2023-02-17,54898456.955708265,54898456.955708265,8263064.462099999,8263064.462099999,0,0,46635392.493608266,0.15051542284269645,0.15051542284269645,0,0,0.030563134374226947
2023-02-18,54869581.28752521,54869581.28752521,8263064.462099999,8263064.462099999,0,0,46606516.82542521,0.15059463309552604,0.15059463309552604,0,0,0.030820628964452045
2023-02-19,54873894.53503933,54873894.53503933,8263064.462099999,8263064.462099999,0,0,46610830.07293933,0.15058279591990104,0.15058279591990104,0,0,0.03106857749853914
2023-02-20,54765994.05418136,54765994.05418136,8263064.462099999,8263064.462099999,0,0,46502929.59208136,0.15087947557247192,0.15087947557247192,0,0,0.03128438426429996
2023-02-21,54764806.0606754,54764806.0606754,8263064.462099999,8263064.462099999,0,0,46501741.5985754,0.15088274854739975,0.15088274854739975,0,0,0.03152577382102551
2023-02-22,54769119.30818953,54769119.30818953,8263064.462099999,8263064.462099999,0,0,46506054.846089534,0.15087086603681132,0.15087086603681132,0,0,0.031888141749187124
2023-02-23,54773432.555703565,54773432.555703565,8263064.462099999,8263064.462099999,0,0,46510368.09360357,0.15085898539764905,0.15085898539764905,0,0,0.03225069932903864
2023-02-24,15990071.04048916,15990071.04048916,8263064.462099999,8263064.462099999,0,0,7727006.57838916,0.5167622108229996,0.5167622108229996,0,0,0.02686264806136489
2023-02-25,13920653.70286657,13920653.70286657,8263064.462099999,8263064.462099999,0,0,5657589.24076657,0.5935830772371309,0.5935830772371309,0,0,0.06256241246091218
2023-02-26,13924966.950380625,13924966.950380625,8263064.462099999,8263064.462099999,0,0,5661902.488280626,0.5933992153478064,0.5933992153478064,0,0,0.06327292090068035
2023-02-27,13929280.197894692,13929280.197894692,8263064.462099999,8263064.462099999,0,0,5666215.735794693,0.5932154673253611,0.5932154673253611,0,0,0.06398462764553377
2023-02-28,15060375.8501626,15060375.8501626,8263064.462099999,8263064.462099999,0,0,6797311.3880626,0.5486625662141618,0.5486625662141618,0,0,0.06338336909779017
2023-03-01,14979394.809451275,14979394.809451275,8263064.462099999,8263064.462099999,0,0,6716330.347351275,0.5516287251395767,0.5516287251395767,0,0,0.06423596894129043
2023-03-02,14983708.05696533,14983708.05696533,8263064.462099999,8263064.462099999,0,0,6720643.594865331,0.5514699319210794,0.5514699319210794,0,0,0.06502895967908463
2023-03-03,14986770.682905376,14986770.682905376,8263064.462099999,8263064.462099999,0,0,6723706.220805377,0.5513572361206036,0.5513572361206036,0,0,0.06581405942443351
2023-03-04,14991083.930419443,14991083.930419443,8263064.462099999,8263064.462099999,0,0,6728019.468319444,0.5511985991441782,0.5511985991441782,0,0,0.06662392015476543
2023-03-05,14995397.177933501,14995397.177933501,8263064.462099999,8263064.462099999,0,0,6732332.715833502,0.5510400534278295,0.5510400534278295,0,0,0.06743534272073985
2023-03-06,12274912.823180456,12274912.823180456,8263064.462099999,8263064.462099999,0,0,4011848.3610804565,0.6731668551238658,0.6731668551238658,0,0,0.06876776475401464
2023-03-07,12209602.555202303,12209602.555202303,8263064.462099999,8263064.462099999,0,0,3946538.0931023043,0.6767676854951554,0.6767676854951554,0,0,0.07031217190326698
2023-03-08,15212555.961772632,15212555.961772632,11263064.4621,11263064.4621,0,0,3949491.4996726327,0.740379492466799,0.740379492466799,0,0,0.07766983881207037
2023-03-09,15217672.633944198,15217672.633944198,11263064.4621,11263064.4621,0,0,3954608.1718441993,0.7401305530109027,0.7401305530109027,0,0,0.07846921073078895
2023-03-10,19724598.85885645,19724598.85885645,11263064.4621,11263064.4621,0,0,8461534.396756452,0.5710161480441375,0.5710161480441375,0,0,0.08239644649627668
2023-03-11,13996678.829710675,13996678.829710675,11264064.4621,11264064.4621,0,0,2732614.367610676,0.8047669450119717,0.8047669450119717,0,0,0.08277409554869634
2023-03-12,14001971.146802755,14001971.146802755,11264064.4621,11264064.4621,0,0,2737906.684702756,0.8044627677062499,0.8044627677062499,0,0,0.08345840904461573
2023-03-13,14007263.463894835,14007263.463894835,11264064.4621,11264064.4621,0,0,2743199.0017948356,0.8041588202530984,0.8041588202530984,0,0,0.08405727555115042
2023-03-14,13891950.166336896,13891950.166336896,11264064.4621,11264064.4621,0,0,2627885.7042368967,0.8108339237636474,0.8108339237636474,0,0,0.0853927055204216
2023-03-15,13897242.483428976,13897242.483428976,11264064.4621,11264064.4621,0,0,2633178.0213289764,0.8105251437852675,0.8105251437852675,0,0,0.08599972199973425
2023-03-16,13885864.827964375,13885864.827964375,11264064.4621,11264064.4621,0,0,2621800.3658643756,0.8111892634454858,0.8111892634454858,0,0,0.08736703787196896
2023-03-17,14114316.714652706,14114316.714652706,11264064.4621,11264064.4621,0,0,2850252.2525527067,0.7980594944710478,0.7980594944710478,0,0,0.07647810095852348
2023-03-18,14119543.148634046,14119543.148634046,11264064.4621,11264064.4621,0,0,2855478.686534047,0.7977640879400343,0.7977640879400343,0,0,0.07685629672421569
2023-03-19,14124769.582615392,14124769.582615392,11264064.4621,11264064.4621,0,0,2860705.120515393,0.7974689000211149,0.7974689000211149,0,0,0.07723548008328829
2023-03-20,14129996.016596725,14129996.016596725,11264064.4621,11264064.4621,0,0,2865931.554496726,0.7971739304717087,0.7971739304717087,0,0,0.07761565230877776
2023-03-21,14330838.685104016,14330838.685104016,11715064.462100001,11715064.462100001,0,0,2615774.223004015,0.817472355911525,0.817472355911525,0,0,0.0782855414213079
2023-03-22,14436194.042705905,14436194.042705905,11815064.462100001,11815064.462100001,0,0,2621129.5806059036,0.8184334754124293,0.8184334754124293,0,0,0.0788681046199773
2023-03-23,14419649.446325695,14419649.446325695,11815064.462100001,11815064.462100001,0,0,2604584.984225694,0.8193725170697977,0.8193725170697977,0,0,0.07942181818239918
2023-03-24,14514001.336739786,14514001.336739786,11815064.462100001,11815064.462100001,0,0,2698936.874639785,0.8140459813926106,0.8140459813926106,0,0,0.07998446836736202
2023-03-25,14519375.333049865,14519375.333049865,11815064.462100001,11815064.462100001,0,0,2704310.8709498644,0.813744681922083,0.813744681922083,0,0,0.08039861158349715
2023-03-26,14524749.329359945,14524749.329359945,11815064.462100001,11815064.462100001,0,0,2709684.867259944,0.8134436054064865,0.8134436054064865,0,0,0.08076694053016045
2023-03-27,14530123.325670026,14530123.325670026,11815064.462100001,11815064.462100001,0,0,2715058.863570025,0.81314275159844,0.81314275159844,0,0,0.08101225179979353
2023-03-28,14430079.591577103,14430079.591577103,11815064.462100001,11815064.462100001,0,0,2615015.1294771023,0.8187802698605005,0.8187802698605005,0,0,0.08180970009163076
2023-03-29,14435453.587887196,14435453.587887196,11815064.462100001,11815064.462100001,0,0,2620389.125787195,0.8184754562900631,0.8184754562900631,0,0,0.0820152642615307
2023-03-30,14441126.379383726,14441126.379383726,11815064.462100001,11815064.462100001,0,0,2626061.917283725,0.8181539411612163,0.8181539411612163,0,0,0.08221929182626704
2023-03-31,14447531.197611572,14447531.197611572,11815064.462100001,11815064.462100001,0,0,2632466.735511571,0.81779124062755,0.81779124062755,0,0,0.0824180520586113
2023-04-01,14453936.015839418,14453936.015839418,11815064.462100001,11815064.462100001,0,0,2638871.5537394173,0.8174288615331079,0.8174288615331079,0,0,0.08261460683627601
2023-04-02,14434414.860642275,14434414.860642275,11815064.462100001,11815064.462100001,0,0,2619350.398542274,0.8185343553007923,0.8185343553007923,0,0,0.08279895249396238
2023-04-03,14440819.678870123,14440819.678870123,11815064.462100001,11815064.462100001,0,0,2625755.216770122,0.8181713174763798,0.8181713174763798,0,0,0.08299730102247672
2023-04-04,14447232.6218013,14447232.6218013,11905065.2621,11905065.2621,0,0,2542167.3597013,0.8240377637537936,0.8240377637537936,0,0,0.08320332539525448
2023-04-05,14397605.841947626,14397605.841947626,11905065.2621,11905065.2621,0,0,2492540.5798476264,0.8268781207646639,0.8268781207646639,0,0,0.08333710991576614
2023-04-06,14403773.353173442,14403773.353173442,11905065.2621,11905065.2621,0,0,2498708.0910734423,0.8265240621463316,0.8265240621463316,0,0,0.08329814252463454
2023-04-07,14399493.125222258,14399493.125222258,11905065.2621,11905065.2621,0,0,2494427.8631222583,0.8267697451965861,0.8267697451965861,0,0,0.08346751905535459
2023-04-08,14405922.046404077,14405922.046404077,11905065.2621,11905065.2621,0,0,2500856.784304077,0.8264007832162102,0.8264007832162102,0,0,0.08342096591417292
2023-04-09,14412350.967585893,14412350.967585893,11905065.2621,11905065.2621,0,0,2507285.7054858934,0.8260321504017696,0.8260321504017696,0,0,0.08317770762514887
2023-04-10,16418735.357262863,16418735.357262863,11905065.2621,11905065.2621,0,0,4513670.095162863,0.7250902705386362,0.7250902705386362,0,0,0.0834738905289048
2023-04-11,16409504.76100534,16409504.76100534,11905065.2621,11905065.2621,0,0,4504439.49890534,0.7254981448550814,0.7254981448550814,0,0,0.08326321905844701
2023-04-12,14015896.024896964,14015896.024896964,11905065.2621,11905065.2621,0,0,2110830.7627969645,0.8493973728795208,0.8493973728795208,0,0,0.08306333710661061
2023-04-13,14022602.041724196,14022602.041724196,11905065.2621,11905065.2621,0,0,2117536.779624196,0.8489911663096853,0.8489911663096853,0,0,0.08302269883403011
2023-04-14,14023674.886998814,14023674.886998814,11905065.2621,11905065.2621,0,0,2118609.6248988137,0.8489262164182834,0.8489262164182834,0,0,0.08450680551470421
2023-04-15,14030307.167212036,14030307.167212036,11905065.2621,11905065.2621,0,0,2125241.9051120356,0.8485249196768411,0.8485249196768411,0,0,0.083740253471826
2023-04-16,13969769.945583241,13969769.945583241,11905065.2621,11905065.2621,0,0,2064704.6834832411,0.852201955255818,0.852201955255818,0,0,0.08377757105377977
2023-04-17,13928349.374911085,13928349.374911085,11905065.2621,11905065.2621,0,0,2023284.1128110848,0.8547362606759711,0.8547362606759711,0,0,0.083782444116089
2023-04-18,13934981.6551243,13934981.6551243,11905065.2621,11905065.2621,0,0,2029916.3930242993,0.8543294535104149,0.8543294535104149,0,0,0.08380097989257432
2023-04-19,13941613.935337521,13941613.935337521,11905065.2621,11905065.2621,0,0,2036548.6732375212,0.8539230333960458,0.8539230333960458,0,0,0.08381966705527792
2023-04-20,13948246.215550736,13948246.215550736,11905065.2621,11905065.2621,0,0,2043180.9534507357,0.8535169997807454,0.8535169997807454,0,0,0.08384227682717349
2023-04-21,14254910.057707727,14254910.057707727,12213065.2621,12213065.2621,0,0,2041844.795607727,0.8567620007883748,0.8567620007883748,0,0,0.0841441047858634
2023-04-22,14261624.822852472,14261624.822852472,12213065.2621,12213065.2621,0,0,2048559.560752472,0.8563586136784421,0.8563586136784421,0,0,0.0840982070084176
2023-04-23,14268339.587997224,14268339.587997224,12213065.2621,12213065.2621,0,0,2055274.3258972242,0.8559556062412366,0.8559556062412366,0,0,0.08406640737157367
2023-04-24,14275054.353141965,14275054.353141965,12213065.2621,12213065.2621,0,0,2061989.0910419654,0.855552977940983,0.855552977940983,0,0,0.08404426617411428
2023-04-25,14281769.118286721,14281769.118286721,12213065.2621,12213065.2621,0,0,2068703.8561867215,0.8551507282429105,0.8551507282429105,0,0,0.08402230651943562
2023-04-26,14269891.799988251,14269891.799988251,12213065.2621,12213065.2621,0,0,2056826.5378882512,0.8558624993996139,0.8558624993996139,0,0,0.08396029516502322
2023-04-27,14266031.484473374,14266031.484473374,12213065.2621,12213065.2621,0,0,2052966.2223733738,0.856094091436168,0.856094091436168,0,0,0.08394748421918569
2023-04-28,14272642.202036416,14272642.202036416,12213065.2621,12213065.2621,0,0,2059576.9399364162,0.8556975708644503,0.8556975708644503,0,0,0.08392536443051675
2023-04-29,14279252.919599451,14279252.919599451,12213065.2621,12213065.2621,0,0,2066187.6574994512,0.8553014174387626,0.8553014174387626,0,0,0.08420350023972027
2023-04-30,14285863.637162503,14285863.637162503,12213065.2621,12213065.2621,0,0,2072798.375062503,0.8549056306494182,0.8549056306494182,0,0,0.08418862339774306
2023-05-01,14292474.354725536,14292474.354725536,12213065.2621,12213065.2621,0,0,2079409.092625536,0.8545102099876766,0.8545102099876766,0,0,0.08417386895956323
2023-05-02,14299085.07228858,14299085.07228858,12213065.2621,12213065.2621,0,0,2086019.8101885803,0.8541151549457345,0.8541151549457345,0,0,0.08415921916505664
2023-05-03,14305695.789851611,14305695.789851611,12213065.2621,12213065.2621,0,0,2092630.5277516115,0.8537204650167304,0.8537204650167304,0,0,0.08414466648369291
2023-05-04,14813030.241798975,14813030.241798975,12213065.2621,12213065.2621,0,0,2599964.9796989746,0.8244812211101501,0.8244812211101501,0,0,0.08193840863398714
2023-05-05,14818880.808883907,14818880.808883907,12213065.2621,12213065.2621,0,0,2605815.5467839073,0.8241557118657893,0.8241557118657893,0,0,0.08121443315009542
2023-05-06,14825449.60863877,14825449.60863877,12213065.2621,12213065.2621,0,0,2612384.346538771,0.8237905483138577,0.8237905483138577,0,0,0.08114128820248724
2023-05-07,14832018.408393614,14832018.408393614,12213065.2621,12213065.2621,0,0,2618953.146293614,0.8234257082089705,0.8234257082089705,0,0,0.0810683084213608
2023-05-08,14838587.208148466,14838587.208148466,12213065.2621,12213065.2621,0,0,2625521.9460484665,0.8230611911215721,0.8230611911215721,0,0,0.08099549403765334
2023-05-09,14844999.038469307,14844999.038469307,12213065.2621,12213065.2621,0,0,2631933.776369307,0.8227056957330264,0.8227056957330264,0,0,0.08092370062097086
2023-05-10,16852629.79711963,16852629.79711963,12213065.2621,12213065.2621,0,0,4639564.535019629,0.7246978904258253,0.7246978904258253,0,0,0.08475609538748377
2023-05-11,16858855.075677227,16858855.075677227,13763065.2621,13763065.2621,0,0,3095789.8135772273,0.8163701034453036,0.8163701034453036,0,0,0.08482278650638696
2023-05-12,16865244.88779673,16865244.88779673,13763065.2621,13763065.2621,0,0,3102179.62569673,0.8160608015872103,0.8160608015872103,0,0,0.08481356846373811
2023-05-13,16871634.69991621,16871634.69991621,13763065.2621,13763065.2621,0,0,3108569.43781621,0.8157517340135602,0.8157517340135602,0,0,0.0846897823872777
2023-05-14,16878024.51203571,16878024.51203571,13763065.2621,13763065.2621,0,0,3114959.249935709,0.8154429004582596,0.8154429004582596,0,0,0.08333805827893313
2023-05-15,16884414.324155208,16884414.324155208,13763065.2621,13763065.2621,0,0,3121349.062055208,0.8151343006556208,0.8151343006556208,0,0,0.0832357646575382
2023-05-16,16888458.459217545,16888458.459217545,13763065.2621,13763065.2621,0,0,3125393.1971175447,0.8149391073990097,0.8149391073990097,0,0,0.08314819172793918
2023-05-17,16894687.457322318,16894687.457322318,13763065.2621,13763065.2621,0,0,3131622.195222318,0.8146386428791234,0.8146386428791234,0,0,0.08306737944537261
2023-05-18,16900897.498554386,16900897.498554386,13763065.2621,13763065.2621,0,0,3137832.2364543863,0.8143393132392656,0.8143393132392656,0,0,0.08298452560225221
2023-05-19,16907107.539786465,16907107.539786465,13763065.2621,13763065.2621,0,0,3144042.2776864655,0.8140402034891077,0.8140402034891077,0,0,0.08290164665378481
2023-05-20,16912551.75047554,16912551.75047554,13763065.2621,13763065.2621,0,0,3149486.488375541,0.81377816104616,0.81377816104616,0,0,0.08281747702587082
2023-05-21,15936292.45180061,15936292.45180061,13763065.2621,13763065.2621,0,0,2173227.189700611,0.8636303144992132,0.8636303144992132,0,0,0.0878545163118827
2023-05-22,15942502.493032679,15942502.493032679,13763065.2621,13763065.2621,0,0,2179437.230932679,0.86329390684523,0.86329390684523,0,0,0.08776155883529421
2023-05-23,17716530.44103776,17716530.44103776,13763065.2621,13763065.2621,0,0,3953465.1789377593,0.7768487914665202,0.7768487914665202,0,0,0.07892070291828132
2023-05-24,17722899.25385697,17722899.25385697,16030883.1621,16030883.1621,0,0,1692016.0917569716,0.9045293849769673,0.9045293849769673,0,0,0.07883934488658036
2023-05-25,19729534.816506118,19729534.816506118,18030883.1621,18030883.1621,0,0,1698651.6544061191,0.9139031066771532,0.9139031066771532,0,0,0.0707731366320746
2023-05-26,19736351.37065831,19736351.37065831,18030883.1621,18030883.1621,0,0,1705468.2085583098,0.9135874622148347,0.9135874622148347,0,0,0.0706612218565554
2023-05-27,19732969.811026454,19732969.811026454,18030883.162100002,18030883.162100002,0,0,1702086.6489264518,0.9137440200219962,0.9137440200219962,0,0,0.07062402684372732
2023-05-28,19739786.36517864,19739786.36517864,18030883.162100002,18030883.162100002,0,0,1708903.2030786388,0.9134284854220521,0.9134284854220521,0,0,0.07055031397183326
2023-05-29,23256334.28349402,23256334.28349402,18030883.1621,18030883.1621,0,0,5225451.121394023,0.7753106290227888,0.7753106290227888,0,0,0.07473897150540847
2023-05-30,23262224.063310128,23262224.063310128,18030883.1621,18030883.1621,0,0,5231340.901210129,0.775114327547848,0.775114327547848,0,0,0.07413827632258095
2023-05-31,23268113.843126245,23268113.843126245,18030883.162100002,18030883.162100002,0,0,5237230.681026243,0.7749181254511783,0.7749181254511783,0,0,0.07353970403437346
2023-06-01,26572704.99255265,26572704.99255265,21540883.162100002,21540883.162100002,0,0,5031821.830452647,0.810639457598958,0.810639457598958,0,0,0.06480604788235562
2023-06-02,26578901.41556444,26578901.41556444,21640883.1621,21640883.1621,0,0,4938018.253464442,0.8142128534111358,0.8142128534111358,0,0,0.0642773104096327
2023-06-03,26583644.74752282,26583644.74752282,21640883.162100002,21640883.162100002,0,0,4942761.585422818,0.8140675730372373,0.8140675730372373,0,0,0.06791450890760754
2023-06-04,26574619.349623747,26574619.349623747,21640883.162100002,21640883.162100002,0,0,4933736.187523745,0.8143440505162457,0.8143440505162457,0,0,0.06831292789913491
2023-06-05,29623060.1116349,29623060.1116349,24640883.162100002,24640883.162100002,0,0,4982176.949534897,0.8318142375986985,0.8318142375986985,0,0,0.06338022351515467
2023-06-06,29629704.19380012,29629704.19380012,24640883.162100002,24640883.162100002,0,0,4988821.031700119,0.8316277138958408,0.8316277138958408,0,0,0.0635435712513848
2023-06-07,30388497.25227304,30388497.25227304,25102072.7821,25102072.7821,0,0,5286424.470173042,0.8260386347410574,0.8260386347410574,0,0,0.06211883324771757
2023-06-08,29834029.504509654,29834029.504509654,25280883.162100002,25280883.162100002,0,0,4553146.342409652,0.847384130872385,0.847384130872385,0,0,0.06305383823292769
2023-06-09,28047000.669134043,28047000.669134043,23729883.1621,23729883.1621,0,0,4317117.507034045,0.8460756086555427,0.8460756086555427,0,0,0.0612689750245963
2023-06-10,30454017.675483633,30454017.675483633,23729883.1621,23729883.1621,0,0,6724134.513383634,0.7792036970282329,0.7792036970282329,0,0,0.06443182063753058
2023-06-11,30460088.31577156,30460088.31577156,23729883.162100002,23729883.162100002,0,0,6730205.153671559,0.7790484031463951,0.7790484031463951,0,0,0.0644989219176677
2023-06-12,28725549.873284403,28725549.873284403,24329883.1621,24329883.1621,0,0,4395666.711184405,0.8469771081641677,0.8469771081641677,0,0,0.0649723294509739
2023-06-13,28731724.40039922,28731724.40039922,24544641.4321,24544641.4321,0,0,4187082.9682992175,0.8542696947127532,0.8542696947127532,0,0,0.06536624517233
2023-06-14,28705139.574478507,28705139.574478507,24544641.4321,24544641.4321,0,0,4160498.1423785053,0.8550608635229362,0.8550608635229362,0,0,0.06621767698961989
2023-06-15,29211286.987838205,29211286.987838205,24544641.4321,24544641.4321,0,0,4666645.555738203,0.840245123137467,0.840245123137467,0,0,0.06609051234066551
2023-06-16,29717988.029123522,29717988.029123522,25568425.4321,25568425.4321,0,0,4149562.5970235206,0.860368656419238,0.860368656419238,0,0,0.06622124922103384
2023-06-17,29724260.566241298,29724260.566241298,25568425.4321,25568425.4321,0,0,4155835.134141296,0.860187097846222,0.860187097846222,0,0,0.06664400205833299
2023-06-18,29730533.103359073,29730533.103359073,25568425.4321,25568425.4321,0,0,4162107.6712590717,0.8600056158835302,0.8600056158835302,0,0,0.06706831267437587
2023-06-19,29886781.640476853,29886781.640476853,25568425.4321,25568425.4321,0,0,4318356.208376851,0.8555094937847597,0.8555094937847597,0,0,0.06736818312420531
2023-06-20,30443076.24686223,30443076.24686223,25968401.4321,25968401.4321,0,0,4474674.814762227,0.853015024550174,0.853015024550174,0,0,0.06736520182929327
2023-06-21,30449398.799317703,30449398.799317703,25968401.4321,25968401.4321,0,0,4480997.367217701,0.8528379034098332,0.8528379034098332,0,0,0.0678057986583672
2023-06-22,30155671.290601082,30155671.290601082,25968401.4321,25968401.4321,0,0,4187269.8585010804,0.8611448633277095,0.8611448633277095,0,0,0.0684595948658447
2023-06-23,29973956.76229056,29973956.76229056,25778401.4321,25778401.4321,0,0,4195555.330190558,0.8600266436805942,0.8600266436805942,0,0,0.06903503160469433
2023-06-24,29980185.560752235,29980185.560752235,25778401.4321,25778401.4321,0,0,4201784.128652234,0.8598479612430122,0.8598479612430122,0,0,0.06869096382674454
2023-06-25,29986414.35921391,29986414.35921391,25778401.4321,25778401.4321,0,0,4208012.927113909,0.8596693530375059,0.8596693530375059,0,0,0.06832269403972496
2023-06-26,29252458.22710979,29252458.22710979,24778401.4321,24778401.4321,0,0,4474056.795009788,0.8470536472431077,0.8470536472431077,0,0,0.06843344827343445
2023-06-27,33586525.76253976,33586525.76253976,27395853.872100003,27395853.872100003,0,0,6190671.890439756,0.8156798969262717,0.8156798969262717,0,0,0.06543339573324425
2023-06-28,34579014.77240965,34579014.77240965,30135370.1121,30135370.1121,0,0,4443644.660309646,0.8714930228765454,0.8714930228765454,0,0,0.06454038766874129
2023-06-29,34585794.55968651,34585794.55968651,30135370.1121,30135370.1121,0,0,4450424.44758651,0.871322185763112,0.871322185763112,0,0,0.06423593078970971
2023-06-30,34592596.07105798,34592596.07105798,30360850.6821,30360850.6821,0,0,4231745.388957981,0.8776690428129363,0.8776690428129363,0,0,0.06393993653045496
2023-07-01,34599420.52237916,34599420.52237916,30360850.6821,30360850.6821,0,0,4238569.840279158,0.8774959298079105,0.8774959298079105,0,0,0.06223539126166152
2023-07-02,34097409.35726124,34097409.35726124,30360850.682099998,30360850.682099998,0,0,3736558.6751612425,0.890415173891634,0.890415173891634,0,0,0.06300270607549133
2023-07-03,34093695.308819756,34093695.308819756,30360850.682099998,30360850.682099998,0,0,3732844.626719758,0.8905121726199594,0.8905121726199594,0,0,0.06343265554213683
2023-07-04,34307079.486293525,34307079.486293525,30360850.6821,30360850.6821,0,0,3946228.804193523,0.8849733389351859,0.8849733389351859,0,0,0.06312607296881458
2023-07-05,33399958.526632525,33399958.526632525,29389474.912100002,29389474.912100002,0,0,4010483.614532523,0.8799254911848278,0.8799254911848278,0,0,0.06344860671981407
2023-07-06,33037791.91110061,33037791.91110061,28889474.912100002,28889474.912100002,0,0,4148316.999000609,0.8744372199521365,0.8744372199521365,0,0,0.06272801659733782
2023-07-07,31921963.369227618,31921963.369227618,28140474.912100002,28140474.912100002,0,0,3781488.457127616,0.8815396028938206,0.8815396028938206,0,0,0.0630129110713357
2023-07-08,31928565.851609964,31928565.851609964,28140474.912100002,28140474.912100002,0,0,3788090.9395099618,0.8813573100302922,0.8813573100302922,0,0,0.06287700577324538
2023-07-09,36935168.333992295,36935168.333992295,28140474.912100002,28140474.912100002,0,0,8794693.421892293,0.761888362268588,0.761888362268588,0,0,0.06043172809810751
2023-07-10,35494020.65155604,35494020.65155604,33276101.9521,33276101.9521,0,0,2217918.699456036,0.937512892066264,0.937512892066264,0,0,0.06108319566436636
2023-07-11,36545318.26965968,36545318.26965968,33276101.952100005,33276101.952100005,0,0,3269216.317559678,0.9105434985286798,0.9105434985286798,0,0,0.06072409460600136
2023-07-12,36552661.00929732,36552661.00929732,34322268.5621,34322268.5621,0,0,2230392.447197318,0.9389813932662794,0.9389813932662794,0,0,0.06078142700171859
2023-07-13,36560067.37354885,36560067.37354885,34121268.56210001,34121268.56210001,0,0,2438798.8114488423,0.9332933720682006,0.9332933720682006,0,0,0.06083942731941937
2023-07-14,36568979.844004996,36568979.844004996,34121268.5621,34121268.5621,0,0,2447711.2819049954,0.9330659129036036,0.9330659129036036,0,0,0.06084768103358217
2023-07-15,36576372.98021631,36576372.98021631,34121268.5621,34121268.5621,0,0,2455104.4181163087,0.9328773134656013,0.9328773134656013,0,0,0.060903875002977254
2023-07-16,36379227.83688764,36379227.83688764,34121268.56210001,34121268.56210001,0,0,2257959.2747876346,0.9379327322473261,0.9379327322473261,0,0,0.06087626798672841
2023-07-17,36386084.044373766,36386084.044373766,34121268.56210001,34121268.56210001,0,0,2264815.4822737575,0.9377559981582037,0.9377559981582037,0,0,0.060896305474619376
2023-07-18,36653631.51698349,36653631.51698349,34121268.5621,34121268.5621,0,0,2532362.954883486,0.9309109943523574,0.9309109943523574,0,0,0.06086597724150904
2023-07-19,36661264.63477656,36661264.63477656,34121268.5621,34121268.5621,0,0,2539996.072676562,0.9307171725258178,0.9307171725258178,0,0,0.06095433935147095
2023-07-20,36550709.279231906,36550709.279231906,34121268.5621,34121268.5621,0,0,2429440.7171319053,0.9335323235844205,0.9335323235844205,0,0,0.06100181705714973
2023-07-21,36558133.94995631,36558133.94995631,33896268.5621,33896268.5621,0,0,2661865.387856312,0.9271881493869439,0.9271881493869439,0,0,0.0610868281001917
2023-07-22,36565560.66396641,36565560.66396641,33896268.5621,33896268.5621,0,0,2669292.101866409,0.9269998311690906,0.9269998311690906,0,0,0.061169382440097696
2023-07-23,36572987.37797651,36572987.37797651,33896268.56210001,33896268.56210001,0,0,2676718.815876499,0.9268115894331246,0.9268115894331246,0,0,0.06070718717156936
2023-07-24,36580414.09198661,36580414.09198661,33896268.5621,33896268.5621,0,0,2684145.529886611,0.926623424132462,0.926623424132462,0,0,0.060773682728336706
2023-07-25,36587840.80599671,36587840.80599671,33896268.5621,33896268.5621,0,0,2691572.243896708,0.9264353352205588,0.9264353352205588,0,0,0.06084017805840465
2023-07-26,36595267.52000682,36595267.52000682,33896268.5621,33896268.5621,0,0,2698998.95790682,0.9262473226509066,0.9262473226509066,0,0,0.06093271405738009
2023-07-27,36105270.463316925,36105270.463316925,33896268.5621,33896268.5621,0,0,2209001.901216924,0.938817743978368,0.938817743978368,0,0,0.061274068920832245
2023-07-28,36112685.179955624,36112685.179955624,33654968.5621,33654968.5621,0,0,2457716.6178556234,0.9319431217698599,0.9319431217698599,0,0,0.061427620541281876
2023-07-29,35868937.17865482,35868937.17865482,33654968.56210001,33654968.56210001,0,0,2213968.6165548116,0.938276157848571,0.938276157848571,0,0,0.06162148786854432
2023-07-30,35876331.636851124,35876331.636851124,33654968.5621,33654968.5621,0,0,2221363.074751124,0.9380827700770442,0.9380827700770442,0,0,0.06170968926258461
2023-07-31,35884258.4205333,35884258.4205333,33654968.56210001,33654968.56210001,0,0,2229289.8584332913,0.9378755488741639,0.9378755488741639,0,0,0.061987155362053604
2023-08-01,36331426.7233918,36331426.7233918,34096082.0221,34096082.0221,0,0,2235344.7012917995,0.9384735227077503,0.9384735227077503,0,0,0.0618708599744727
2023-08-02,36692057.62975475,36692057.62975475,34096082.0221,34096082.0221,0,0,2595975.6076547503,0.9292496584996751,0.9292496584996751,0,0,0.06297097525914212
2023-08-03,35899973.26561609,35899973.26561609,34451859.752100006,34451859.752100006,0,0,1448113.5135160834,0.9596625461862658,0.9596625461862658,0,0,0.06375422151391276
2023-08-04,35908662.933069006,35908662.933069006,34451859.7521,34451859.7521,0,0,1456803.1809690073,0.9594303139695183,0.9594303139695183,0,0,0.06430081958478698
2023-08-05,35917461.47252523,35917461.47252523,34451859.752100006,34451859.752100006,0,0,1465601.7204252258,0.9591952866283068,0.9591952866283068,0,0,0.06552075795805082
2023-08-06,36046233.81800259,36046233.81800259,34451859.7521,34451859.7521,0,0,1594374.0659025908,0.9557686366361439,0.9557686366361439,0,0,0.06613144153847952
2023-08-07,39780855.8357108,39780855.8357108,34774826.0121,34774826.0121,0,0,5006029.8236107975,0.8741598259151342,0.8741598259151342,0,0,0.06561417690871327
2023-08-08,39788874.61419076,39788874.61419076,34681826.012099996,34681826.012099996,0,0,5107048.602090761,0.8716463169262565,0.8716463169262565,0,0,0.06613005323474123
2023-08-09,45347707.97116145,45219655.85598045,41088988.70761421,41088988.70761421,0,128052.115181,4130667.148366235,0.9086532820700373,0.9086532820700373,0.0031164581852380956,0.002823783624575554,0.06495559151724438
2023-08-10,46351657.166856654,46224439.56811266,41085735.62703783,41085735.62703783,0,127217.598744,5138703.941074826,0.8888314495732752,0.8888314495732752,0.0030963933541031754,0.002744618132767987,0.06483847865281163
2023-08-11,46341729.752370924,46215207.331014924,41068628.68549158,41068628.68549158,0,126522.421356,5146578.645523347,0.8886388497911273,0.8886388497911273,0.0030807559299075625,0.002730204980091985,0.06651391861530352
2023-08-12,46338250.669546776,46211844.22327577,41057249.113336265,41057249.113336265,0,126406.446271,5154595.109939508,0.8884572733121249,0.8884572733121249,0.0030787850866983804,0.0027279071705241034,0.06667778881917263
2023-08-13,45214462.127737395,45087989.91597639,41060536.2457934,41060536.2457934,0,126472.211761,4027453.670182988,0.9106756881890645,0.9106756881890645,0.0030801402837001895,0.0027971628060884084,0.06683706830231308
2023-08-14,45438894.468692474,45312969.09893948,42335787.755825,42335787.755825,0,125925.369753,2977181.3431144804,0.9342973677885928,0.9342973677885928,0.0029744425798637437,0.0027713123575170374,0.06739369943229749
2023-08-15,45541426.471400276,45415003.948160276,42349437.78319202,42349437.78319202,0,126422.52324,3065566.164968252,0.932498824210882,0.932498824210882,0.002985223177866497,0.0027759895338235075,0.06782859599913857
2023-08-16,45745284.99075103,45619851.88203102,42292797.49520887,42292797.49520887,0,125433.10872,3327054.3868221566,0.9270700309280786,0.9270700309280786,0.0029658267163388675,0.0027419898847577534,0.06852020786816286
2023-08-17,45317328.162903816,45193685.11571783,41473248.80811169,41473248.80811169,0,123643.047186,3720436.3076061383,0.9176779610230941,0.9176779610230941,0.0029812722836851124,0.0027283834285537737,0.06969683257632546
2023-08-18,44746042.544942416,44632085.71968142,42495354.88197226,42495354.88197226,0,113956.825261,2136730.8377091587,0.952125678124719,0.952125678124719,0.0026816301588139867,0.0025467464557685313,0.07173690793124828
2023-08-19,44701130.86592419,44589146.66140619,42443550.09753723,42443550.09753723,0,111984.204518,2145596.563868962,0.9518807439809995,0.9518807439809995,0.002638426904927961,0.0025051760961905755,0.07220946280450155
2023-08-20,45114696.10995961,45002445.56185061,42472737.64324487,42472737.64324487,0,112250.548109,2529707.9186057374,0.9437873233993707,0.9437873233993707,0.0026428846911603077,0.0024881149112787517,0.07243847929566946
2023-08-21,45169091.733733274,45056600.72192728,42893553.18174814,42893553.18174814,0,112491.011806,2163047.540179141,0.9519926602202268,0.9519926602202268,0.0026225622141713045,0.002490442191512769,0.07284755491399972
2023-08-22,46276234.86882275,46163923.14319475,44000028.152409695,44000028.152409695,0,112311.725628,2163894.990785055,0.953125842791287,0.953125842791287,0.0025525375856344573,0.002426984951268512,0.07269841683308007
2023-08-23,46177084.92909247,46065140.12482947,43892040.767294616,43892040.767294616,0,111944.804263,2173099.3575348556,0.9528255129226549,0.9528255129226549,0.002550457948777212,0.00242425013261226,0.07318660695860181
2023-08-24,53217689.321135916,53103954.28406991,44041939.67128028,44041939.67128028,0,113735.037066,9062014.61278963,0.8293532989216954,0.8293532989216954,0.002582425704110542,0.0021371660159778686,0.0751127924669388
2023-08-25,53155409.454837486,53043029.237562485,50852516.23243577,50852516.23243577,0,112380.217275,2190513.0051267147,0.9587030937596698,0.9587030937596698,0.0022099244167453685,0.0021141821392699793,0.07535580333626198
2023-08-26,53148918.44155788,53036929.08585487,50835557.40633477,50835557.40633477,0,111989.355703,2201371.6795201004,0.9584936059183107,0.9584936059183107,0.0022029729074839388,0.0021070862585123454,0.07582904084417275
2023-08-27,53133923.35696,53022114.689364,50809884.3354505,50809884.3354505,0,111808.667596,2212230.353913501,0.9582772138215516,0.9582772138215516,0.0022005298586753545,0.002104280288975766,0.07631141586756927
2023-08-28,53180061.16216271,53067905.47828872,50847505.38558583,50847505.38558583,0,112155.683874,2220400.092702888,0.9581592664588712,0.9581592664588712,0.00220572637779382,0.002108979971497251,0.07676476851269845
2023-08-29,53278298.71186497,53166028.85163897,50834770.0845427,50834770.0845427,0,112269.860226,2331258.7670962736,0.9561513466879066,0.9561513466879066,0.0022085249926238545,0.0021072343325594543,0.07718311832409426
2023-08-30,53558825.26999381,53439584.10391181,51097466.66242215,51097466.66242215,0,119241.166082,2342117.4414896592,0.9561726109818618,0.9561726109818618,0.002333602306935732,0.002226358877008539,0.07728298649443201
2023-08-31,53586405.15599976,53469026.93180776,51011886.029008016,51011886.029008016,0,117378.224192,2457140.9027997404,0.9540455279664342,0.9540455279664342,0.0023009975385982124,0.0021904478169470533,0.07885108580089262
2023-09-01,53386783.88451544,53275295.991372444,51012597.26705652,51012597.26705652,0,111487.893143,2262698.7243159264,0.9575281810788558,0.9575281810788558,0.002185497291175917,0.002088305101580327,0.07805610640885839
2023-09-02,53347312.366306394,53236319.34519939,50962865.007011265,50962865.007011265,0,110993.021107,2273454.3381881267,0.9572950503312146,0.9572950503312146,0.0021779195712746924,0.002080573813069954,0.07802157066220834
2023-09-03,54313050.070114926,54201879.345702924,50981823.203962624,50981823.203962624,0,111170.724412,3220056.1417402998,0.9405914300276825,0.9405914300276825,0.0021805953068261223,0.0020468510655999835,0.07912774215883166
2023-09-04,54873458.48365989,54761832.219526894,50979232.940856785,50979232.940856785,0,111626.264133,3782599.27867011,0.930926356453769,0.930926356453769,0.002189641893249011,0.002034248746436127,0.0790382859180902
2023-09-05,54867590.83109853,54756524.56258753,52640082.94119335,52640082.94119335,0,111066.268511,2116441.6213941798,0.9613481381752953,0.9613481381752953,0.0021099181898151117,0.002024259983510129,0.07890833945922233
2023-09-06,55121099.53202286,55010226.553886876,52648440.4942317,52648440.4942317,0,110872.978136,2361786.0596551746,0.9570664182351327,0.9570664182351327,0.002105911914867593,0.002011443513959438,0.07881158426939282
2023-09-07,55201444.17645092,55020915.937926725,52646469.82515928,52646469.82515928,0,180528.2385242,2374446.112767443,0.9568446640283809,0.9568446640283809,0.00342906635760651,0.003270353542692526,0.07884508196632038
2023-09-08,55264671.95739482,55081063.700050525,52895962.12325147,52895962.12325147,0,183608.2573443,2185101.5767990574,0.9603293504152671,0.9603293504152671,0.003471120478279217,0.0033223441095578932,0.07967176811243358
2023-09-09,55239934.59981903,55058324.93055763,52862009.80500655,52862009.80500655,0,181609.6692614,2196315.125551082,0.9601092999410864,0.9601092999410864,0.003435542271875554,0.003287651779044557,0.0797015175048427
2023-09-10,55244511.47081929,55063027.3024992,52855498.62819599,52855498.62819599,0,181484.1683201,2207528.674303204,0.9599090572667622,0.9599090572667622,0.003433591074350143,0.003285107669310494,0.07977806488360546
2023-09-11,55197474.317299016,55016373.91079802,52797631.687742785,52797631.687742785,0,181100.406501,2218742.223055236,0.9596712384816084,0.9596712384816084,0.003430085795743056,0.003280954586073202,0.07995453847944578
2023-09-12,76795334.44005615,58796876.02725504,56582004.37275038,56582004.37275038,0,17998458.4128011,2214871.6545046642,0.9623301133638806,0.9623301133638806,0.3180951013016618,0.2343691650545528,0.08081468794703851
2023-09-13,78483595.17076689,59962836.619080305,56445821.56319145,56445821.56319145,0,18520758.5516866,3517015.055888854,0.9413467531859603,0.9413467531859603,0.32811566983665025,0.2359825452871851,0.08098054618964469
2023-09-14,80118605.04350863,61436685.11458783,59283217.72401407,59283217.72401407,0,18681919.9289208,2153467.390573755,0.9649481838651085,0.9649481838651085,0.31512999203066616,0.23317829758488098,0.08106476745876444
2023-09-15,80384747.83349128,61488330.54654558,59347021.121959716,59347021.121959716,0,18896417.2869457,2141309.424585864,0.9651753526961522,0.9651753526961522,0.31840548909966443,0.23507466025878046,0.08108798661402544
2023-09-16,80639950.61564843,61554023.377128124,59399901.918530606,59399901.918530606,0,19085927.2385203,2154121.4585975185,0.9650043759869329,0.9650043759869329,0.32131243692451594,0.23668079026348776,0.08109822641978719
2023-09-17,80553661.07628681,61541229.083769895,59374261.09116068,59374261.09116068,0,19012431.9925169,2166967.9926092178,0.964788353679782,0.964788353679782,0.3202133659116369,0.23602194783563643,0.08115160360795551
2023-09-18,80371195.71995166,61512853.24431915,59333517.87935325,59333517.87935325,0,18858342.4756325,2179335.364965901,0.9645710571039531,0.9645710571039531,0.3178362441609886,0.234640561294412,0.08115081884934616
2023-09-19,80607831.04595748,61573969.14157638,59381817.74259878,59381817.74259878,0,19033861.9043811,2192151.3989776,0.9643980820216866,0.9643980820216866,0.32053350045441203,0.23612919064314233,0.08111112394396248
2023-09-20,80693477.30295587,61609979.18689716,59405919.54779088,59405919.54779088,0,19083498.1160587,2204059.639106281,0.9642256064976074,0.9642256064976074,0.321238998761839,0.23649368888158767,0.08108699313111759
2023-09-21,80407454.50889033,61547216.193275824,59322790.73006882,59322790.73006882,0,18860238.3156145,2224425.4632070065,0.9638582278649017,0.9638582278649017,0.3179256755035776,0.23455833082651806,0.08110625000805083
2023-09-22,79867879.60183339,61431364.907348886,59194128.15527342,59194128.15527342,0,18436514.6944845,2237236.7520754635,0.9635815229655132,0.9635815229655132,0.31145850558223054,0.23083766323077998,0.08114444161120114
2023-09-23,80019570.79088262,61477088.123731524,59227040.082788825,59227040.082788825,0,18542482.6671511,2250048.0409426987,0.9634002177134,0.9634002177134,0.3130746132380079,0.23172434548054113,0.08123378854311065
2023-09-24,80029990.0875224,61488909.31492761,59226049.985117644,59226049.985117644,0,18541080.7725948,2262859.3298099637,0.9631989027774053,0.9631989027774053,0.3130561767542122,0.23167665961620013,0.0814570003850564
2023-09-25,80865071.2945251,62508523.9405961,60184609.13738138,60184609.13738138,0,18356547.353929,2323914.8032147214,0.9628224335384529,0.9628224335384529,0.3050040137674921,0.22700217856818752,0.08092731423410386
2023-09-26,81014725.38791896,62548737.67881215,60211882.64666128,60211882.64666128,0,18465987.7091068,2336855.032150872,0.9626394533467546,0.9626394533467546,0.30668344681181847,0.22793371971190407,0.08088712712090564
2023-09-27,81094906.53260821,62584982.77590231,60225581.70464217,60225581.70464217,0,18509923.7567059,2359401.0712601393,0.9623008433235744,0.9623008433235744,0.307343212515275,0.22825013984402423,0.08084952815458472
2023-09-28,80385808.2941457,61792793.0613767,60242405.24446341,60242405.24446341,0,18593015.232769,1550387.8169132918,0.974909892560232,0.974909892560232,0.3086366680964784,0.2312972355111976,0.08189129087898639
2023-09-29,81188815.87439108,62010755.69000358,60429313.868376434,60429313.868376434,0,19178060.1843875,1581441.8216271475,0.9744972980246702,0.9744972980246702,0.3173635270153823,0.23621554247149362,0.08359776376228349
2023-09-30,81474954.30252299,62077464.79883199,60483197.89886509,60483197.89886509,0,19397489.503691,1594266.899966903,0.9743181055293852,0.9743181055293852,0.32070872866421263,0.23807917009276958,0.08249810943845987
2023-10-01,81584310.38665527,62100560.408913866,60493468.43060742,60493468.43060742,0,19483749.9777414,1607091.9783064425,0.9741211356592563,0.9741211356592563,0.32208022590226215,0.23881736433637066,0.08247054232290903
2023-10-02,82522784.45103948,62377584.48787368,60653807.89167828,60653807.89167828,0,20145199.9631658,1723776.5961953998,0.9723654480956937,0.9723654480956937,0.33213413408673603,0.2441168229741192,0.08239253187626017
2023-10-03,81117601.64646597,61840833.904587075,60419943.08900481,60419943.08900481,0,19276767.7418789,1420890.815582268,0.9770234208391412,0.9770234208391412,0.31904643990614545,0.23763976437435422,0.08216237864693239
2023-10-04,83345560.006907,64114835.0830375,62734099.84549621,62734099.84549621,0,19230724.9238695,1380735.2375412956,0.9784646527476355,0.9784646527476355,0.3065434105411829,0.23073484565075592,0.08116596445605441
2023-10-05,82849750.55678405,63656518.190711245,62283364.86157978,62283364.86157978,0,19193232.3660728,1373153.3291314617,0.9784287081957959,0.9784287081957959,0.3081598498849308,0.2316631279766863,0.08142209922796441
2023-10-06,82767737.39452533,64083533.34307113,61975867.22191817,61975867.22191817,0,18684204.0514542,2107666.1211529598,0.9671106443230967,0.9671106443230967,0.3014754756807406,0.22574259777566502,0.08119291693102917
2023-10-07,83604132.52604537,64542905.79418497,62089823.34216014,62089823.34216014,0,19061226.7318604,2453082.452024825,0.9619929964131575,0.9619929964131575,0.3069943785605438,0.2279938342272999,0.08169666208832843
2023-10-08,83651432.27014028,64730719.24283938,62051231.64282261,62051231.64282261,0,18920713.0273009,2679487.6000167727,0.9586056260248772,0.9586056260248772,0.3049208295527755,0.2261851652007485,0.08092551986773788
2023-10-09,74963599.14013973,56066806.847693235,53372646.75,53372646.75,0,18896792.2924465,2694160.0976932347,0.9519473241090405,0.9519473241090405,0.35405387296905044,0.25207957607691883,0.08488694426768906
2023-10-10,74395695.66078404,56079939.57435673,54037646.75,54037646.75,0,18315756.0864273,2042292.8243567273,0.9635824710251544,0.9635824710251544,0.3389443691203541,0.246193760589862,0.08480590890025563
2023-10-11,74142670.89577334,55967468.45911634,54037646.75,54037646.75,0,18175202.436657,1929821.7091163397,0.9655188672590033,0.9655188672590033,0.33634333709502257,0.2451382209066482,0.08483053783964391
2023-10-12,74433084.73279233,56280943.34739194,54977064.839999996,54977064.839999996,0,18152141.3854004,1303878.5073919445,0.9768326820795485,0.9768326820795485,0.33017661889059846,0.24387194821449162,0.08463827079659055
2023-10-13,75076333.54099984,57274345.21211374,55977588.20999999,55977588.20999999,0,17801988.3288861,1296757.0021137446,0.9773588506806801,0.9773588506806801,0.3180199236541224,0.23711850977864118,0.08579502029692776
2023-10-14,77255571.05414455,59288145.69963434,55977588.20999999,55977588.20999999,0,17967425.3545102,3310557.48963435,0.9441615612941194,0.9441615612941194,0.32097533904292874,0.23257125808982415,0.0845665164350731
2023-10-15,77343006.53812884,59301946.18715515,55977588.20999999,55977588.20999999,0,18041060.3509737,3324357.9771551564,0.943941840177326,0.943941840177326,0.32229077614585033,0.23326039623349465,0.08448529884293275
2023-10-16,81919655.65600856,63890292.45523856,58029990.5,58029990.5,0,18029363.20077,5860301.955238558,0.9082755496956869,0.9082755496956869,0.31069043860639617,0.22008592512250877,0.08910150136353244
2023-10-17,82362619.08565676,63903277.01279546,62665665.61,62665665.61,0,18459342.0728613,1237611.4027954638,0.9806330526281515,0.9806330526281515,0.29456867477867515,0.22412281539594636,0.08846476685036518
2023-10-18,82045191.48383018,63914692.71366268,61815665.61,61815665.61,0,18130498.7701675,2099027.103662677,0.9671589267734368,0.9671589267734368,0.2932994183797077,0.22098185697745293,0.08848459343693821
2023-10-19,81140158.57831518,63030301.67718317,61681665.61,61681665.61,0,18109856.901132,1348636.0671831742,0.9786033696286214,0.9786033696286214,0.2936019434954425,0.22319227887202925,0.08918105290199989
2023-10-20,89224257.82985048,71046231.98669308,61583665.61,61583665.61,0,18178025.8431574,9462566.376693085,0.8668111437850016,0.8668111437850016,0.29517609358098423,0.2037341221467223,0.07914858583317931
2023-10-21,90029347.86410339,71402052.06234848,61583665.61000001,61583665.61000001,0,18627295.8017549,9818386.452348478,0.8624915367449799,0.8624915367449799,0.302471371543856,0.20690248506378436,0.07948185537647877
2023-10-22,90321327.32033287,71416097.95032197,61583665.61,61583665.61,0,18905229.3700109,9832432.340321973,0.8623219046893104,0.8623219046893104,0.3069844768535678,0.2093108010133838,0.07946794457925703
2023-10-23,91322766.9185117,72030257.2090067,69683715.61000001,69683715.61000001,0,19292509.709505,2346541.5990066826,0.9674228346540839,0.9674228346540839,0.27685822348337025,0.21125629851666577,0.07938238425765012
2023-10-24,92561984.65053494,72090058.16352335,70113769.09,70113769.09,0,20471926.4870116,1976289.0735233426,0.9725858305032785,0.9725858305032785,0.2919815430366218,0.22116991726466062,0.07933990351735393
2023-10-25,93556016.1095906,72816100.122864,65039769.09,65039769.09,0,20739915.9867266,7776331.0328639895,0.8932058841417923,0.8932058841417923,0.3188805292040221,0.2216844714981457,0.08070255001461117
2023-10-26,91208475.1109805,70483743.63361819,59824151.769999996,59824151.769999996,0,20724731.4773623,10659591.863618195,0.8487652426774057,0.8487652426774057,0.3464275023412054,0.22722374704921772,0.08420566877950604
2023-10-27,110281200.64742145,71024238.26763596,69832209.13,69832209.13,0,39256962.3797855,1192029.1376359612,0.9832165868059842,0.9832165868059842,0.5621612557996631,0.3559714815337694,0.08444146098483869
2023-10-28,109836075.91962057,71042726.64228599,69832209.13,69832209.13,0,38793349.2773346,1210517.5122859925,0.9829607115393926,0.9829607115393926,0.555522297814132,0.3531931467191532,0.08450038455229023
2023-10-29,109768099.94840752,71061215.01693623,69832209.13,69832209.13,0,38706884.9314713,1229005.8869362324,0.9827049694176588,0.9827049694176588,0.5542841249575017,0.35262416812957553,0.08228061867282091
2023-10-30,110283572.78514418,71082242.37716208,69832209.13,69832209.13,0,39201330.4079821,1250033.2471620888,0.9824142682425603,0.9824142682425603,0.5613646037604898,0.3554593800144163,0.0828746509021781
2023-10-31,110059273.66999625,70600649.37962903,69342209.13,69342209.13,0,39458624.2903672,1258440.2496290356,0.9821752312381401,0.9821752312381401,0.569041926777841,0.35852157637057164,0.08321657835731637
2023-11-01,110076235.86227575,70619129.02583094,69312169.13,69312169.13,0,39457106.8364448,1306959.8958309442,0.9814928346772319,0.9814928346772319,0.5692666573807572,0.3584525445238917,0.08332728782178479
2023-11-02,111097073.89937428,70855200.43813118,69312169.13,69312169.13,0,40241873.4612431,1543031.3081311882,0.9782227514905061,0.9782227514905061,0.5805888629133299,0.3622226225120206,0.08344689088217783
2023-11-03,109906778.80213623,70616969.71305174,69034764.13,69034764.13,0,39289809.0890845,1582205.5830517411,0.9775945415176982,0.9775945415176982,0.5691307790245723,0.3574830371456654,0.08342573070893186
2023-11-04,110563426.53452078,70635419.41404907,69034764.13,69034764.13,0,39928007.1204717,1600655.2840490788,0.9773391975679171,0.9773391975679171,0.5783753681736771,0.36113214262589033,0.08350750930715234
2023-11-05,111269775.56574671,70653869.11504641,69034764.13,69034764.13,0,40615906.4507003,1619104.9850464165,0.9770839869730275,0.9770839869730275,0.5883399032727353,0.36502191403002615,0.08358802392810559
2023-11-06,112023949.07796729,70704899.05092978,69034764.13,69034764.13,0,41319050.0270375,1670134.9209297895,0.9763787949159397,0.9763787949159397,0.5985252582196011,0.3688412198205935,0.08371130879841543
2023-11-07,112174058.96187334,70698316.36499253,68951264.13,68951264.13,0,41475742.5968808,1747052.234992534,0.975288630269877,0.975288630269877,0.601522584396464,0.36974451117060786,0.08399768557137628
2023-11-08,120107095.88108495,79028903.10776666,68951264.13,68951264.13,0,41078192.7733183,10077638.977766663,0.8724816037997588,0.8724816037997588,0.5957569203643591,0.34201303821373547,0.08112487881061521
2023-11-09,115187259.22849768,73930441.96354939,68017117.74,68017117.74,0,41256817.2649483,5913324.223549396,0.9200150294453143,0.9200150294453143,0.6065652094029514,0.3581717070210595,0.08302280896055689
2023-11-10,119354157.37888753,73083198.14389133,68017117.74,68017117.74,0,46270959.2349962,5066080.40389134,0.9306806416172855,0.9306806416172855,0.680284033967303,0.3876778174396549,0.08320939607017062
2023-11-11,117993124.67127141,72578365.93218142,68017117.74,68017117.74,0,45414758.73909,4561248.192181423,0.9371541624890875,0.9371541624890875,0.6676960190034952,0.3848932627694658,0.08354085365070751
2023-11-12,117304427.07184274,72595319.17702655,68017117.74,68017117.74,0,44709107.8948162,4578201.43702656,0.9369353081035096,0.9369353081035096,0.657321412320348,0.3811374302815889,0.08354089476763836
2023-11-13,119270680.0385726,74612272.42187081,68017117.74,68017117.74,0,44658407.6167018,6595154.681870818,0.9116076421774066,0.9116076421774066,0.6565760076369535,0.3744290516517479,0.08518993274290682
2023-11-14,119602344.08023427,74616546.38764378,69269176.06,69269176.06,0,44985797.6925905,5347370.327643782,0.928335327932984,0.928335327932984,0.6494345717873765,0.3761280603531661,0.08511833897714458
2023-11-15,117901044.3292827,74633986.53240642,69269176.06,69269176.06,0,43267057.7968763,5364810.472406417,0.9281183985786825,0.9281183985786825,0.6246220939512688,0.36697773156306296,0.08516432720730024
2023-11-16,116890070.49922025,72013551.74026574,66606176.06,66606176.06,0,44876518.7589545,5407375.68026574,0.924911693013438,0.924911693013438,0.6737591228556487,0.38392070915256965,0.08712919951419418
2023-11-17,113784343.923148,71021881.83321291,67635617.18,67635617.18,0,42762462.0899351,3386264.653212905,0.9523208261199672,0.9523208261199672,0.6322476806285439,0.37582026327644547,0.09069533202083419
2023-11-18,113684698.44236355,71089507.74997924,67635617.18,67635617.18,0,42595190.6923843,3453890.5699792355,0.9514149038402894,0.9514149038402894,0.6297745547146392,0.3746783100628044,0.09097505962210178
2023-11-19,113974328.39950797,71125346.33312759,67635617.18,67635617.18,0,42848982.0663804,3489729.153127581,0.9509355056524739,0.9509355056524739,0.6335268879464137,0.3759529243829734,0.09413368411441253
2023-11-20,114577146.35988125,70793497.95826118,67635617.18,67635617.18,0,43783648.4016201,3157880.77826117,0.9553930675932554,0.9553930675932554,0.6473460319745113,0.38213247399352906,0.09467366660161236
2023-11-21,147161745.38220498,80811594.10442232,77635617.18,77635617.18,0,66350151.2777827,3175976.924422309,0.9606989942517604,0.9606989942517604,0.8546354584127065,0.45086548209563343,0.09358550080499504
2023-11-22,147738453.20913845,82122972.44031084,77837234.37,77837234.37,0,65615480.7688276,4285738.070310831,0.9478131642954617,0.9478131642954617,0.8429831982072207,0.44413271794542464,0.09361612497435176
2023-11-23,149727876.85423923,81554064.97394794,77837234.37,77837234.37,0,68173811.8802913,3716830.6039479375,0.9544249498153738,0.9544249498153738,0.8758509013337558,0.4553180964868607,0.09353100110244994
2023-11-24,150298367.19017348,81574128.44217019,78496214.75999999,78496214.75999999,0,68724238.7480033,3077913.6821701974,0.962268506682824,0.962268506682824,0.8755102262972267,0.4572520648946644,0.09366658522462741
2023-11-25,151535185.9051562,81594239.81805922,78496214.75999999,78496214.75999999,0,69940946.087097,3098025.0580592304,0.9620313264151087,0.9620313264151087,0.8910104302601025,0.4615492149187852,0.09418728824841899
2023-11-26,152482392.22223476,81614351.19394809,78496214.75999999,78496214.75999999,0,70868041.0282867,3118136.4339480996,0.9617942630391294,0.9617942630391294,0.9028211264067162,0.46476212758388785,0.09459517837713526
2023-11-27,149562647.4488562,81571681.68062831,78454414.75999999,78454414.75999999,0,67990965.7682279,3117266.920628324,0.9617849374145168,0.9617849374145168,0.8666302078247498,0.4545985707526192,0.09462950017684332
2023-11-28,139742512.42317355,81841719.86471306,76496414.75999999,76496414.75999999,0,57900792.5584605,5345305.104713067,0.9346872827996647,0.9346872827996647,0.7569085785277462,0.4143391409990049,0.09477368935747343
2023-11-29,138160016.8336899,80114627.06879349,75159941.44,75159941.44,0,58045389.7648964,4954685.628793493,0.9381550434661705,0.9381550434661705,0.7722915778378286,0.42013160605480043,0.09557347565094754
2023-11-30,135503764.44091862,78458817.99762645,75421089.68,75421089.68,0,57044946.4432922,3037728.3176264465,0.9612825123401891,0.9612825123401891,0.7563527215706517,0.4209842189894623,0.09556620272880177
2023-12-01,136949639.8289172,78478465.18224138,75419664.68,75419664.68,0,58471174.6466758,3058800.502241373,0.961023696180369,0.961023696180369,0.7752775737569852,0.426953840256318,0.09556250122750266
2023-12-02,138735386.25479242,78698112.13648903,75419664.68,75419664.68,0,60037274.1183034,3278447.4564890265,0.9583414726543491,0.9583414726543491,0.7960427081323825,0.4327466534604433,0.09543994672004902
2023-12-03,140862072.47122905,78717759.09073688,75419664.68,75419664.68,0,62144313.3804922,3298094.4107368737,0.9581022827779535,0.9581022827779535,0.8239802396916756,0.4411713692000742,0.0954468514572011
2023-12-04,141055212.10253453,78736394.91535231,75621318.92,75621318.92,0,62318817.1871822,3115075.995352313,0.9604366443408888,0.9604366443408888,0.8240905881727539,0.4418044272045899,0.09545658858677518
2023-12-05,128274517.07143824,78755722.28810254,69579318.92,69579318.92,0,49518794.7833357,9176403.368102536,0.8834827095543152,0.8834827095543152,0.7116884090266933,0.3860376629269074,0.0954241779611077
2023-12-06,124888200.58237341,74909201.7737077,69579318.92,69579318.92,0,49978998.8086657,5329882.853707701,0.9288487565278204,0.9288487565278204,0.7183025011516698,0.40018991846792357,0.09568019894665969
2023-12-07,123054159.66213225,74452890.85229014,69579318.92,69579318.92,0,48601268.8098421,4873571.932290137,0.9345415352379131,0.9345415352379131,0.6985016462394844,0.394958357712456,0.09595316795824202
2023-12-08,125385121.55725339,74166978.39155379,69292318.92,69292318.92,0,51218143.1656996,4874659.471553788,0.9342745305623922,0.9342745305623922,0.7391604720983929,0.40848660933276965,0.09606945843888373
2023-12-09,126192189.61151654,74172748.72498144,69292318.92,69292318.92,0,52019440.8865351,4880429.80498144,0.9342018478635981,0.9342018478635981,0.7507244915066713,0.41222393435502847,0.09605416725953765
2023-12-10,126905003.6063956,74191027.00070971,69292318.92,69292318.92,0,52713976.6056859,4898708.080709711,0.9339716906646561,0.9339716906646561,0.7607477629164888,0.4153813885005026,0.09603558210166421
2023-12-11,122944139.50383413,74209305.27643873,69292318.92,69292318.92,0,48734834.2273954,4916986.356438726,0.9337416468443903,0.9337416468443903,0.7033223160515264,0.3963981888366103,0.09601913576783884
2023-12-12,122841201.95107383,74635994.65416452,69048818.92,69048818.92,0,48205207.2969093,5587175.734164521,0.9251410025410204,0.9251410025410204,0.6981322497747555,0.3924188833328809,0.09627337906486194
2023-12-13,114726265.59942797,74993626.25530808,66083818.92,66083818.92,0,39732639.3441199,8909807.335308075,0.881192472211231,0.881192472211231,0.6012461143055244,0.34632557014318094,0.09687704399215494
2023-12-14,109590358.6443403,70029892.48650001,67211086.26,67211086.26,0,39560466.1578403,2818806.2265000045,0.9597485284295788,0.9597485284295788,0.5886003092526166,0.36098491370238217,0.09769815783312831
2023-12-15,109373296.65059148,70047848.08007286,66927586.260000005,66927586.260000005,0,39325448.5705186,3120261.8200728595,0.955455279418348,0.955455279418348,0.5875820535010371,0.35955255784370593,0.09783592395032582
2023-12-16,109547765.5785883,69928723.2602004,66927586.26,66927586.26,0,39619042.3183879,3001137.0002003983,0.957082914426546,0.957082914426546,0.5919687909328751,0.3616599764416524,0.09815162760370158
2023-12-17,110599482.12075645,70096215.76928565,66315584.06,66315584.06,0,40503266.3514708,3780631.7092856467,0.9460651096811103,0.9460651096811103,0.6107654320713646,0.3662156962656289,0.09794857611108544
2023-12-18,109334448.58069794,70363162.13575962,66315584.06,66315584.06,0,38971286.4449383,4047578.0757596195,0.9424758928834073,0.9424758928834073,0.5876640762098764,0.3564410572407492,0.09704926909889385
2023-12-19,112463321.94616938,73080834.9836739,65993598.800000004,65993598.800000004,0,39382486.9624955,7087236.183673896,0.9030219593788553,0.9030219593788553,0.596762226619099,0.35018071919790833,0.09346221350306118
2023-12-20,112970516.53861918,73098875.13554537,69443598.8,69443598.8,0,39871641.4030738,3655276.335545376,0.9499954502888384,0.9499954502888384,0.5741586278946391,0.35293847124655403,0.09342010092153272
2023-12-21,113269165.12290032,73041690.05948062,69745144.57,69745144.57,0,40227475.0634197,3296545.4894806296,0.9548676175647616,0.9548676175647616,0.5767781443630852,0.35514939144975355,0.09349769445632747
2023-12-22,114010551.44566275,73035402.12002677,69745144.57000001,69745144.57000001,0,40975149.325636,3290257.5500267595,0.9549498263236843,0.9549498263236843,0.5874982348701151,0.3593978698117664,0.09351525621232702
2023-12-23,115331129.3096692,73054116.406241,69745144.57,69745144.57,0,42277012.9034282,3308971.836241007,0.954705196653938,0.954705196653938,0.6061642450392616,0.3665707008722037,0.09351461806570621
2023-12-24,116151453.74475104,73072317.96945024,69745144.57000001,69745144.57000001,0,43079135.7753008,3327173.3994502276,0.9544673894039979,0.9544673894039979,0.6176650151189269,0.37088761600840126,0.09350788075926116
2023-12-25,116290063.85426907,72601562.60295448,69745144.57,69745144.57,0,43688501.2513146,2856418.032954484,0.960656245808706,0.960656245808706,0.626402045915418,0.37568559000933743,0.09312587474552002
2023-12-26,112664830.3710039,72425984.8852209,68492144.57,68492144.57,0,40238845.485783,3933840.3152209073,0.9456846831775202,0.9456846831775202,0.5874957739811797,0.3571553372359145,0.09380341145686708
2023-12-27,112593600.28406745,72169070.96820205,68492144.57,68492144.57,0,40424529.3158654,3676926.3982020617,0.9490512161390836,0.9490512161390836,0.5902067977233642,0.359030435245667,0.09380777087742828
2023-12-28,112390487.69616419,72210918.72103441,68492144.57,68492144.57,0,40179568.9751298,3718774.151034415,0.9485012209109152,0.9485012209109152,0.5866303242128107,0.35749972972580224,0.0946342126840807
2023-12-29,112132915.73612684,72247255.56747854,67523843.77,67523843.77,0,39885660.1686483,4723411.797478542,0.93462157475218,0.93462157475218,0.5906900132123255,0.35569983984459963,0.094229551710564
2023-12-30,112701366.64365427,72265361.54223868,67523843.77000001,67523843.77000001,0,40436005.1014156,4741517.772238672,0.934387406759637,0.934387406759637,0.5988403924271385,0.3587889508852941,0.09413937250387074
2023-12-31,113588966.20187262,72333467.51699862,67523843.77000001,67523843.77000001,0,41255498.684874,4809623.746998608,0.9335076291501119,0.9335076291501119,0.6109767510480986,0.363199878160295,0.09405847890714503
2024-01-01,113292901.61083265,71263628.19139886,67523843.77,67523843.77,0,42029273.4194338,3739784.421398863,0.9475218352431537,0.9475218352431537,0.6224360325604995,0.37097887706863286,0.093132900800731
2024-01-02,110834814.52173121,69260651.2188733,65532343.769999996,65532343.769999996,0,41574163.3028579,3728307.4488733113,0.9461699047978723,0.9461699047978723,0.6344067816156777,0.37510021992869863,0.09437687548278012
2024-01-03,109949593.75597242,69278511.51800753,65532343.769999996,65532343.769999996,0,40671082.2379649,3746167.748007536,0.9459259781146742,0.9459259781146742,0.6206260893202432,0.3699066167377782,0.09433652401376187
2024-01-04,109769006.31757006,68695653.80141416,65007567.81,65007567.81,0,41073352.5161559,3688085.9914141595,0.9463126735488143,0.9463126735488143,0.6318241690906279,0.3741798700202093,0.0953087246764977
2024-01-05,110100896.36822674,68713563.99533714,65007567.809999995,65007567.809999995,0,41387332.3728896,3705996.1853371486,0.9460660171026984,0.9460660171026984,0.6366540660904878,0.3759036823321748,0.09540434154892424
2024-01-06,110944691.90533808,68731474.18925877,65007567.81,65007567.81,0,42213217.7160793,3723906.379258767,0.9458194892051256,0.9458194892051256,0.6493585152955947,0.3804888453076882,0.09543193433032274
2024-01-07,111718710.2048356,68799384.38318041,65007567.81,65007567.81,0,42919325.8216552,3791816.5731804073,0.9448858938611753,0.9448858938611753,0.6602204522879103,0.3841731232213733,0.09549962883412293
2024-01-08,111318922.39373285,68817294.57710205,65007567.81,65007567.81,0,42501627.8166308,3809726.767102048,0.9446399805381236,0.9446399805381236,0.653795077226268,0.3818005681577062,0.09552063682835278
2024-01-09,111959849.9637833,68835204.77102369,65007567.81,65007567.81,0,43124645.1927596,3827636.9610236883,0.9443941951831756,0.9443941951831756,0.6633788441186045,0.3851795550521865,0.09554177071095628
2024-01-10,112139623.54510513,67849599.36897233,65111647.72,65111647.72,0,44290024.1761328,2737951.6489723325,0.9596467528999972,0.9596467528999972,0.6802166083492995,0.39495427910294645,0.09563342451583634
2024-01-11,114667424.41285749,68716618.92501599,65968389.86,65968389.86,0,45950805.4878415,2748229.0650159866,0.9600063404165029,0.9600063404165029,0.6965579360866563,0.40073112065722044,0.09515111779173774
2024-01-12,113055563.04794559,68734632.74794562,65900434.86,65900434.86,0,44320930.3,2834197.887945622,0.9587660866925876,0.9587660866925876,0.6725438215112864,0.39202785873707063,0.0952548467542729
2024-01-13,113325754.70784165,68752636.75784165,65900434.86,65900434.86,0,44573117.95,2852201.8978416473,0.9585150180074172,0.9585150180074172,0.6763706194760609,0.39331851850368255,0.09535342598080877
2024-01-14,114551340.96773759,68770640.7677376,65900434.86,65900434.86,0,45780700.2,2870205.907737598,0.9582640807807611,0.9582640807807611,0.6946949636562687,0.39965224163455015,0.09533560521042
2024-01-15,114815715.63205543,68697972.63205543,65900434.86,65900434.86,0,46117743,2797537.772055432,0.95927772443826,0.95927772443826,0.6998093881773818,0.401667513424655,0.09525474825567738
2024-01-16,112425904.19195148,68815976.64195147,65900434.86,65900434.86,0,43609927.55,2915541.781951472,0.9576327776742748,0.9576327776742748,0.661754776620908,0.38789928231790916,0.10066100533650091
2024-01-17,112843789.7018474,69133980.6518474,65900434.86,65900434.86,0,43709809.05,3233545.791847408,0.9532278372898668,0.9532278372898668,0.663270419123301,0.38734793616457575,0.10109906627790258
2024-01-18,110815949.03638662,68774863.88638663,61993155.099999994,61993155.099999994,0,42041085.15,6781708.786386639,0.9013926251080663,0.9013926251080663,0.6781568881626417,0.37937756717849097,0.1016251203095873
2024-01-19,131398431.95455386,74131922.29735388,69234531.75,69234531.75,0,57266509.6572,4897390.547353879,0.93393681971837,0.93393681971837,0.827137964390147,0.43582338697166867,0.10051613218993574
2024-01-20,132552478.46520619,74155411.7166862,69234531.75,69234531.75,0,58397066.74852,4920879.966686204,0.9336409865070047,0.9336409865070047,0.843467346025923,0.44055809008391117,0.10036324442638417
2024-01-21,133311102.47405855,74173901.13601856,69234531.75,69234531.75,0,59137201.33804,4939369.386018559,0.9334082566729118,0.9334082566729118,0.8541575979971873,0.443602972599733,0.10020674982076595
2024-01-22,130414930.36479735,72087802.93592738,70601967.15,70601967.15,0,58327127.42887,1485835.7859273702,0.9793885272485278,0.9793885272485278,0.8261402590235051,0.44724271420240796,0.09890328710743863
2024-01-23,128101095.09205559,72157522.3824856,70902075.2,70902075.2,0,55943572.70957,1255447.1824855953,0.9826012986445011,0.9826012986445011,0.7890258860797067,0.4367142425235944,0.09916535874932073
2024-01-24,127511715.30638513,71519777.24834013,70181497.4,70181497.4,0,55991938.058045,1338279.848340124,0.9812879751611477,0.9812879751611477,0.7978162355088906,0.43911210764836456,0.0996406870259505
2024-01-25,128214792.77824666,72054928.17917666,70608967.9,70608967.9,0,56159864.59907,1445960.2791766524,0.9799325276463946,0.9799325276463946,0.795364473796111,0.43801392477544343,0.09934509030908849
2024-01-26,130225515.5696083,72659049.3224283,71195473.80000001,71195473.80000001,0,57566466.24718,1463575.522428289,0.9798569409305977,0.9798569409305977,0.8085691852953156,0.4420521277676148,0.09895910680577187
2024-01-27,132285567.14536396,72798456.41306897,71276194.8,71276194.8,0,59487110.732295,1522261.613068968,0.9790893696367484,0.9790893696367484,0.8345999796876783,0.44968708239294697,0.09810454225119689
2024-01-28,125194999.85202439,72842742.16736938,71301836.39999999,71301836.39999999,0,52352257.684655,1540905.7673693895,0.9788461317967838,0.9788461317967838,0.7342343525482468,0.41816572344369446,0.09810295114003051
2024-01-29,124339280.70478253,72994795.23746254,71330222.1,71330222.1,0,51344485.467319995,1664573.1374625415,0.9771960023718479,0.9771960023718479,0.719813901537256,0.41293857561575154,0.09812935496769086
2024-01-30,125568395.00985336,73315042.35969336,71637204.92,71637204.92,0,52253352.65016,1677837.4396933615,0.9771146904415376,0.9771146904415376,0.7294164074172536,0.4161345906034689,0.09797168807416144
2024-01-31,125585991.2086235,74043277.41158849,71783230.25,71783230.25,0,51542713.797035,2260047.16158849,0.9694766730945007,0.9694766730945007,0.7180327998270181,0.4104177010588086,0.09788150018744042
2024-02-01,124779467.4223071,73244152.10758209,71714840.45,71714840.45,0,51535315.314725004,1529311.6575820893,0.9791203582323431,0.9791203582323431,0.7186143759276118,0.4130111818822519,0.09809308440380113
2024-02-02,124783951.70399547,73040827.92450547,71430713.9,71430713.9,0,51743123.77949,1610114.0245054662,0.977955972429972,0.977955972429972,0.7243820053643618,0.41466168584107466,0.09830079849593407
2024-02-03,125755311.74495342,73099755.14963342,71470845.65,71470845.65,0,52655556.59532,1628909.4996334165,0.9777166216726845,0.9777166216726845,0.7367417597544544,0.41871437368873665,0.09828573600481834
2024-02-04,126480247.75961137,73078075.52476136,71430370.55,71430370.55,0,53402172.23485,1647704.9747613668,0.9774528138168737,0.9774528138168737,0.7476115806716895,0.42221748597730674,0.09836502767649065
2024-02-05,123736497.5876622,72583800.97894719,71395945.1,71395945.1,0,51152696.608715,1187855.8789471984,0.9836346972337294,0.9836346972337294,0.7164650112421441,0.4134002303764532,0.0980010430199135
2024-02-06,124292397.01734444,72605538.28360444,71499664.14,71499664.14,0,51686858.73374,1105874.1436044425,0.9847687356949991,0.9847687356949991,0.7228965248358997,0.415848917343893,0.09806276910928015
2024-02-07,125041757.79953198,72287095.39813697,71167943.84,71167943.84,0,52754662.401395,1119151.5581369698,0.984517961996218,0.984517961996218,0.741270009430063,0.42189635950233306,0.09834959618645199
2024-02-08,126647450.92363924,72364985.73214921,71227074.14,71227074.14,0,54282465.19149,1137911.592149213,0.9842753842809966,0.9842753842809966,0.7621043802079444,0.4286107994721429,0.09833991877431893
2024-02-09,128547961.90146676,72464370.51616175,71257698.89,71257698.89,0,56083591.385304995,1206671.6261617541,0.9833480699885107,0.9833480699885107,0.7870530800030581,0.4362853409398556,0.0983134421086041
2024-02-10,130366977.4215791,72545086.1001741,71319654.44,71319654.44,0,57821891.321405,1225431.6601741016,0.983107999093392,0.983107999093392,0.8107427296924099,0.44353173223017434,0.0982454225671892
2024-02-11,131571572.94632046,72616997.47944546,71349015.74,71349015.74,0,58954575.466875,1267981.7394454628,0.9825387748948947,0.9825387748948947,0.8262843552279535,0.4480798864579032,0.09823202810021335
2024-02-12,113645652.28352918,71941541.61108418,62108733.12,62108733.12,0,41704110.672445,9832808.49108418,0.8633222437150385,0.8633222437150385,0.6714693502420775,0.36696617806723814,0.09817977949110561
2024-02-13,113358852.28239892,71852617.48030391,62177928.269999996,62177928.269999996,0,41506234.802094996,9674689.210303918,0.8653536983122999,0.8653536983122999,0.6675396874250825,0.3661490387949139,0.09762258219463107
2024-02-14,115850547.68434317,72800682.64600816,63092401.33,63092401.33,0,43049865.038335,9708281.316008165,0.8666457378811339,0.8666457378811339,0.6823304253893582,0.37159828674813467,0.09668648171920963
2024-02-15,116351554.98207268,72883048.9439227,63158056.330000006,63158056.330000006,0,43468506.03815,9724992.613922693,0.8665671544366201,0.8665671544366201,0.6882495846773313,0.37359626216295583,0.09625992144681048
2024-02-16,115840094.8495434,72193333.90534836,62430405.53000001,62430405.53000001,0,43646760.944194995,9762928.375348352,0.8647668995568429,0.8647668995568429,0.6991266606977459,0.3767845753310607,0.09643532746204166
2024-02-17,116633881.73883751,72163488.16173252,62383937.93000001,62383937.93000001,0,44470393.577105,9779550.231732517,0.864480633061769,0.864480633061769,0.7128500548811859,0.3812819475277479,0.09622769647116641
2024-02-18,117407117.36691155,72156514.41811655,62360342.33,62360342.33,0,45250602.948795,9796172.088116556,0.8642371770987735,0.8642371770987735,0.7256310863294615,0.3854161822863034,0.09628011993099424
2024-02-19,118548423.7367882,72225855.3283432,62209645.980000004,62209645.980000004,0,46322568.408445,10016209.348343194,0.861321000591701,0.861321000591701,0.7446203507304543,0.3907480753290698,0.09745886992896442
2024-02-20,115417614.54941055,71395648.87126553,62195586.03000001,62195586.03000001,0,44021965.67814501,9200062.841265522,0.8711397264859336,0.8711397264859336,0.7077988726870591,0.3814146207232441,0.09714763653192061
2024-02-21,115443095.65862833,71972424.49491332,62774326.510000005,62774326.510000005,0,43470671.163715005,9198097.98491332,0.8721996924591112,0.8721996924591112,0.6924912393411355,0.37655496775883596,0.09711125754225272
2024-02-22,116010444.30572426,71978487.56468926,62726004.16000001,62726004.16000001,0,44031956.741035,9252483.404689252,0.8714548788431576,0.8714548788431576,0.7019729270291046,0.37955166023670117,0.09686697347352975
2024-02-23,115395905.70192617,71945514.23401117,62676491.41,62676491.41,0,43450391.467915,9269022.824011177,0.8711660772364126,0.8711660772364126,0.6932486246507173,0.37653321583306165,0.09660362635836775
2024-02-24,116076494.8729281,71932806.20333311,62647243.96000001,62647243.96000001,0,44143688.669594996,9285562.243333101,0.8709133880153999,0.8709133880153999,0.7046389574261327,0.3802982569203198,0.09631899226920616
2024-02-25,117158829.52896005,72010797.32265505,62708695.66000001,62708695.66000001,0,45148032.206305005,9302101.66265504,0.8708235152434767,0.8708235152434767,0.7199644599704786,0.3853574876756944,0.09592348834486501
2024-02-26,118067865.28260538,72016068.33333036,62597444.010000005,62597444.010000005,0,46051796.949275,9418624.323330358,0.8692149607538177,0.8692149607538177,0.735681746716658,0.3900451392006296,0.09561677641446777
2024-02-27,119995804.46417299,71989899.42503299,62693541.21000001,62693541.21000001,0,48005905.03914,9296358.21503298,0.8708657979899835,0.8708657979899835,0.7657232964132318,0.400063195988432,0.09505570099038158
2024-02-28,123067049.22598971,72533907.83531971,62668519.11,62668519.11,0,50533141.39067,9865388.725319713,0.8639892841880518,0.8639892841880518,0.8063560797083913,0.41061471538068084,0.09460492843510393
2024-02-29,124987241.59791233,72775726.67600234,59657656.31,59657656.31,0,52211514.921909995,13118070.366002336,0.8197466247997219,0.8197466247997219,0.8751854858427977,0.41773475639918506,0.09393358441316056
2024-03-01,126103337.34843059,73314515.47730058,69010820.52815,69010820.52815,0,52788821.871130005,4303694.949150577,0.9412981873898755,0.9412981873898755,0.7649354328368994,0.4186155813249536,0.09287149744528976
2024-03-02,127301196.09679519,73409970.28868018,69088488.05,69088488.05,0,53891225.808115,4321482.238680184,0.941132216486586,0.941132216486586,0.7800319174608858,0.42333636651094836,0.09272967712885859
2024-03-03,128100659.91850968,73424341.42910966,69084577.22175,69084577.22175,0,54676318.4894,4339764.207359657,0.9408947479420071,0.9408947479420071,0.7914402995316612,0.4268230821307396,0.09268327406175463
2024-03-04,129733835.57599027,73432013.57947026,68111912.59485,68111912.59485,0,56301821.99652,5320100.984620258,0.9275506591023452,0.9275506591023452,0.8266075617553136,0.43397947610622967,0.09193751870283647
2024-03-05,117800670.08053137,72834232.69071639,65643509.01515,65643509.01515,0,44966437.389815,7190723.675566383,0.9012727475814689,0.9012727475814689,0.6850096538781482,0.3817163124715238,0.0918649009390354
2024-03-06,122241174.19830768,73987959.28482766,65531867.469050005,65531867.469050005,0,48253214.91348,8456091.81577766,0.8857098925620496,0.8857098925620496,0.7363320591507555,0.394737822423077,0.08956902891633522
2024-03-07,127008472.14822194,74349592.96298192,68630927.0539,68630927.0539,0,52658879.18524,5718665.909081921,0.9230840993046296,0.9230840993046296,0.7672762331169417,0.4146091854706025,0.08877958291484739
2024-03-08,128763088.94641241,74575074.69166741,68838229.20500001,68838229.20500001,0,54188014.254745,5736845.486667395,0.9230728831263457,0.9230728831263457,0.7871790846532858,0.42083499780978795,0.08840170713091378
2024-03-09,129746347.82721299,74614149.08685297,68859124.0226,68859124.0226,0,55132198.74036,5755025.064252973,0.9228695209329002,0.9228695209329002,0.8006520489901275,0.4249229335825403,0.08824601772915773
2024-03-10,130609967.64956833,74629965.97438835,68856761.33255,68856761.33255,0,55980001.675179996,5773204.641838342,0.922642271553231,0.922642271553231,0.8129920808331295,0.4286043606210556,0.08811833475766512
2024-03-11,133099941.912585,74489478.865865,69696632.50295001,69696632.50295001,0,58610463.04672,4792846.362914994,0.935657405100852,0.935657405100852,0.8409367991235334,0.44034927592390033,0.08639427940304882
2024-03-12,133143740.38732758,74644072.21301256,69852903.5096,69852903.5096,0,58499668.174315006,4791168.703412563,0.9358131387883025,0.9358131387883025,0.8374693854533234,0.4393722754380642,0.08611337066658112
2024-03-13,134868689.25617316,74704137.90442315,69894961.82865,69894961.82865,0,60164551.35175,4809176.07577315,0.9356236988916727,0.9356236988916727,0.8607852379867601,0.4460972497291188,0.08601512317828583
2024-03-14,133102854.71718273,75068639.1620577,70268023.24885,70268023.24885,0,58034215.555125,4800615.913207695,0.9360503138621687,0.9360503138621687,0.8258979386626587,0.43601029954193127,0.08577709603304046
2024-03-15,138533450.28336027,80428493.60086027,75611028.52364999,75611028.52364999,0,58104956.682500005,4817465.077210277,0.9401025076869182,0.9401025076869182,0.7684719784538528,0.41942907336567786,0.0833032669975078
2024-03-16,137206210.98545694,77888015.14429596,75810889.83909999,75810889.83909999,0,59318195.841161,2077125.3051959723,0.973331900917646,0.973331900917646,0.7824495394666536,0.4323287948491514,0.08461121014114553
2024-03-17,137954345.7717612,77784875.6188616,75689082.18214999,75689082.18214999,0,60169470.1528996,2095793.4367116094,0.9730565431899538,0.9730565431899538,0.7949557375804667,0.4361549454371454,0.08502406127770618
2024-03-18,136305453.11817485,78419930.80507647,76228906.63675,76228906.63675,0,57885522.3130984,2191024.1683264673,0.9720603659575706,0.9720603659575706,0.7593644572253613,0.4246750294202279,0.08458547754587901
2024-03-19,134170187.75138204,78181490.19052564,76035320.0318,76035320.0318,0,55988697.5608564,2146170.158725634,0.9725488711778774,0.9725488711778774,0.7363511791288632,0.4172961110004833,0.08501622294532758
2024-03-20,133531059.85517612,77863725.32238488,75218917.9828,75218917.9828,0,55667334.5327912,2644807.339584872,0.9660328692387323,0.9660328692387323,0.7400709293042531,0.41688678718768774,0.08433459705163704
2024-03-21,134942755.7032845,78556230.53062406,67149626.75035,67149626.75035,0,56386525.172660396,11406603.780274063,0.8547969562283496,0.8547969562283496,0.8397146477417538,0.41785514812402746,0.0837892387718863
2024-03-22,146420961.92567408,78583004.13679609,76496419.12979999,76496419.12979999,0,67837957.788878,2086585.0069960952,0.9734473754227594,0.9734473754227594,0.8868122006308528,0.4633076910347971,0.08435575206609719
2024-03-23,146312515.894166,78404160.93904322,76297264.6996,76297264.6996,0,67908354.9551228,2106896.2394432276,0.9731277496728614,0.9731277496728614,0.8900496659020966,0.46413223462197706,0.08509425959753673
2024-03-24,147411803.3916699,78428838.28369035,76301630.81179999,76301630.81179999,0,68982965.1079796,2127207.47189036,0.972877228345575,0.972877228345575,0.9040824471776746,0.4679609333907502,0.08561599800288865
2024-03-25,152385941.53530848,79072189.77229369,76622248.92115,76622248.92115,0,73313751.7630148,2449940.851143688,0.969016403134922,0.969016403134922,0.956820672784743,0.4811057439050418,0.0848643621285749
2024-03-26,152634854.576575,79472073.89300302,77643313.933,77643313.933,0,73162780.683572,1828759.9600030184,0.9769886468237238,0.9769886468237238,0.9422933795266087,0.4793320692480965,0.08507914578646246
2024-03-27,130960628.65351011,77763185.2586373,75207800.90685001,75207800.90685001,0,53197443.3948728,2555384.351787284,0.9671388929955971,0.9671388929955971,0.7073394349179477,0.40620943822452366,0.0853185865066067
2024-03-28,137895378.04949978,79374760.5278038,77888601.5314,77888601.5314,0,58520617.521695994,1486158.9964037985,0.9812766805654397,0.9812766805654397,0.7513373763438801,0.42438418422326724,0.08410877675968283
2024-03-29,139080629.2388783,79501488.3848443,77994853.85294999,77994853.85294999,0,59579140.85403399,1506634.5318943113,0.9810489770380006,0.9810489770380006,0.7638855374530654,0.4283784246597251,0.08448382742040096
2024-03-30,139569342.79033515,79585695.1380848,78058585.07069999,78058585.07069999,0,59983647.6522504,1527110.0673848093,0.9808117518514451,0.9808117518514451,0.768443952678894,0.4297766719612592,0.08543090385651796
2024-03-31,140329502.9714256,79775125.3625756,78127539.7597,78127539.7597,0,60554377.60885,1647585.6028756052,0.9793471261199856,0.9793471261199856,0.7750708366742319,0.4315156565557017,0.085791885459455
2024-04-01,140165410.4878625,80596715.17635688,78285752.36,78285752.36,0,59568695.3115056,2310962.8163568825,0.9713268361954929,0.9713268361954929,0.7609136211347461,0.4249885553373662,0.08585139642197784
2024-04-02,137323834.2649336,80285696.01836401,77977409.28940001,77977409.28940001,0,57038138.246569596,2308286.728964001,0.9712490911402696,0.9712490911402696,0.7314700342875224,0.4153549786304984,0.08639186630595647
2024-04-03,122607240.30931431,79831113.4590791,78120842.778,78120842.778,0,42776126.8502352,1710270.6810791045,0.9785763894931043,0.9785763894931043,0.5475635608770161,0.34888744532801913,0.0994439798169825
2024-04-04,123322704.2326284,79974717.1486188,78243309.42519999,78243309.42519999,0,43347987.0840096,1731407.723418817,0.9783505614630521,0.9783505614630521,0.5540152557765972,0.3515004585225492,0.09999214642461693
2024-04-05,124473715.08003548,80027695.49541949,78197218.0028,78197218.0028,0,44446019.584616005,1830477.4926194847,0.9771269498479529,0.9771269498479529,0.568383642280273,0.3570715275593535,0.10082225461304778
2024-04-06,123451627.8995752,79781710.3795,77948021.42655,77948021.42655,0,43669917.5200752,1833688.9529500008,0.977016173954812,0.977016173954812,0.5602440795912329,0.3537411232486912,0.10181075236246491
2024-04-07,124310520.89905131,79917456.9325905,78062630.28195,78062630.28195,0,44393063.9664608,1854826.6506405026,0.9767907198022451,0.9767907198022451,0.5686852186010132,0.35711429447320087,0.10211863614071211
2024-04-08,124538322.40951993,79911115.04751353,77993570.09285,77993570.09285,0,44627207.362006396,1917544.95466353,0.9760040270552677,0.9760040270552677,0.5721908525135915,0.3583411635758072,0.10303893025583842
2024-04-09,125676672.41816704,79890170.26796065,78058967.01355,78058967.01355,0,45786502.150206394,1831203.2544106543,0.9770784910300154,0.9770784910300154,0.5865630036105713,0.3643198158355105,0.10337402277998976
2024-04-10,123959452.90183245,79857052.98517804,77710134.896,77710134.896,0,44102399.91665439,2146918.0891780406,0.9731154856218333,0.9731154856218333,0.5675244287720892,0.35578085320835134,0.10807768644582061
2024-04-11,123313848.67922197,76770412.03550678,73681115.8497,73681115.8497,0,46543436.6437152,3089296.185806781,0.9597592861117124,0.9597592861117124,0.6316874562358397,0.3774388452086131,0.11043503834431065
2024-04-12,125205068.07759653,76826205.67798536,73664416.2085,73664416.2085,0,48378862.3996112,3161789.4694853574,0.9588449092131675,0.9588449092131675,0.6567467019989612,0.3863969976808617,0.11087959067723878
2024-04-13,124036998.15168327,76267215.29671365,73084932.54355,73084932.54355,0,47769782.854969606,3182282.7531636506,0.9582745647552078,0.9582745647552078,0.6536201265083531,0.38512527364256705,0.11206229760842486
2024-04-14,121014596.34156968,75936036.71639208,72663933.87955,72663933.87955,0,45078559.62517761,3272102.83684209,0.9569097495954019,0.9569097495954019,0.6203704811784789,0.3725051439079394,0.11301759896874382
2024-04-15,121884166.74952544,75941889.96487993,72653662.48865,72653662.48865,0,45942276.7846455,3288227.476229936,0.9567007421365125,0.9567007421365125,0.6323463292965118,0.3769339202117848,0.11278060647276134
2024-04-16,119189851.06300192,75605346.1171733,72510137.63309745,72510137.63309745,0,43584504.9458286,3095208.4840758443,0.9590609838717108,0.9590609838717108,0.6010815365758502,0.36567295417451695,0.11367299527607849
2024-04-17,120137267.0907122,76602123.9460653,72449749.63659258,72449749.63659258,0,43535143.1446469,4152374.309472725,0.9457929611403939,0.9457929611403939,0.6009012227512015,0.36237833770410943,0.11425273410374003
2024-04-18,123525653.4060335,77398743.23333257,72076197.14192246,72076197.14192246,0,46126910.172700904,5322546.091410115,0.9312321380288523,0.9312321380288523,0.6399742494997923,0.3734196816679043,0.11501699114324361
2024-04-19,131076924.25116362,82874235.45490661,77506463.63771711,77506463.63771711,0,48202688.796257,5367771.8171895,0.9352299084543567,0.9352299084543567,0.6219183089241093,0.36774351451742343,0.10777327229503268
2024-04-20,131566038.49375193,82969275.30085422,77581151.22076824,77581151.22076824,0,48596763.19289771,5388124.080085978,0.9350588026646232,0.9350588026646232,0.6263990985981721,0.369371638374637,0.1080900012204289
2024-04-21,133067214.28557305,83287048.33613515,77878571.9931528,77878571.9931528,0,49780165.9494379,5408476.342982352,0.935062216142485,0.935062216142485,0.6392023463631903,0.37409790395555753,0.10776909071961181
2024-04-22,132889876.90931472,83254494.64070311,80070251.50227974,80070251.50227974,0,49635382.2686116,3184243.1384233683,0.961752898120811,0.961752898120811,0.6198979188568977,0.373507624681474,0.1135728585104488
2024-04-23,135203621.28246364,83744643.53368013,80663709.71694912,80663709.71694912,0,51458977.7487835,3080933.816731006,0.9632103775629313,0.9632103775629313,0.6379445965150162,0.3806035464188998,0.11316470246897394
2024-04-24,134694404.28957263,83690801.20817225,80566335.58918382,80566335.58918382,0,51003603.081400394,3124465.6189884245,0.9626665586434447,0.9626665586434447,0.6330634589299569,0.37866163297883076,0.11345388963637758
2024-04-25,132507286.2023745,83325984.4187662,80079962.52767044,80079962.52767044,0,49181301.7836083,3246021.8910957575,0.961044301921686,0.961044301921686,0.6141524075590624,0.371159225980186,0.11408257061895655
2024-04-26,135285279.96760708,86251295.85782951,85121344.02270828,85121344.02270828,0,49033984.1097776,1129951.8351212293,0.9868993059885875,0.9868993059885875,0.5760480484976428,0.3624487758129959,0.11304472509114154
2024-04-27,134168016.63916196,86050105.53646646,84897233.43420538,84897233.43420538,0,48117911.1026955,1152872.1022610813,0.9866023162310648,0.9866023162310648,0.5667783172226274,0.3586392070779892,0.11361722614681657
2024-04-28,134596350.9614865,86415134.1593531,84964341.78995238,84964341.78995238,0,48181216.8021334,1450792.3694007248,0.9832113624133777,0.9832113624133777,0.5670757377400312,0.35796822468032596,0.11378793465033062
2024-04-29,133803327.19442299,86253982.64968878,84714448.0688786,84714448.0688786,0,47549344.544734195,1539534.5808101743,0.9821511478830742,0.9821511478830742,0.5612896693380254,0.35536743025562134,0.11421598451285261
2024-04-30,142554327.92294827,86338334.61499587,84879514.94092101,84879514.94092101,0,56215993.307952404,1458819.6740748584,0.983103453632965,0.983103453632965,0.6623034232356373,0.3943478540920735,0.11856815357890893
2024-05-01,139663820.67655185,85818315.48192494,84623864.23330556,84623864.23330556,0,53845505.1946269,1194451.2486193776,0.9860816278912984,0.9860816278912984,0.6362922053071979,0.3855365328958598,0.11973620320233304
2024-05-02,140550959.09991822,86895521.3509054,84638001.89913508,84638001.89913508,0,53655437.7490128,2257519.4517703205,0.9740203014301059,0.9740203014301059,0.6339402696788038,0.3817507763207005,0.12112641733349713
2024-05-03,142739754.30532953,87080070.98257193,85934336.71410586,85934336.71410586,0,55659683.3227576,1145734.2684660703,0.9868427499479717,0.9868427499479717,0.6477001563173901,0.38993820322611705,0.12127601841460814
2024-05-04,147494700.90084362,88835308.99452022,86416634.98913841,86416634.98913841,0,58659391.9063234,2418674.0053818077,0.9727735060219017,0.9727735060219017,0.6787974550698048,0.3977050805761381,0.12040332341878202
2024-05-05,149641732.67604083,90014663.39106187,86571747.73876429,86571747.73876429,0,59627069.284979,3442915.652297586,0.9617516133194867,0.9617516133194867,0.688758987110985,0.39846550971222416,0.11960655837182499
2024-05-06,149687312.69338068,90022348.69988419,88330440.8102772,88330440.8102772,0,59664963.9934965,1691907.8896069974,0.9812056904308566,0.9812056904308566,0.675474541349221,0.3985973354716718,0.119808578429426
2024-05-07,150741718.37150657,90081650.58731857,88652034.9257106,88652034.9257106,0,60660067.784188,1429615.6616079658,0.9841297794580018,0.9841297794580018,0.684249017352173,0.402410616248183,0.11984527732833036
2024-05-08,159398585.16702256,99922681.99963814,92980068.60126634,92980068.60126634,0,59475903.1673844,6942613.398371801,0.9305201455821918,0.9305201455821918,0.6396629305839678,0.3731269201985939,0.12876572109242998
2024-05-09,182872605.97914767,108885211.31501509,107117042.50661512,107117042.50661512,0,73987394.6641326,1768168.8083999753,0.983761166580423,0.983761166580423,0.6907154354972359,0.4045843513192409,0.12184400994759274
2024-05-10,187680856.0268561,110132449.5584117,108636013.6837256,108636013.6837256,0,77548406.4684444,1496435.874686107,0.9864123981561634,0.9864123981561634,0.7138370033920131,0.41319294951077834,0.11406013017429935
2024-05-11,184059223.83154827,109490044.96944328,107966661.8051505,107966661.8051505,0,74569178.862105,1523383.1642927825,0.9860865600638128,0.9860865600638128,0.6906685602328007,0.40513687556539413,0.11476784615651128
2024-05-12,183710726.321002,109435410.0285412,107885079.57464191,107885079.57464191,0,74275316.2924608,1550330.4538992941,0.985833374649988,0.985833374649988,0.6884669927046984,0.4043058224193062,0.11484547011671552
2024-05-13,183714717.4632381,109290744.20319809,108042062.13756242,108042062.13756242,0,74423973.26004,1248682.0656356663,0.9885746768883369,0.9885746768883369,0.6888425839677249,0.40510621189035917,0.11486134686704841
2024-05-14,185480422.55616435,109656888.63346136,108209315.87731434,108209315.87731434,0,75823533.922703,1447572.756147012,0.9867990714109566,0.9867990714109566,0.7007117022038127,0.40879534819769603,0.11445951976031363
2024-05-15,182880774.11592853,109064536.67205948,107526528.6594347,107526528.6594347,0,73816237.4438691,1538008.0126247704,0.9858981841434917,0.9858981841434917,0.6864932623061317,0.40363038597527384,0.11923584473137118
2024-05-16,192637137.38179052,112130035.95319845,110082256.83378385,110082256.83378385,0,80507101.4285921,2047779.1194145977,0.9817374613143858,0.9817374613143858,0.7313358550611107,0.4179209809842317,0.11688518240636189
2024-05-17,195573243.36712483,113986901.30710682,112535172.68343577,112535172.68343577,0,81586342.060018,1451728.6236710548,0.9872640750206924,0.9872640750206924,0.724985265624663,0.4171651533480289,0.12116094424256069
2024-05-18,200860325.85046345,114923256.95433816,113443842.43133436,113443842.43133436,0,85937068.8961253,1479414.5230038017,0.9871269352939448,0.9871269352939448,0.7575296027912802,0.42784491428189636,0.120299327033469
2024-05-19,201651263.62282863,115153657.23542073,113646556.81308402,113646556.81308402,0,86497606.3874079,1507100.4223367125,0.9869122661101801,0.9869122661101801,0.7611106646167173,0.42894651307117143,0.12022382380915395
2024-05-20,200364369.4866016,114872755.01968758,113314724.28868619,113314724.28868619,0,85491614.466914,1558030.731001392,0.9864368994133172,0.9864368994133172,0.7544616553900916,0.4266807251507401,0.12056271717758664
2024-05-21,209533842.94387668,116696540.69304667,108179293.38004361,108179293.38004361,0,92837302.25083,8517247.313003063,0.927013712125311,0.927013712125311,0.8581799654087606,0.4430659073803955,0.12302737878154185
2024-05-22,206033380.97942564,115909188.57215585,107466738.62081838,107466738.62081838,0,90124192.4072698,8442449.951337472,0.9271632382614613,0.9271632382614613,0.8386240576748182,0.43742519769779226,0.1127898296357278
2024-05-23,212600648.5119236,115050380.32376818,113884107.95956047,113884107.95956047,0,97550268.1881554,1166272.3642077148,0.9898629421221758,0.9898629421221758,0.8565748982535376,0.45884275928106744,0.1129183913894756
2024-05-24,211293262.40584356,114990717.95478095,113839512.26901561,113839512.26901561,0,96302544.4510626,1151205.685765341,0.9899887077301488,0.9899887077301488,0.8459500794723086,0.4557766932770841,0.1153910760575118
2024-05-25,209555969.05545545,114581547.28264214,113301876.51266542,113301876.51266542,0,94974421.77281329,1279670.7699767202,0.988831790106481,0.988831790106481,0.8382422665541343,0.4532174492613948,0.11609051445836595
2024-05-26,210438770.52337003,114719233.91075996,113407429.80807164,113407429.80807164,0,95719536.6126101,1311804.1026883125,0.9885650901076557,0.9885650901076557,0.8440323246422553,0.4548569466289487,0.11617893727697685
2024-05-27,210295494.66704074,116334558.18383783,112908598.62573485,112908598.62573485,0,93960936.48320289,3425959.5581029803,0.9705508009693121,0.9705508009693121,0.8321858355063023,0.4468043247049611,0.11669041522572027
2024-05-28,213063787.16525793,116937922.81351717,115520916.52094018,115520916.52094018,0,96125864.35174079,1417006.2925769836,0.9878824058228167,0.9878824058228167,0.8321078748913519,0.45116002879073497,0.11999005755525505
2024-05-29,215163835.732235,117286743.86572179,115348872.54133095,115348872.54133095,0,97877091.8665132,1937871.3243908435,0.9834774906309152,0.9834774906309152,0.8485309800617479,0.4548956451413997,0.12051974982429989
2024-05-30,214471900.93952087,117382784.0723308,116192403.72946824,116192403.72946824,0,97089116.8671901,1190380.3428625613,0.9898589869692556,0.9898589869692556,0.8355891930185342,0.45268921682457763,0.11512893774328264
2024-05-31,215063141.0914985,117525813.29775527,116284113.77047534,116284113.77047534,0,97537327.79374321,1241699.5272799283,0.9894346655220837,0.9894346655220837,0.8387846338689476,0.45352879762992954,0.11773418932244116
2024-06-01,213908034.016393,117406602.75964537,116135830.04794824,116135830.04794824,0,96501431.2567476,1270772.7116971314,0.9891763096637873,0.9891763096637873,0.8309359068334526,0.4511351417934688,0.11779203266336584
2024-06-02,214381785.07343498,117667511.7029512,116167665.80683675,116167665.80683675,0,96714273.3704838,1499845.8961144388,0.9872535258508672,0.9872535258508672,0.8325403863352131,0.4511310200041249,0.11785680657370091
2024-06-03,213797791.5076558,117689345.08596483,115863199.69983871,115863199.69983871,0,96108446.421691,1826145.386126116,0.9844833414206509,0.9844833414206509,0.8294993291284427,0.449529650161281,0.11811972193142715
2024-06-04,218774483.72403094,118825515.12098186,115940819.04439186,115940819.04439186,0,99948968.60304911,2884696.0765900016,0.9757232604996245,0.9757232604996245,0.8620688505295127,0.45685843660418785,0.12100693788343278
2024-06-05,217651678.0727866,117437393.21014033,114059222.06000087,114059222.06000087,0,100214284.8626463,3378171.150139466,0.971234280174334,0.971234280174334,0.8786162403416057,0.4604342394692351,0.1214827071816231
2024-06-06,218860595.37370595,117668265.55601826,114261450.61716661,114261450.61716661,0,101192329.81768769,3406814.9388516545,0.9710472919546029,0.9710472919546029,0.885620909511581,0.4623597484275372,0.12112596271250042
2024-06-07,228128804.45974237,120321686.30841829,118975834.49931794,118975834.49931794,0,107807118.1513241,1345851.8091003448,0.9888145532996392,0.9888145532996392,0.9061261776814192,0.47257126694997736,0.11717039891662359
2024-06-08,224203450.5108844,119650242.2832223,118274548.05527285,118274548.05527285,0,104553208.2276621,1375694.2279494554,0.9885023698933005,0.9885023698933005,0.8839873831418201,0.46633184275005773,0.11803643903830884
2024-06-09,222898734.92801845,119377644.96077164,117972108.31397302,117972108.31397302,0,103521089.9672468,1405536.6467986107,0.9882261318921103,0.9882261318921103,0.877504788604218,0.4644310341226354,0.11840179163240003
2024-06-10,224582341.37416258,119810840.22769403,117902554.06050353,117902554.06050353,0,104771501.1464686,1908286.167190507,0.9840725082674997,0.9840725082674997,0.8886279180407192,0.46651709348739645,0.12254652264391627
2024-06-11,223360683.21620062,119502033.3392627,118107525.33169043,118107525.33169043,0,103858649.8769379,1394508.0075722635,0.9883306754822045,0.9883306754822045,0.8793567521228107,0.46498178811715285,0.12280890648702954
2024-06-12,217211671.7424081,118578787.70001242,116864498.81655756,116864498.81655756,0,98632884.04239571,1714288.8834548593,0.9855430392171678,0.9855430392171678,0.8439935569930433,0.45408648278976793,0.1243999816846183
2024-06-13,221327664.08872655,120528887.92489934,118624322.76440537,118624322.76440537,0,100798776.1638272,1904565.16049397,0.9841982682053726,0.9841982682053726,0.8497310991104183,0.4554278227208807,0.1240883588843619
2024-06-14,221098648.58898005,120132105.94707878,118383313.1481028,118383313.1481028,0,100966542.6419013,1748792.7989759743,0.9854427524999324,0.9854427524999324,0.8528781629517975,0.45665834362288205,0.12197071853250259
2024-06-15,219026798.0393794,119810181.9083848,118028905.43530136,118028905.43530136,0,99216616.1309946,1781276.4730834365,0.9851325117388977,0.9851325117388977,0.8406128631378448,0.45298847912279755,0.12244214489587966
2024-06-16,222506264.21558133,122528654.90854925,118217409.76135854,118217409.76135854,0,99977609.30703211,4311245.147190705,0.9648143925973197,0.9648143925973197,0.8457096929196258,0.4493249197252534,0.1174589117991866
2024-06-17,225229176.08094633,123443850.25109853,118537146.51578586,118537146.51578586,0,101785325.8298478,4906703.7353126705,0.9602515335893048,0.9602515335893048,0.858678724953893,0.4519189192134975,0.11662789186013567
2024-06-18,228753986.38550088,125490140.31537671,119832049.85682301,119832049.85682301,0,103263846.07012421,5658090.458553702,0.9549120716230453,0.9549120716230453,0.8617381259312953,0.4514187826921708,0.12119314468242
2024-06-19,227160013.35252646,125021403.12369153,120529111.20074986,120529111.20074986,0,102138610.2288349,4492291.92294167,0.9640678171041068,0.9640678171041068,0.8474185963150075,0.4496328764971827,0.12279946713407923
2024-06-20,230568745.81193742,124891647.34056051,123382124.48289035,123382124.48289035,0,105677098.4713769,1509522.8576701581,0.9879133401647436,0.9879133401647436,0.8565025032133512,0.4583322778602961,0.11837133906454447
2024-06-21,230264480.69632646,125297751.05046469,123785454.84508207,123785454.84508207,0,104966729.6458618,1512296.2053826153,0.987930380292512,0.987930380292512,0.8479730496384089,0.4558528928492982,0.12145898540912076
2024-06-22,229926725.6056536,125326127.50309245,123782376.70645541,123782376.70645541,0,104600598.1025612,1543750.7966370434,0.9876821311932825,0.9876821311932825,0.8450362716060706,0.4549301427532233,0.12159867098306175
2024-06-23,231006261.52122596,126590091.88155387,123724886.49366224,123724886.49366224,0,104416169.63967209,2865205.3878916353,0.977366274521923,0.977366274521923,0.8439382940555032,0.4520057982500956,0.11871827118845737
2024-06-24,232489106.0667184,126257325.35222265,124470908.89114307,124470908.89114307,0,106231780.71449581,1786416.4610795826,0.9858509876072855,0.9858509876072855,0.853466739022542,0.45693229464270047,0.11910293945467267
2024-06-25,232765638.4507763,127609817.08566654,124632017.84386957,124632017.84386957,0,105155821.3651098,2977799.2417969704,0.9766648106720667,0.9766648106720667,0.843730392753825,0.4517669449193526,0.11772497916081119
2024-06-26,238312797.59433076,128209949.49725206,126065276.27958202,126065276.27958202,0,110102848.0970787,2144673.2176700383,0.9832721779699632,0.9832721779699632,0.8733796597002449,0.46200980060039354,0.12087982742837729
2024-06-27,237062976.81609774,127967579.92435586,125917187.60466638,125917187.60466638,0,109095396.8917419,2050392.3196894825,0.9839772517312471,0.9839772517312471,0.8664059209633977,0.4601958448213234,0.1169097836426942
2024-06-28,243535007.1166655,129107325.83275223,126897941.82773478,126897941.82773478,0,114427681.28391328,2209384.0050174445,0.9828872297465171,0.9828872297465171,0.9017300015728388,0.469861325641355,0.11805607362719166
2024-06-29,238560578.65834862,128712935.18261881,126101254.53742763,126101254.53742763,0,109847643.47572981,2611680.6451911777,0.979709260444681,0.979709260444681,0.8711066664537136,0.46046016526916067,0.11839421323093147
2024-06-30,240291755.93383926,129867409.94948769,126257163.55349582,126257163.55349582,0,110424345.98435159,3610246.395991862,0.9722005205355517,0.9722005205355517,0.8745986594064757,0.4595427985251199,0.11422692902608186
2024-07-01,247383222.93384555,131100081.42522714,129618073.43280733,129618073.43280733,0,116283141.50861838,1482007.992419809,0.9886955982306916,0.9886955982306916,0.8971213537508592,0.4700526580968446,0.11344211725214548
2024-07-02,250898926.17848986,132361492.26065215,130941195.4195185,130941195.4195185,0,118537433.91783771,1420296.8411336541,0.9892695615856556,0.9892695615856556,0.9052722753756696,0.47245094159354833,0.1178523320160111
2024-07-03,264816135.0334479,144480572.24831748,141571283.0140208,141571283.0140208,0,120335562.7851304,2909289.2342966795,0.9798638032157257,0.9798638032157257,0.8499998037964572,0.45441174787152333,0.11058270171570184
2024-07-04,261088819.32392067,144661299.3801883,139717950.88484645,139717950.88484645,0,116427519.9437324,4943348.495341837,0.965828120468142,0.965828120468142,0.8333039470331933,0.44593069992509415,0.1072303603635288
2024-07-05,253231925.99344704,142789189.40178025,139777502.59634265,139777502.59634265,0,110442736.5916668,3011686.8054375947,0.9789081595178518,0.9789081595178518,0.7901324214570463,0.43613275126503903,0.1085385753265273
2024-07-06,255536847.02990773,143280266.44409618,139734086.7402057,139734086.7402057,0,112256580.5858115,3546179.7038904727,0.9752500480917651,0.9752500480917651,0.8033586020748071,0.4392970402920919,0.10813083672253974
2024-07-07,261620769.82815233,144638120.52063376,141058673.97014445,141058673.97014445,0,116982649.3075185,3579446.5504893064,0.9752523986235104,0.9752523986235104,0.8293190770549727,0.44714587983346843,0.1071030058301741
2024-07-08,254264504.1078625,143087314.02622432,138144180.91350052,138144180.91350052,0,111177190.08163819,4943133.112723798,0.9654537290998568,0.9654537290998568,0.8047909752438446,0.4372501402495226,0.10834647251688462
2024-07-09,264071663.58535042,144261367.26992574,142685169.0234329,142685169.0234329,0,119810296.31542471,1576198.246492833,0.989074010067133,0.989074010067133,0.8396828986182053,0.4537037207579862,0.11017852491338442
2024-07-10,267572840.82623053,145457508.56688166,143465398.63853854,143465398.63853854,0,122115332.2593489,1992109.9283431172,0.9863045232386396,0.9863045232386396,0.8511831662421878,0.45638164128419184,0.10518864967238063
2024-07-11,268579417.80412424,146590788.1157951,143486660.00591043,143486660.00591043,0,121988629.68832919,3104128.1098846793,0.9788245349535015,0.9788245349535015,0.850174013969691,0.45419947174543307,0.10472334786451033
2024-07-12,269870908.4974149,147264686.6603077,145534906.9529786,145534906.9529786,0,122606221.8371072,1729779.7073290944,0.9882539409375233,0.9882539409375233,0.8424523325989446,0.45431433317415776,0.10807958661428292
2024-07-13,272802451.640091,148246298.8023166,145879117.10266814,145879117.10266814,0,124556152.8377744,2367181.6996484697,0.9840321025295542,0.9840321025295542,0.8538312769614114,0.45658003470621905,0.10611387176242382
2024-07-14,276015290.64436376,149105581.61617917,146396992.99933523,146396992.99933523,0,126909709.02818461,2708588.616843939,0.9818344250598461,0.9818344250598461,0.8668874027266454,0.45979231343274896,0.10370986945242537
2024-07-15,284738698.821135,151258422.63479638,149262622.9846,149262622.9846,0,133480276.1863386,1995799.6501963735,0.9868053651794644,0.9868053651794644,0.8942645755334895,0.46878164695901503,0.10419245351879129
2024-07-16,297296178.1025338,154327179.15299913,150204629.5829659,150204629.5829659,0,142968998.94953468,4122549.5700332224,0.9732869505380763,0.9732869505380763,0.951828178309014,0.48089753410898683,0.11603398534618832
2024-07-17,276090951.7401909,155345762.72642845,138370881.46308237,138370881.46308237,0,120745189.0137625,16974881.263346076,0.8907283921658058,0.8907283921658058,0.8726199308485114,0.4373384504371118,0.11558769028090503
2024-07-18,291126749.00962406,156085882.28493845,150772940.28667784,150772940.28667784,0,135040866.7246856,5312941.998260617,0.9659614186723069,0.9659614186723069,0.8956571813743271,0.46385592249450575,0.11280578778013459
2024-07-19,294422874.3868732,157902711.10900226,155065357.08691192,155065357.08691192,0,136520163.2778709,2837354.0220903456,0.9820309986943057,0.9820309986943057,0.8804040170065406,0.4636873529686511,0.11474246736820591
2024-07-20,302582430.69045854,158765735.70360565,155849004.89950344,155849004.89950344,0,143816694.98685288,2916730.804102212,0.9816287135812014,0.9816287135812014,0.9227950802739524,0.4752975731561136,0.11430847945935964
2024-07-21,306381997.5526162,159835166.94193226,156728488.60702136,156728488.60702136,0,146546830.6106839,3106678.3349108994,0.9805632365245406,0.9805632365245406,0.9350363288331912,0.4783141039006929,0.11081351039047822
2024-07-22,313372863.54001445,159452403.16171238,155774974.4668424,155774974.4668424,0,153920460.37830198,3677428.6948699653,0.9769371384692119,0.9769371384692119,0.9880949164338642,0.4911735452761944,0.10963551126872717
2024-07-23,313187583.8094133,158644245.31658337,157230002.35724792,157230002.35724792,0,154543338.49282998,1414242.9593354464,0.9910854443127562,0.9910854443127562,0.9829125241738947,0.49345295433830333,0.1103611189001932
2024-07-24,308097356.2943317,157923014.23423028,155925607.27925596,155925607.27925596,0,150174342.0601015,1997406.9549743235,0.9873520210802728,0.9873520210802728,0.9631153258306432,0.487424961597648,0.11400077458464195
2024-07-25,312187626.89611703,160271138.5583486,155952504.9797627,155952504.9797627,0,151916488.3377685,4318633.578585893,0.9730542029124374,0.9730542029124374,0.9741202192134205,0.4866191842648522,0.11455284626870083
2024-07-26,314322733.3739536,160150197.88902462,158583617.34461465,158583617.34461465,0,154172535.484929,1566580.5444099605,0.9902180542699328,0.9902180542699328,0.9721845047203077,0.49049120256124795,0.11357065991543616
2024-07-27,323751149.6338158,162065292.28954542,160472598.7308721,160472598.7308721,0,161685857.3442705,1592693.5586733222,0.990172519136128,0.990172519136128,1.0075605344650345,0.49941400216539156,0.11215743140173798
2024-07-28,324888204.59415185,162334915.5380263,160389151.40503767,160389151.40503767,0,162553289.0561255,1945764.1329886317,0.9880138901323859,0.9880138901323859,1.0134930425912825,0.5003360748636164,0.10951521474494527
2024-07-29,323226162.9352028,161351305.48828515,159376774.47893116,159376774.47893116,0,161874857.44691762,1974531.0093539953,0.9877625346545624,0.9877625346545624,1.0156740715587558,0.500809884871135,0.1101135451842805
2024-07-30,320519960.7073716,161218479.2829248,159113884.73407525,159113884.73407525,0,159301481.42444682,2104594.548849553,0.9869456990401444,0.9869456990401444,1.001179008926123,0.49700954996024704,0.1144995488565902
2024-07-31,317913804.3169189,160792570.57159317,158470597.88327172,158470597.88327172,0,157121233.7453258,2321972.6883214414,0.9855592041344499,0.9855592041344499,0.9914850820532661,0.4942258927161787,0.1149654628180775
2024-08-01,309080333.67112625,161773829.20261177,157333993.7193699,157333993.7193699,0,147306504.4685145,4439835.483241886,0.9725552921314531,0.9725552921314531,0.9362662256655037,0.4765961739424498,0.11146332025071379
2024-08-02,313424236.6371427,163955693.50802723,159818315.48895395,159818315.48895395,0,149468543.1291155,4137378.0190732777,0.9747652677955297,0.9747652677955297,0.9352403863839136,0.4768889117600631,0.11550485861982482
2024-08-03,299776399.3231115,160908938.20791996,157489524.2987418,157489524.2987418,0,138867461.1151915,3419413.9091781676,0.9787493849175753,0.9787493849175753,0.8817568135628747,0.4632368039270308,0.11704029371655572
2024-08-04,300378996.18419635,159499596.6802807,156269280.7776346,156269280.7776346,0,140879399.5039156,3230315.9026460946,0.9797471845077996,0.9797471845077996,0.9015169123634849,0.469005494037694,0.11797770562736726
2024-08-05,307897092.009685,158740226.2733485,155138886.28028172,155138886.28028172,0,149156865.7363365,3601339.9930667877,0.9773129969786907,0.9773129969786907,0.9614408696144834,0.48443739680284065,0.11860515902314363
2024-08-06,300321798.80535156,157555979.03470922,154733516.75584158,154733516.75584158,0,142765819.7706423,2822462.278867632,0.9820859716263396,0.9820859716263396,0.9226560784236331,0.4753761476474558,0.12119902666063943
2024-08-07,317551617.2342507,165121612.99116609,157378554.14773476,157378554.14773476,0,152430004.2430846,7743058.843431324,0.9531069331072634,0.9531069331072634,0.9685563898369225,0.48001646337275744,0.12185937503865411
2024-08-08,317375413.9638614,165259745.98399347,156876461.14388523,156876461.14388523,0,152115667.9798679,8383284.840108246,0.9492720699151975,0.9492720699151975,0.9696525971499906,0.47929253901560526,0.11755879185988552
2024-08-09,338642317.3144812,168850512.97873574,160411479.58481896,160411479.58481896,0,169791804.3357455,8439033.393916786,0.9500206825253794,0.9500206825253794,1.0584766425395797,0.5013898017301478,0.1167035311461297
2024-08-10,333494334.073028,168256322.24096668,159817047.64189646,159817047.64189646,0,165238011.8320614,8439274.599070221,0.9498427489281265,0.9498427489281265,1.033919811873335,0.49547472010687255,0.11674702231514718
2024-08-11,332531364.8278436,168650486.79799816,160147851.59161812,160147851.59161812,0,163880878.02984542,8502635.20638004,0.9495842830470801,0.9495842830470801,1.0233098752254675,0.49282833249335434,0.11203154113757344
2024-08-12,322724123.62385505,167827135.819256,158402043.6772138,158402043.6772138,0,154896987.804599,9425092.14204222,0.9438404755224286,0.9438404755224286,0.9778724075065769,0.47996718083937295,0.11311697397244254
2024-08-13,328047655.8040375,169876759.08480927,159373881.60251066,159373881.60251066,0,158170896.7192283,10502877.482298613,0.9381735468766792,0.9381735468766792,0.992451806587213,0.48215828987271664,0.11651652855865045
2024-08-14,339393898.155971,170491044.84907344,168687138.24988773,168687138.24988773,0,168902853.3068976,1803906.5991857052,0.9894193469177069,0.9894193469177069,1.0012787878154072,0.49766025324732577,0.11597551738750424
2024-08-15,339244144.82824105,169867997.4828691,167951178.46293193,167951178.46293193,0,169376147.3453719,1916819.0199371576,0.988715832008731,0.988715832008731,1.0084844232441899,0.4992750794007863,0.11095611187575795
2024-08-16,340247899.22404015,173032993.74002078,167502622.30893835,167502622.30893835,0,167214905.4840194,5530371.4310824275,0.9680386306013308,0.9680386306013308,0.9982823145037796,0.4914502216335943,0.11420036914283575
2024-08-17,340867126.9444704,173708835.36448234,167260423.14654365,167260423.14654365,0,167158291.579988,6448412.217938691,0.9628780412671101,0.9628780412671101,0.9993893859370058,0.49039135301310305,0.11472442881738541
2024-08-18,343654280.78835016,174366604.93018627,167806437.02842137,167806437.02842137,0,169287675.8581638,6560167.9017648995,0.9623771541322864,0.9623771541322864,1.0088270679955593,0.49261040912923976,0.11237149212694816
2024-08-19,342284843.102728,174073361.57714576,168285857.05349827,168285857.05349827,0,168211481.52558228,5787504.523647487,0.9667524975032864,0.9667524975032864,0.9995580405316393,0.4914371317198463,0.11260653116189742
2024-08-20,345999163.7587156,175019703.73925024,168670578.9041881,168670578.9041881,0,170979460.0194654,6349124.835062146,0.9637233711438498,0.9637233711438498,1.0136887009594533,0.4941614834037542,0.11242235497216645
2024-08-21,341725701.22658235,175656247.68503636,169442484.58385485,169442484.58385485,0,166069453.541546,6213763.101181507,0.9646254364244237,0.9646254364244237,0.9800933570432886,0.4859729688035173,0.11500719447578274
2024-08-22,347543533.75083107,178180082.32160053,171960925.8478421,171960925.8478421,0,169363451.42923063,6219156.473758429,0.9650962307754839,0.9650962307754839,0.9848949730538796,0.48731578919449725,0.11426927152325364
2024-08-23,347279324.8356479,178627645.0129348,174573322.88698643,174573322.88698643,0,168651679.8227131,4054322.1259483695,0.9773029414027443,0.9773029414027443,0.9660793357980199,0.48563697220538127,0.11081968585906767
2024-08-24,359576156.9776938,180705021.20876476,176548280.26114503,176548280.26114503,0,178871135.76892912,4156740.947619736,0.9769970921681388,0.9769970921681388,1.0131570554204674,0.4974499345907002,0.10958678960430787
2024-08-25,364712637.47551084,181737230.26696283,177057050.66966307,177057050.66966307,0,182975407.208548,4680179.597299755,0.9742475463589667,0.9742475463589667,1.033426268632063,0.5016974692050098,0.10654320970901811
2024-08-26,362898354.9636484,180797899.91317195,176129794.0661454,176129794.0661454,0,182100455.0504765,4668105.847026557,0.9741805305854304,0.9741805305854304,1.0338992106133322,0.5017946556101571,0.10668817610484532
2024-08-27,363701563.4660376,178785447.7034052,176999316.3781206,176999316.3781206,0,184916115.76263243,1786131.3252846003,0.9900096380984671,0.9900096380984671,1.0447278528895518,0.5084281574167604,0.10940641442081292
2024-08-28,353809614.98988247,179319447.3429731,175173800.2254855,175173800.2254855,0,174490167.64690942,4145647.1174876094,0.9768812185241766,0.9768812185241766,0.9960974039628294,0.4931753130900615,0.11070151607830381
2024-08-29,342619763.3737626,178831015.41777268,174513413.2144052,174513413.2144052,0,163788747.95599,4317602.203367472,0.9758565247013725,0.9758565247013725,0.9385453240477337,0.47804816144628953,0.10606052769427163
2024-08-30,340894325.4341731,178987921.00565535,174161655.25907996,174161655.25907996,0,161906404.4285177,4826265.746575385,0.9730358019722297,0.9730358019722297,0.9296328987438046,0.47494602388088714,0.1082770417123403
2024-08-31,340496560.42369676,179659372.70991135,174120543.35601953,174120543.35601953,0,160837187.7137854,5538829.35389182,0.969170384654325,0.969170384654325,0.9237117264499112,0.47236068262671355,0.1082798587999884
2024-09-01,338645333.0889816,179431107.17546105,173839360.56245983,173839360.56245983,0,159214225.9135206,5591746.613001227,0.9688362475101199,0.9688362475101199,0.9158698317710133,0.47015036191768766,0.104703190548221
2024-09-02,332950486.5283587,179121012.54269695,172894147.22319782,172894147.22319782,0,153829473.9856618,6226865.319499135,0.9652365446627048,0.9652365446627048,0.8897321075135964,0.46201906953080707,0.1051526482221874
2024-09-03,345463998.6870698,179934842.0206903,173703179.1039846,173703179.1039846,0,165529156.6663795,6231662.916705698,0.9653671137467132,0.9653671137467132,0.9529425858538154,0.4791502364804157,0.10454377834693473
2024-09-04,318561202.5966262,178489634.64176473,162090203.7300151,162090203.7300151,0,140071567.9548615,16399430.911749631,0.9081211021319872,0.9081211021319872,0.8641581337523095,0.43970065034010186,0.10702887109542306
2024-09-05,333509763.14901054,189888692.06283456,167412594.14074752,167412594.14074752,0,143621071.086176,22476097.922087044,0.8816354061006979,0.8816354061006979,0.857886898075485,0.4306352825479559,0.10200472117892548
2024-09-06,355604989.83669585,190419164.3393621,184378788.11271477,184378788.11271477,0,165185825.4973338,6040376.226647347,0.9682785278067796,0.9682785278067796,0.8959047143554936,0.46452055010024446,0.10193158900280415
2024-09-07,349195908.1495024,189774418.55280817,187491287.4430466,187491287.4430466,0,159421489.59669423,2283131.109761566,0.9879692367012773,0.9879692367012773,0.8502874547977116,0.4565388249865763,0.10239007910488132
2024-09-08,351516660.7768378,190367386.06866163,187490219.35070822,187490219.35070822,0,161149274.7081762,2877166.7179534137,0.9848862414021082,0.9848862414021082,0.8595076333381413,0.4584399338342675,0.09029788588714521
2024-09-09,353302863.29947054,189945994.34743464,182362340.53120697,182362340.53120697,0,163356868.9520359,7583653.8162276745,0.960074684163351,0.960074684163351,0.8957818180891426,0.4623706341535351,0.09032245805635612
2024-09-10,382008760.6089849,192315747.24778324,189039224.83102778,189039224.83102778,0,189693013.36120158,3276522.4167554677,0.9829627970478468,0.9829627970478468,1.0034584808034321,0.49656718096935704,0.09323881835951595
2024-09-11,386461924.9307968,195289612.6522755,189558409.88031814,189558409.88031814,0,191172312.2785213,5731202.771957368,0.9706528028085032,0.9706528028085032,1.0085140110598212,0.4946730840632082,0.08927057662099701
2024-09-12,379899931.89208215,194650666.77825987,188218275.6135152,188218275.6135152,0,185249265.1138223,6432391.164744675,0.9669541786256902,0.9669541786256902,0.9842257055537508,0.48762647624387023,0.084782970081692
2024-09-13,392948400.94497436,196625079.10501927,193776134.77114716,193776134.77114716,0,196323321.83995503,2848944.3338721097,0.9855107784477968,0.9855107784477968,1.013144998850432,0.49961603449162967,0.08569028437882793
2024-09-14,400274050.7073414,197595065.51388508,194462893.86289194,194462893.86289194,0,202678985.1934562,3132171.6509931386,0.984148533047385,0.984148533047385,1.0422501751740725,0.5063505486685772,0.08541451560512281
2024-09-15,399626861.77347267,199190874.26554322,194207096.85996127,194207096.85996127,0,200435987.50792938,4983777.405581951,0.9749798909013371,0.9749798909013371,1.0320734450423283,0.5015578447815802,0.08214563474128346
2024-09-16,394994417.9061946,199853845.68963814,197245898.6522058,197245898.6522058,0,195140572.2165564,2607947.037432343,0.9869507287766565,0.9869507287766565,0.9893263867586843,0.4940337467323384,0.08026348360865482
2024-09-17,393217525.2867467,200004219.49691895,196848503.5597307,196848503.5597307,0,193213305.7898278,3155715.937188238,0.9842217531953777,0.9842217531953777,0.9815330180104729,0.49136494017892646,0.08175961070128569
2024-09-18,398617074.26968986,201597298.48404145,198194059.50156432,198194059.50156432,0,197019775.7856485,3403238.9824771285,0.9831186280368408,0.9831186280368408,0.99407508116606,0.49425824557718784,0.07994662958141663
2024-09-19,402540126.57382226,202368830.8729745,198474693.30419934,198474693.30419934,0,200171295.70084777,3894137.568775147,0.9807572265354467,0.9807572265354467,1.0085482051560501,0.4972704147648201,0.07972730199265986
2024-09-20,414426973.453755,205767820.2182573,199068789.7125274,199068789.7125274,0,208659153.2354977,6699030.505729914,0.9674437407237717,0.9674437407237717,1.0481761281455502,0.5034883504241345,0.07693296805282807
2024-09-21,424838685.3819599,207238170.95276907,204045784.78550607,204045784.78550607,0,217600514.4291909,3192386.167263001,0.9845955686995975,0.9845955686995975,1.0664298439584705,0.5121956213416693,0.07632164888503554
2024-09-22,428357185.05313325,207953179.81375372,204373384.20708957,204373384.20708957,0,220404005.2393795,3579795.606664151,0.9827855692811706,0.9827855692811706,1.0784379095863394,0.5145332281797507,0.0743980332586527
2024-09-23,427009659.642676,209299552.1355894,204351270.62175763,204351270.62175763,0,217710107.50708652,4948281.513831764,0.9763578972657039,0.9763578972657039,1.0653719296419513,0.509848202706392,0.07520521290435611
2024-09-24,428098573.7841371,210131520.9144314,206372075.8047965,206372075.8047965,0,217967052.86970568,3759445.109634906,0.9821090853324865,0.9821090853324865,1.0561848157978344,0.5091515511089102,0.0753724062973469
2024-09-25,432123154.9836499,215069654.1646454,209824473.88606182,209824473.88606182,0,217053500.8190044,5245180.278583586,0.9756117138005524,0.9756117138005524,1.0344527347027594,0.5022954644196675,0.07696421890524241
2024-09-26,424534058.66556317,214993822.67606816,211185251.34526715,211185251.34526715,0,209540235.98949498,3808571.33080101,0.9822852057636121,0.9822852057636121,0.9922105575777982,0.49357697389025107,0.07362063218917039
2024-09-27,431651967.65022177,214329679.08707985,211660663.3191302,211660663.3191302,0,217322288.5631419,2669015.7679496408,0.9875471480229985,0.9875471480229985,1.0267485944493873,0.5034664610616197,0.07370785145879866
2024-09-28,436198247.5886613,215843787.8173612,212176288.0587778,212176288.0587778,0,220354459.7713001,3667499.7585833967,0.9830085461542831,0.9830085461542831,1.0385442303065306,0.505170437958972,0.07364565739205581
2024-09-29,435489768.5144303,215551727.35407698,211804960.40303466,211804960.40303466,0,219938041.1603533,3746766.9510423243,0.9826177827613152,0.9826177827613152,1.0383989154070923,0.5050360698728229,0.07225686644950673
2024-09-30,436813499.5259069,216597292.72220257,212259924.26649243,212259924.26649243,0,220216206.8037044,4337368.455710143,0.9799749645935185,0.9799749645935185,1.0374836774520981,0.504142401832166,0.07241065926364332
2024-10-01,436196202.01827335,216358154.2677023,213952426.78427413,213952426.78427413,0,219838047.750571,2405727.48342818,0.9888808097315733,0.9888808097315733,1.0275090170967367,0.5039889085081063,0.07254538222064337
2024-10-02,424937225.968709,214724196.1838199,212216436.66837448,212216436.66837448,0,210213029.7848891,2507759.515445411,0.9883210203600037,0.9883210203600037,0.9905596054908035,0.4946919613965958,0.07610303220483512
2024-10-03,420353128.82967496,214024413.0075333,211466342.2022221,211466342.2022221,0,206328715.82214162,2558070.805311203,0.9880477616110964,0.9880477616110964,0.9757047560071406,0.4908461521306887,0.07632219348500692
2024-10-04,417872259.1614657,213693492.8847401,211093133.3376437,211093133.3376437,0,204178766.2767256,2600359.5470964015,0.9878313583067363,0.9878313583067363,0.9672449456237945,0.48861526890166446,0.08836097102568663
2024-10-05,427034651.3393095,216181977.96895313,212284239.9900977,212284239.9900977,0,210852673.3703565,3897737.978855431,0.981970106780061,0.981970106780061,0.9932563688203704,0.4937601028606435,0.09924488797811384
2024-10-06,426566699.38286954,215983214.83227408,212033246.54012617,212033246.54012617,0,210583484.5505954,3949968.2921479046,0.9817116885901743,0.9817116885901743,0.9931625723173728,0.4936707081336978,0.0996175373979275
2024-10-07,430007134.2727608,216332537.9846334,202035171.18858397,202035171.18858397,0,213674596.2881274,14297366.796049416,0.9339102340810841,0.9339102340810841,1.0576108854268693,0.4969094213971575,0.09928777132134434
2024-10-08,444878358.79069763,216517261.09507385,210755504.86340815,210755504.86340815,0,228361097.69562358,5761756.231665701,0.9733889288894354,0.9733889288894354,1.0835356250534272,0.5133113202367771,0.09982511701577157
2024-10-09,443959957.39674,216027921.24080047,212713619.22611684,212713619.22611684,0,227932036.15593946,3314302.014683634,0.9846579923759519,0.9846579923759519,1.0715441586918104,0.513406743915534,0.10047468105234578
2024-10-10,438865208.1177078,216985847.61892208,213380700.74873897,213380700.74873897,0,221879360.4987858,3605146.8701831102,0.9833853363721924,0.9833853363721924,1.0398286242393318,0.5055751889069221,0.09630518297832098
2024-10-11,440812714.31030715,219808181.40571493,215995011.7835309,215995011.7835309,0,221004532.90459222,3813169.622184038,0.9826522852889364,0.9826522852889364,1.0231927630165916,0.5013569838845836,0.09785726993963549
2024-10-12,450744935.30335844,221470677.3907385,217262647.45773652,217262647.45773652,0,229274257.9126199,4208029.933001965,0.9809996068889166,0.9809996068889166,1.0552861276221903,0.5086563152580177,0.09736069075273628
2024-10-13,453664302.59350157,221748614.47147447,217470610.18389034,217470610.18389034,0,231915688.1220271,4278004.287584126,0.9807078646341015,0.9807078646341015,1.0664231269040088,0.5112055032679778,0.09486935350242252
2024-10-14,451393703.0857285,222792570.94327146,210724684.9976291,210724684.9976291,0,228601132.14245707,12067885.945642352,0.9458335352271906,0.9458335352271906,1.0848331895479122,0.5064340299382537,0.0951647413837944
2024-10-15,477214257.04704857,229314525.08248106,224763850.59401047,224763850.59401047,0,247899731.9645674,4550674.488470584,0.980155315120864,0.980155315120864,1.1029341742874263,0.519472602303512,0.09673242164355583
2024-10-16,487941148.0334861,230409796.90126586,227800870.1604546,227800870.1604546,0,257531351.1322202,2608926.7408112586,0.9886770147107538,0.9886770147107538,1.1305108314591799,0.5277918293428012,0.09683366121644088
2024-10-17,491898885.14258444,233200209.5576938,227249689.06056878,227249689.06056878,0,258698675.58489057,5950520.49712503,0.9744832111926003,0.9744832111926003,1.1383895689993209,0.5259184019290932,0.09525363863129992
2024-10-18,486300804.0438686,234131845.90300146,227389595.36559895,227389595.36559895,0,252168958.1408672,6742250.537402511,0.9712031889066651,0.9712031889066651,1.1089731600754547,0.5185452214841894,0.09933755506993748
2024-10-19,495005930.11256194,237663419.6071969,228213726.732763,228213726.732763,0,257342510.50536507,9449692.874433905,0.9602391782039824,0.9602391782039824,1.1276381757996166,0.51987763145958,0.09900413651715506
2024-10-20,499860492.9474097,240146575.01713634,228572198.28711802,228572198.28711802,0,259713917.9302733,11574376.730018318,0.9518028656907042,0.9518028656907042,1.1362445646343962,0.5195728040015313,0.09784459586667388
2024-10-21,516277711.8008729,241713949.7944066,233634802.70288682,233634802.70288682,0,274563762.0064663,8079147.091519773,0.9665755861488688,0.9665755861488688,1.1751834864929298,0.5318140910029541,0.09748501833652509
2024-10-22,536251377.689191,248933642.8734716,243507465.95101354,243507465.95101354,0,287317734.8157193,5426176.922458053,0.9782023158468135,0.9782023158468135,1.179913452319031,0.5357892711694765,0.09903396705485835
2024-10-23,538335824.9274161,251193651.12488407,246367520.45697054,246367520.45697054,0,287142173.80253196,4826130.667913526,0.9807872107981178,0.9807872107981178,1.1655033637142236,0.5333885662193248,0.09806971785282252
2024-10-24,537705020.2220994,250980835.9897245,245990776.80246192,245990776.80246192,0,286724184.2323749,4990059.187262565,0.9801177680854212,0.9801177680854212,1.1655891654125843,0.5332369486041683,0.09769589573801941
2024-10-25,523077414.87966084,250021074.09319234,246610969.0829188,246610969.0829188,0,273056340.7864685,3410105.010273546,0.9863607296999193,0.9863607296999193,1.107235180178291,0.5220189842249026,0.09640699060798849
2024-10-26,514466433.57861865,249330573.6855492,244509584.13256663,244509584.13256663,0,265135859.8930695,4820989.552982569,0.9806642663925255,0.9806642663925255,1.0843577393241153,0.5153608526970157,0.0978468157246162
2024-10-27,519483602.5450227,251584221.01620293,245121118.79251066,245121118.79251066,0,267899381.5288197,6463102.223692268,0.9743103832283821,0.9743103832283821,1.092926561564817,0.5157032487961953,0.09518161307429852
2024-10-28,525233927.84876275,253407051.3071567,248374971.08719698,248374971.08719698,0,271826876.54160607,5032080.219959736,0.9801423038782756,0.9801423038782756,1.094421371653329,0.5175348775638816,0.09520374595159309
2024-10-29,533233268.6760938,254961939.4999835,248173962.1264209,248173962.1264209,0,278271329.1761104,6787977.373562604,0.9733765071489698,0.9733765071489698,1.1212752812253437,0.5218566535936507,0.09511271896158768
2024-10-30,566865133.2289423,260639847.1082269,257150761.84054554,257150761.84054554,0,306225286.1207154,3489085.2676813602,0.9866133850737238,0.9866133850737238,1.1908395057005512,0.5402083638067732,0.09498541737611448
2024-10-31,563330063.536958,261926746.5202827,256804260.64690846,256804260.64690846,0,301403317.0166753,5122485.873374224,0.9804430592086266,0.9804430592086266,1.1736694564857242,0.5350385795571895,0.09556292521023001
2024-11-01,559472179.7882696,263253058.35434827,253926022.41458538,253926022.41458538,0,296219121.4339213,9327035.93976289,0.9645700756600201,0.9645700756600201,1.1665567735719653,0.5294617536586438,0.09307764561483425
2024-11-02,556078264.0188972,262545470.42017227,253516470.1014032,253516470.1014032,0,293532793.5987249,9029000.318769068,0.9656097654081816,0.9656097654081816,1.1578450641937217,0.5278623758413075,0.0935476173024817
2024-11-03,560963222.021477,268467972.6679608,253103103.99781105,253103103.99781105,0,292495249.3535161,15364868.670149773,0.94276833650786,0.94276833650786,1.1556367532973666,0.5214160890966889,0.09406528033242087
2024-11-04,558588573.998121,263455454.21110785,256825402.18764198,256825402.18764198,0,295133119.78701323,6630052.023465872,0.9748342578698211,0.9748342578698211,1.1491586006410022,0.5283550962644753,0.09577642906056097
2024-11-05,555005340.9585905,264527220.77919346,257912102.89985883,257912102.89985883,0,290478120.179397,6615117.879334629,0.9749926761418009,0.9749926761418009,1.1262678909340782,0.5233789636649098,0.09625638542123811
2024-11-06,557735926.3982978,262316957.77961046,256823115.72860357,256823115.72860357,0,295418968.6186873,5493842.051006883,0.9790564739027562,0.9790564739027562,1.1502818497493412,0.529675343896923,0.09591303434759282
2024-11-07,596021252.1042243,274150185.4485339,258483590.5940131,258483590.5940131,0,321871066.65569043,15666594.854520798,0.9428539695171504,0.9428539695171504,1.2452282402763306,0.5400328688269758,0.09428178869138487
2024-11-08,606736967.0432951,270632706.4347713,266685361.3219435,266685361.3219435,0,336104260.60852385,3947345.1128278077,0.9854143825968824,0.9854143825968824,1.2603026238203514,0.5539538199665034,0.0931526255162047
2024-11-09,599039450.7818726,264400010.95449516,261359996.1897965,261359996.1897965,0,334639439.82737744,3040014.7646986544,0.9885022139230476,0.9885022139230476,1.2803774284736609,0.5586267138009066,0.09333991051326762
2024-11-10,615290930.9537305,267450682.55751556,263899769.54200602,263899769.54200602,0,347840248.3962149,3550913.015509546,0.9867231110365706,0.9867231110365706,1.318077120718545,0.5653264673624326,0.09059698647569737
2024-11-11,598679981.2325344,264527162.51317203,261544028.5005185,261544028.5005185,0,334152818.7193624,2983134.0126535296,0.9887227686400447,0.9887227686400447,1.277615935776182,0.5581493104737262,0.09031188687760032
2024-11-12,618002677.757734,266125296.90916657,262709437.2241675,262709437.2241675,0,351877380.8485674,3415859.6849990785,0.9871644682986865,0.9871644682986865,1.339416598682421,0.5693784080762648,0.0913308250335568
2024-11-13,625143664.0723948,265997534.9107073,263198492.64427,263198492.64427,0,359146129.16168755,2799042.266437292,0.9894771871950734,0.9894771871950734,1.3645447796963528,0.5745017502410399,0.09198511504441816
2024-11-14,636262612.6131064,267868439.69822985,262813161.41042697,262813161.41042697,0,368394172.9148765,5055278.287802875,0.9811277569933287,0.9811277569933287,1.4017341100340368,0.5789970455782333,0.08966216122837511
2024-11-15,596722713.3004314,254423496.89587677,248743788.4084425,248743788.4084425,0,342299216.4045545,5679708.487434268,0.977676163732005,0.977676163732005,1.3761116150667128,0.5736319546332024,0.09081554894694698
2024-11-16,603083730.8905823,254481253.55827484,250206053.4918405,250206053.4918405,0,348602477.3323075,4275200.066434324,0.9832003339866631,0.9832003339866631,1.3932615636882495,0.5780332969976181,0.09072989606781631
2024-11-17,603596095.002633,254718075.6969865,251133719.91042098,251133719.91042098,0,348878019.30564654,3584355.7865655124,0.9859281451590838,0.9859281451590838,1.3892121672473565,0.5779991325227587,0.0870007627759357
2024-11-18,594871275.658343,254442774.867942,252208594.540311,252208594.540311,0,340428500.79040104,2234180.3276309967,0.9912193210092503,0.9912193210092503,1.3497894526984078,0.5722725482309587,0.08804612101950275
2024-11-19,599441627.5378965,254205401.68603995,251957690.17347053,251957690.17347053,0,345236225.8518565,2247711.5125694275,0.9911578924064506,0.9911578924064506,1.3702150770399768,0.5759296818772079,0.08813024712959842
2024-11-20,584463372.3993746,250506112.14497906,244302926.97450352,244302926.97450352,0,333957260.25439554,6203185.170475543,0.9752373899488509,0.9752373899488509,1.3669801847656484,0.5713912556802557,0.08993933012025285
2024-11-21,589455808.3149029,251068739.81878078,248944693.42368853,248944693.42368853,0,338387068.496122,2124046.395092249,0.9915399806577857,0.9915399806577857,1.3592861283458173,0.5740668998808927,0.08987815088717772
2024-11-22,593577178.6728042,251530884.11137915,249149118.676783,249149118.676783,0,342046294.561425,2381765.434596151,0.9905309225027751,0.9905309225027751,1.3728577342677897,0.5762456961809345,0.09054290813341268
2024-11-23,594782337.3870867,253405968.46909368,250688626.463827,250688626.463827,0,341376368.917993,2717342.0052666664,0.9892767245314583,0.9892767245314583,1.361754514887223,0.5739517592564688,0.09015465500353308
2024-11-24,591686699.1432087,253308237.37199673,249089095.4313745,249089095.4313745,0,338378461.77121204,4219141.94062224,0.983343842330614,0.983343842330614,1.3584635697729182,0.571887896518885,0.09089754397469209
2024-11-25,602649284.4135252,256912110.35263225,254903204.20948052,254903204.20948052,0,345737174.060893,2008906.1431517303,0.992180570466708,0.992180570466708,1.3563469126765655,0.5736954859198927,0.09047574625538699
2024-11-26,552306092.2490033,246021523.0355063,241856761.3425045,241856761.3425045,0,306284569.213497,4164761.6930018067,0.9830715555223973,0.9830715555223973,1.2663882850054098,0.5545558405236833,0.09116221317415396
2024-11-27,561740583.0724323,247394208.06438935,244931834.4658575,244931834.4658575,0,314346375.00804305,2462373.598531842,0.9900467613296308,0.9900467613296308,1.2834035056878719,0.5595934929406915,0.09084317811674278
2024-11-28,570422573.5026419,247634386.1050119,245448236.60511398,245448236.60511398,0,322788187.39763004,2186149.499897927,0.9911718661762472,0.9911718661762472,1.3150967872584205,0.5658755497973557,0.09148431377587181
2024-11-29,575679555.0891738,248864231.662821,246540417.3714385,246540417.3714385,0,326815323.426353,2323814.2913824916,0.9906623210742034,0.9906623210742034,1.3256054601950806,0.5677035436419636,0.09226595630645891
2024-11-30,574987514.469913,248885259.28068197,246428695.4959215,246428695.4959215,0,326102255.189231,2456563.784760475,0.9901297337099821,0.9901297337099821,1.3233128330812762,0.5671466718540281,0.09295873511003878
2024-12-01,577324939.9525977,249126448.07029772,246615893.809285,246615893.809285,0,328198491.88229996,2510554.261012703,0.9899225703233874,0.9899225703233874,1.330808354696332,0.5684814030539669,0.09246172878815098
2024-12-02,569179562.5596508,248074897.31173074,245712797.04935598,245712797.04935598,0,321104665.24792004,2362100.2623747587,0.9904782777783173,0.9904782777783173,1.3068292295065942,0.5641535402358511,0.09344424659864127
2024-12-03,567070050.7375631,246899252.03261316,245018185.643524,245018185.643524,0,320170798.70495,1881066.3890891671,0.9923812390130664,0.9923812390130664,1.306722592300823,0.5646053751005151,0.09426196294528999
2024-12-04,575919139.4301225,248169297.0267725,246459184.3955575,246459184.3955575,0,327749842.40335,1710112.631215006,0.9931090886273877,0.9931090886273877,1.3298341597906294,0.5690900335898919,0.0951779261918702
2024-12-05,594739915.4283237,249189430.87721384,247408687.5014725,247408687.5014725,0,345550484.55111,1780743.3757413328,0.9928538567246907,0.9928538567246907,1.3966788637891037,0.5810110866734902,0.09645779754290118
2024-12-06,589270603.4292134,248300083.85808325,246475322.4621485,246475322.4621485,0,340970519.57113,1824761.3959347606,0.9926509835696322,0.9926509835696322,1.383386037048367,0.5786314769256758,0.10045243993696071
2024-12-07,596841945.9970806,249701977.4597905,247068061.93457347,247068061.93457347,0,347139968.53729,2633915.5252170265,0.9894517634501266,0.9894517634501266,1.4050378094972742,0.5816279684521168,0.10083860808268623
2024-12-08,595051263.5308617,249174175.01056674,246328439.3993535,246328439.3993535,0,345877088.520295,2845735.611213237,0.9885793316619086,0.9885793316619086,1.4041297438642515,0.5812559517443264,0.10149952319122553
2024-12-09,566270747.6782949,246283531.32704997,239565700.22643048,239565700.22643048,0,319987216.351245,6717831.100619495,0.9727231818367156,0.9727231818367156,1.335697122120581,0.5650781320829122,0.10274663064185142
2024-12-10,547212944.6808912,238686533.06787613,236326433.5549855,236326433.5549855,0,308526411.613015,2360099.512890637,0.9901121379469722,0.9901121379469722,1.3055095317605718,0.5638141688934882,0.10318760931948139
2024-12-11,543379973.5010278,240910242.90942782,230919907.5717365,230919907.5717365,0,302469730.5916,9990335.337691307,0.9585308818046094,0.9585308818046094,1.3098469238631414,0.5566449728405898,0.10348295422072888
2024-12-12,562480658.6568388,240699003.6376789,238513815.9496,238513815.9496,0,321781655.01916,2185187.6880788803,0.9909214925901055,0.9909214925901055,1.3491111772206736,0.572075946197955,0.10209465950390018
2024-12-13,546697118.7042309,235353951.94077075,232708614.9221815,232708614.9221815,0,311343166.76346004,2645337.018589258,0.9887601759104729,0.9887601759104729,1.3379099302686934,0.5694984592225373,0.1015504434231082
2024-12-14,548458251.0478678,235799398.74718767,232513654.2838065,232513654.2838065,0,312658852.30068004,3285744.463381171,0.9860655095778934,0.9860655095778934,1.3446902860984165,0.5700686455228333,0.10200239600772684
2024-12-15,544566759.2802287,233531712.48366854,231244876.34072247,231244876.34072247,0,311035046.79656005,2286836.1429460645,0.990207599136644,0.990207599136644,1.3450462199139608,0.5711605445908322,0.10162550217803598
2024-12-16,546559316.8140922,233303335.24523205,231306093.732492,231306093.732492,0,313255981.56886,1997241.5127400458,0.9914392929246353,0.9914392929246353,1.3542919536358775,0.5731417833929479,0.10159350851336015
2024-12-17,586684116.1322919,241871284.587592,238708480.008791,238708480.008791,0,344812831.5447,3162804.578801006,0.9869236044940439,0.9869236044940439,1.4444934320389518,0.587731663536205,0.09960576161005293
2024-12-18,578908334.6591219,240979894.16480184,238477136.819211,238477136.819211,0,337928440.49432,2502757.34559083,0.9896142482995729,0.9896142482995729,1.4170265753840494,0.5837339355172734,0.10132748832025566
2024-12-19,557129412.5699192,233893857.08905923,230085376.0601815,230085376.0601815,0,323235555.48086,3808481.028877735,0.9837170540677023,0.9837170540677023,1.4048504994785673,0.5801803821303264,0.10376453851393941
2024-12-20,507776655.6783241,224775537.89240408,220826064.041131,220826064.041131,0,283001117.78591996,3949473.8512730896,0.9824292541425765,0.9824292541425765,1.2815566813399721,0.5573338486935107,0.10734746675757895
2024-12-21,536722770.3021348,230778854.7020447,225306661.8018325,225306661.8018325,0,305943915.60008997,5472192.9002121985,0.9762881529710455,0.9762881529710455,1.3578999979555937,0.5700222396524492,0.10523240470347613
2024-12-22,529156534.7093446,229504479.2533346,223833533.4254035,223833533.4254035,0,299652055.45601,5670945.827931106,0.9752904786591493,0.9752904786591493,1.3387272714250136,0.5662824434750731,0.10564632214047681
2024-12-23,524251972.4756184,228697254.67502835,223201594.74700803,223201594.74700803,0,295554717.80059004,5495659.928020328,0.9759697162266793,0.9759697162266793,1.3241604215937257,0.5637646271599589,0.10729112498678356
2024-12-24,533410273.0274792,231065635.127839,227205009.4948165,227205009.4948165,0,302344637.89963996,3860625.633022487,0.983292082222064,0.983292082222064,1.3307129036102423,0.5668144263207027,0.10726472049358751
2024-12-25,541970677.8022777,232347190.68439776,228131037.49610102,228131037.49610102,0,309623487.11788,4216153.188296735,0.9818540814895256,0.9818540814895256,1.3572177223941821,0.5712919532352213,0.10757186564517454
2024-12-26,532162976.12358963,230451704.24972963,226442647.4453865,226442647.4453865,0,301711271.87386,4009056.804343134,0.9826034838084828,0.9826034838084828,1.3323959743344143,0.566952767123338,0.10887499221209704
2024-12-27,535323627.5000439,231114373.87349394,227061429.1029415,227061429.1029415,0,304209253.62654996,4052944.7705524266,0.9824634673186926,0.9824634673186926,1.3397663127040056,0.5682716734309005,0.1089209658819673
2024-12-28,527817530.87823445,230416349.4236043,225671657.0841975,225671657.0841975,0,297401181.45463,4744692.339406818,0.9794081784939487,0.9794081784939487,1.3178490613186327,0.5634545350545384,0.10943105988211622
2024-12-29,533572986.1788644,231505173.3354444,226689752.7030235,226689752.7030235,0,302067812.84342,4815420.6324208975,0.9791995117731409,0.9791995117731409,1.3325163984767592,0.5661227623359493,0.1087263562069518
2024-12-30,528648347.6773259,229871217.42843604,225050240.649731,225050240.649731,0,298777130.24889,4820976.778705031,0.9790274883796363,0.9790274883796363,1.327601914071746,0.5651717849144896,0.10952837904055991
2024-12-31,529099403.022206,231278805.82330588,225041792.415567,225041792.415567,0,297820597.1989,6237013.407738864,0.9730324904370881,0.9730324904370881,1.3234012847219865,0.5628821266812138,0.11076213821263664
2025-01-01,517665939.9028656,223488384.07645547,217419633.0678755,217419633.0678755,0,294177555.82641,6068751.008579969,0.9728453403354339,0.9728453403354339,1.353040439243919,0.5682768232377994,0.11463582299744998
2025-01-02,539457656.428087,226512604.27460694,223738673.281266,223738673.281266,0,312945052.15348,2773930.9933409393,0.9877537455267698,0.9877537455267698,1.3987079102774111,0.5801105025102141,0.1127265973486382
2025-01-03,547120276.0207175,228668516.8794175,225808649.608573,225808649.608573,0,318451759.14129996,2859867.270844519,0.987493393013291,0.987493393013291,1.410272634344693,0.5820507356397834,0.11239746834788623
2025-01-04,556761281.4353158,231985277.17840582,226423205.83743247,226423205.83743247,0,324776004.25690997,5562071.340973347,0.9760240330394075,0.9760240330394075,1.434375964494085,0.5833308009846626,0.11099884325807198
2025-01-05,554333373.1153668,230554493.28042686,226222090.012849,226222090.012849,0,323778879.83493996,4332403.267577857,0.9812087667174272,0.9812087667174272,1.4312434290415668,0.5840869331306807,0.1078538120311968
2025-01-06,561334943.7246225,231256041.03264248,228570207.2915235,228570207.2915235,0,330078902.69198,2685833.7411189973,0.9883858872221207,0.9883858872221207,1.4441029152630993,0.5880248617729182,0.10718079100573524
2025-01-07,561599120.14741,231415688.96656,228847371.86075604,228847371.86075604,0,330183431.18084997,2568317.1058039665,0.9889017157078961,0.9889017157078961,1.4428106755001435,0.5879343811902386,0.10747970706503532
2025-01-08,529492254.1228561,225816542.79317605,222829363.3158855,222829363.3158855,0,303675711.32968,2987179.477290541,0.986771653483215,0.986771653483215,1.3628173002459545,0.5735224811413753,0.10979050404027416
2025-01-09,522894110.8577498,224690011.03404984,221966014.9215505,221966014.9215505,0,298204099.8237,2723996.1124993265,0.9878766479205587,0.9878766479205587,1.343467376882422,0.5702953879792779,0.11106041431376913
2025-01-10,530023662.80614084,227673223.45440084,224979954.3214775,224979954.3214775,0,302350439.35174,2693269.132923335,0.9881704616289111,0.9881704616289111,1.3438994610146757,0.5704470584407217,0.11186286894080871
2025-01-11,526036312.8066378,227427601.0081878,224293848.52545652,224293848.52545652,0,298608711.79845,3133752.4827312827,0.98622087878147,0.98622087878147,1.3313281383397326,0.5676579820226472,0.11310182792318534
2025-01-12,524616728.5517298,227252869.18902978,223988885.76118398,223988885.76118398,0,297363859.3627,3263983.427845806,0.9856372179612359,0.9856372179612359,1.3275831001710867,0.5668211537661221,0.11372577155381611
2025-01-13,510822735.2497378,224448615.63101768,221566313.3502005,221566313.3502005,0,286374119.61872,2882302.280817181,0.9871582978014195,0.9871582978014195,1.2924984637266874,0.5606134963407876,0.11555647079905683
2025-01-14,532805177.9178742,229043810.93186417,226251320.8518455,226251320.8518455,0,303761366.98601,2792490.0800186694,0.9878080526661802,0.9878080526661802,1.342583839255992,0.5701171452069321,0.11453479758608735
2025-01-15,522641762.8579769,225113924.54452693,222158246.0069635,222158246.0069635,0,297527838.31345004,2955678.537563443,0.9868702989228957,0.9868702989228957,1.3392608361884712,0.5692768153208233,0.11535207220646934
2025-01-16,544034657.2583824,229961210.78008232,226374535.04500252,226374535.04500252,0,314073446.4783,3586675.735079795,0.9844031272799749,0.9844031272799749,1.3874062575804438,0.5773041152581108,0.11296625339465419
2025-01-17,555749687.7167907,232303122.1960408,229501538.159494,229501538.159494,0,323446565.52075,2801584.0365467966,0.9879399639141202,0.9879399639141202,1.4093437809378344,0.5820004449297648,0.11125804770021985
2025-01-18,561290334.4301738,234114298.95842382,231101672.3511925,231101672.3511925,0,327176035.47175,3012626.607231319,0.9871318128767251,0.9871318128767251,1.4157233573565777,0.5828998210060069,0.11010139513193573
2025-01-19,574677788.6918117,237625422.5472296,233866476.721835,233866476.721835,0,337052366.14458203,3758945.8253946006,0.9841812135035868,0.9841812135035868,1.4412171033195074,0.5865066873592648,0.10822149421138327
2025-01-20,574646751.6195308,234682626.49460882,232279709.4069375,232279709.4069375,0,339964125.124922,2402917.0876713097,0.9897609928627311,0.9897609928627311,1.463598030120354,0.59160540656812,0.10779548244311134
2025-01-21,557398701.0208185,231321351.70214057,228820598.767044,228820598.767044,0,326077349.31867796,2500752.935096562,0.9891892688820328,0.9891892688820328,1.4250349447369832,0.5849984019006517,0.10907447795173682
2025-01-22,561299030.9224423,233896077.64081424,225615457.2322065,225615457.2322065,0,327402953.281628,8280620.408607751,0.9645970103811489,0.9645970103811489,1.451154798071572,0.5832950624261224,0.10740956600995277
2025-01-23,553737782.4301245,232015992.87218451,229189736.8428005,229189736.8428005,0,321721789.55794,2826256.029384017,0.9878187016576009,0.9878187016576009,1.4037355860249823,0.5810002491540979,0.10910978941352514
2025-01-24,576513884.060836,235484497.0738259,233037333.510403,233037333.510403,0,341029386.98701,2447163.5634228885,0.9896079631830044,0.9896079631830044,1.4634109558749568,0.5915371622707065,0.10820370964086468
2025-01-25,565509194.685107,233937892.65320683,230892831.846576,230892831.846576,0,331571302.0319,3045060.80663082,0.9869834648329295,0.9869834648329295,1.4360398258367022,0.5863234499954136,0.11000029371853037
2025-01-26,568619426.6848556,234834760.4456755,231507838.6518375,231507838.6518375,0,333784666.23917997,3326921.7938379943,0.9858329244464317,0.9858329244464317,1.4417855921550702,0.5870089036268058,0.11058180831166535
2025-01-27,543403284.6973951,234474694.62097707,228422215.118885,228422215.118885,0,308928590.07641804,6052479.502092063,0.9741870673427009,0.9741870673427009,1.3524454699628605,0.5685070347862381,0.11191984160926273
2025-01-28,568709939.9275484,240156432.4091303,236629688.9856925,236629688.9856925,0,328553507.51841795,3526743.423437804,0.9853148075691363,0.9853148075691363,1.388471197028381,0.5777171884146679,0.11076282541449083
2025-01-29,565514730.6443663,240223501.20480624,237443033.986297,237443033.986297,0,325291229.43956,2780467.218509227,0.9884254987352853,0.9884254987352853,1.3699758800181636,0.5752126546180545,0.11045800399267891
2025-01-30,578434563.7772294,242487708.30125543,239648844.00073403,239648844.00073403,0,335946855.47597396,2838864.3005214036,0.9882927496803486,0.9882927496803486,1.4018296515335789,0.5807862747381674,0.10949244773049184
2025-01-31,562145450.6006553,238596355.65618727,235007744.37106052,235007744.37106052,0,323549094.94446796,3588611.2851267457,0.9849594882735851,0.9849594882735851,1.3767592885518145,0.5755611730002512,0.11026913384305802
2025-02-01,554259833.5934309,239678220.14151877,233199304.7815765,233199304.7815765,0,314581613.45191205,6478915.359942257,0.9729682765663198,0.9729682765663198,1.3489817808271827,0.5675706489723171,0.1106397516460061
2025-02-02,531959439.61336267,235751911.4904447,232487089.945742,232487089.945742,0,296207528.12291795,3264821.544702679,0.9861514524991031,0.9861514524991031,1.274081619723689,0.556823520865062,0.11227802664176154
2025-02-03,525874686.9484068,227490913.28212878,223731836.749881,223731836.749881,0,298383773.666278,3759076.5322477818,0.9834759266732299,0.9834759266732299,1.333667027459545,0.567404708900834,0.1110285190621506
2025-02-04,525668275.4940512,230099761.3311033,223296941.7729895,223296941.7729895,0,295568514.162948,6802819.558113784,0.970435347178284,0.970435347178284,1.3236567944733968,0.5622719268823231,0.11203079135976361
2025-02-05,538403391.9364328,230529578.45621082,226972760.1557365,226972760.1557365,0,307873813.48022205,3556818.300474316,0.9845710978856019,0.9845710978856019,1.3564350773589553,0.571827403190973,0.11343975630966252
2025-02-06,526243547.60094476,229304882.05363858,225520258.50041202,225520258.50041202,0,296938665.547306,3784623.5532265604,0.9834952334231538,0.9834952334231538,1.3166828892525568,0.5642609147437515,0.11430789966766762
2025-02-07,533677292.7593461,232115580.41313195,226875151.6830185,226875151.6830185,0,301561712.34621394,5240428.730113447,0.9774231927008681,0.9774231927008681,1.329196741508055,0.5650637874941378,0.11349391628022364
2025-02-08,532573124.54765975,233602686.29098174,226885964.355221,226885964.355221,0,298970438.256678,6716721.935760736,0.9712472401648917,0.9712472401648917,1.3177123543376128,0.561369743376758,0.1144521255681982
2025-02-09,531594084.95778096,233201068.00902689,226929102.426815,226929102.426815,0,298393016.948754,6271965.582211882,0.9731049019811131,0.9731049019811131,1.3149173629899948,0.5613174137790722,0.11334436077568137
2025-02-10,545548769.2777444,237124076.53203046,232432401.7412295,232432401.7412295,0,308424692.745714,4691674.790800959,0.9802142622570542,0.9802142622570542,1.3269436207482288,0.5653476098095491,0.11226369791649922
2025-02-11,542584911.1963686,238880089.5220806,233709593.829236,233709593.829236,0,303704821.674288,5170495.6928445995,0.9783552672674016,0.9783552672674016,1.2994965961739475,0.559736946987037,0.11347501232929857
2025-02-12,605992899.8759576,242075219.91174358,236834404.22023952,236834404.22023952,0,363917679.96421397,5240815.691504061,0.978350466051772,0.978350466051772,1.5365912784605222,0.6005312604136208,0.11302345121883939
2025-02-13,603551982.7729064,242710708.39980036,237202134.5771745,237202134.5771745,0,360841274.37310594,5508573.822625846,0.9773039522691683,0.9773039522691683,1.5212395749149763,0.5978627933840733,0.1129187606646557
2025-02-14,617032570.9623389,245009698.77412274,237013729.38286602,237013729.38286602,0,372022872.188216,7995969.39125672,0.9673646821686505,0.9673646821686505,1.5696258320430863,0.6029225841481919,0.11211083490039667
2025-02-15,608933759.8815666,242672832.57550868,235925505.479232,235925505.479232,0,366260927.306058,6747327.096276671,0.9721957871234835,0.9721957871234835,1.5524431178480578,0.6014790958170774,0.11223103337416108
2025-02-16,604082573.7196782,240135557.97869223,235335196.1614055,235335196.1614055,0,363947015.74098593,4800361.81728673,0.9800097834002881,0.9800097834002881,1.5465048223869222,0.6024789185689603,0.1108294152462134
2025-02-17,597301872.1599874,237148533.07799742,234849298.111732,234849298.111732,0,360153339.08199006,2299234.96626541,0.9903046629198031,0.9903046629198031,1.5335508429352143,0.6029670353779217,0.11016862823244913
2025-02-18,585877362.7400388,235609966.61162075,232533272.578376,232533272.578376,0,350267396.128418,3076694.033244759,0.98694157943532,0.98694157943532,1.5063108700298338,0.5978510493907513,0.1107970090912251
2025-02-19,580982403.1821105,238082191.72360665,224896329.649781,224896329.649781,0,342900211.45850396,13185862.073825657,0.944616344555777,0.944616344555777,1.524703457777564,0.5902075683882992,0.10939928288558462
2025-02-20,612086459.4795675,238640502.1104065,236182932.136964,236182932.136964,0,373445957.369161,2457569.973442495,0.9897017901332377,0.9897017901332377,1.5811725004438395,0.6101196188634643,0.10827766152670015
2025-02-21,599519578.8199733,238833464.53840876,235249241.30855152,235249241.30855152,0,360686114.2815647,3584223.229857236,0.984992793046048,0.984992793046048,1.5332084060092288,0.6016252463205598,0.10917379147908905
2025-02-22,611365189.0486008,239728099.60420996,236213310.1735885,236213310.1735885,0,371637089.44439065,3514789.430621445,0.9853384336820575,0.9853384336820575,1.5733113818661695,0.6078806842481952,0.10704751169974942
2025-02-23,610641122.7019641,239549217.38485944,235861645.99272949,235861645.99272949,0,371091905.3171047,3687571.3921299577,0.9846062056374598,0.9846062056374598,1.573345694910243,0.6077086712979592,0.10613045360386641
2025-02-24,581349538.49376,234983217.0024099,231064558.8167815,231064558.8167815,0,346366321.49135,3918658.185628414,0.9833236678107602,0.9833236678107602,1.499002370874172,0.5957970180706831,0.10675641211047411
2025-02-25,559630294.5185089,231981358.04996237,228900488.29574704,228900488.29574704,0,327648936.4685465,3080869.75421533,0.986719321845026,0.986719321845026,1.4314033967687005,0.5854739096110709,0.10563584536251361
2025-02-26,542024915.7110218,230029341.1245153,225685490.62314853,225685490.62314853,0,311995574.5865065,4343850.501366764,0.9811161024931362,0.9811161024931362,1.3824352364214643,0.5756111306751175,0.10693302436432052
2025-02-27,553913718.1635807,234666761.34030667,231402068.23453254,231402068.23453254,0,319246956.82327396,3264693.1057741344,0.9860879611278234,0.9860879611278234,1.379620153177318,0.5763478071669541,0.10671448787385153
2025-02-28,601175032.2317116,234319456.11373958,232381188.5485695,232381188.5485695,0,366855576.117972,1938267.5651700795,0.9917280980533292,0.9917280980533292,1.5786801780699917,0.6102308919186358,0.10470624557397959
2025-03-01,606271968.8434289,236213358.05082384,231812039.28681898,231812039.28681898,0,370058610.79260504,4401318.764004856,0.9813671893904583,0.9813671893904583,1.5963735616627521,0.6103838373041679,0.10359995681170336
2025-03-02,651682479.337712,240046684.92070013,236732936.73237953,236732936.73237953,0,411635794.41701204,3313748.188320607,0.9861954011595065,0.9861954011595065,1.7388192792216137,0.6316508537030898,0.10151519380337946
2025-03-03,587815246.0600308,237587187.52815574,228548987.41782102,228548987.41782102,0,350228058.531875,9038200.110334724,0.9619583858693406,0.9619583858693406,1.5323982070049902,0.5958131587762661,0.10319688198874036
2025-03-04,670815398.1122736,246480968.62253737,241174749.58809298,241174749.58809298,0,424334429.489736,5306219.034444392,0.9784720943604763,0.9784720943604763,1.7594479945121329,0.6325651299654808,0.10212260685895998
2025-03-05,682802956.7847553,248499926.65588632,244258586.4221225,244258586.4221225,0,434303030.12886906,4241340.233763814,0.9829322274221953,0.9829322274221953,1.7780461128941267,0.6360590940817753,0.10163167281747923
2025-03-06,680752811.3211862,250457564.71769902,243815816.5623565,243815816.5623565,0,430295246.60348713,6641748.155342519,0.9734815430197579,0.9734815430197579,1.7648372967363997,0.6320873589466081,0.10187141562752532
2025-03-07,692022892.2224302,258868077.6846463,249583642.25063202,249583642.25063202,0,433154814.537784,9284435.43401429,0.9641344907527586,0.9641344907527586,1.735509629684824,0.625925557385404,0.10015045437788922
2025-03-08,692648883.3342463,259026755.50818622,248605388.20622748,248605388.20622748,0,433622127.82606006,10421367.30195874,0.9597672167822471,0.9597672167822471,1.7442185423042973,0.6260345439939305,0.10037716880138943
2025-03-09,665157751.2827648,258854149.82884884,246251851.99306053,246251851.99306053,0,406303601.4539161,12602297.83578831,0.9513150635440043,0.9513150635440043,1.6499514548437422,0.6108379563650197,0.101622030577722
2025-03-10,648304428.0278394,256824791.23319548,248472803.925738,248472803.925738,0,391479636.794644,8351987.307457477,0.9674798244073177,0.9674798244073177,1.5755432007425931,0.6038515547171815,0.09981705069400776
2025-03-11,657765927.1387565,254342643.64121342,243048267.80068353,243048267.80068353,0,403423283.497543,11294375.840529889,0.9555938568584582,0.9555938568584582,1.659848420842802,0.6133234739786702,0.09769053976739202
2025-03-12,650377155.1904728,255058498.00591394,243276778.0841605,243276778.0841605,0,395318657.184559,11781719.921753436,0.9538077734564239,0.9538077734564239,1.6249748960741344,0.6078298630719646,0.09813440026362952
2025-03-13,658376669.215589,260593382.75661495,252409929.767548,252409929.767548,0,397783286.458974,8183452.989066958,0.9685968503785455,0.9685968503785455,1.5759415123854468,0.6041880052233711,0.09670191582588156
2025-03-14,679147969.8118173,263080169.7859623,256924438.9481675,256924438.9481675,0,416067800.02585495,6155730.8377948105,0.9766013119012238,0.9766013119012238,1.619416983955323,0.6126320308976875,0.09494908315429568
2025-03-15,679385601.5123638,263491015.26517263,256933466.2885545,256933466.2885545,0,415894586.247191,6557548.976618141,0.9751128175280711,0.9751128175280711,1.6186859277417442,0.6121627913829468,0.09488828755193526
2025-03-16,667500748.902062,261129973.128133,255742127.26925048,255742127.26925048,0,406370775.77392906,5387845.858882517,0.9793671871737268,0.9793671871737268,1.5889864533194162,0.6087944866613972,0.09399552795283381
2025-03-17,675012227.0250152,260013172.8373521,255938209.1691335,255938209.1691335,0,414999054.18766296,4074963.668218583,0.9843278568399009,0.9843278568399009,1.6214814330962835,0.6148022770145815,0.0923006148889178
2025-03-18,669171664.1976538,258482251.6594137,253320911.26901153,253320911.26901153,0,410689412.53823996,5161340.390402168,0.9800321284836108,0.9800321284836108,1.6212219136623607,0.6137280379776127,0.09218984369224341
2025-03-19,646784835.4059865,258133727.13384283,216175836.53758502,216175836.53758502,0,388651108.27214366,41957890.596257806,0.8374567668389085,0.8374567668389085,1.7978471345226947,0.6008970634387053,0.09064739672347318
2025-03-20,636115856.2016317,258236737.65709883,213721663.7227975,213721663.7227975,0,377879118.54453284,44515073.93430132,0.8276191283309545,0.8276191283309545,1.768089916400107,0.5940413446080729,0.08976423228064383
2025-03-21,683074165.7129587,258590499.0414537,248161293.49102998,248161293.49102998,0,424483666.67150503,10429205.550423712,0.9596690304203642,0.9596690304203642,1.7105152084760888,0.6214312998185931,0.0896807220880322
2025-03-22,686789064.9482448,258992359.1188588,248521442.1037345,248521442.1037345,0,427796705.82938606,10470917.015124321,0.9595705562482678,0.9595705562482678,1.7213673886972733,0.6228938806147475,0.089098739085144
2025-03-23,688341585.9629723,258464819.25116012,248569288.53569302,248569288.53569302,0,429876766.711812,9895530.715467095,0.9617142064280275,0.9617142064280275,1.7294041803965028,0.6245108177074983,0.08758706060018387
2025-03-24,721918910.7635933,262600246.6508992,254484235.96707854,254484235.96707854,0,459318664.112694,8116010.683820665,0.9690936669430852,0.9690936669430852,1.804900261767546,0.6362468931958856,0.08707448693202097
2025-03-25,753770238.4298812,278779100.47953415,271785475.1196545,271785475.1196545,0,474991137.95034707,6993625.3598796725,0.9749133799920805,0.9749133799920805,1.7476693253796238,0.6301537441167262,0.0873886664157472
2025-03-26,750464930.304569,285391992.16046387,272219995.00568646,272219995.00568646,0,465072938.14410496,13171997.154777408,0.9538459469200126,0.9538459469200126,1.708445179180868,0.6197130863335074,0.08604341625014476
2025-03-27,753387504.0307244,285565454.1952683,273380822.66489446,273380822.66489446,0,467822049.835456,12184631.530373812,0.9573315632147787,0.9573315632147787,1.7112467702568306,0.6209580691643346,0.0863094755107011
2025-03-28,759747939.1183218,294460667.9240718,286248852.7847595,286248852.7847595,0,465287271.19425,8211815.139312267,0.9721123530785791,0.9721123530785791,1.6254642303985605,0.6124232093794294,0.08667475772074618
2025-03-29,749541147.6490531,292886966.061704,285528524.837792,285528524.837792,0,456654181.587349,7358441.223912001,0.9748761738261792,0.9748761738261792,1.5993294605040707,0.6092449801050304,0.08559442603428784
2025-03-30,753114576.4060094,296312611.83711743,286816920.035071,286816920.035071,0,456801964.568892,9495691.802046418,0.967953804790239,0.967953804790239,1.592660448738644,0.606550422578233,0.08499227946898244
2025-03-31,753954912.7918625,296295028.58220434,285981783.39543796,285981783.39543796,0,457659884.209658,10313245.186766386,0.96519264857019,0.96519264857019,1.6003113162520362,0.6070122714831359,0.08509361271210733
2025-04-01,756434055.7698239,286952357.81236887,276262219.7856665,276262219.7856665,0,469481697.95745504,10690138.026702344,0.9627459481141731,0.9627459481141731,1.6994060871649213,0.6206511914375179,0.08696677585914978
2025-04-02,756447670.2955005,276587840.89810944,279449482.068312,279449482.068312,0,469307953.282391,-2861641.1702025533,1.0103462291072178,1.0103462291072178,1.6794017645295465,0.6204103359840601,0.08991535685707033
2025-04-03,741193131.7197316,278473046.2153496,277686923.036793,277686923.036793,0,453236923.84938204,786123.1785566211,0.997177022375269,0.997177022375269,1.6321867767223919,0.6114963893388655,0.08944461042907234
2025-04-04,747110709.0515196,276878218.01952666,275301802.1060585,275301802.1060585,0,460390628.011993,1576415.913468182,0.9943064646805947,0.9943064646805947,1.6723124385311146,0.6162281204568373,0.0885602637413417
2025-04-05,749329990.4810086,286026425.6089717,274955718.53709555,274955718.53709555,0,453753704.552037,11070707.071876168,0.9612948102668982,0.9612948102668982,1.6502792048342831,0.6055459014269057,0.08802994601120567
2025-04-06,716721650.4498172,280565799.2088081,272053329.17602754,272053329.17602754,0,427488267.481009,8512470.032780588,0.9696596304439613,0.9696596304439613,1.571339960351707,0.5964494964156807,0.08818157647004968
2025-04-07,732422338.3403902,289148301.2344352,268201856.46588802,273201856.465888,5000000,434803581.540955,15946444.768547177,0.9448502906623749,0.9275581261272421,1.6211803574754773,0.5936514477783198,0.08677706865388927
2025-04-08,727787758.9766109,297579165.0866638,264104764.75500003,269104764.755,5000000,421888361.91494703,28474400.331663787,0.9043131923454009,0.8875109407544879,1.5974280596804713,0.5796859822267296,0.0851352963511049
2025-04-09,809874087.0576289,298209712.66564095,299792686.53999996,304792686.53999996,5000000,502151044.35698795,-6582973.874359012,1.0220749814468315,1.005308257267039,1.6749943107434284,0.6200359443297708,0.08492888300040069
2025-04-10,799018609.7833419,311510814.4716388,299027632.255,304027632.255,5000000,478517936.35670304,7483182.2166388035,0.9759777771139946,0.959926969990394,1.6002465482809969,0.5988820917280709,0.08445591440741342
2025-04-11,844241762.1732934,324597718.9301113,305583680.345,310583680.345,5000000,509920713.088182,14014038.58511126,0.9568264415680364,0.9414227596922665,1.6686778315926036,0.6039984468139982,0.08279802987369717
2025-04-12,862974472.4333397,329907793.63426983,306295099.975,311295099.975,5000000,522780664.76407,18612693.65926981,0.9435821341041021,0.9284263842355709,1.7067875548996363,0.6057892573461402,0.08250654727540138
2025-04-13,853105901.7845337,330070499.9436266,305931571.025,310931571.025,5000000,513012359.91090703,19138928.918626606,0.9420156332604841,0.9268673543296073,1.6768859722195357,0.6013466309842467,0.08251242549181628
2025-04-14,863046404.8167379,331322535.6955238,306174513.63,311174513.63,5000000,521545394.771214,20148022.065523803,0.9391890985524773,0.9240980634995679,1.703425241336323,0.6043074762381527,0.08174112843689137
2025-04-15,933584978.403012,352603073.2338681,343190447.03499997,353190447.03499997,10000000,571132680.399144,-587373.8011318445,1.0016658215589127,0.9733053200230473,1.6641858342312705,0.6117629285082565,0.08071500611224279
2025-04-16,941038369.2121142,360474659.90490925,343405345.24,353405345.24,10000000,570463488.022205,7069314.664909244,0.9803888720866701,0.9526476710750985,1.661195715004139,0.6062064063337039,0.08064326250027053
2025-04-17,944806595.9013796,362262517.8392446,343241059.15999997,353241059.15999997,10000000,572447296.147135,9021458.679244637,0.9750969028398131,0.9474926117316794,1.6677704513208946,0.6058883359096362,0.08022266411657263
2025-04-18,954640505.463448,371925231.68416196,343417070.65,353417070.65,10000000,572463217.294286,18508161.034161985,0.950236877045548,0.9233497525697019,1.666962030194832,0.599663657699474,0.07933764842761934
2025-04-19,962106746.8929175,374368340.8380087,343843902.09499997,353843902.09499997,10000000,577101106.744909,20524438.743008733,0.9451758161572488,0.9184641557171181,1.6783811003443734,0.5998306410475057,0.0793718321891941
2025-04-20,957548984.1955243,374739076.8529104,343779808.09999996,353779808.09999996,10000000,572181502.412614,20959268.752910435,0.9440697006329628,0.9173844665122493,1.6643836808652115,0.5975480229800743,0.07906348539042699
2025-04-21,966975356.9713001,385901704.274881,335356953.1399999,345356953.1399999,10000000,570359086.251419,40544751.13488108,0.8949350296053611,0.8690216949680076,1.7007522310512935,0.5898382850601923,0.07784563322462655
2025-04-22,1062604376.6574676,394220382.56802773,375991632.4599999,385991632.4599999,10000000,657152404.3244401,8228750.108027816,0.9791265229503757,0.9537600009687925,1.7477846515489985,0.6184356273701612,0.07759941059050311
2025-04-23,1082817081.1324015,396185350.05093944,381559710.39499986,391559710.39499986,10000000,674921513.826462,4625639.655939579,0.9883245565356094,0.9630838453414315,1.7688490043347787,0.6233015027068418,0.07757385223986225
2025-04-24,1094416445.2222953,412457067.28646916,377423336.43999994,387423336.43999994,10000000,669887265.795826,25033730.846469223,0.939305850640008,0.9150609030002709,1.774896253407266,0.6120953945093177,0.07715212982342434
2025-04-25,1106102733.7297459,411493336.38637865,373970119.04999995,383970119.04999995,10000000,682559638.578367,27523217.336378694,0.9331138200728109,0.9088120899699196,1.8251715947581055,0.6170852107713323,0.07695785755215837
2025-04-26,1096993229.8977554,413269094.6981755,373980830.00999993,383980830.0099999,10000000,671681896.36458,29288264.68817562,0.929130280817234,0.9049329717798784,1.7960329580171792,0.6122935657744978,0.0769577859124697
2025-04-27,1103771126.1651142,419849866.6623642,373873315.6599999,383873315.6599999,10000000,671976683.06775,35976551.00236428,0.914310914783984,0.8904928769708582,1.7973379081133596,0.608800744228952,0.07626593088814229
2025-04-28,1114157581.6655092,423107618.7476321,375978869.2049999,385978869.2049999,10000000,679131921.1778771,37128749.54263216,0.9122475041869239,0.8886128553247756,1.8063034303334344,0.6095474575173381,0.07617459177428001
2025-04-29,1117598021.7982924,422091811.16927767,375954437.4299999,385954437.4299999,10000000,683658168.324015,36137373.73927778,0.9143850395032064,0.8906935114152815,1.81846016500685,0.6117209900067305,0.07627490792508147
2025-04-30,1101362963.1616268,417420953.81286407,375586096.35499996,385586096.35499996,10000000,672394492.268763,31834857.457864106,0.9237344048805558,0.899777773310778,1.7902539492122809,0.6105112617356899,0.07561591222661762
2025-05-01,1124948768.2148254,422000278.9344606,376267249.59499997,386267249.59499997,10000000,690827836.505365,35733029.33946061,0.915324630993881,0.8916279641924993,1.8360030995228693,0.6140971535989462,0.0753331063372849
2025-05-02,1133542773.798114,429843015.8185462,376075243.22999996,386075243.22999996,10000000,691764884.754568,43767772.58854622,0.8981773089759301,0.8749130017009658,1.8394321274998118,0.6102680028885902,0.0753121365518273
2025-05-03,1130302888.0610836,429995907.2545917,375885123.38,385885123.38,10000000,688561443.1014919,44110783.87459171,0.8974158052893405,0.8741597699846156,1.831840102927917,0.6091831228376733,0.07497656901697554
2025-05-04,1126470432.3753512,431594235.1830072,375591287.525,385591287.525,10000000,683404514.057344,46002947.658007205,0.8934115798870651,0.8702416689271568,1.8195430425468946,0.6066777204407143,0.07468369226011431
2025-05-05,1131741971.311232,440012349.9532653,378991301.3599999,388991301.3599999,10000000,680239413.6179669,51021048.593265414,0.8840463259754312,0.8613196911410632,1.7948681438780953,0.6010552147587528,0.07481460100087349
2025-05-06,1139483638.2673838,439121149.4134958,378882604.8599999,388882604.85999995,10000000,688950523.068888,50238544.553495824,0.8855929744659394,0.8628202157105108,1.8183746475335298,0.6046164244327862,0.07485233002034171
2025-05-07,1232035687.0297053,443731324.7463144,410705918.6649999,420705918.6649999,10000000,776632416.503391,23025406.081314504,0.948109577130985,0.9255734174273239,1.890969623782963,0.6303651953262502,0.07468627566499401
2025-05-08,1318932507.7461047,475271089.51462024,417020626.04999995,427020626.04999995,10000000,830672847.636484,48250463.46462029,0.8984780170115186,0.8774373936270567,1.9919226909819276,0.6298069406568824,0.07432495394408478
2025-05-09,1346331597.1370392,481344769.69290316,412671288.6499999,422671288.6499999,10000000,851096341.9341359,58673481.042903244,0.8781050823916986,0.8573299527348832,2.062407454413381,0.632159524253894,0.07423310120991893
2025-05-10,1376878009.603914,483716753.0842944,413942297.9749999,423942297.9749999,10000000,878464869.37462,59774455.109294474,0.8764267420382731,0.8557534865923172,2.1221916041729925,0.6380121283419492,0.07422291229926714
2025-05-11,1373526191.6550584,486496474.0673676,413586131.53999996,423586131.53999996,10000000,872546758.3826909,62910342.52736765,0.8706869507164071,0.8501318171583061,2.1097099052469135,0.6352603712138156,0.07439013420703652
2025-05-12,1378644647.2206526,490581552.78107685,413935605.64,423935605.64,10000000,873196724.514576,66645947.14107686,0.8641490965910458,0.8437651258866632,2.109498947703464,0.6333733107185673,0.07439795843637474
2025-05-13,1418410069.1808,485869793.92597216,413987889.5549999,423987889.5549999,10000000,917235225.9898281,61881904.370972276,0.8726368563253375,0.852055210532548,2.215608835745834,0.646664350401556,0.07448264536755975
2025-05-14,1455577069.552551,502908029.4093741,442716435.9149999,462716435.9149999,20000000,937974130.7931769,40191593.494374216,0.9200816229926253,0.8803129201077491,2.1186792599072715,0.6444001835516089,0.07436218309225572
2025-05-15,1436595016.3341181,509248921.95868796,432399875.1399999,452399875.1399999,20000000,913505764.68543,56849046.818688035,0.8883668784215908,0.8490933539473996,2.112641138921838,0.6358825934232325,0.0742679886576897
2025-05-16,1434697321.138913,506978439.114351,432284787.59,452284787.59,20000000,914002573.5945619,54693651.524351,0.8921183874803508,0.8526689780834968,2.114352852179121,0.6370699659974236,0.07401952111497473
2025-05-17,1423163144.8327405,506867843.39463973,431811571.06499994,451811571.06499994,20000000,902888896.723101,55056272.32963979,0.8913794334221085,0.85192141638545,2.0909326132605894,0.63442402931901,0.07410412481137457
2025-05-18,1438011601.2674181,506334198.656744,432281223.4099999,452281223.4099999,20000000,917790977.090674,54052975.2467441,0.8932464459439211,0.8537468426126469,2.1231340326345594,0.6382361423800489,0.07428376655024284
2025-05-19,1449119320.1994252,514178623.6464521,432013829.6099999,452013829.6099999,20000000,921415774.867973,62164794.036452234,0.8790988361289859,0.8402018476502272,2.1328386077357298,0.635845345531084,0.07424538440990092
2025-05-20,1525005003.9764998,586187850.3743976,442324555.655,462324555.655,20000000,938817153.6021019,123863294.71939766,0.7886969260105164,0.7545781704149748,2.12246220925241,0.6156157856230674,0.07212917845089163
2025-05-21,1556927956.4357717,592312526.673567,453886841.5399999,473886841.5399999,20000000,964615429.7622044,118425685.13356715,0.8000621634685882,0.7662962052972826,2.1252332993160703,0.6195633046313006,0.07202255697130805
2025-05-22,1625010047.1624389,638416068.5418029,459297856.71999997,479297856.71999997,20000000,986593978.620636,159118211.8218029,0.7507609540824332,0.7194334217950932,2.14804829629782,0.6071310022626675,0.07149290735849372
2025-05-23,1662482970.4008563,641242355.8440977,508597420.45000005,528597420.45000005,20000000,1021240614.5567585,112644935.39409769,0.8243332893289342,0.7931438337077861,2.0079547663713644,0.614286361267519,0.07137162665421345
2025-05-24,1663939427.3652782,642265668.3776675,508707947.1599999,528707947.1599999,20000000,1021673758.9876107,113557721.21766764,0.8231919798788109,0.7920522179629684,2.0083699590135784,0.6140089850538331,0.0713644976469506
2025-05-25,1675785112.070271,644868281.2066623,508602842.95,528602842.95,20000000,1030916830.8636087,116265438.25666231,0.819706687947019,0.788692602461877,2.0269584512821073,0.6151843833903086,0.07135910131078457
2025-05-26,1697117984.3624403,664288796.2324271,508744257.24999994,528744257.24999994,20000000,1032829188.130013,135544538.98242718,0.7959554041086044,0.7658480169097961,2.030153998617963,0.6085783060734095,0.07106318255457544
2025-05-27,1736854540.6956954,691031048.5458281,516420340.7399999,536420340.7399999,20000000,1045823492.149867,154610707.8058282,0.7762608378723599,0.7473185782704403,2.025140006397238,0.6021364873370245,0.07094806512441547
2025-05-28,1725702514.3614838,696565058.576598,518604609.7,538604609.7,20000000,1029137455.7848862,157960448.876598,0.7732294393299262,0.7445171176971568,1.9844356115157114,0.5963585538181074,0.07081143505463545
2025-05-29,1794221954.69383,720955170.8657957,532581565.705,556581565.705,24000000,1073266783.828034,164373605.1607957,0.7720057892595468,0.7387166182127833,2.0152157959265957,0.5981794955859732,0.07066397112136857
2025-05-30,1709889439.5622597,725663466.7105148,490641509.305,514641509.305,24000000,984225972.851745,211021957.40551478,0.7092013487159652,0.6761281665854195,2.0059981762364822,0.575607960420945,0.07123094619374687
2025-05-31,1717397365.0185065,729002570.1211721,493284100.58500004,517284100.58500004,24000000,988394794.8973345,211718469.53617203,0.7095778832426051,0.6766561886098813,2.00370292439016,0.5755189888082096,0.07105919654299295
2025-06-01,1749702234.630913,756144957.0426288,493299162.28499997,517299162.28499997,24000000,993557277.5882844,238845794.7576288,0.6841269752141407,0.6523870293526133,2.014106962975672,0.5678436352902458,0.07058613605731798
2025-06-02,1763651531.8504655,763616521.282719,493503369.705,517503369.705,24000000,1000035010.5677466,246113151.57771903,0.6777005935331265,0.6462712054422495,2.026399558660632,0.5670252839110943,0.07058154619732651
2025-06-03,1768697830.5315545,764554057.8472803,503599005.12,527599005.12,24000000,1004143772.6842742,236955052.72728026,0.6900741676861101,0.6586833199708083,1.9939351795284066,0.5677305390160933,0.07079862180378867
2025-06-04,1802237125.2809434,804181701.8050559,503282637.99,537282637.99,34000000,998055423.4758878,266899063.81505585,0.6681109962885531,0.6258319940137139,1.9830913052393409,0.5537869625897897,0.07027026466756406
2025-06-05,1781544319.8068,820869862.178446,501493225.3,535493225.3,34000000,960674457.6283535,285376636.87844604,0.6523485024518917,0.6109290259105433,1.9156279869058352,0.5392369120138051,0.06981535605384112
2025-06-06,1866839927.4881344,854230620.4817601,522058225.33,556058225.3299999,34000000,1012609307.0063735,298172395.1517602,0.6509462573659558,0.6111443593950951,1.9396482190588793,0.5424189252095422,0.06965049691199479
2025-06-07,1889747291.0961242,863315193.5037072,522792383.595,556792383.595,34000000,1026432097.5924166,306522809.90870714,0.6449468140775969,0.6055637472025507,1.9633646736284116,0.5431583907693011,0.06937059628094008
2025-06-08,1893430313.4555957,870510044.7491289,535897579.795,569897579.7950001,34000000,1022920268.7064668,300612464.95412886,0.654670883159353,0.615613321210371,1.9087980749936777,0.5402471173283326,0.06936903976553781
2025-06-09,1950533313.5803368,871944258.5480163,546461708.21,583876708.21,37415000,1078589055.0323207,288067550.3380163,0.6696261859471228,0.6267163328995158,1.9737687725007609,0.5529713578962141,0.06906543417644526
2025-06-10,2066377275.3640678,873207621.1660973,611005145.865,648420145.865,37415000,1193169654.1979702,224787475.30109727,0.7425727056746115,0.6997249348889703,1.9527980447837305,0.5774210103949917,0.06871536944381335
2025-06-11,2048158176.552233,868854161.7904327,626300173.735,663715173.735,37415000,1179304014.7618003,205138988.05543268,0.7638970991026776,0.7208346363265317,1.8829693240046699,0.5757875677097273,0.0689171635183296
2025-06-12,2011020057.013982,863283564.51645,632843174.54,670258174.54,37415000,1147736492.497532,193025389.9764501,0.7764055775988633,0.7330652413086002,1.8136191376825652,0.5707235432558154,0.06884467151095999
2025-06-13,2059130391.5941455,822714048.3702133,675179550.895,712594550.895,37415000,1236416343.2239318,110119497.47521329,0.8661509455279648,0.8206734189509984,1.831240803405511,0.6004555846833567,0.06894073271899265
2025-06-14,2048886602.412899,822059177.5291637,674830896.2249999,712245896.225,37415000,1226827424.8837354,109813281.3041637,0.8664168172974774,0.8209030622993797,1.8179775581506432,0.5987776109419357,0.06888985762936028
2025-06-15,2056871506.6536672,824942895.1568431,696214459.495,733629459.495,37415000,1231928611.496824,91313435.66184306,0.8893093859006059,0.8439547313909911,1.7694671443486034,0.5989331893177197,0.06881441957840849
2025-06-16,2183764741.4044695,931662858.7033975,696538933.2199999,734338933.2199999,37800000,1252101882.701072,197323925.4833976,0.7882024343462454,0.7476298177104308,1.797605019597087,0.5733684856070135,0.06849881630600009
2025-06-17,2161091483.2677135,935934637.8776135,695640840.64,733440840.64,37800000,1225156845.3901,202493797.23761356,0.7836453647053797,0.7432579290125222,1.761191657843058,0.566915771440449,0.0683533566566937
2025-06-18,2180623075.692028,938045131.9544516,703660532.91,741460532.91,37800000,1242577943.7375762,196584599.0444516,0.790431619601436,0.7501350510117752,1.7658769898588376,0.5698270176028656,0.06823737996317367
2025-06-19,2184505349.1018257,940716074.5552411,711128934.4399999,748928934.4399999,37800000,1243789274.5465848,191787140.11524117,0.7961264346355347,0.7559442786987699,1.7490348294237872,0.5693688390637163,0.06813154699606877
2025-06-20,2152988508.435452,939024896.7830489,710312874.755,748112874.755,37800000,1213963611.6524034,190912022.02804887,0.7966912030958035,0.7564366793558082,1.7090547768419964,0.5638504835934189,0.06826969046757847
2025-06-21,2125537733.0432427,935424391.4842013,709445395.91,747245395.91,37800000,1190113341.5590415,188178995.57420135,0.7988303519906883,0.758420886143829,1.6775263444094843,0.5599116510884492,0.06830646988204145
2025-06-22,2119048596.6619298,924693680.2361255,709120045.99,746920045.99,37800000,1194354916.425804,177773634.24612546,0.8077486220077442,0.7668702199942823,1.68427746920956,0.5636279027801596,0.06830765623679083
2025-06-23,2293610745.9385114,1034083202.9577045,710665428.51,748465428.51,37800000,1259527542.9808073,285617774.44770455,0.7237961378438649,0.6872420192856253,1.7723213940793014,0.5491461640608191,0.0679493179108474
2025-06-24,2295704889.2043877,1029742495.5769712,705885034.1049999,743685034.1049999,37800000,1265962393.6274168,286057461.4719713,0.7222048592724227,0.6854966529369928,1.79343991225504,0.5514482282024306,0.06812211956415391
2025-06-25,2315111101.5582433,1042944453.4804064,737747413.185,775547413.185,37800000,1272166648.0778368,267397040.29540646,0.7436133445045163,0.7073698035624674,1.7243932345159225,0.5495056575131851,0.068066670344954
2025-06-26,2309377552.876453,1042857042.3448001,737528543.34,775328543.34,37800000,1266520510.5316536,267528499.00480008,0.7434657981469074,0.7072192193109348,1.7172494840620545,0.5484250546014595,0.06818324907622683
2025-06-27,2370405053.5529275,1049591628.7807226,737726537.81,775826537.81,38100000,1320813424.7722049,273765090.9707227,0.7391698985930871,0.7028700663961979,1.7903835053746946,0.557210010496931,0.06798278475103804
2025-06-28,2383433218.4358854,1053196117.4602151,736876916.645,774976916.645,38100000,1330237100.9756706,278219200.8152151,0.7358334348154061,0.6996578362081133,1.8052364932697837,0.5581180503343959,0.06791017733030633
2025-06-29,2399268710.463014,1053893517.6168945,737117888.425,775217888.425,38100000,1345375192.8461194,278675629.19189453,0.7355751558069673,0.6994234959256604,1.8251832087819535,0.5607438579009715,0.06792444158364347
2025-06-30,2404512450.6251345,1057818317.0562398,744415719.715,782515719.715,38100000,1346694133.5688946,275302597.3412398,0.7397449137510037,0.7037273865578398,1.8090619232012957,0.5600695197975689,0.06775669676062704
2025-07-01,2377562717.8983135,1058698943.6631018,743810784.6499999,781910784.6499999,38100000,1318863774.2352116,276788159.01310194,0.7385581985607599,0.7025706307748,1.7731173054391822,0.5547125063439098,0.0679510402676362
2025-07-02,2506551160.14329,1071270485.9173175,781531340.91,819631340.91,38100000,1435280674.2259724,251639145.00731754,0.7651021396413795,0.7295368921143972,1.836497910057912,0.572611761151495,0.0679452375283451
2025-07-03,2547648474.0528255,1071231630.1160659,803397859.2949998,841497859.2949998,38100000,1476416843.93676,229733770.82106602,0.7855423940421038,0.7499758564895561,1.8377156807865405,0.5795214131673593,0.06751165759735943
2025-07-04,2534034951.9726973,1082296724.7964234,803022544.6,841122544.6,38100000,1451738227.1762738,241174180.1964234,0.777164455300567,0.7419615399381773,1.8078424285079204,0.5728958971328014,0.0675512614193147
2025-07-05,2536047698.973941,1085480679.1135015,802998159.8,841098159.8,38100000,1450567019.8604388,244382519.3135016,0.7748623959727355,0.7397627385277815,1.8064387846439482,0.5719793915734801,0.06764223757587155
2025-07-06,2559709345.061407,1089607995.2235007,803354015.81,841454015.81,38100000,1470101349.8379073,248153979.4135008,0.772253892683121,0.737287188907985,1.8299545666123846,0.574323546802006,0.06753561324860945
2025-07-07,2545958362.7111487,1094675614.7129366,803061698.5499998,841161698.5499998,38100000,1451282747.9982116,253513916.1629368,0.7684118356565225,0.7336070044463278,1.807187107315208,0.5700339680546719,0.06738501825676795
2025-07-08,2565658376.2879143,1095731646.8759344,803360968.39,843060968.39,39700000,1469926729.41198,252670678.48593438,0.7694045990126054,0.7331731000747135,1.8297213671680257,0.5729237933612666,0.06751329787210189
2025-07-09,2607188486.6100388,1089119643.3121922,805345225.93,845045225.93,39700000,1518068843.297846,244074417.38219225,0.7758975160525783,0.7394460570748798,1.8849914228333622,0.5822627903944507,0.06764397323201023
2025-07-10,2705110874.342781,1100163806.0754254,812065886.115,851765886.115,39700000,1604947068.2673562,248397919.96042538,0.7742173314658239,0.7381317960384948,1.9763754341973097,0.5933017694357113,0.06759873754359393
2025-07-11,2786532251.2096324,1097728051.3945758,870691810.6299999,910391810.6299999,39700000,1688804199.8150566,187336240.76457596,0.829341847895223,0.7931762420791337,1.9396119030832522,0.6060594486505395,0.06753289598758598
2025-07-12,2774884992.5853453,1090842887.134288,870135884.785,909835884.785,39700000,1684042105.4510572,181007002.3492881,0.8340668445620022,0.7976729692677383,1.935378295387925,0.6068871718831289,0.06762852127531555
2025-07-13,2783734017.04375,1085013338.732879,870184221.1800001,909884221.1800001,39700000,1698720678.3108714,175129117.55287886,0.8385926593700668,0.8020032474404741,1.9521391413042941,0.6102309588165563,0.06749138393227737
2025-07-14,2713867896.175343,1080115284.2270734,872329988.1700001,912029988.1700001,39700000,1633752611.9482696,168085296.05707335,0.8443820779951702,0.8076267421715416,1.8728607684066951,0.6020015249271046,0.06764973832212431
2025-07-15,2735250415.659614,1078712890.4987612,897337448.565,937037448.565,39700000,1656537525.1608534,141675441.93376112,0.8686625114229839,0.8318593913808714,1.8460586124093532,0.6056255455357912,0.06762570823265986
2025-07-16,2777973528.0826917,1070216888.2161608,898264780.425,937964780.425,39700000,1707756639.8665311,132252107.79116082,0.8764249478331454,0.8393296632818317,1.9011728802931946,0.6147490689175842,0.0674028246771958
2025-07-17,2909547843.0578313,1049453307.5475833,992259439.7400001,1031959439.7400001,39700000,1860094535.5102487,17493867.807583213,0.9833304943804848,0.9455012744290293,1.874605028698589,0.6393070799466062,0.06763336836058059
2025-07-18,2979120662.5746055,1077334704.0478716,1028888310.7450001,1066058310.7450001,37170000,1901785958.5267334,11276393.302871466,0.9895330640881588,0.9550312515499187,1.84838911927154,0.6383715780357746,0.06765882791017894
2025-07-19,2985697752.7942395,1077237708.6273804,1028949923.5450001,1066119923.5450001,37170000,1908460044.1668587,11117785.082380295,0.9896793576818373,0.9551744385703794,1.8547647465599857,0.6392006834518928,0.0677104026748217
2025-07-20,3003401111.709639,1070550759.1409118,1029379565.085,1066549565.085,37170000,1932850352.5687273,4001194.0559117794,0.9962624901045116,0.9615420439391864,1.8776847900697582,0.643553851343047,0.06784765464836859
2025-07-21,3017531071.0722346,1073270921.3535365,1030257761.1850001,1067427761.1850001,37170000,1944260149.7186987,5843160.168536425,0.9945557453833116,0.9599232967997575,1.8871589450414965,0.6443215012290942,0.06806932857471513
2025-07-22,3020736825.253559,1059393237.2825344,1017429020.215,1053319020.215,35890000,1961343587.9710255,6074217.0675343275,0.9942663244829508,0.9603884416185463,1.9277448834283892,0.6492931034488221,0.06809758281452456
2025-07-23,2952270888.8383455,1055999807.2805349,1015783848.4350001,1051673848.4350001,35890000,1896271081.5578108,4325958.8455348015,0.9959034473153218,0.9619166986885149,1.866805703279651,0.6423093113599586,0.06823379134706181
2025-07-24,2963851958.464235,1056130127.2187448,1015672408.6750001,1051562408.6750001,35890000,1907721831.24549,4567718.543744683,0.9956750419043783,0.961692487032552,1.8782845875809673,0.6436629959864815,0.06855365300520042
2025-07-25,2957849561.7668414,1056071287.1698095,1015777098.175,1051667098.175,35890000,1901778274.5970318,4404188.994809508,0.9958296480092623,0.9618451997660169,1.8722397640327484,0.6429597702261178,0.06870833391888728
2025-07-26,2972175941.3360157,1058489216.3022114,1015768233.8550001,1051658233.8550001,35890000,1913686725.0338051,6830982.447211266,0.9935464789418686,0.9596396620870118,1.883979692661842,0.6438672416457245,0.06880989795171114
2025-07-27,3006404323.5086226,1058926907.5111393,1016115633.0450001,1052005633.0450001,35890000,1947477415.997483,6921274.466139197,0.9934638789353207,0.9595710769435813,1.9165903492316767,0.6477762823746476,0.06906076341577543
2025-07-28,2970553763.8793097,1057786899.8103007,1018242263.72,1050032268.72,31790005,1912766864.0690093,7754631.090300679,0.9926690044169658,0.9626156874344044,1.8784987936770505,0.6439091886931837,0.06931956795503104
2025-07-29,3019610852.2487097,1072445318.9346797,1028948266.02,1060738271.02,31790005,1947165533.31403,11707047.914679766,0.9890837810488007,0.9594412394303815,1.8923842894898102,0.6448398911614628,0.06934768435553121
2025-07-30,2826743138.4173517,1022813824.0296415,979641271.265,1011431276.265,31790005,1803929314.3877106,11382547.764641523,0.9888713395368504,0.957790409407499,1.841418249006921,0.6381652757447576,0.0698746150140626
2025-07-31,2800611618.0427814,1019140413.491876,980609427.815,1012399432.815,31790005,1781471204.5509052,6740980.676875949,0.9933856212670643,0.9621926623978561,1.816698018619289,0.6361007692297919,0.0700319751570844
2025-08-01,2693400498.8139167,999873005.4979285,954705652.205,986495657.205,31790005,1693527493.3159885,13377348.292928457,0.9866209526416141,0.9548269099729966,1.773873957281594,0.628769280343477,0.07015470108572402
2025-08-02,2674560538.2815723,993069058.6982589,954512075.9350001,986302080.9350001,31790005,1681491479.583314,6766977.763258815,0.9931857933705747,0.9611739159270551,1.7616241030122068,0.6286982311732179,0.07060659473405814
2025-08-03,2703382577.6075373,993713000.532731,954782613.32,986572618.32,31790005,1709669577.0748065,7140382.212731004,0.9928144421891401,0.9608233089515178,1.7906375265149517,0.6324186562553956,0.07074424558138452
2025-08-04,2784168714.6318393,1009485723.960459,962300065.9649999,992712070.9649999,30412005,1774682990.6713808,16773652.99545908,0.9833839621528753,0.953257726310048,1.8442095697995393,0.6374193422060823,0.07064338469059525
2025-08-05,2864756864.630534,1110134922.255144,974270944.515,1004682949.515,30412005,1754621942.37539,105451972.7401439,0.9050097689694084,0.8776148961568132,1.8009589142051805,0.6124854657086868,0.07076034149897437
2025-08-06,2878425568.0233245,1090750016.494304,979316657.095,1009316667.095,30000010,1787675551.5290203,81433349.39930391,0.9253418765364473,0.8978378567827545,1.825431578823441,0.6210601974178039,0.07098188597602122
2025-08-07,2956186300.9395943,1088008717.3706987,979932621.34,1009932631.34,30000010,1868177583.568895,78076086.03069866,0.9282394664820529,0.9006661488045083,1.906434731210675,0.6319552942164415,0.07081471438193639
2025-08-08,2959646402.429917,1084080010.4126647,979233606.285,1009233616.285,30000010,1875566392.0172522,74846394.12766469,0.9309586069212975,0.9032853635150472,1.9153411198097505,0.6337129970922818,0.07107665939526048
2025-08-09,2996219308.409438,1087668070.5862207,979679926.565,1009679936.565,30000010,1908551237.8232172,77988134.02122068,0.9282978547129849,0.9007159013475331,1.9481375356082566,0.6369864957703593,0.0713215925077884
2025-08-10,3018935473.909814,1089568944.295467,979809221.9849999,1009809231.9849999,30000010,1929366529.6143472,79759712.310467,0.926797002862411,0.8992631692697157,1.9691246890957352,0.6390883628644207,0.07118978664582003
2025-08-11,2947716257.1252165,1088121360.7000985,976730514.2049999,1006730524.2049999,30000010,1859594896.425118,81390836.49509859,0.9252005893508684,0.8976301260886657,1.9038976149308868,0.6308595313168651,0.07156061431993646
2025-08-12,3033441191.9761834,1079666095.1298628,997894383.48,1027894393.48,30000010,1953775096.846321,51771701.649862766,0.952048413964842,0.9242620361807071,1.9578976785427302,0.6440787782582669,0.07176587804077966
2025-08-13,3128063023.9643664,1128491025.6956666,999332095.365,1029332105.365,30000010,1999571998.2687,99158920.33066654,0.912131405502725,0.8855472242226777,2.000908414272803,0.6392364805151951,0.07145462269326444
2025-08-14,3097981605.7533236,1129085077.1710737,1048608051.225,1078608061.2250001,30000010,1968896528.58225,50477015.94607353,0.9552938773466533,0.9287236829418478,1.8776286585651856,0.6355417104239008,0.0716639279177122
2025-08-15,3081730354.543322,1128754313.2438173,1051447422.105,1081447432.105,30000010,1952976041.2995052,47306881.13881731,0.9580893019997712,0.9315113216120056,1.85741673833737,0.6337271002377866,0.07191947497867779
2025-08-16,3077653825.840353,1132297231.45716,1051430913.075,1081430923.075,30000010,1945356594.3831928,50866308.38215995,0.9550768941502226,0.9285820753283194,1.8501991621055065,0.6320907757882788,0.07183552318275974
2025-08-17,3098751294.038149,1133154061.8982317,1051760643.385,1081760653.385,30000010,1965597232.1399174,51393408.513231754,0.954645700667446,0.928170915809203,1.8688636473540348,0.6343191323297335,0.07186359608676955
2025-08-18,3061840973.627207,1138907395.0041714,1051076815.5250001,1081076825.525,30000010,1922933578.6230352,57830569.479171276,0.9492227640870139,0.9228817199146823,1.8294891012913772,0.6280318263378107,0.0720774651337164
2025-08-19,3009751903.1263146,1144064156.678162,1050527319.225,1080527329.225,30000010,1865687746.448153,63536827.45316219,0.9444639296823667,0.9182416152912699,1.7759535733202227,0.6198809092903007,0.07200165493164315
2025-08-20,3048874868.9774284,1153744319.867741,1043242251.0050001,1073242261.0050001,30000010,1895130549.1096876,80502058.862741,0.9302253909497302,0.9042230874207828,1.8165776427134033,0.6215835777298729,0.07191369942462332
2025-08-21,3006181577.4299984,1151799839.8158593,1042814964.125,1072814974.125,30000010,1854381737.6141398,78984865.69085932,0.9314248335861144,0.9053786327073262,1.7782461907516884,0.6168561977548479,0.07212848879093377
2025-08-22,3153270568.716825,1150085180.9369535,1044445459.155,1074445469.155,30000010,2003185387.779872,75639711.78195357,0.9342312091002414,0.9081461760111622,1.9179415930445354,0.6352722813110951,0.07197982728225552
2025-08-23,3122238805.4677587,1152913869.3082473,1044614034.535,1074614044.535,30000010,1969324936.1595125,78299824.77324724,0.9320852781307701,0.9060642449914947,1.8852177656565172,0.6307412913806502,0.07194022348690945
2025-08-24,3100213397.2953434,1145815051.9759474,1044692655.6200001,1074692665.6200001,30000010,1954398345.3193958,71122386.35594726,0.9379285633983449,0.911746318760988,1.8707878674226028,0.6304076832338161,0.07206168911535402
2025-08-25,2989654699.095571,1133006421.169307,1043069377.235,1073069387.235,30000010,1856648277.9262643,59937033.93430698,0.9470991224635341,0.9206208877073367,1.7799854146307352,0.6210243204634758,0.07211590526601201
2025-08-26,3048355364.8379793,1149097629.9618008,1037381960.345,1067381970.345,30000010,1899257734.876178,81715659.61680079,0.9288871045539296,0.9027796536134928,1.8308181629113212,0.6230434144206556,0.0719717823137233
2025-08-27,3098544291.726992,1171211472.6359158,1055754191.23,1096019201.2299998,40265010,1927332819.0910769,75192271.40591598,0.9357995774779349,0.901420636577211,1.8255507154043589,0.6220123508439076,0.07195475818379633
2025-08-28,3126724188.4427996,1178832590.5116436,1061136927.925,1101401937.925,40265010,1947891597.931157,77430652.5866437,0.9343158195575194,0.9001591374941875,1.8356646976183946,0.6229815872890484,0.07184219043466622
2025-08-29,3103815785.0638285,1175246477.956992,1055407577.985,1095672587.9850001,40265010,1928569307.1068366,79573889.97199178,0.9322917435070128,0.8980308367481213,1.8273218302912795,0.6213543072973245,0.07171341392409981
2025-08-30,3106884280.220421,1180028138.533063,1055288826.5300001,1095553836.5300002,40265010,1926856141.687358,84474302.00306273,0.9284133155434108,0.8942912393952479,1.825904049437579,0.6201892210644727,0.07184895134016811
2025-08-31,3130966591.8218894,1186151864.9402246,1055523325.895,1095788335.895,40265010,1944814726.8816645,90363529.04522467,0.9238179092271811,0.889871994551214,1.842512315142459,0.6211547360363208,0.07188082917851708
2025-09-01,3094107514.644485,1183772993.6594427,1054909832.775,1095174842.775,40265010,1910334520.9850423,88598150.88444257,0.9251561309820426,0.8911419997122226,1.8108983930501428,0.6174105172310216,0.07158494415461453
2025-09-02,3140512894.397561,1185284224.8337681,1055627752.275,1095892762.275,40265010,1955228669.563794,89391462.55876803,0.9245822557274777,0.890611492296751,1.8521952130853416,0.622582595681035,0.0715072960340135
2025-09-03,3286908777.0341363,1222445651.1533432,1111402894.1450002,1164821904.1450002,53419010,2064463125.880794,57623747.00834298,0.9528619150029479,0.9091634405966619,1.8575290173857077,0.6280865292962627,0.07142391437213437
2025-09-04,3296757027.0650043,1272924544.7451034,1112053766.405,1175472776.405,63419010,2023832482.319901,97451768.34010339,0.9234426197983183,0.8736211199601647,1.8199052451056035,0.6138858477300808,0.07134813447116238
2025-09-05,3300330662.5357385,1282679971.708265,1115463277.22,1178882287.22,63419010,2017650690.8274744,103797684.48826504,0.9190774887129266,0.8696349064641846,1.80880064098205,0.6113480427071073,0.07134595132904155
2025-09-06,3291560851.4923377,1288820284.9623804,1115234460.025,1178653470.025,63419010,2002740566.5299573,110166814.93738031,0.9145211972353492,0.8653141737736948,1.7958022624991896,0.6084470732546077,0.07135875634279416
2025-09-07,3314445432.6052327,1290542596.8156545,1115613201.9199998,1179032211.9199998,63419010,2023902835.7895777,111510384.89565468,0.9135941849801776,0.864452831446801,1.8141617832295167,0.6106309115485248,0.0714184395755892
2025-09-08,3348481560.5101476,1286834792.5030425,1116000000.915,1179419010.915,63419010,2061646768.007105,107415781.5880425,0.9165271391371799,0.867244192818451,1.8473537332587604,0.6156960194497858,0.07137131202900378
2025-09-09,3323389536.5845184,1286670562.0574098,1085769303.935,1149188313.935,63419010,2036718974.5271091,137482248.12240982,0.8931488353144778,0.8438595985275632,1.8758303141797406,0.6128438908850469,0.07138980675910012
2025-09-10,3399906620.290141,1290269151.1393785,1116179689.665,1179598699.665,63419010,2109637469.1507626,110670451.47437859,0.9142268484241055,0.8650750804042334,1.8900518336648198,0.6204986503337349,0.0713320079613509
2025-09-11,3439321279.2420177,1313184328.6458054,1141510567.4399998,1204929577.44,63419010,2126136950.5962124,108254751.2058053,0.9175631715637051,0.8692691060493841,1.8625644047819703,0.61818503651534,0.07124850009171932
2025-09-12,3489017478.613145,1314017101.1142726,1142491111.425,1205910121.425,63419010,2175000377.4988728,108106979.68927264,0.9177278746238545,0.8694644159928966,1.903735053821163,0.623384775465045,0.0711688205357471
2025-09-13,3625235904.9522896,1321791682.565683,1217479392.8049998,1280898402.8049998,63419010,2303444222.386607,40893279.76068306,0.9690622355246581,0.9210826553559437,1.891977996506051,0.6353915394140184,0.07123581947008603
2025-09-14,3654420856.7947826,1335252430.2832663,1217491012.335,1280910022.335,63419010,2319168426.511517,54342407.94826627,0.9593017719228283,0.9118058763440828,1.9048751925187797,0.6346199623394257,0.0713796270231816
2025-09-15,3656306224.4611526,1358439597.4057374,1236881910.245,1300300920.245,63419010,2297866627.0554156,58138677.160737514,0.9572018680316982,0.9105166785531865,1.8577898245761046,0.6284666781142116,0.07129222196692812
2025-09-16,3788535987.1702766,1435323210.6288888,1257089794.825,1320508804.825,63419010,2353212776.541388,114814405.8038888,0.9200079780263689,0.8758234978128755,1.8719528121449587,0.6211404047659697,0.07108003756744581
2025-09-17,3832609221.802934,1465827752.2110822,1257534775.7549999,1320953785.7549999,63419010,2366781469.591852,144873966.45608234,0.9011657636870691,0.857900782583841,1.8820803330634588,0.6175379050198266,0.07096528629174491
2025-09-18,3883248613.8517833,1505795909.039599,1258800066.305,1325719076.305,66919010,2377452704.8121853,180076832.73459888,0.8804108633490362,0.8359699071754462,1.888665856040829,0.6122329372195402,0.07082795203841181
2025-09-19,3872422925.91814,1539019725.8238034,1258208661.605,1325127671.605,66919010,2333403200.094337,213892054.2188034,0.8610205895156336,0.8175390090802823,1.8545439014207659,0.6025693073132228,0.07074017897987799
2025-09-20,3891055368.7434,1552948430.1297626,1258325732.385,1325244742.385,66919010,2338106938.613638,227703687.74476266,0.8533733101969548,0.8102817247317451,1.8581094532510647,0.6008927442656051,0.07063781924913098
2025-09-21,3891918654.3800607,1563733953.1056075,1258174998.7649999,1325094008.765,66919010,2328184701.2744527,238639944.3406074,0.8473909555607821,0.8045965851583888,1.850445847008368,0.5982100110582365,0.07055734361538436
2025-09-22,3802369487.438032,1558815248.7105837,1256907914.195,1323826924.195,66919010,2243554238.7274485,234988324.51558375,0.8492519721564433,0.8063225678826823,1.7849790055338752,0.5900410904672798,0.07052796837886381
2025-09-23,3784924790.077545,1554607408.790449,1256652761.125,1323571771.125,66919010,2230317381.287096,231035637.6654489,0.851386506741786,0.8083409058900148,1.7748080060640117,0.5892633288603343,0.07052847555842247
2025-09-24,3751760612.8973613,1560895699.945842,1221440956.785,1338359966.785,116919010,2190864912.9515195,222535733.16084194,0.8574307475069839,0.7825256721684736,1.7936723840652733,0.5839564777720684,0.07044693508207898
2025-09-25,3687064120.918465,1575946454.55834,1215233260.825,1382152270.825,166919010,2111117666.3601253,193794183.73334002,0.8770299694048609,0.7711132934180621,1.7372118871457858,0.5725741666337595,0.0703977481444978
2025-09-26,3742212065.194135,1573812923.4292798,1215858794.2399998,1382777804.2399998,166919010,2168399141.7648563,191035119.18928003,0.8786163740649545,0.7725561126990168,1.7834300759573514,0.5794431485946177,0.07043377146472961
2025-09-27,3739680135.5524716,1570355194.268413,1215871363.6299999,1382790373.6299999,166919010,2169324941.28406,187564820.6384132,0.8805589835197797,0.7742651904917869,1.7841730681175942,0.5800830185075656,0.07040447052652142
2025-09-28,3807246080.1317973,1571839906.0936096,1216298171.305,1383217181.305,166919010,2235406174.038188,188622724.7886095,0.8799987682858993,0.773805377118708,1.83787678611714,0.5871451771146886,0.07037164571787743
2025-09-29,3833060269.141901,1577158843.8685308,1216633162.145,1383552172.145,166919010,2255901425.2733703,193606671.72353077,0.8772433908758086,0.7714081348716809,1.8542166163678093,0.5885379479771118,0.07042388045271884
2025-09-30,3852420740.659915,1574379343.2649024,1316232027.2649999,1483151037.2649999,166919010,2278041397.395013,91228305.99990249,0.9420544315509655,0.8360323278476431,1.7307293472630034,0.5913272590793879,0.07039328059957445
2025-10-01,4035168656.5283823,1569870021.7331133,1322049658.875,1488968668.875,166919010,2465298634.795269,80901352.85811329,0.9484662094707692,0.8421395660613207,1.8647549418779914,0.6109530591259758,0.07025510283075326
2025-10-02,4107337469.71961,1574983423.667967,1322935225.9499998,1489854235.9499998,166919010,2532354046.051643,85129187.71796727,0.9459491532173014,0.839967713989666,1.914193526922801,0.616543944762473,0.07027823791831364
2025-10-03,4217510721.4516544,1648269553.4370074,1322718492.735,1467057502.735,144339010,2569241168.014647,181212050.70200753,0.8900592137225734,0.8024891862965245,1.942394532265288,0.6091842647717851,0.07012192469199499
2025-10-04,4257218152.1544175,1702403456.952791,1322394302.425,1466733312.425,144339010,2554814695.2016263,235670144.52779102,0.861566220648055,0.7767807901377347,1.9319613601757206,0.6001136432035391,0.06984426201958657
2025-10-05,4281805786.6987357,1711189771.707054,1322448223.81,1466787233.81,144339010,2570616014.9916825,244402537.89705396,0.8571739137657175,0.7728238244965361,1.9438311222390894,0.6003579197770254,0.06987431359821138
2025-10-06,4395097337.426968,1719051926.1183214,1343010130.865,1487349140.865,144339010,2676045411.3086476,231702785.2533214,0.8652147839556457,0.7812504732754427,1.9925727660632553,0.6088705677848062,0.0698524672749132
2025-10-07,4297165556.797303,1726472445.9384494,1342138349.375,1486477359.375,144339010,2570693110.858854,239995086.56344938,0.8609910704754998,0.7773876452719528,1.9153711776851923,0.5982299441064131,0.06965846888954973
2025-10-08,4333398109.282046,1736845432.3491364,1347676487.64,1492015497.64,144339010,2596552676.9329104,244829934.70913625,0.8590375803458824,0.7759334610548658,1.9266884157635598,0.5991955069558806,0.06961486581918046
2025-10-09,4310394076.456297,1761336593.51505,1352120198.2350001,1496459208.2350001,144339010,2549057482.941247,264877385.2800498,0.8496156917108947,0.7676671246218827,1.8852299420337613,0.5913745791514503,0.06960528765938685
2025-10-10,4088260018.6324205,1752404882.8641803,1348866690.425,1565785700.425,216919010,2335855135.7682405,186619182.43918037,0.8935068121162932,0.7697231978835701,1.7317168200159654,0.571356793629192,0.06949279222166294
2025-10-11,4023465855.9364862,1696386050.3941336,1393298240.505,1610217250.505,216919010,2327079805.5423527,86168799.88913345,0.9492044868742505,0.8213332337773499,1.6701950364186953,0.5783769239917436,0.06945738131639971
2025-10-12,4222964528.4494905,1702167001.9415038,1444808607.6799998,1611727617.68,166919010,2520797526.507987,90439384.2615037,0.9468680898182447,0.8488054380281376,1.7447276498136008,0.596926047928119,0.06937663597632612
2025-10-13,4254307398.994774,1714238496.2874959,1435551970.0249999,1562951975.0249999,127400005,2540068902.7072783,151286521.262496,0.911747098440424,0.8374283818348242,1.769402261809472,0.5970581494199165,0.06902958230573332
2025-10-14,4074413036.842271,1723501161.0504286,1374944440.185,1499046445.185,124102005,2350911875.791843,224454715.8654287,0.8697681667190584,0.7977624101784808,1.7098231805464996,0.5769940000029633,0.06879790281291188
2025-10-15,4060914977.2138553,1744319218.778418,1376325969.3,1500427974.3,124102005,2316595758.435437,243891244.4784181,0.8601796954061998,0.7890333113820008,1.6831737612374333,0.5704615268810246,0.06885561444792763
2025-10-16,4019811500.243041,1775637112.657593,1370676335,1487278340,116602005,2244174387.5854483,288358772.657593,0.8376026438048443,0.771934943930357,1.63727521244864,0.5582785131715166,0.0684985799645466
2025-10-17,4029082761.4449964,1757022209.7427757,1380712229.625,1497314234.625,116602005,2272060551.702221,259707975.11777568,0.8521885644485983,0.7858251432274913,1.6455713963794687,0.5639150859456076,0.06842040048403494
2025-10-18,4051730122.120013,1770621772.3207324,1380922608.24,1497524613.24,116602005,2281108349.7992806,273097159.08073235,0.8457620010383204,0.779908295395036,1.651872694521655,0.5629961229021151,0.06837044716924838
2025-10-19,4117808523.289409,1788507900.1680908,1381224715.425,1497826720.425,116602005,2329300623.121317,290681179.74309087,0.8374728008102332,0.7722776708423749,1.6864023624168902,0.5656651128743142,0.06819806217734385
2025-10-20,4172263339.919647,1820586090.2947454,1381234142.6799998,1497836147.6799998,116602005,2351677249.6249013,322749942.6147456,0.8227219551246304,0.7586755441245756,1.7025913108851747,0.5636454504499689,0.06804202386919021
2025-10-21,4155275487.6689906,1861031567.323341,1361003524.805,1497605529.805,136602005,2294243920.34565,363426037.5183408,0.8047179618554003,0.7313167324520377,1.6857002046885674,0.5521279941977242,0.06798281167389945
2025-10-22,4210798585.134862,1941226365.3518064,1390318566.7250001,1546920571.7250001,156602005,2269572219.783056,394305793.62680626,0.7968779938987968,0.7162063072809307,1.6324116458641589,0.5389885490593626,0.06770117167137601
2025-10-23,4351706116.718573,2002241108.0102663,1396034092.575,1652636097.575,256602005,2349465008.708307,349605010.43526626,0.8253931511861289,0.6972357559686273,1.6829567567183785,0.5398951458789992,0.06737947152294532
2025-10-24,4386052835.662401,2009213542.891948,1396314072.1100001,1652916077.1100001,256602005,2376839292.770454,356297465.78194785,0.8226681942084098,0.6949555347413321,1.7022239768584164,0.5419084953661971,0.06727863582489377
2025-10-25,4401745474.908792,2007456730.089713,1396382671.155,1652984676.155,256602005,2394288744.819079,354472053.9347131,0.8234223190858655,0.6955978927090477,1.714636535011333,0.5439407522464008,0.06712292137390649
2025-10-26,4477326363.213949,2008416920.146758,1396932621.58,1653534626.58,256602005,2468909443.067192,354882293.56675816,0.8233024776843514,0.695539161997263,1.7673790452933467,0.5514249448849514,0.0667636883410882
2025-10-27,4476172484.21477,2019252573.6859047,1398534627.3149998,1730136632.3149998,331602005,2456919910.5288672,289115941.3709049,0.8568203180035283,0.6926001459847797,1.7567816073641496,0.5488885692392774,0.06663483813977222
2025-10-28,4617448964.660926,2135892583.3305142,1431384424.255,1762986429.255,331602005,2481556381.3304124,372906154.0755141,0.825409687272738,0.6701574954780877,1.7336756913657214,0.5374301698454487,0.06616957082040516
2025-10-29,4635924423.960497,2195630689.1994724,1429033686.305,1760635691.3049998,331602005,2440293734.7610245,434994997.8944726,0.8018815276930421,0.6508533941224998,1.7076530512522783,0.5263877301684455,0.06566332057694171
2025-10-30,4536713627.450332,2191206224.9788013,1435061466.1950002,1759163471.195,324102005,2345507402.471531,432042753.7838013,0.8028288032140922,0.654918487286099,1.6344299235422552,0.5170058317720452,0.06549620258207636
2025-10-31,4522192865.84317,2185173205.5300016,1386503398.52,1710605403.52,324102005,2337019660.3131704,474567802.01000166,0.7828237135578011,0.6345050337479822,1.6855491755792185,0.5167890290493901,0.0652645876478634
2025-11-01,4520749264.152467,2175520156.539671,1386472721.225,1710574726.225,324102005,2345229107.6127977,464945430.31467104,0.7862830969793441,0.6373063090485401,1.6915075729298887,0.518770002620898,0.06495837337353118
2025-11-02,4509686291.6023035,2170204740.4414945,1386384287.2649999,1710486292.2649999,324102005,2339481551.1608086,459718448.1764946,0.7881681669891791,0.6388264947679367,1.687469753264471,0.5187681359382506,0.06466230453287211
2025-11-03,4370450210.252203,2176139697.1124535,1347788111.675,1669490116.6750002,321702005,2194310513.139749,506649580.43745327,0.7671796617148555,0.6193481574107566,1.628082703899733,0.5020788265685615,0.06451336809476736
2025-11-04,4215436171.117505,2068667698.1979244,1325804630.95,1647506635.9499998,321702005,2146768472.9195812,421161062.24792457,0.796409513903654,0.6408978262216529,1.6192193199546472,0.5092636647254646,0.06429070118227413
2025-11-05,4228471743.247753,2015065800.600359,1326446972.155,1698148977.155,371702005,2213405942.647394,316916823.445359,0.8427263152642765,0.6582648426467288,1.6686727695200694,0.5234529345458859,0.06411090869638376
2025-11-06,4174677522.8831234,1999638447.1077769,1330941658.155,1702643663.155,371702005,2175039075.775347,296994783.9527769,0.8514757583390427,0.6655911522805725,1.6342106826759528,0.5210076859477323,0.06402981115681818
2025-11-07,4236931344.433858,1986052212.2387335,1331491013.95,1703193018.95,371702005,2250879132.1951246,282859193.2887335,0.8575771615944141,0.670420951546438,1.6904951731650584,0.5312522080755804,0.0638187390350345
2025-11-08,4202049555.312452,1980633939.2472935,1331183633.495,1702885638.495,371702005,2221415616.0651584,277748300.7522936,0.8597679787018861,0.6720997793266603,1.668752199298657,0.5286505041942516,0.06354700794907082
2025-11-09,4258933118.834142,1973903770.616016,1331793050.8,1703495055.8,371702005,2285029348.2181253,270408714.81601596,0.8630081573167943,0.6747000895511608,1.715754070683521,0.5365262342611379,0.06332804470757447
2025-11-10,4319853076.053194,2005523891.8542237,1339890173.625,1711592178.625,371702005,2314329184.19897,293931713.2292237,0.8534389371160935,0.6680998312047998,1.7272528971069905,0.5357425688915888,0.06330607591904638
2025-11-11,4218336810.916178,2020307416.9310083,1306956802.6750002,1678658807.6750002,371702005,2198029393.9851704,341648609.25600815,0.8308927609764474,0.6469098671430713,1.6817919226453213,0.5210654085982721,0.06318704775490183
2025-11-12,4337119358.645985,2075499439.2225375,1390801142.685,1812503147.685,421702005,2261619919.423448,262996291.53753757,0.8732852986768074,0.6701043211102871,1.6261274527408685,0.5214566933499171,0.06308111022373136
2025-11-13,4285936217.08944,2074939571.5879765,1390071523.87,1811773528.87,421702005,2210996645.501464,263166042.71797657,0.8731692978814933,0.6699334972951339,1.5905632246504728,0.5158725033483914,0.06300997195058983
2025-11-14,4191756748.9395957,2065800476.8888805,1359114150.6550002,1780816155.6550002,421702005,2125956272.0507154,284984321.2338803,0.8620465410758981,0.6579116259581089,1.5642220125705775,0.5071754873630314,0.06273346552685301
2025-11-15,4200923437.553754,2064971362.7646093,1359116026.395,1780818031.395,421702005,2135952074.789144,284153331.36960936,0.862393572863315,0.6581766947970642,1.5715744890851373,0.5084482272861734,0.0626176558799883
2025-11-16,4165440856.2251387,2064470238.4906359,1358876968.1100001,1780578973.1100001,421702005,2100970617.7345037,283891265.38063574,0.8624871116629936,0.6582206625092812,1.546108048807868,0.5043813344737953,0.062487955125082054
2025-11-17,4042897142.642456,1926221509.631066,1361185267.375,1667887272.375,306702005,2110069351.4063907,258334237.25606608,0.8658854986488311,0.7066608178597856,1.5501705770556777,0.5219201174203605,0.06270267822575387
2025-11-18,4176481541.2778354,2003837567.0616794,1361837003.315,1688539008.315,326702005,2165525160.1511564,315298558.7466793,0.8426526361570232,0.6796144686078149,1.5901500362229908,0.5185046644522204,0.06248680098186222
2025-11-19,4145607099.781641,2075456073.101721,1326347125.7450001,1653049130.7450001,326702005,2063333287.6749203,422406942.3567209,0.7964751228266452,0.6390629717172501,1.5556510415898555,0.49771559098873625,0.06214712500611361
2025-11-20,4104603530.8324137,2069977987.5183551,1315778899.66,1642480904.66,326702005,2027766268.0340586,427497082.85835505,0.7934774739460536,0.6356487400319916,1.5411147485022274,0.49402244401978274,0.0617831091806802
2025-11-21,3855844733.73087,1902978789.527293,1261665352.7,1491265352.7,229600000,1946550919.9935772,411713436.8272929,0.7836479107948627,0.6629949632877424,1.5428424945076777,0.5048312508450301,0.06215526060928346
2025-11-22,3824372755.8837757,1847609757.6353629,1261894226.07,1491494226.07,229600000,1970308512.8484132,356115531.56536293,0.8072560885253538,0.6829874224549547,1.5613895936307391,0.5151978216080283,0.06218851391257767
2025-11-23,3887487836.564959,1848741586.652918,1262177135.4599998,1491777135.4599998,229600000,2032072755.0620415,356964451.1929183,0.8069149015903353,0.6827223147747368,1.6099743039010557,0.5227213152794352,0.061990459841669864
2025-11-24,4133910402.1314125,1898416590.3531444,1358739250.3899999,1588339250.3899999,229600000,2228497089.188268,310077339.96314454,0.8366652811933846,0.7157223853259976,1.6401212289617901,0.5390772591586098,0.0617278273525955
2025-11-25,4093715741.3008943,1924303350.0931818,1313875527.8,1537525527.8,223650000,2169412391.207713,386777822.2931819,0.7990037161893147,0.68277983704408,1.651155185788607,0.5299372326517036,0.06128335357714043
2025-11-26,4123918617.0673056,1916889579.9628744,1315875527.8,1535875527.8,220000000,2207029037.104431,381014052.16287446,0.8012331768373149,0.686463916103861,1.6772323753101044,0.5351776409869949,0.0610707284341209
2025-11-27,4167950465.4824395,1947506248.6063206,1317875527.8,1537875527.8,220000000,2220444216.87612,409630720.80632067,0.789663976123588,0.6766989983950508,1.6848664157098556,0.5327424678544264,0.06081756703012346
2025-11-28,4194029544.0231724,1978773037.2211702,1317875527.8,1537875527.8,220000000,2215256506.802003,440897509.42117023,0.7771864174780089,0.6660064105435348,1.680929996856417,0.5281928712111532,0.06071913474288733
2025-11-29,4187444155.74118,1982913185.8471136,1317875527.8,1537875527.8,220000000,2204530969.894066,445037658.04711366,0.7755637204777623,0.664615847635808,1.6727914916017959,0.5264621778589099,0.06064720742913883
2025-11-30,4195578139.2279654,1980209760.4042094,1317875527.8,1537875527.8,220000000,2215368378.823756,442334232.6042094,0.7766225369407743,0.6655231956492272,1.6810148850111732,0.5280245785700965,0.06046097528661489
2025-12-01,4058660106.374576,2049303634.5928445,1260875527.8,1480875527.8,220000000,2009356471.7817311,568428106.7928445,0.7226237746336795,0.6152702344913913,1.5936200104444054,0.4950787745506981,0.060233844202242336
2025-12-02,4185328670.550412,2061194231.2739701,1248875527.8,1538875527.8,290000000,2124134439.276442,522318703.4739702,0.7465941367635506,0.6058990020693502,1.70083758708787,0.5075191475935144,0.060141741182293026
2025-12-03,4349539279.207942,2180148503.9666405,1248875527.8,1538875527.8,290000000,2169390775.241302,641272976.1666405,0.7058581215913111,0.5728396600175405,1.7370752544593997,0.4987633484796007,0.05980268596881798
2025-12-04,4468876577.504673,2216526789.997153,1332887214.47,1697887214.47,365000000,2252349787.507521,518639575.5271528,0.7660124940209637,0.6013404487079139,1.6898277386531386,0.5040080540253331,0.0596347783255248
2025-12-05,4449021593.811586,2304363874.8991466,1314237214.4699998,1679237214.47,365000000,2144657718.9124398,625126660.4291465,0.728720508406466,0.5703253851467008,1.6318650052664416,0.48205154182563964,0.059432421950202395
2025-12-06,4453750206.887442,2307711692.7447104,1314237214.4699998,1679237214.47,365000000,2146038514.142732,628474478.2747104,0.7276633470937501,0.5694980090458756,1.6329156491038626,0.4818497702956083,0.05923017690853699
2025-12-07,4453989776.536857,2306654472.3706007,1314237214.47,1679237214.47,365000000,2147335304.166256,627417257.9006007,0.727996860641295,0.569759029890302,1.633902373577379,0.4821150051754024,0.0590810945005614
2025-12-08,4450823670.907336,2331206580.2829723,1273713214.47,1638713214.47,365000000,2119617090.624364,692493365.8129723,0.7029463747786289,0.5463750940147873,1.664124283664867,0.4762302996811965,0.058972216645376316
2025-12-09,4511294849.561152,2420428757.7901983,1225013214.47,1690013214.4699998,465000000,2090866091.770955,730415543.3201985,0.6982288609117945,0.5061141380539587,1.7068110507490035,0.46347360602562904,0.05867334699211835
2025-12-10,4502365273.910838,2420674541.2215595,1225013214.47,1690013214.4699998,465000000,2081690732.6892788,730661326.7515597,0.6981579661746508,0.506062749704392,1.6993210424998713,0.46235491925804667,0.05837206103120109
2025-12-11,4333977845.047561,2402731480.3375044,1125013214.47,1590860214.4699998,465847000,1931246364.7100558,811871265.8675046,0.6621048700150782,0.4682226140026154,1.716643271270264,0.4456059614879878,0.05821169894547027
2025-12-12,4478651224.937627,2445552561.4879103,1225013214.4699998,1690860214.4699998,465847000,2033098663.449716,754692347.0179105,0.6914021154553536,0.5009146946016502,1.6596544750983224,0.45395333580101016,0.057943126793818245
2025-12-13,4492716438.697567,2459696114.4465065,1225013214.47,1690860214.47,465847000,2033020324.251061,768835899.9765065,0.6874264688792607,0.4980343739517834,1.6595905254219188,0.45251472065760534,0.05769617430080365
2025-12-14,4469301984.32445,2465368470.698668,1225013214.47,1690860214.47,465847000,2003933513.625783,774508256.228668,0.6858448278892859,0.496888489095847,1.6358464463526474,0.448377290380991,0.057464188783452726
2025-12-15,4410446927.949537,2470440557.037869,1225013214.4699998,1690013215.4699998,465000001,1940006370.911669,780427341.5678692,0.6840938595569267,0.495868322344427,1.5836615866637895,0.43986616381610066,0.057214337830945684
2025-12-16,4487350149.198803,2516955499.216417,1215530387.81,1680530388.81,465000001,1970394649.982386,836425110.4064169,0.6676837907278002,0.4829367814363111,1.621016364331633,0.43909982160277633,0.056911769235908606
2025-12-17,4444030624.023874,2521299702.782727,1215530387.81,1680530388.81,465000001,1922730921.241148,840769313.9727268,0.6665333704498595,0.482104680561551,1.5818040754252956,0.43265474158686146,0.0566934387992112
2025-12-18,4170351362.2916694,2485268520.078263,1029078121.15,1494078122.1499999,465000001,1685082842.213407,991190397.928263,0.6011737202960066,0.41407120109403456,1.6374683394593197,0.40406255872105445,0.05646545559575099
2025-12-19,4243722015.7305217,2489209884.5432687,1029078121.15,1494078122.15,465000001,1754512131.187253,995131762.3932686,0.6002218340154712,0.4134155691490916,1.7049358014011384,0.4134371018374134,0.056073239605411024
2025-12-20,4241360056.621842,2482908872.347199,1029078121.1500001,1494078122.15,465000001,1758451184.274643,988830750.1971989,0.6017450494417802,0.4144647162089235,1.708763550729817,0.4145960637152824,0.05581821736359907
2025-12-21,4232098490.0360727,2471827521.186266,1029078121.15,1494078122.15,465000001,1760270968.8498058,977749399.0362659,0.6044427086210976,0.4163227864119461,1.7105319146059526,0.415933365679966,0.055598269765645976
2025-12-22,4141732510.055227,2451196656.8341107,989078121.1500001,1454078122.15,465000001,1690535853.221116,997118534.6841106,0.5932115312314606,0.40350826947824847,1.7092035675155082,0.408171181774019,0.055234861759700875
2025-12-23,4581338562.949961,2339210982.809872,1450078121.1499999,1875078122.1499999,425000001,2242127580.140088,464132860.6598723,0.8015857209671812,0.6199005270606923,1.5462115781472139,0.48940447193153175,0.05514131891572195
2025-12-24,4498395290.326907,2247293132.5475373,1450078121.15,1780078122.1499999,330000001,2251102157.7793703,467215010.39753747,0.7920987682332739,0.6452554409340395,1.5524006085921147,0.5004233760025518,0.05525971773568825
2025-12-25,4473963164.333825,2239058508.9479103,1450078121.15,1780078122.1499999,330000001,2234904655.3859158,458980386.79791045,0.7950118833591462,0.6476285078550106,1.5412305190933442,0.4995357747248449,0.05507095275193615
2025-12-26,4348426561.695186,2112817284.384623,1450078121.15,1780078122.1499999,330000001,2235609277.310563,332739162.2346232,0.8425139908245608,0.6863244313018522,1.5417164390685303,0.5141191292049867,0.054947586779926276
2025-12-27,4350898537.335913,2110262176.0854633,1450078121.15,1780078122.1499999,330000001,2240636361.25045,330184053.9354634,0.84353410790504,0.6871554338522502,1.5451832067319857,0.5149824437465297,0.05488784905150151
2025-12-28,4376381033.701336,2126781558.2718406,1450078121.1499999,1780078122.1499999,330000001,2249599475.429496,346703436.1218407,0.836982112820481,0.6818180811800391,1.5513643317681582,0.5140319040106275,0.05462858279023835
2025-12-29,4331436943.559157,2102346480.810822,1447578121.15,1777578122.1499999,330000001,2229090462.748335,324768358.66082215,0.8455210111058539,0.6885535445098021,1.5398757622679995,0.5146307084218299,0.054228267753816825
2025-12-30,4356832357.547377,2064789109.9385893,1477578121.1499999,1807578122.1499999,330000001,2292043247.608788,257210987.78858948,0.8754298990872538,0.7156072811687513,1.5512162875184492,0.5260802021997157,0.05411950117545786
2025-12-31,4568728592.219324,2103043265.3029044,1622578121.1499999,2032578122.1499999,410000001,2465685326.916421,70465143.15290451,0.9664937263462551,0.7715381551678622,1.519609622967719,0.539687415688372,0.05396054642943387
2026-01-01,4633287917.5306015,2139357580.7072341,1622378121.1499999,2032378122.1499999,410000001,2493930336.823367,106979458.55723429,0.9499945873836253,0.7583482704250264,1.5372065884712374,0.5382636221218375,0.05396082546579616
2026-01-02,4096391927.5020485,2182126041.132822,1122378121.15,1532378122.15,410000001,1914265886.369226,649747918.982822,0.702240884928208,0.5143507295148415,1.7055445489331613,0.46730535560266373,0.05390453966217927
2026-01-03,4110510754.9412494,2191271891.9347997,1122378121.15,1532378122.15,410000001,1919238863.0064502,658893769.7847996,0.6993098975029409,0.5122039511760397,1.7099752987344214,0.4669100696791344,0.05378375219103923
2026-01-04,4155912503.638849,2210301078.40921,1122378121.15,1532378122.15,410000001,1945611425.229638,677922956.2592101,0.6932893157039391,0.5077942241053395,1.7334723375007923,0.46815504982987316,0.053566168501151826
2026-01-05,4300215136.834298,2259504890.24389,1120690434.4799998,1530690435.4799998,410000001,2040710246.5904078,728814454.76389,0.677445064221471,0.4959893821513407,1.8209401845544413,0.47456003517366424,0.05340748553505701
2026-01-06,4363744865.921433,2274994603.4806333,1170690434.4799998,1580690435.4799998,410000001,2088750262.4408,694304168.0006335,0.6948106307863846,0.5145904226273325,1.7842037492760299,0.47866003320974326,0.05326832887889269
2026-01-07,4262690393.9177246,2255335410.54537,1164690434.48,1574690435.48,410000001,2007354983.372354,680644975.0653701,0.69820676255831,0.5164156200599725,1.7235094613519162,0.4709126860905907,0.05310626175723042
2026-01-08,4276217384.779996,2283491730.7298713,1164690434.4799998,1574690435.4799998,410000001,1992725654.050125,708801295.2498715,0.6895976080354284,0.5100480193583755,1.7109487594785808,0.46600195330169053,0.05289588829225389
2026-01-09,4131084799.371416,2159057127.0370994,1164690434.4799998,1574690435.4799998,410000001,1972027672.334317,584366691.5570996,0.7293417185495998,0.5394440100240974,1.6931775293705145,0.47736315474191665,0.052855579556100235
2026-01-10,4115280850.6053715,2149146939.1130157,1164690434.48,1574690435.48,410000001,1966133911.4923558,574456503.6330156,0.7327048731855895,0.5419315046744476,1.6881171625404279,0.4777642116948424,0.052667229213975035
2026-01-11,4113045106.4134293,2147176508.602782,1164690434.48,1574690435.48,410000001,1965868597.810647,572486073.122782,0.7333772650599125,0.5424288267935138,1.6878893649438698,0.47795940646147744,0.05255373951288645
2026-01-12,4274301994.7014413,2151625472.612952,1264690434.4799998,1574690435.4799998,310000001,2122676522.088488,576935037.1329525,0.7318608445212736,0.5877837247130882,1.6784158907323947,0.49661360491603646,0.05247304143354631
2026-01-13,4420750265.302591,2174811392.5107822,1264690434.48,1574690435.48,310000001,2245938872.791809,600120957.0307822,0.7240583900298807,0.5815172933317848,1.775880335265813,0.5080447295156311,0.05235289791777422
2026-01-14,4394552401.895196,2137020838.760129,1271565434.48,1581565435.48,310000001,2257531563.135067,555455403.280129,0.7400795569207473,0.5950177983373084,1.7753955100692655,0.5137113764217451,0.05229110148136542
2026-01-15,4346931564.412416,2129273688.1547382,1271565434.4799998,1581565435.4799998,310000001,2217657876.257678,547708252.6747384,0.7427722628041344,0.5971827114352586,1.744037558841459,0.5101662732427773,0.052341423217952675
2026-01-16,4347231584.773683,2131820757.34302,1271565434.4799998,1581565435.4799998,310000001,2215410827.430662,550255321.8630202,0.7418848090451905,0.5964692060062341,1.7422704072926007,0.5096141726588042,0.052344012256946064
2026-01-17,4350377071.029696,2141215067.3998919,1271565434.4799998,1581565435.4799998,310000001,2209162003.6298046,559649631.9198921,0.738629883358946,0.5938522728705061,1.737356131053712,0.5078093157352255,0.05236343387763902
2026-01-18,4368537839.309049,2152090653.432898,1271565434.48,1581565435.48,310000001,2216447185.876152,570525217.952898,0.734897218645122,0.5908512415365347,1.7430854329431789,0.507365912212567,0.05253379073265577
2026-01-19,4361420607.122168,2224002793.3145256,1271565434.4799998,1581565435.4799998,310000001,2137417813.807642,642437357.8345258,0.7111346443602824,0.5717463297718849,1.6809341901321249,0.4900737641119168,0.05249079110811994
2026-01-20,4255418840.770315,2226408339.6865263,1271565434.48,1581565435.48,310000001,2029010501.083788,644842904.2065263,0.7103662914336196,0.5711285804198136,1.5956791888681223,0.4768062973365265,0.052562790736342305
2026-01-21,4348381860.954133,2146264585.2580714,1371565434.4799998,1731565435.4799998,360000001,2202117275.696062,414699149.77807164,0.8067809753622677,0.6390476942595034,1.6055502860721687,0.5064222384583464,0.05270320441128676
2026-01-22,4322703236.920792,2145958402.7800093,1371565434.48,1731565435.48,360000001,2176744834.140782,414392967.30000925,0.8068960857940309,0.6391388727307985,1.5870513935531254,0.503561016067194,0.05277216603181264
2026-01-23,4339404432.427543,2158514600.167901,1371565434.48,1781565435.48,410000001,2180889832.259642,376949164.687901,0.825366404907069,0.6354209669804004,1.5900734864220898,0.5025781455082333,0.052777112883574256
2026-01-24,4344613300.424275,2167156690.253768,1371565434.4799998,1781565435.4799998,410000001,2177456610.1705084,385591254.7737682,0.8220750458386945,0.6328870637957393,1.587570345118857,0.5011853667063689,0.0527634990863679
2026-01-25,4319656102.5215435,2223917646.2675166,1360350434.48,1770350435.48,410000001,2095738456.254027,453567210.7875166,0.7960503566538287,0.6116910114738855,1.5405871921929677,0.48516326450864145,0.05259883337485918
2026-01-26,4382993054.485878,2228647022.190958,1360350434.4799998,1900350435.4799998,540000001,2154346032.29492,328296586.71095824,0.8526924257443812,0.6103929518379516,1.583669896880967,0.4915239439154492,0.05244040959700589
2026-01-27,4472449774.235053,2284892953.339666,1360350434.48,1900350435.48,540000001,2187556820.8953867,384542517.8596659,0.8317021734879932,0.595367250133829,1.6080833037198903,0.489118253154567,0.052455737363760205
2026-01-28,4467382294.517221,2278475458.7443714,1360350434.48,1900350435.48,540000001,2188906835.772851,378125023.2643714,0.8340447241539527,0.5970441460140482,1.609075706003336,0.4899752677220566,0.05242704244122284
2026-01-29,4427449721.646778,2342448875.9380913,1360350434.48,1908350435.48,548000001,2085000845.7086868,434098440.45809126,0.8146817866903303,0.5807385802327123,1.532693924198795,0.47092592277551065,0.05236196102250359
2026-01-30,4408518745.012147,2357348093.829638,1351327434.48,1899327435.48,548000001,2051170651.1825092,458020658.349638,0.8057051228248778,0.573240514634687,1.5178931462838343,0.46527434039000726,0.052303109621215
2026-01-31,4404934530.883081,2412440060.611538,1322973036.1,1870973037.1,548000001,1992494470.271544,541467023.511538,0.7755521339774636,0.5483962307294112,1.5060733785967628,0.45233236868837134,0.05205294253140621
2026-02-01,4383665101.0191965,2418461342.382587,1322328136.1,1870328137.1,548000001,1965203758.6366098,548133205.282587,0.7733545723155597,0.5467642227422526,1.4861695104156756,0.4483015269984248,0.05188626155574948
2026-02-02,4419734936.698154,2394283732.8890953,1322328136.1,1870328137.1,548000001,2025451203.80906,523955595.7890954,0.7811639495387386,0.5522854780892633,1.5317311554625253,0.4582743609783557,0.051879034099985934
2026-02-03,4203775109.1556473,2492019017.4627285,1112829216.1,1835829217.1,723000001,1711756091.692918,656189800.3627286,0.7366834700038388,0.44655727275831025,1.5382019692939999,0.4071949729101313,0.05189461448550689
2026-02-04,4034846202.7658505,2502827166.6746845,1005369287.78,1728369288.7799997,723000001,1532019036.091165,774457877.8946848,0.6905667765610648,0.40169345337407275,1.5238371160850592,0.37969700927905997,0.05168026850545416
2026-02-05,3836272394.678873,2446293588.898167,909287765.4599999,1632287766.4599998,723000001,1389978805.780706,814005822.4381673,0.6672493333865119,0.37170017923709286,1.528645670358854,0.3623253676429977,0.05152448882224865
2026-02-06,3906387055.6136866,2281500906.8364015,891588635.028,1639588636.028,748000001,1624886148.777285,641912270.8084013,0.7186447443939453,0.3907903925685061,1.8224617104122869,0.4159562597470307,0.05165406765380798
2026-02-07,3894400858.8613696,2311431670.3505063,891588635.028,1639588636.028,748000001,1582969188.510863,671843034.3225062,0.7093390027745757,0.3857300418890597,1.775447921070854,0.40647309968334533,0.05153980352142865
2026-02-08,3934930007.834645,2325699489.8033004,891588635.028,1639588636.028,748000001,1609230518.031345,686110853.7753003,0.7049873138023824,0.38336364562018604,1.8049024570404126,0.40896039188175787,0.051387461606201036
2026-02-09,4031205728.6349177,2422305945.583166,894588635.028,1652588636.0279999,758000001,1608899783.0517511,769717309.5551662,0.6822377821601482,0.3693128180852602,1.7984800164618608,0.3991113059855099,0.05124973354141024
2026-02-10,4036664568.8473945,2402710613.576998,924588635.028,1852588636.0279999,928000001,1633953955.270396,550121977.5489984,0.7710411006467347,0.3848106508555073,1.7672226256825163,0.4047782339608529,0.05108908050473701
2026-02-11,3780396474.8098955,2371656152.318355,867088635.028,1740088636.0279999,873000001,1408740322.491541,631567516.2903552,0.7337019046066262,0.36560469956000935,1.6246785686979393,0.3726435393426247,0.05088318451299325
2026-02-12,3752953760.6159997,2363731964.8208065,867088635.028,1740088636.0279999,873000001,1389221795.7951922,623643328.7928066,0.7361615707388022,0.36683035468183195,1.6021681517603232,0.37016757583689736,0.05070800252026653
2026-02-13,3802493328.3794546,2359432617.6113663,867088635.028,1780088636.028,913000001,1443060710.7680883,579343981.5833662,0.7544562293243703,0.3674987912584764,1.6642597451660626,0.37950381135398115,0.050473745915433924
2026-02-14,3861990131.9760957,2373462509.0259833,867088635.028,1780088636.0279999,913000001,1488527622.9501119,593373872.9979835,0.7499965258598119,0.36532645101010425,1.7166960363885342,0.38543019844239346,0.050184020312073196
2026-02-15,3843540905.3789907,2376416673.521453,867088635.028,1780088636.028,913000001,1467124231.8575377,596328037.4934528,0.7490641922614547,0.364872307406899,1.6920118343036077,0.3817116216466734,0.04986623018784007
2026-02-16,3844448448.540376,2381794524.361751,867088635.028,1780088636.0279999,913000001,1462653924.1786249,601705888.3337512,0.7473728811703477,0.3640484626860722,1.6868562971435934,0.3804587169673068,0.049709891298677505
2026-02-17,3849014199.3514733,2405530816.8922467,867088635.028,1780088636.0279999,913000001,1443483382.4592257,625442180.8642468,0.7399982671299684,0.3604562572797172,1.6647472059331199,0.37502677509021415,0.04939829879663208
2026-02-18,3821092657.36998,2412063226.7787795,867088635.028,1798088636.0279999,931000001,1409029430.5912,613974590.7507796,0.745456676286749,0.3594800606391917,1.6250119926271434,0.36875039600872206,0.04918113541956895
2026-02-19,3833621499.056707,2429540266.179575,858713635.028,1789713636.0279999,931000001,1404081232.8771324,639826630.1515751,0.7366470360428743,0.3534469656591935,1.63509833267216,0.36625452805463915,0.04898298455722917
2026-02-20,3863613165.421411,2434041890.43669,858713635.028,1782113636.0279999,923400001,1429571274.9847212,651928254.40869,0.732162270103031,0.3527932852765894,1.664782317027151,0.37000890456091906,0.04871288906029655
2026-02-21,3863914701.240164,2433088430.3074884,858713635.028,1782113636.0279999,923400001,1430826270.9326756,650974794.2794886,0.7324491842669196,0.3529315352173524,1.6662438006891795,0.37030482853915925,0.048461835371602424
2026-02-22,3840425658.310379,2426372502.507324,858713635.028,1782113636.0279999,923400001,1414053155.8030546,644258866.4793243,0.7344765217156183,0.3539084102464221,1.6467109617479716,0.36820219465598947,0.04824330088234903
2026-02-23,3771844361.3652687,2414258784.981162,858713635.028,1782113636.028,923400001,1357585576.3841062,632145148.953162,0.7381618106204408,0.35568417121228385,1.5809526261217914,0.35992619162385325,0.04791524845837755
2026-02-24,3749166879.0831566,2399476143.896734,858713635.028,1782113636.028,923400001,1349690735.186422,617362507.8687341,0.7427094620469361,0.3578754626138747,1.5717588263780309,0.35999750843752343,0.047597138885988655
2026-02-25,3883156234.2128177,2437399401.3352275,858713635.028,1818113636.0279999,959400001,1445756832.8775907,619285765.3072276,0.7459235589505857,0.3523073135070065,1.6836309264268863,0.3723148762698883,0.04730980687862765
2026-02-26,3835986301.6960716,2432405956.220872,849713635.028,1799113636.0279999,949400001,1403580345.4751997,633292320.192872,0.7396436566958617,0.34933051896820905,1.6518274953054608,0.36589816414480164,0.047022233776195875
2026-02-27,3788056694.946403,2428578164.1077847,849713635.028,1799113636.0279999,949400001,1359478530.8386176,629464528.0797849,0.7408094425854979,0.34988111463160143,1.5999255217245274,0.3588854762000474,0.046742458200628695
2026-02-28,3827737155.1053624,2436174834.9907317,849713635.028,1799113636.0279999,949400001,1391562320.1146307,637061198.9627318,0.7384993926492326,0.348790087978736,1.6376838769555293,0.36354698970345745,0.04655354242283768
2026-03-01,3795823703.4625726,2443812351.040604,849713635.028,1799113636.0279999,949400001,1352011352.421969,644698715.0126042,0.7361913999910492,0.34770003296946345,1.5911376453049586,0.35618391633643476,0.046360116927638154
2026-03-02,3873314140.8075366,2441749223.611382,849713635.028,1836113636.028,986400001,1431564917.1961544,605635587.5833819,0.7519665075647538,0.34799381804297713,1.6847616163638248,0.3695969046542895,0.04607066191030529
2026-03-03,3788952183.460039,2385330756.1138263,849713635.028,1836113636.028,986400001,1403621427.3462133,549217120.0858262,0.769752216258424,0.3562246589283706,1.6518758432068243,0.37045107971366326,0.04583228594025835
2026-03-04,3789471616.7354965,2302060082.6953764,849713635.028,1853713636.0279999,1004000001,1487411534.0401194,448346446.6673765,0.8052412054587088,0.3691101033440923,1.7504856609616555,0.39251159118628653,0.04558944712967878
2026-03-05,3730096512.0380254,2272608650.061029,849713635.028,1683713636.0279999,834000001,1457487861.976996,588895014.0330291,0.7408726689405082,0.37389351440037055,1.7152694765560264,0.39073730593117106,0.045510761781253024
2026-03-06,3701252507.498574,2279895682.79967,859713635.028,1658713636.028,799000001,1421356824.6989036,621182046.7716701,0.7275392679331407,0.377084636597183,1.653291010852249,0.38402049625614504,0.04550060830101839
2026-03-07,3692344360.9763517,2299136046.91871,856713635.028,1655713636.0279999,799000001,1393208314.0576415,643422410.8907104,0.7201460036464473,0.37262415861652165,1.6262240462790198,0.37732350448733365,0.04546519637872759
2026-03-08,3694363017.5850115,2317438739.424362,856713635.028,1655713636.0279999,799000001,1376924278.160649,661725103.3963623,0.7144584268230837,0.36968124354424253,1.6072164861898655,0.37270952302373855,0.04539215565689011
2026-03-09,3785106423.9002905,2366456372.018371,856713635.028,1655713636.028,799000001,1418650051.8819199,710742735.990371,0.6996594805657996,0.36202384508669455,1.6559209447338306,0.3747979298347176,0.045288848545041435
2026-03-10,3926184735.956053,2487302335.6936107,856713635.028,1755713636.0279999,899000001,1438882400.262442,731588699.6656108,0.7058706176699667,0.3444348613089274,1.6795371772219023,0.36648362138570245,0.0451404257521871
2026-03-11,4052063014.5864625,2601293532.2453084,856713635.028,1851415636.0279999,994702001,1450769482.3411536,749877896.2173085,0.711728843007559,0.32934139281410774,1.6934123877854916,0.35803231023770576,0.04499020466542489
2026-03-12,4118371471.6239877,2672534021.9605255,856713635.028,1865415636.028,1008702001,1445837449.6634614,807118385.9325254,0.6979950940566747,0.32056229330975156,1.6876554668307655,0.3510701886960497,0.044945322332967795
2026-03-13,4200867120.7786674,2741513210.9373364,856713635.028,1906089636.028,1049376001,1459353909.841331,835423574.9093363,0.6952691777751088,0.31249662836207365,1.7034325709005844,0.3473934946961205,0.04485065087367985
2026-03-14,4229570826.746162,2770346607.3600984,856713635.028,1906089636.028,1049376001,1459224219.3860636,864256971.3320982,0.6880329092987896,0.3092442053106035,1.703281189563852,0.3450052686571642,0.044733022979418884
2026-03-15,4301556385.089115,2794026797.932957,856713635.028,1906089636.0279999,1049376001,1507529587.1561592,887937161.9049573,0.6822016300767552,0.3066232706364175,1.7596656870144112,0.3504614265622204,0.04459487775184096
2026-03-16,4377589706.890982,2821164991.5311003,856713635.028,1954717636.0279999,1098004001,1556424715.3598819,866447355.5031004,0.6928760430162354,0.30367370841470886,1.8167385830260694,0.3555437625663813,0.04452763567828894
2026-03-17,4437070474.59785,2900785809.361587,856713635.028,1994713636.028,1138000001,1536284665.236263,906072173.3335869,0.687645957723091,0.29533846734328445,1.7932300857871284,0.3462385089512248,0.0444481960691245
2026-03-18,4283268275.5348444,2896974048.826747,806713635.028,1944713636.0279999,1138000001,1386294226.7080975,952260412.7987471,0.6712913554802448,0.27846767745631446,1.7184465050723743,0.32365337343596423,0.04433537689196538
2026-03-19,4287634942.9438267,2914884080.5891256,806713635.028,2037213636.0279999,1230500001,1372750862.3547,877670444.5611258,0.6989003952487399,0.2767566780442794,1.7016581879232198,0.3201650515079042,0.0441948241133461
2026-03-20,4339342203.682971,2960529055.792986,806713635.028,2024213636.0279999,1217500001,1378813147.8899856,936315419.764986,0.6837337509210186,0.2724896867502351,1.7091729803750357,0.3177470416414111,0.04412090243954842
2026-03-21,4341358188.614304,2971423760.600712,806713635.028,2024213636.028,1217500001,1369934428.0135927,947210124.5727117,0.6812268458197894,0.2714906051854793,1.6981669436714604,0.31555434232687796,0.04398631066440291
2026-03-22,4162756714.1153493,2834545245.2549644,806713635.028,2024213636.0279999,1217500001,1328211468.8603854,810331609.2269645,0.714122887760052,0.2846007261229788,1.646447278425243,0.31907016433523455,0.04383645361559107
2026-03-23,4159886903.7600746,2786694341.0285444,806713635.028,1939713636.0279999,1133000001,1373192562.7315302,846980705.0005445,0.6960625740216878,0.28948766398623005,1.702205718493736,0.33010334042743256,0.04365360954346953
2026-03-24,4141797308.50785,2780194490.343465,806713635.028,1911713636.028,1105000001,1361602818.1643858,868480854.3154647,0.6876186693657634,0.2901644607346656,1.687839103050646,0.32874684991644976,0.04346527830560198
2026-03-25,4166578827.225032,2788772089.730731,806713635.028,1831713636.0279999,1025000001,1377806737.4943004,957058453.7027311,0.6568172575926993,0.2892719838952103,1.707925436820562,0.3306805882302072,0.04335124512658228
2026-03-26,4673458403.797959,2834588228.6010494,1206713635.028,2141713641.0279999,935000006,1838870175.1969104,692874587.5730495,0.7555642895211616,0.4257103810889485,1.5238662444998743,0.39347096225410366,0.04321507342346158
2026-03-27,4615308461.043131,2841685107.6282287,1206713635.0279999,2141713641.0279999,935000006,1773623353.414902,699971466.6002288,0.7536773287366629,0.42464720379773746,1.4697963973646058,0.38429140075591733,0.04315068745270909
2026-03-28,4652409730.891629,2858948021.664031,1206713635.028,2141713641.028,935000006,1793461709.2275987,717234380.6360309,0.7491264705755057,0.422083096958734,1.4862363838177597,0.38549092039747834,0.043114072547070455
2026-03-29,4615665302.166974,2847692135.503474,1206713635.0279999,2141713641.0279999,935000006,1767973166.663499,705978494.4754744,0.7520874937028061,0.4237514371667329,1.4651141044100957,0.3830375581681511,0.04306338267582833
2026-03-30,4602394222.87505,2850763318.751002,1186713635.028,2121713641.0279999,935000006,1751630904.1240497,729049677.723002,0.7442615902457946,0.41627925658448983,1.476035036946989,0.38059123562644986,0.042972214774282376
2026-03-31,4655286704.896133,2872375655.224101,1186713635.028,2148713641.028,962000006,1782911049.672032,723662014.1961012,0.7480614999364902,0.41314708710529485,1.5023936668849052,0.3829863041081616,0.04289222623982511
2026-04-01,4577900223.568616,2787910783.7368307,1186713635.0279999,2148713641.028,962000006,1789989439.8317857,639197142.7088308,0.7707253953614432,0.4256641360084576,1.508358366329508,0.3910066520489678,0.042909879271499245
2026-04-02,4029628619.8264394,2774087488.329992,786713635.028,1948713636.0279999,1162000001,1255541131.4964476,825373852.3019919,0.7024701435069486,0.28359366398411745,1.5959315761087087,0.3115773809325697,0.04290522937534857
2026-04-03,4029655324.709841,2775765969.5075545,786713635.028,1948713636.0279999,1162000001,1253889355.2022865,827052333.4795547,0.7020453660125097,0.2834221773990442,1.5938319858377175,0.31116541097533545,0.04279160949267574
2026-04-04,4038689567.817512,2778002258.004316,786713635.028,1948713636.028,1162000001,1260687309.813196,829288621.9763157,0.7014802203321221,0.28319402288505185,1.6024729376507205,0.31215256549031206,0.0426410279065217
2026-04-05,4045058728.691516,2772983641.10987,786713635.028,1948713636.0279999,1162000001,1272075087.5816455,824270005.0818701,0.7027497772212025,0.2837065546889136,1.6169480620942471,0.31447629636594493,0.04251520279454985
2026-04-06,4127950096.477159,2843532380.3501425,786713635.028,2548713636.028,1762000001,1284417716.1270168,294818744.3221426,0.8963195403156128,0.27666772513809984,1.6326369074324014,0.3111514640700608,0.042350512037736834
2026-04-07,4171802921.8675976,2834086758.169,791213635.028,2312713641.028,1521500006,1337716163.6985972,521373117.1410003,0.8160348776768428,0.27917763376417387,1.6907142451498036,0.32065660548982494,0.0422975319536936
2026-04-08,4120593690.9797335,2815072529.10318,781556645.028,2303056651.028,1521500006,1305521161.876554,512015878.07518005,0.8181162748803857,0.277632862723074,1.6704114412971085,0.31682841352070956,0.042165490329857544
2026-04-09,4120321963.7910457,2820943165.205724,772913645.028,2319413651.028,1546500006,1299378798.5853214,501529514.1777239,0.8222121167261629,0.2739912149104335,1.681143562342271,0.3153585593563137,0.04204942576679997
2026-04-10,4113699817.6050773,2800909039.9368153,772913645.028,2319413651.0280004,1546500006,1312790777.6682622,481495388.9088149,0.8280931718797706,0.27595099805363044,1.6984960559477564,0.3191265371503324,0.04194739214655802
2026-04-11,4122490812.484555,2801920555.786779,772913645.028,2319413651.028,1546500006,1320570256.6977763,482506904.75877905,0.8277942235862961,0.27585137752450156,1.708561189458541,0.3203330987903139,0.041901644530363186
2026-04-12,4082203073.3304243,2803047690.830645,772913645.028,2319413651.028,1546500006,1279155382.4997792,483634039.8026452,0.8274613587971716,0.27574045477583636,1.6549783934186333,0.3133492772215747,0.04184521824802181
2026-04-13,4133151906.4694014,2792290050.3314195,772913645.028,2435413651.0280004,1662500006,1340861856.1379821,356876399.3034191,0.8721922175452148,0.2768027787572649,1.7348145743880707,0.3244163017669887,0.04157983891394557
2026-04-14,4241162593.928311,2788845542.598493,872913645.028,2384413651.028,1511500006,1452317051.3298178,404431891.5704932,0.8549823267753776,0.31300178934064127,1.663757989810358,0.3424337122582777,0.04156257579208088
2026-04-15,4334278305.625057,2858170935.0668306,872913645.028,2469413651.028,1596500006,1476107370.5582273,388757284.03883076,0.8639838928913673,0.3054098809550693,1.6910119104746941,0.3405658950516686,0.04137947519251084
2026-04-16,4396096211.56249,2907046786.069415,872913645.028,2534413651.028,1661500006,1489049425.4930754,372633135.0414152,0.8718172900322502,0.3002750589398861,1.7058381822468955,0.33872084545752634,0.04149289149794902
2026-04-17,4259166063.373617,2726152618.617278,872913645.028,2301413651.028,1428500006,1533013444.7563396,424738967.5892782,0.8441983898154944,0.3201998446700124,1.7562028655276272,0.3599327713327205,0.0418456328835552
2026-04-18,3915076822.5490165,2417586308.511087,872913645.0280001,2134943651.0279999,1262030006,1497490514.0379293,282642657.48308706,0.8830889071103495,0.36106824478402977,1.715508197823961,0.3824932643500333,0.04227127010333327
2026-04-19,3668005907.3940015,2207279727.137671,872913645.028,2134943651.028,1262030006,1460726180.2563303,72336076.10967088,0.9672284055254411,0.39547033132948956,1.6733913928100819,0.3982344132303016,0.04329445217014156
2026-04-20,3359589759.3160253,1862980049.164606,872913645.028,1726990426.0279999,854076781,1496609710.1514194,135989623.13660622,0.9270042514960982,0.4685576989508987,1.71449915885255,0.4454739469309825,0.04394077217029781
2026-04-21,3314327281.0715904,1729709748.4154227,972913645.0280001,1549937926.0279999,577024281,1584617532.6561675,179771822.3874228,0.8960682145937429,0.5624721985404088,1.6287339999333268,0.4781113626605481,0.04390279951889348
2026-04-22,3247923402.8021927,1626209479.3531568,965414439.028,1414438720.0279999,449024281,1621713923.449036,211770759.32515693,0.86977645745283,0.5936593355808039,1.6798111338399002,0.4993079338169979,0.04429801438869647
2026-04-23,3273009845.129214,1609934957.386091,1003014439.028,1600053220.028,597038781,1663074887.7431226,9881737.358090878,0.9938620269640365,0.623015504089995,1.658076716577254,0.5081178995590423,0.044560072696139034
2026-04-24,3152142693.1938553,1504603689.792346,1003014439.0280001,1451010445.028,447996006,1647539003.4015088,53593244.764345884,0.9643804909372896,0.6666303198860483,1.6425875234638732,0.522672722576581,0.04510889633218193
2026-04-25,3154566604.0825615,1506024664.8160725,1003014439.028,1451010445.0279999,447996006,1648541939.266489,55014219.788072586,0.9634705718483094,0.6660013361404649,1.6435874451259704,0.5225890419092712,0.04533056124163461
2026-04-26,3168367666.4343696,1506933763.6543837,1003014439.0280001,1451010445.028,447996006,1661433902.7799861,55923318.62638354,0.9628893319831344,0.6655995526941038,1.6564406633966768,0.5243816620088594,0.04548025273293028
2026-04-27,3133108068.727521,1500550603.1099837,1003014439.0280001,1451010445.028,447996006,1632557465.6175373,49540158.08198357,0.9669853465925717,0.6684309325851396,1.6276510108863576,0.5210664393968968,0.045654718690058715
2026-04-28,3306988600.335805,1693480613.1005638,1003014439.028,1381010440.0279999,377996001,1613507987.2352417,312470173.0725639,0.8154864185303735,0.5922798473562674,1.6086587834157782,0.4879085422524286,0.04552966259666082
2026-04-29,3394121520.243927,1699174605.9978452,1082014439.0279999,1460010440.0279999,377996001,1694946914.246082,239164165.9698453,0.8592468571942932,0.6367882589632887,1.566473471249325,0.49937720383219236,0.04542739860056251
2026-04-30,3402352762.422089,1704174058.5280786,1086014439.028,1464010440.028,377996001,1698178703.89401,240163618.50007844,0.8590733045734122,0.6372673223097924,1.5636796739221133,0.4991189398847342,0.045407628779229145
2026-05-01,3734817684.1674333,1702945349.6869555,1286014439.0279999,1674010440.0279999,387996001,2031872334.4804776,28934909.658955574,0.983008902978434,0.7551707042533115,1.5799762995011275,0.5440352130423799,0.045473932688328986
2026-05-02,3764689037.8912067,1714682466.7044442,1286014439.028,1674010440.028,387996001,2050006571.1867628,40672026.67644405,0.9762801408037873,0.7500015099003561,1.5940774138867413,0.5445354318918928,0.04575856909430468
2026-05-03,3773533660.0146484,1715837601.3953052,1286014439.0279999,1674010440.0279999,387996001,2057696058.6193433,41827161.36730528,0.9756228903403843,0.7494965945391472,1.6000567304474425,0.5452968607179075,0.04623192000812763
2026-05-04,3807750313.289161,1732758867.8503847,1286014439.028,1684010440.028,397996001,2074991445.438776,48748427.822384596,0.9718665829811273,0.7421773813360402,1.613505558310141,0.5449389468098773,0.04643241958672316
2026-05-05,3809970046.253111,1727661166.878539,1286014439.0279999,1695010440.0279999,408996001,2082308879.3745723,32650726.850539207,0.9811011976905569,0.7443672773820073,1.6191955674684575,0.5465420604611851,0.04664977250989241
2026-05-06,3803061557.761362,1723620821.937144,1286014439.028,1707510440.028,421496001,2079440735.8242183,16110381.909143925,0.9906531751623667,0.7461121510371831,1.6169653098109134,0.5467807197547079,0.04707988911487379
2026-05-07,3768767227.673705,1731320445.270489,1287014439.0279999,1708510440.0279999,421496001,2037446782.403216,22810005.2424891,0.9868250818011189,0.7433715939436769,1.583079972235564,0.5406135904182234,0.0473120990720914
2026-05-08,3811682584.258974,1756360781.331614,1287014439.0279999,1735010445.0279999,447996006,2055321802.9273598,21350336.30361414,0.9878439916613106,0.7327733872833511,1.5969687212519648,0.5392164109926623,0.047593325018012334
2026-05-09,3830392873.3317103,1764106103.4285724,1287014439.028,1735010445.028,447996006,2066286769.9031372,29095658.4005723,0.9835068546364505,0.7295561398073869,1.6054884135283454,0.5394451269709737,0.04784331183382332
2026-05-10,3884518831.4451957,1777433311.3596342,1287014439.028,1735010445.028,447996006,2107085520.0855608,42422866.331634045,0.9761325130678556,0.7240859225505952,1.6371887184707175,0.5424315369586304,0.04809263350791317
2026-05-11,3933055623.249,1831055903.034327,1287014439.028,1796010445.028,508996006,2101999720.214673,35045458.006326914,0.9808605199064367,0.7028810190312754,1.633237092353198,0.5344444425828544,0.048314113326637445
2026-05-12,3932035063.7227936,1864105410.7047536,1287014439.028,1806010445.028,518996006,2067929653.0180402,58094965.67675352,0.9688349353297624,0.6904193462650937,1.6067649206638392,0.5259184161649246,0.04848681320512752
2026-05-13,3785821176.53961,1809815327.8991146,1237014439.028,1756010450.028,518996011,1976005848.6404939,53804877.87111449,0.9702705148742592,0.6835031287219574,1.5973991784551567,0.5219490716797779,0.04883711174045931
2026-05-14,3865366297.4707856,1824982435.2599146,1237014446.0279999,1744010457.0279999,506996011,2040383862.2108705,80971978.23191476,0.9556313657230445,0.6778226585242854,1.6494422266146165,0.5278630031896199,0.048913311910208944
2026-05-15,3917493815.563217,1842076475.3095176,1301989844.578,1808985855.578,506996011,2075417340.2536998,33090619.731517553,0.9820362399851192,0.7068055327937627,1.5940349680118915,0.5297819059748324,0.04904499492507927
2026-05-16,3883025289.9516234,1833473068.8158264,1301989844.578,1808985855.578,506996011,2049552221.1357973,24487213.237826347,0.9866443561924574,0.710122153808841,1.5741691301748184,0.5278235571732091,0.04899890538589486
2026-05-17,3882012930.970359,1836592224.4270692,1301989844.578,1808985855.578,506996011,2045420706.54329,27606368.84906912,0.984968699920484,0.7089161258886196,1.5709958991318016,0.5268969328322177,0.04909413120459275
2026-05-18,3843068530.1472836,1836254902.3827631,1295439844.578,1752935855.578,457496011,2006813627.7645197,83319046.80476308,0.9546255551467029,0.7054793116669205,1.5491368712827074,0.5221904350708025,0.04922369475549247
2026-05-19,3825644591.6461053,1838433039.1692243,1297239844.578,1773735855.578,476496011,1987211552.4768815,64697183.59122419,0.9648085177905308,0.7056225692964124,1.5318767464495615,0.5194448948070789,0.04835197300559857
2026-05-20,3751442467.9267974,1844837251.1081967,1242313402.368,1783809413.3679998,541496011,1906605216.8186007,61027837.74019694,0.9669196631282584,0.6733999986295487,1.5347216034089142,0.5082325620396012,0.0483396410874892
2026-05-21,3759254456.716135,1844914386.0229318,1242313402.368,1783809413.368,541496011,1914340070.6932032,61104972.65493178,0.9668792367180489,0.6733718441244559,1.540947772956678,0.5092339698562088,0.04857475639301798
2026-05-22,3711041333.793753,1842723617.0088964,1242313402.368,1799809413.3679998,557496011,1868317716.7848566,42914203.64089656,0.9767115354441732,0.6741723994315109,1.5039020855958056,0.5034483716932621,0.04840736164025762
2026-05-23,3734630366.9962053,1843982789.7972376,1242313402.368,1799809413.368,557496011,1890647577.198968,44173376.429237604,0.9760445831307922,0.6737120374667941,1.521876503622326,0.5062475777809389,0.04831322102991718
2026-05-24,3741342106.7203646,1846666594.604481,1242313402.368,1799809413.3679998,557496011,1894675512.1158838,46857181.23648119,0.974626074152537,0.6727329156209049,1.5251187892720166,0.5064160020845417,0.04825643966630993
2026-05-25,3743862728.5832653,1843098590.9032524,1242613402.368,1800109413.368,557496011,1900764137.680013,42989177.53525233,0.9766755952462725,0.6741980100798781,1.5296504399983137,0.5077013436332082,0.048119409615702796
2026-05-26,3851354046.5663447,1836782281.113677,1362613402.368,1802609418.368,439996016,2014571765.4526684,34172862.745676994,0.9813952567503225,0.7418480765950229,1.4784617279939203,0.5230814256738483,0.047984955598509176
2026-05-27,3830707350.790413,1842857745.7468326,1362613402.368,1802609418.3679998,439996016,1987849605.0435798,40248327.37883282,0.978159829497571,0.7394023795449226,1.4588507654401617,0.5189249459720318,0.04788708480983006
2026-05-28,3843869769.4327645,1852949610.099725,1364613402.368,1804609418.368,439996016,1990920159.3330393,48340191.73172498,0.9739117612976408,0.7364546747143097,1.4589627772072409,0.5179468293034384,0.047825419618281045
2026-05-29,3869019293.078661,1877830986.6386259,1364613402.368,1832809418.368,468196016,1991188306.440035,45021568.27062583,0.9760246962634184,0.7266966047943959,1.4591592776274553,0.5146493608863874,0.0478233000247226
2026-05-30,3877823871.1888146,1872229599.745474,1364613402.368,1832809418.3679998,468196016,2005594271.4433403,39420181.37747431,0.9789447932118831,0.7288707552500594,1.4697160880605837,0.5171958134417514,0.047876395742468145
2026-05-31,3868281481.9315414,1861707647.4551141,1364613402.368,1832809418.3679998,468196016,2006573834.476427,28898229.087114334,0.9844775686845262,0.7329901685870907,1.470433919961829,0.5187248766277702,0.04784467321925725
2026-06-01,3795904501.630733,1853478921.6589441,1364613402.368,1804609418.3679998,439996016,1942425579.971789,48869503.29094434,0.9736336341784756,0.7362443599556081,1.4234255479252345,0.5117161348862482,0.047568993705984185
2026-06-02,3738977057.6956344,1845697533.8014593,1361628402.368,1813124418.368,451496016,1893279523.8941753,32573115.433459282,0.9823518670654716,0.7377310623390959,1.3904524322506668,0.5063629689830247,0.047209601853821885
2026-06-03,3684456853.7698708,1813057882.8027115,1354628402.368,1781924418.368,427296016,1871398970.9671597,31133464.434711456,0.9828282016089945,0.7471512163053232,1.381485112593094,0.5079171897622787,0.047176381910094586
2026-06-04,3649016534.2108355,1796589385.5680976,1355628402.368,1771424418.368,415796016,1852427148.6427379,25164967.20009756,0.9859929222546642,0.7545566133573355,1.3664711844388433,0.5076510701652269,0.04712662794594664
2026-06-05,3615347902.558492,1769578560.1492677,1337132252.088,1730528268.088,393396016,1845769342.409225,39050292.061267614,0.9779324337779196,0.7556218651152793,1.3803940033059274,0.5105371300789668,0.04687701200347121
2026-06-06,3565935413.257721,1756077909.1190073,1334768311.0879998,1728164327.0879998,393396016,1809857504.1387138,27913582.03100753,0.9841045879080551,0.7600849052065287,1.3559338269451857,0.5075407415989309,0.046823687883056735
2026-06-07,3627301511.4079795,1742101588.4585977,1334768311.0879998,1728164327.0879998,393396016,1885199922.9493823,13937261.37059784,0.9919997424588026,0.7661828219036272,1.4123798919175068,0.519725177799631,0.046763981884038255
2026-06-08,3670795859.879506,1745518471.8665679,1344768311.0879998,1694264327.0879998,349496016,1925277388.0129387,51254144.77856803,0.9706367216362027,0.7704119622692813,1.4316796225330977,0.5244850058417947,0.04678939676550714
2026-06-09,3614283300.248499,1744134454.1057155,1350568311.0879998,1700064327.0879998,349496016,1870148846.1427827,44070127.01771569,0.9747323797692465,0.7743487366520077,1.3847125175299098,0.5174328326764538,0.04672070790803604
2026-06-10,3639594145.387097,1741065172.1972125,1368168311.088,1717664327.088,349496016,1898528973.1898851,23400845.1092124,0.9865594663066629,0.785822571685459,1.387642849058629,0.5216320549356096,0.04667727288603353
2026-06-11,3698256655.1272545,1732608644.3097498,1373968311.0879998,1691964327.0879998,317996016,1965648010.8175042,40644317.22175002,0.976541547708864,0.793005573186074,1.4306356230741397,0.5315066514089373,0.04672880953183094
2026-06-12,3975481237.731978,1850290204.4725008,1480293311.088,1798289327.088,317996016,2125191033.2594771,52000877.38450074,0.97189582625536,0.8000330475240325,1.4356553646097907,0.5345745347981831,0.04675968803229269
2026-06-13,3984899524.343994,1855307526.3695884,1458753311.448,1776749327.4480002,317996016,2129591997.9744058,78558198.92158818,0.9576575862464652,0.7862595773016918,1.459871234746684,0.5344154814856933,0.046740304955222314
2026-06-14,4007712831.3224382,1845698653.5407937,1458753304.2380002,1776749319.2380002,317996015,2162014177.781644,68949334.3027935,0.9626432331353112,0.7903529113160068,1.4820971931995053,0.5394633469954075,0.046670855622886684
2026-06-15,4080657352.433072,1875889825.5924978,1442053304.2380002,1826749319.2380002,384696015,2204767526.840575,49140506.35449767,0.9738041617988004,0.7687302764609478,1.5289084809563287,0.5402971473520053,0.046536541585186664
2026-06-16,3985450062.1549497,1873214849.5168147,1406038520.238,1836734535.238,430696015,2112235212.638136,36480314.27881479,0.9805252908985722,0.7506018439906558,1.5022598472484225,0.5299866212590408,0.046694533567870435
2026-06-17,3929756029.834738,1865720249.5512834,1407663520.2380002,1818359530.2380002,410696010,2064035780.283454,47360719.313283205,0.9746153158145366,0.7544879895989506,1.46628491156358,0.5252325499632238,0.046680217428127765
2026-06-18,3946951938.9901447,1899847724.6626132,1431163520.2380002,1878859530.2380002,447696010,2047104214.327531,20988194.424613,0.9889526964965888,0.7533043315311785,1.4303775811635424,0.5186544569000495,0.046608860799777364
2026-06-19,3958067521.33012,1908314937.4324243,1431163520.238,1875109530.238,443946010,2049752583.897696,33205407.19442439,0.982599618887278,0.7499619125570457,1.4322280821948465,0.5178670077889097,0.04675954425904968
2026-06-20,4015699168.2971153,1935346971.720594,1431163520.2380002,1875109530.238,443946010,2080352196.576521,60237441.48259401,0.9688751203981575,0.7394867903018153,1.4536090161315471,0.5180547918032188,0.0466224551455928
2026-06-21,3988374285.985636,1927628966.7428703,1431163520.238,1875109530.238,443946010,2060745319.242766,52519436.504870415,0.9727543850964157,0.7424476104736318,1.4399090600772633,0.5166880466770183,0.04670850886574878
2026-06-22,3980172249.246178,1915262115.2410228,1431163520.2380002,1879609530.238,448446010,2064910134.005156,35652585.00302291,0.9813850100624288,0.7472415962542536,1.4428191501567653,0.5187991887527577,0.04691158481367258
