date,pool_name,deposits_usd
2022-12-11,M11 Credit Maple Pool WETH1,191194.17146469
2022-12-11,M11 Credit Maple Pool USDC2,10261071.2200837
2022-12-12,M11 Credit Maple Pool USDC2,10271532.1922597
2022-12-12,M11 Credit Maple Pool WETH1,2617534.53784105
2022-12-13,M11 Credit Maple Pool WETH1,2711241.37024657
2022-12-14,M11 Credit Maple Pool WETH1,2715141.28765123
2022-12-15,M11 Credit Maple Pool WETH1,2719041.20505588
2022-12-16,M11 Credit Maple Pool WETH1,2722941.12246054
2022-12-17,M11 Credit Maple Pool WETH1,2726841.0398652
2022-12-18,M11 Credit Maple Pool WETH1,2730740.95726986
2022-12-19,M11 Credit Maple Pool WETH1,2734640.87467451
2022-12-20,M11 Credit Maple Pool WETH1,2738540.79207917
2022-12-21,M11 Credit Maple Pool WETH1,3383943.31727005
2022-12-22,M11 Credit Maple Pool WETH1,3387732.5374886
2022-12-23,M11 Credit Maple Pool WETH1,12056731.0900852
2022-12-24,M11 Credit Maple Pool WETH1,12058525.9894276
2022-12-25,M11 Credit Maple Pool WETH1,12060320.8887701
2022-12-26,M11 Credit Maple Pool WETH1,12053310.578169
2022-12-27,M11 Credit Maple Pool WETH1,12055105.4775115
2022-12-28,M11 Credit Maple Pool WETH1,12056900.376854
2022-12-29,M11 Credit Maple Pool WETH1,12058695.2761964
2022-12-30,M11 Credit Maple Pool WETH1,19860504.7953059
2022-12-31,M11 Credit Maple Pool WETH1,19860504.7953059
2023-01-01,M11 Credit Maple Pool WETH1,19860504.7953059
2023-01-02,M11 Credit Maple Pool WETH1,19860504.7953059
2023-01-03,M11 Credit Maple Pool WETH1,19860504.7953059
2023-01-04,M11 Credit Maple Pool WETH1,19860504.7953059
2023-01-05,M11 Credit Maple Pool WETH1,19860504.7953059
2023-01-06,M11 Credit Maple Pool WETH1,19860504.7953059
2023-01-07,M11 Credit Maple Pool WETH1,19860504.7953059
2023-01-08,M11 Credit Maple Pool WETH1,19860504.7953059
2023-01-09,M11 Credit Maple Pool WETH1,19860504.7953059
2023-01-10,M11 Credit Maple Pool WETH1,19860504.7953059
2023-01-11,M11 Credit Maple Pool WETH1,19860504.7953059
2023-01-12,M11 Credit Maple Pool WETH1,19860504.7953059
2023-01-13,M11 Credit Maple Pool WETH1,19860504.7953059
2023-01-14,M11 Credit Maple Pool WETH1,19860504.7953059
2023-01-15,M11 Credit Maple Pool WETH1,19860504.7953059
2023-01-16,M11 Credit Maple Pool WETH1,19860504.7953059
2023-01-17,M11 Credit Maple Pool WETH1,19860504.7953059
2023-01-18,M11 Credit Maple Pool WETH1,19860504.7953059
2023-01-19,M11 Credit Maple Pool WETH1,19860504.7953059
2023-01-20,M11 Credit Maple Pool WETH1,19860504.7953059
2023-01-21,M11 Credit Maple Pool WETH1,19860504.7953059
2023-01-22,M11 Credit Maple Pool WETH1,19860504.7953059
2023-01-23,M11 Credit Maple Pool WETH1,19860504.7953059
2023-01-24,M11 Credit Maple Pool WETH1,19860504.7953059
2023-01-25,M11 Credit Maple Pool WETH1,19860504.7953059
2023-01-26,M11 Credit Maple Pool WETH1,19860504.7953059
2023-01-26,AQRU Maple Pool USDC1,2160222.16831541
2023-01-27,M11 Credit Maple Pool WETH1,19860504.7953059
2023-01-27,AQRU Maple Pool USDC1,2160800.63140678
2023-01-28,M11 Credit Maple Pool WETH1,19860504.7953059
2023-01-28,AQRU Maple Pool USDC1,2161379.09449814
2023-01-29,AQRU Maple Pool USDC1,2161957.55758951
2023-01-29,M11 Credit Maple Pool WETH1,19860504.7953059
2023-01-30,M11 Credit Maple Pool WETH1,19860504.7953059
2023-01-30,AQRU Maple Pool USDC1,2162536.02068088
2023-01-31,M11 Credit Maple Pool WETH1,19860504.7953059
2023-01-31,AQRU Maple Pool USDC1,2163114.48377224
2023-02-01,AQRU Maple Pool USDC1,2163692.94686361
2023-02-01,M11 Credit Maple Pool WETH1,19860504.7953059
2023-02-02,M11 Credit Maple Pool WETH1,19860504.7953059
2023-02-02,AQRU Maple Pool USDC1,2164271.40995498
2023-02-03,M11 Credit Maple Pool WETH1,19860504.7953059
2023-02-03,AQRU Maple Pool USDC1,2164849.87304634
2023-02-04,M11 Credit Maple Pool WETH1,19860504.7953059
2023-02-04,AQRU Maple Pool USDC1,2165428.33613771
2023-02-05,AQRU Maple Pool USDC1,5166006.79923608
2023-02-05,M11 Credit Maple Pool WETH1,19860504.7953059
2023-02-06,AQRU Maple Pool USDC1,5166918.34879922
2023-02-06,M11 Credit Maple Pool WETH1,19860504.7953059
2023-02-07,M11 Credit Maple Pool WETH1,19860504.7953059
2023-02-07,AQRU Maple Pool USDC1,5168300.23654808
2023-02-08,AQRU Maple Pool USDC1,5169682.12429695
2023-02-08,M11 Credit Maple Pool WETH1,19860504.7953059
2023-02-09,M11 Credit Maple Pool WETH1,19860504.7953059
2023-02-09,AQRU Maple Pool USDC1,5171064.01204582
2023-02-10,M11 Credit Maple Pool WETH1,19860504.7953059
2023-02-10,AQRU Maple Pool USDC1,5172445.89979468
2023-02-11,M11 Credit Maple Pool WETH1,19860504.7953059
2023-02-11,AQRU Maple Pool USDC1,5173827.78754355
2023-02-12,M11 Credit Maple Pool WETH1,19860504.7953059
2023-02-12,AQRU Maple Pool USDC1,5175209.67529242
2023-02-13,AQRU Maple Pool USDC1,5176591.56304128
2023-02-13,M11 Credit Maple Pool WETH1,19860504.7953059
2023-02-14,M11 Credit Maple Pool WETH1,19860504.7953059
2023-02-14,AQRU Maple Pool USDC1,5177973.45079015
2023-02-15,M11 Credit Maple Pool WETH1,27827743.6596623
2023-02-15,M11 Credit Maple Pool USDC1,16080221.1337003
2023-02-15,AQRU Maple Pool USDC1,5179355.33853902
2023-02-16,AQRU Maple Pool USDC1,5180737.22628788
2023-02-16,M11 Credit Maple Pool USDC1,16080837.4654746
2023-02-16,M11 Credit Maple Pool WETH1,27828919.509571
2023-02-17,M11 Credit Maple Pool WETH1,27830095.3594798
2023-02-17,AQRU Maple Pool USDC1,5182119.11403675
2023-02-17,M11 Credit Maple Pool USDC1,16081453.7972489
2023-02-18,M11 Credit Maple Pool WETH1,27831271.2093885
2023-02-18,AQRU Maple Pool USDC1,5183501.00178562
2023-02-18,M11 Credit Maple Pool USDC1,16082070.1290231
2023-02-19,M11 Credit Maple Pool WETH1,27832447.0592973
2023-02-19,M11 Credit Maple Pool USDC1,16082686.4607974
2023-02-19,AQRU Maple Pool USDC1,5184882.88953448
2023-02-20,M11 Credit Maple Pool WETH1,27833622.909206
2023-02-20,M11 Credit Maple Pool USDC1,16083302.7925717
2023-02-20,AQRU Maple Pool USDC1,5186264.77728335
2023-02-21,M11 Credit Maple Pool WETH1,27834798.7591148
2023-02-21,AQRU Maple Pool USDC1,5187646.66503222
2023-02-21,M11 Credit Maple Pool USDC1,16083919.1243459
2023-02-22,M11 Credit Maple Pool USDC1,16084535.4561202
2023-02-22,AQRU Maple Pool USDC1,5189028.55278108
2023-02-22,M11 Credit Maple Pool WETH1,27835974.6090236
2023-02-23,AQRU Maple Pool USDC1,5190410.44052995
2023-02-23,M11 Credit Maple Pool USDC1,16085151.7878945
2023-02-23,M11 Credit Maple Pool WETH1,27837150.4589323
2023-02-24,M11 Credit Maple Pool USDC1,7147101.57078274
2023-02-24,M11 Credit Maple Pool WETH1,1278283.37725873
2023-02-24,AQRU Maple Pool USDC1,5191792.32827971
2023-02-25,M11 Credit Maple Pool WETH1,1262527.11831485
2023-02-25,M11 Credit Maple Pool USDC1,5509843.369846
2023-02-25,AQRU Maple Pool USDC1,5193174.21602857
2023-02-26,M11 Credit Maple Pool WETH1,1263702.9682236
2023-02-26,AQRU Maple Pool USDC1,5194556.10377744
2023-02-26,M11 Credit Maple Pool USDC1,5510459.70162027
2023-02-27,M11 Credit Maple Pool USDC1,5511076.03339454
2023-02-27,AQRU Maple Pool USDC1,5195937.99152631
2023-02-27,M11 Credit Maple Pool WETH1,1264878.81813236
2023-02-28,AQRU Maple Pool USDC1,5197319.87927517
2023-02-28,M11 Credit Maple Pool USDC1,5899275.16516766
2023-02-28,M11 Credit Maple Pool WETH1,2005254.27279612
2023-03-01,AQRU Maple Pool USDC1,5198701.76702404
2023-03-01,M11 Credit Maple Pool USDC1,5830554.71939893
2023-03-01,M11 Credit Maple Pool WETH1,1999693.12930349
2023-03-02,AQRU Maple Pool USDC1,5200083.65477291
2023-03-02,M11 Credit Maple Pool USDC1,5831171.05117319
2023-03-02,M11 Credit Maple Pool WETH1,2000868.97921225
2023-03-03,AQRU Maple Pool USDC1,5201465.54252177
2023-03-03,M11 Credit Maple Pool USDC1,5831787.38294746
2023-03-03,M11 Credit Maple Pool WETH1,2002044.829121
2023-03-04,M11 Credit Maple Pool WETH1,2003220.67902976
2023-03-04,AQRU Maple Pool USDC1,5202847.43027064
2023-03-04,M11 Credit Maple Pool USDC1,5832403.71472173
2023-03-05,M11 Credit Maple Pool WETH1,2004396.52893852
2023-03-05,AQRU Maple Pool USDC1,5204229.31801951
2023-03-05,M11 Credit Maple Pool USDC1,5833020.04649599
2023-03-06,M11 Credit Maple Pool WETH1,2001832.97238718
2023-03-06,AQRU Maple Pool USDC1,5205611.20576837
2023-03-06,M11 Credit Maple Pool USDC1,3112831.02945326
2023-03-07,M11 Credit Maple Pool WETH1,1934628.5256382
2023-03-07,M11 Credit Maple Pool USDC1,3112204.14239353
2023-03-07,AQRU Maple Pool USDC1,5206993.09351676
2023-03-08,M11 Credit Maple Pool WETH1,1935804.37554695
2023-03-08,AQRU Maple Pool USDC1,8208532.31859391
2023-03-08,M11 Credit Maple Pool USDC1,3112820.47416779
2023-03-09,AQRU Maple Pool USDC1,8210717.63100028
2023-03-09,M11 Credit Maple Pool WETH1,1936980.22545571
2023-03-09,M11 Credit Maple Pool USDC1,3113436.80594206
2023-03-10,AQRU Maple Pool USDC1,8212902.94340665
2023-03-10,M11 Credit Maple Pool USDC1,3114053.13771633
2023-03-10,M11 Credit Maple Pool WETH1,1938156.07536447
2023-03-11,M11 Credit Maple Pool WETH1,207219.511627128
2023-03-11,M11 Credit Maple Pool USDC1,3114669.46949059
2023-03-11,AQRU Maple Pool USDC1,8215088.25581301
2023-03-12,M11 Credit Maple Pool WETH1,208674.568100268
2023-03-12,AQRU Maple Pool USDC1,8217273.56821938
2023-03-12,M11 Credit Maple Pool USDC1,3115285.80126486
2023-03-13,AQRU Maple Pool USDC1,8219458.88062575
2023-03-13,M11 Credit Maple Pool WETH1,210129.624573409
2023-03-13,M11 Credit Maple Pool USDC1,3115902.13303913
2023-03-14,M11 Credit Maple Pool USDC1,3116518.46481339
2023-03-14,AQRU Maple Pool USDC1,8221644.19303211
2023-03-14,M11 Credit Maple Pool WETH1,211584.681046549
2023-03-15,AQRU Maple Pool USDC1,8223829.50543848
2023-03-15,M11 Credit Maple Pool WETH1,213039.73751969
2023-03-15,M11 Credit Maple Pool USDC1,3117134.79658766
2023-03-16,M11 Credit Maple Pool USDC1,3118449.85295465
2023-03-16,M11 Credit Maple Pool WETH1,215815.067805428
2023-03-16,AQRU Maple Pool USDC1,8226014.81784485
2023-03-17,M11 Credit Maple Pool USDC1,3119043.38856492
2023-03-17,AQRU Maple Pool USDC1,8479200.13025121
2023-03-17,M11 Credit Maple Pool WETH1,217227.037331828
2023-03-18,M11 Credit Maple Pool USDC1,3119636.92417519
2023-03-18,M11 Credit Maple Pool WETH1,218639.006858228
2023-03-18,AQRU Maple Pool USDC1,8481385.44265758
2023-03-19,M11 Credit Maple Pool WETH1,220050.976384628
2023-03-19,AQRU Maple Pool USDC1,8483570.75506395
2023-03-19,M11 Credit Maple Pool USDC1,3120230.45978547
2023-03-20,AQRU Maple Pool USDC1,8485756.06747031
2023-03-20,M11 Credit Maple Pool WETH1,221462.945911028
2023-03-20,M11 Credit Maple Pool USDC1,3120823.99539574
2023-03-21,M11 Credit Maple Pool USDC1,3121417.53100601
2023-03-21,M11 Credit Maple Pool WETH1,233273.935437428
2023-03-21,AQRU Maple Pool USDC1,8687966.98248963
2023-03-22,AQRU Maple Pool USDC1,8790281.21851655
2023-03-22,M11 Credit Maple Pool USDC1,3122011.06661628
2023-03-22,M11 Credit Maple Pool WETH1,234685.904963828
2023-03-23,M11 Credit Maple Pool WETH1,236097.874490228
2023-03-23,M11 Credit Maple Pool USDC1,3122604.60222655
2023-03-23,AQRU Maple Pool USDC1,8792614.09325337
2023-03-24,M11 Credit Maple Pool WETH1,237509.844016628
2023-03-24,M11 Credit Maple Pool USDC1,3123198.13783683
2023-03-24,AQRU Maple Pool USDC1,8884947.77093548
2023-03-25,AQRU Maple Pool USDC1,8887280.64567059
2023-03-25,M11 Credit Maple Pool WETH1,238921.813543028
2023-03-25,M11 Credit Maple Pool USDC1,3123791.6734471
2023-03-26,AQRU Maple Pool USDC1,8889613.5204057
2023-03-26,M11 Credit Maple Pool USDC1,3124385.20905737
2023-03-26,M11 Credit Maple Pool WETH1,240333.783069428
2023-03-27,AQRU Maple Pool USDC1,8891946.39514081
2023-03-27,M11 Credit Maple Pool USDC1,3124978.74466764
2023-03-27,M11 Credit Maple Pool WETH1,241745.752595828
2023-03-28,AQRU Maple Pool USDC1,8894279.26987592
2023-03-28,M11 Credit Maple Pool WETH1,243157.722122228
2023-03-28,M11 Credit Maple Pool USDC1,3125572.28027791
2023-03-29,M11 Credit Maple Pool WETH1,244569.691648628
2023-03-29,AQRU Maple Pool USDC1,8896612.14461103
2023-03-29,M11 Credit Maple Pool USDC1,3126165.81588819
2023-03-30,M11 Credit Maple Pool USDC1,3126759.35149846
2023-03-30,M11 Credit Maple Pool WETH1,245981.661175028
2023-03-30,AQRU Maple Pool USDC1,8898945.01934615
2023-03-31,AQRU Maple Pool USDC1,8901277.89408126
2023-03-31,M11 Credit Maple Pool WETH1,247393.630701428
2023-03-31,M11 Credit Maple Pool USDC1,3127352.88710873
2023-04-01,M11 Credit Maple Pool WETH1,248805.600227828
2023-04-01,AQRU Maple Pool USDC1,8903610.76881637
2023-04-01,M11 Credit Maple Pool USDC1,3127946.422719
2023-04-02,M11 Credit Maple Pool WETH1,250217.569754228
2023-04-02,M11 Credit Maple Pool USDC1,3128539.95832928
2023-04-02,AQRU Maple Pool USDC1,8905943.64355148
2023-04-03,M11 Credit Maple Pool USDC1,3129133.49393955
2023-04-03,M11 Credit Maple Pool WETH1,251629.539280628
2023-04-03,AQRU Maple Pool USDC1,8908276.51828659
2023-04-04,M11 Credit Maple Pool USDC1,3129727.02954982
2023-04-04,AQRU Maple Pool USDC1,8910617.51772503
2023-04-04,M11 Credit Maple Pool WETH1,253041.508807028
2023-04-05,M11 Credit Maple Pool WETH1,254453.478333428
2023-04-05,M11 Credit Maple Pool USDC1,3130320.56516009
2023-04-05,AQRU Maple Pool USDC1,8912974.49541562
2023-04-06,M11 Credit Maple Pool USDC1,3130914.10077036
2023-04-06,M11 Credit Maple Pool WETH1,255865.447859828
2023-04-06,AQRU Maple Pool USDC1,8915331.4731047
2023-04-07,M11 Credit Maple Pool WETH1,257277.417386228
2023-04-07,M11 Credit Maple Pool USDC1,3131507.63638064
2023-04-07,AQRU Maple Pool USDC1,8917688.45079377
2023-04-08,M11 Credit Maple Pool WETH1,258689.386912628
2023-04-08,M11 Credit Maple Pool USDC1,3132101.17199091
2023-04-08,AQRU Maple Pool USDC1,8920045.42848285
2023-04-09,M11 Credit Maple Pool WETH1,260101.356439028
2023-04-09,AQRU Maple Pool USDC1,8922402.40617193
2023-04-09,M11 Credit Maple Pool USDC1,3132694.70760118
2023-04-10,AQRU Maple Pool USDC1,8924759.38386101
2023-04-10,M11 Credit Maple Pool USDC1,3133288.24321145
2023-04-10,M11 Credit Maple Pool WETH1,261513.325965428
2023-04-11,M11 Credit Maple Pool USDC1,3133881.77882172
2023-04-11,M11 Credit Maple Pool WETH1,262925.295491828
2023-04-11,AQRU Maple Pool USDC1,8935116.36155009
2023-04-12,M11 Credit Maple Pool USDC1,3134475.2319965
2023-04-12,AQRU Maple Pool USDC1,8937473.01188115
2023-04-12,M11 Credit Maple Pool WETH1,264337.06891135
2023-04-13,M11 Credit Maple Pool USDC1,3135068.85004227
2023-04-13,M11 Credit Maple Pool WETH1,265749.234544628
2023-04-13,AQRU Maple Pool USDC1,8939830.31692824
2023-04-14,AQRU Maple Pool USDC1,8942187.29461732
2023-04-14,M11 Credit Maple Pool USDC1,3137138.62970831
2023-04-14,M11 Credit Maple Pool WETH1,269965.388884526
2023-04-15,M11 Credit Maple Pool WETH1,271329.587333549
2023-04-15,M11 Credit Maple Pool USDC1,3137707.13104383
2023-04-15,AQRU Maple Pool USDC1,8944544.2723064
2023-04-16,M11 Credit Maple Pool USDC1,3138275.63237934
2023-04-16,M11 Credit Maple Pool WETH1,272693.785782572
2023-04-16,AQRU Maple Pool USDC1,8946901.24999547
2023-04-17,M11 Credit Maple Pool USDC1,3138844.13371486
2023-04-17,M11 Credit Maple Pool WETH1,274074.639505217
2023-04-17,AQRU Maple Pool USDC1,8949258.22768455
2023-04-18,AQRU Maple Pool USDC1,8951615.20537363
2023-04-18,M11 Credit Maple Pool WETH1,275438.83795424
2023-04-18,M11 Credit Maple Pool USDC1,3139412.63505037
2023-04-19,AQRU Maple Pool USDC1,8953972.18306271
2023-04-19,M11 Credit Maple Pool USDC1,3139981.13638589
2023-04-19,M11 Credit Maple Pool WETH1,276803.036403263
2023-04-20,M11 Credit Maple Pool USDC1,3140549.6377214
2023-04-20,AQRU Maple Pool USDC1,8956329.16075179
2023-04-20,M11 Credit Maple Pool WETH1,278167.234852286
2023-04-21,AQRU Maple Pool USDC1,9258717.70038464
2023-04-21,M11 Credit Maple Pool WETH1,279531.433301309
2023-04-21,M11 Credit Maple Pool USDC1,3141118.13905692
2023-04-22,AQRU Maple Pool USDC1,9261157.16300525
2023-04-22,M11 Credit Maple Pool WETH1,280895.631750332
2023-04-22,M11 Credit Maple Pool USDC1,3141686.64039243
2023-04-23,M11 Credit Maple Pool USDC1,3142255.14172795
2023-04-23,M11 Credit Maple Pool WETH1,282259.830199355
2023-04-23,AQRU Maple Pool USDC1,9263596.62562586
2023-04-24,M11 Credit Maple Pool WETH1,283624.028648378
2023-04-24,AQRU Maple Pool USDC1,9266036.08824647
2023-04-24,M11 Credit Maple Pool USDC1,3142823.64306346
2023-04-25,M11 Credit Maple Pool USDC1,3143392.14439898
2023-04-25,M11 Credit Maple Pool WETH1,284988.227097401
2023-04-25,AQRU Maple Pool USDC1,9268475.55086708
2023-04-26,M11 Credit Maple Pool USDC1,3143960.64573449
2023-04-26,M11 Credit Maple Pool WETH1,286352.425546424
2023-04-26,AQRU Maple Pool USDC1,9270915.01348769
2023-04-27,AQRU Maple Pool USDC1,9273354.4761083
2023-04-27,M11 Credit Maple Pool WETH1,277245.590917527
2023-04-27,M11 Credit Maple Pool USDC1,3144529.14707001
2023-04-28,AQRU Maple Pool USDC1,9275793.93872891
2023-04-28,M11 Credit Maple Pool WETH1,278609.78936655
2023-04-28,M11 Credit Maple Pool USDC1,3145097.64840553
2023-04-29,M11 Credit Maple Pool USDC1,3145666.14974104
2023-04-29,M11 Credit Maple Pool WETH1,279973.987815573
2023-04-29,AQRU Maple Pool USDC1,9278233.40134952
2023-04-30,M11 Credit Maple Pool USDC1,3146234.65107656
2023-04-30,M11 Credit Maple Pool WETH1,281338.186264596
2023-04-30,AQRU Maple Pool USDC1,9280672.86397014
2023-05-01,M11 Credit Maple Pool WETH1,282702.384713619
2023-05-01,AQRU Maple Pool USDC1,9283112.32659075
2023-05-01,M11 Credit Maple Pool USDC1,3146803.15241207
2023-05-02,M11 Credit Maple Pool WETH1,284066.583162642
2023-05-02,M11 Credit Maple Pool USDC1,3147371.65374759
2023-05-02,AQRU Maple Pool USDC1,9285551.78921136
2023-05-03,M11 Credit Maple Pool USDC1,3147940.1550831
2023-05-03,M11 Credit Maple Pool WETH1,285430.781611665
2023-05-03,AQRU Maple Pool USDC1,9287991.25183197
2023-05-04,M11 Credit Maple Pool WETH1,286794.980060688
2023-05-04,M11 Credit Maple Pool USDC1,3148508.65641862
2023-05-04,AQRU Maple Pool USDC1,9291154.4488369
2023-05-05,AQRU Maple Pool USDC1,9292833.76097941
2023-05-05,M11 Credit Maple Pool USDC1,3149077.15775413
2023-05-05,M11 Credit Maple Pool WETH1,288159.178509711
2023-05-06,AQRU Maple Pool USDC1,9295231.30579184
2023-05-06,M11 Credit Maple Pool USDC1,3149645.65908965
2023-05-06,M11 Credit Maple Pool WETH1,289523.376958734
2023-05-07,M11 Credit Maple Pool WETH1,290887.575407757
2023-05-07,M11 Credit Maple Pool USDC1,3150214.16042516
2023-05-07,AQRU Maple Pool USDC1,9297628.85060426
2023-05-08,M11 Credit Maple Pool USDC1,3150782.66176068
2023-05-08,AQRU Maple Pool USDC1,9300026.39541668
2023-05-08,M11 Credit Maple Pool WETH1,292251.77385678
2023-05-09,AQRU Maple Pool USDC1,9302423.9402291
2023-05-09,M11 Credit Maple Pool WETH1,293615.972305803
2023-05-09,M11 Credit Maple Pool USDC1,3151351.16309619
2023-05-10,M11 Credit Maple Pool USDC1,3151919.66443171
2023-05-10,M11 Credit Maple Pool WETH1,294980.170754826
2023-05-10,AQRU Maple Pool USDC1,9304821.48504153
2023-05-11,M11 Credit Maple Pool WETH1,296344.369203849
2023-05-11,M11 Credit Maple Pool USDC1,3152488.16576722
2023-05-11,M11 Credit Maple Pool USDC2,2046995.80193443
2023-05-11,AQRU Maple Pool USDC1,9307219.02985395
2023-05-12,M11 Credit Maple Pool USDC1,3153056.66710274
2023-05-12,M11 Credit Maple Pool WETH1,297708.567652872
2023-05-12,M11 Credit Maple Pool USDC2,2048128.59512091
2023-05-12,AQRU Maple Pool USDC1,9309616.57466637
2023-05-13,M11 Credit Maple Pool USDC2,2049261.38830738
2023-05-13,M11 Credit Maple Pool WETH1,299072.766101895
2023-05-13,M11 Credit Maple Pool USDC1,3153625.16843825
2023-05-13,AQRU Maple Pool USDC1,9312014.11947879
2023-05-14,M11 Credit Maple Pool WETH1,300436.964550918
2023-05-14,M11 Credit Maple Pool USDC1,3154193.66977377
2023-05-14,M11 Credit Maple Pool USDC2,2050394.18149386
2023-05-14,AQRU Maple Pool USDC1,9314411.66429121
2023-05-15,M11 Credit Maple Pool USDC1,3154762.17110928
2023-05-15,M11 Credit Maple Pool USDC2,2051526.97468034
2023-05-15,M11 Credit Maple Pool WETH1,301801.162999941
2023-05-15,AQRU Maple Pool USDC1,9316809.20910364
2023-05-16,M11 Credit Maple Pool USDC2,2052659.76786681
2023-05-16,M11 Credit Maple Pool USDC1,3155347.3665961
2023-05-16,M11 Credit Maple Pool WETH1,302989.29835751
2023-05-16,AQRU Maple Pool USDC1,9319206.75391606
2023-05-17,AQRU Maple Pool USDC1,9321604.29872848
2023-05-17,M11 Credit Maple Pool WETH1,304144.852353058
2023-05-17,M11 Credit Maple Pool USDC2,2053792.56105329
2023-05-17,M11 Credit Maple Pool USDC1,3155963.69837037
2023-05-18,M11 Credit Maple Pool USDC2,2054925.35423977
2023-05-18,M11 Credit Maple Pool WETH1,305281.44947591
2023-05-18,AQRU Maple Pool USDC1,9324001.8435409
2023-05-18,M11 Credit Maple Pool USDC1,3156580.03014463
2023-05-19,AQRU Maple Pool USDC1,9326399.38835333
2023-05-19,M11 Credit Maple Pool USDC2,2056058.14742624
2023-05-19,M11 Credit Maple Pool USDC1,3157196.3619189
2023-05-19,M11 Credit Maple Pool WETH1,306418.046598762
2023-05-20,AQRU Maple Pool USDC1,9328796.93316575
2023-05-20,M11 Credit Maple Pool USDC2,2056425.11006972
2023-05-20,M11 Credit Maple Pool WETH1,307554.643721614
2023-05-20,M11 Credit Maple Pool USDC1,3157812.69369317
2023-05-21,M11 Credit Maple Pool WETH1,308691.240844466
2023-05-21,M11 Credit Maple Pool USDC1,3158429.02546743
2023-05-21,AQRU Maple Pool USDC1,9331194.47797817
2023-05-21,M11 Credit Maple Pool USDC2,2057557.9032562
2023-05-22,M11 Credit Maple Pool USDC2,2058690.69644267
2023-05-22,AQRU Maple Pool USDC1,9333592.02279059
2023-05-22,M11 Credit Maple Pool WETH1,309827.837967318
2023-05-22,M11 Credit Maple Pool USDC1,3159045.3572417
2023-05-23,M11 Credit Maple Pool WETH1,310964.43509017
2023-05-23,M11 Credit Maple Pool USDC2,2059823.48962915
2023-05-23,AQRU Maple Pool USDC1,9335989.56760301
2023-05-23,M11 Credit Maple Pool USDC1,3159661.68901597
2023-05-24,M11 Credit Maple Pool WETH1,312101.032213023
2023-05-24,M11 Credit Maple Pool USDC2,2060956.28281562
2023-05-24,AQRU Maple Pool USDC1,9338387.11241544
2023-05-24,Maple Cash USDC1,2267976.67836014
2023-05-24,M11 Credit Maple Pool USDC1,3160278.02079023
2023-05-25,AQRU Maple Pool USDC1,9340784.65722786
2023-05-25,Maple Cash USDC1,4268402.19977721
2023-05-25,M11 Credit Maple Pool USDC1,3160894.3525645
2023-05-25,M11 Credit Maple Pool USDC2,2062089.0760021
2023-05-25,M11 Credit Maple Pool WETH1,313237.629335875
2023-05-26,M11 Credit Maple Pool USDC2,2063221.86918858
2023-05-26,M11 Credit Maple Pool USDC1,3161510.68433877
2023-05-26,M11 Credit Maple Pool WETH1,314374.226458727
2023-05-26,AQRU Maple Pool USDC1,9343182.20204028
2023-05-26,Maple Cash USDC1,4269008.71269732
2023-05-27,M11 Credit Maple Pool USDC2,2064354.66237505
2023-05-27,AQRU Maple Pool USDC1,9345579.7468527
2023-05-27,Maple Cash USDC1,4269615.22561741
2023-05-27,M11 Credit Maple Pool USDC1,3162127.01611303
2023-05-27,M11 Credit Maple Pool WETH1,315510.823581579
2023-05-28,M11 Credit Maple Pool USDC2,2065487.45556153
2023-05-28,M11 Credit Maple Pool USDC1,3162743.3478873
2023-05-28,Maple Cash USDC1,4270221.73853751
2023-05-28,M11 Credit Maple Pool WETH1,316647.420704431
2023-05-28,AQRU Maple Pool USDC1,9347977.29166513
2023-05-29,AQRU Maple Pool USDC1,9350374.83647755
2023-05-29,M11 Credit Maple Pool WETH1,317784.017827283
2023-05-29,Maple Cash USDC1,4280828.25145761
2023-05-29,M11 Credit Maple Pool USDC2,2066620.24874801
2023-05-29,M11 Credit Maple Pool USDC1,3163359.67966157
2023-05-30,Maple Cash USDC1,4281434.76437771
2023-05-30,M11 Credit Maple Pool WETH1,318920.614950135
2023-05-30,AQRU Maple Pool USDC1,9352772.38128997
2023-05-30,M11 Credit Maple Pool USDC1,3163976.01143583
2023-05-30,M11 Credit Maple Pool USDC2,2067753.04193448
2023-05-31,M11 Credit Maple Pool WETH1,320057.212072987
2023-05-31,AQRU Maple Pool USDC1,9355169.92610239
2023-05-31,M11 Credit Maple Pool USDC1,3164592.3432101
2023-05-31,Maple Cash USDC1,4282041.27729781
2023-05-31,M11 Credit Maple Pool USDC2,2068885.83512096
2023-06-01,AQRU Maple Pool USDC1,9361376.79320833
2023-06-01,Maple Cash USDC1,7882841.20739767
2023-06-01,M11 Credit Maple Pool WETH1,321193.809195839
2023-06-01,M11 Credit Maple Pool USDC2,2070018.62830744
2023-06-01,M11 Credit Maple Pool USDC1,3165208.67498437
2023-06-02,M11 Credit Maple Pool WETH1,322330.406318691
2023-06-02,AQRU Maple Pool USDC1,9363678.42498695
2023-06-02,M11 Credit Maple Pool USDC1,3165825.00675863
2023-06-02,Maple Cash USDC1,7883850.27654726
2023-06-02,M11 Credit Maple Pool USDC2,2071151.42149391
2023-06-03,M11 Credit Maple Pool WETH1,323467.003441543
2023-06-03,M11 Credit Maple Pool USDC1,3166441.3385329
2023-06-03,M11 Credit Maple Pool USDC2,2072284.21468039
2023-06-03,Maple Cash USDC1,7884866.62266616
2023-06-03,AQRU Maple Pool USDC1,9364519.68874283
2023-06-04,M11 Credit Maple Pool USDC1,3167057.67030717
2023-06-04,M11 Credit Maple Pool USDC2,2073417.00786687
2023-06-04,Maple Cash USDC1,7885882.96878506
2023-06-04,AQRU Maple Pool USDC1,9366870.80681525
2023-06-04,M11 Credit Maple Pool WETH1,324603.600564396
2023-06-05,AQRU Maple Pool USDC1,9369221.92488768
2023-06-05,M11 Credit Maple Pool USDC1,3167674.00208143
2023-06-05,M11 Credit Maple Pool WETH1,325740.197687248
2023-06-05,M11 Credit Maple Pool USDC2,2074549.80105334
2023-06-05,Maple Cash USDC1,10929086.8906402
2023-06-06,M11 Credit Maple Pool USDC2,2075682.59423982
2023-06-06,Maple Cash USDC1,10930494.1326494
2023-06-06,M11 Credit Maple Pool USDC1,3168290.3338557
2023-06-06,AQRU Maple Pool USDC1,9371573.0429601
2023-06-06,M11 Credit Maple Pool WETH1,326876.7948101
2023-06-07,M11 Credit Maple Pool USDC2,2076815.3874263
2023-06-07,M11 Credit Maple Pool USDC1,3168906.66562997
2023-06-07,AQRU Maple Pool USDC1,9373924.16103252
2023-06-07,Maple Cash USDC1,12091118.7423493
2023-06-07,M11 Credit Maple Pool WETH1,328013.391932952
2023-06-08,M11 Credit Maple Pool USDC2,2077948.18061277
2023-06-08,Maple Cash USDC1,11531414.1544299
2023-06-08,AQRU Maple Pool USDC1,9376275.27910495
2023-06-08,M11 Credit Maple Pool WETH1,329149.989055804
2023-06-08,M11 Credit Maple Pool USDC1,3169522.99740423
2023-06-09,M11 Credit Maple Pool USDC1,3170139.3291785
2023-06-09,AQRU Maple Pool USDC1,9378626.39717737
2023-06-09,Maple Cash USDC1,11532918.50381
2023-06-09,M11 Credit Maple Pool WETH1,86655.4556197
2023-06-10,Maple Cash USDC1,11534422.8531901
2023-06-10,AQRU Maple Pool USDC1,9380977.5152498
2023-06-10,M11 Credit Maple Pool WETH1,87808.406269894
2023-06-10,M11 Credit Maple Pool USDC1,3170755.66095277
2023-06-11,M11 Credit Maple Pool WETH1,88961.356920089
2023-06-11,M11 Credit Maple Pool USDC1,3171371.99272703
2023-06-11,Maple Cash USDC1,11535927.2025702
2023-06-11,AQRU Maple Pool USDC1,9383328.63332222
2023-06-12,M11 Credit Maple Pool USDC1,3171988.3245013
2023-06-12,AQRU Maple Pool USDC1,9385679.75139465
2023-06-12,M11 Credit Maple Pool WETH1,90114.307570284
2023-06-12,Maple Cash USDC1,12137466.3047922
2023-06-13,AQRU Maple Pool USDC1,9388057.04807485
2023-06-13,M11 Credit Maple Pool USDC1,3172604.65627557
2023-06-13,M11 Credit Maple Pool WETH1,91267.258220478
2023-06-13,Maple Cash USDC1,12139048.3623914
2023-06-14,M11 Credit Maple Pool WETH1,93424.4890914
2023-06-14,M11 Credit Maple Pool USDC1,3173944.49447243
2023-06-14,AQRU Maple Pool USDC1,9390464.17981111
2023-06-14,Maple Cash USDC1,12164414.4199907
2023-06-15,AQRU Maple Pool USDC1,9392871.31154736
2023-06-15,M11 Credit Maple Pool USDC1,3174536.97875435
2023-06-15,Maple Cash USDC1,12665996.4775899
2023-06-15,M11 Credit Maple Pool WETH1,94544.338422776
2023-06-16,Maple Cash USDC1,13167636.7852371
2023-06-16,M11 Credit Maple Pool WETH1,95664.187754153
2023-06-16,AQRU Maple Pool USDC1,9395773.82116123
2023-06-16,M11 Credit Maple Pool USDC1,3175129.46303627
2023-06-17,M11 Credit Maple Pool WETH1,96784.037085529
2023-06-17,M11 Credit Maple Pool USDC1,3175721.94731819
2023-06-17,Maple Cash USDC1,13169349.2939546
2023-06-17,AQRU Maple Pool USDC1,9398175.62553726
2023-06-18,M11 Credit Maple Pool WETH1,97903.886416906
2023-06-18,Maple Cash USDC1,13171061.8026721
2023-06-18,AQRU Maple Pool USDC1,9400577.42991329
2023-06-18,M11 Credit Maple Pool USDC1,3176314.43160011
2023-06-19,M11 Credit Maple Pool WETH1,99023.735748282
2023-06-19,M11 Credit Maple Pool USDC1,3176906.91588203
2023-06-19,Maple Cash USDC1,13322750.3113896
2023-06-19,AQRU Maple Pool USDC1,9402979.23428932
2023-06-20,AQRU Maple Pool USDC1,9405381.03866535
2023-06-20,Maple Cash USDC1,13874484.8893747
2023-06-20,M11 Credit Maple Pool WETH1,100143.585079658
2023-06-20,M11 Credit Maple Pool USDC1,3177499.40016395
2023-06-21,AQRU Maple Pool USDC1,9407782.84304138
2023-06-21,Maple Cash USDC1,13876247.4134299
2023-06-21,M11 Credit Maple Pool WETH1,101263.434411035
2023-06-21,M11 Credit Maple Pool USDC1,3178091.88444587
2023-06-22,AQRU Maple Pool USDC1,9410184.64741741
2023-06-22,M11 Credit Maple Pool USDC1,3178684.36872779
2023-06-22,M11 Credit Maple Pool WETH1,102383.283742411
2023-06-22,Maple Cash USDC1,13577959.876313
2023-06-23,Maple Cash USDC1,13391685.3196022
2023-06-23,M11 Credit Maple Pool WETH1,103503.133073787
2023-06-23,M11 Credit Maple Pool USDC1,3179276.85300971
2023-06-23,AQRU Maple Pool USDC1,9412586.45179344
2023-06-24,AQRU Maple Pool USDC1,9414988.25616947
2023-06-24,M11 Credit Maple Pool USDC1,3179869.33729163
2023-06-24,Maple Cash USDC1,13393354.0896636
2023-06-24,M11 Credit Maple Pool WETH1,104622.982405164
2023-06-25,AQRU Maple Pool USDC1,9417390.0605455
2023-06-25,M11 Credit Maple Pool USDC1,3180461.82157355
2023-06-25,Maple Cash USDC1,13395022.859725
2023-06-25,M11 Credit Maple Pool WETH1,105742.83173654
2023-06-26,M11 Credit Maple Pool USDC1,3181054.30585547
2023-06-26,AQRU Maple Pool USDC1,9419791.86492153
2023-06-26,M11 Credit Maple Pool WETH1,106862.681067917
2023-06-26,Maple Cash USDC1,12656506.6992206
2023-06-27,M11 Credit Maple Pool WETH1,107982.530399293
2023-06-27,Maple Cash USDC1,16986014.2062503
2023-06-27,AQRU Maple Pool USDC1,9422193.66929756
2023-06-27,M11 Credit Maple Pool USDC1,3181646.79013739
2023-06-28,M11 Credit Maple Pool USDC1,3182239.27441931
2023-06-28,Maple Cash USDC1,17973943.1877199
2023-06-28,M11 Credit Maple Pool WETH1,109102.379730669
2023-06-28,AQRU Maple Pool USDC1,9424595.47367359
2023-06-29,Maple Cash USDC1,17976162.9465965
2023-06-29,M11 Credit Maple Pool USDC1,3182831.75870123
2023-06-29,AQRU Maple Pool USDC1,9426997.27804962
2023-06-29,M11 Credit Maple Pool WETH1,110222.229062046
2023-06-30,M11 Credit Maple Pool USDC1,3183424.24298314
2023-06-30,AQRU Maple Pool USDC1,9429399.08242565
2023-06-30,Maple Cash USDC1,17978404.4295677
2023-06-30,M11 Credit Maple Pool WETH1,111342.078393422
2023-07-01,Maple Cash USDC1,17980668.8524886
2023-07-01,M11 Credit Maple Pool USDC1,3184016.72726506
2023-07-01,M11 Credit Maple Pool WETH1,112461.927724798
2023-07-01,AQRU Maple Pool USDC1,9431800.88680168
2023-07-02,Maple Cash USDC1,17982933.2754094
2023-07-02,M11 Credit Maple Pool WETH1,113581.777056175
2023-07-02,AQRU Maple Pool USDC1,9434202.69117771
2023-07-02,M11 Credit Maple Pool USDC1,3184609.21154698
2023-07-03,M11 Credit Maple Pool WETH1,114701.626387551
2023-07-03,AQRU Maple Pool USDC1,9436609.53975708
2023-07-03,M11 Credit Maple Pool USDC1,3185201.6958289
2023-07-03,Maple Cash USDC1,17985197.6983303
2023-07-04,Maple Cash USDC1,18232710.5683392
2023-07-04,M11 Credit Maple Pool WETH1,115821.475718928
2023-07-04,M11 Credit Maple Pool USDC1,3185794.18011082
2023-07-04,AQRU Maple Pool USDC1,9439011.28787571
2023-07-05,M11 Credit Maple Pool WETH1,54318.619783917
2023-07-05,Maple Cash USDC1,17383652.3418017
2023-07-05,M11 Credit Maple Pool USDC1,3186386.66439274
2023-07-05,AQRU Maple Pool USDC1,9441413.03599435
2023-07-06,M11 Credit Maple Pool WETH1,55438.469115293
2023-07-06,Maple Cash USDC1,16516925.7541269
2023-07-06,AQRU Maple Pool USDC1,9443814.78411299
2023-07-06,M11 Credit Maple Pool USDC1,3186979.14867466
2023-07-07,AQRU Maple Pool USDC1,9446216.53223162
2023-07-07,Maple Cash USDT1,500029.166554431
2023-07-07,M11 Credit Maple Pool USDC1,3187571.63295658
2023-07-07,Maple Cash USDC1,15396508.0735566
2023-07-07,M11 Credit Maple Pool WETH1,56558.318446669
2023-07-08,Maple Cash USDT1,500087.858335289
2023-07-08,M11 Credit Maple Pool USDC1,3188164.1172385
2023-07-08,M11 Credit Maple Pool WETH1,57678.167778046
2023-07-08,Maple Cash USDC1,15398491.8920152
2023-07-08,AQRU Maple Pool USDC1,9448618.28035026
2023-07-09,M11 Credit Maple Pool USDC1,3188756.60152042
2023-07-09,M11 Credit Maple Pool WETH1,58798.017109422
2023-07-09,Maple Cash USDC1,20400475.7104738
2023-07-09,AQRU Maple Pool USDC1,9451020.02846889
2023-07-09,Maple Cash USDT1,500146.550116146
2023-07-10,M11 Credit Maple Pool WETH1,59917.866440799
2023-07-10,M11 Credit Maple Pool USDC1,3189349.08580234
2023-07-10,Maple Cash USDT1,500205.241897003
2023-07-10,Maple Cash USDC1,20402732.0576498
2023-07-10,AQRU Maple Pool USDC1,9453421.77658753
2023-07-11,Maple Cash USDC1,21449411.0118297
2023-07-11,M11 Credit Maple Pool WETH1,61037.715772175
2023-07-11,Maple Cash USDT1,500263.93367786
2023-07-11,AQRU Maple Pool USDC1,9455823.52470616
2023-07-11,M11 Credit Maple Pool USDC1,3189941.57008426
2023-07-12,Maple Cash USDT1,500322.625458717
2023-07-12,M11 Credit Maple Pool WETH1,62157.565103551
2023-07-12,AQRU Maple Pool USDC1,9458225.2728248
2023-07-12,Maple Cash USDC1,21452135.0875436
2023-07-12,M11 Credit Maple Pool USDC1,3190534.05436618
2023-07-13,AQRU Maple Pool USDC1,9460627.02094343
2023-07-13,Maple Cash USDC1,21454922.7878714
2023-07-13,M11 Credit Maple Pool WETH1,63277.414434928
2023-07-13,M11 Credit Maple Pool USDC1,3191126.5386481
2023-07-13,Maple Cash USDT1,500381.317239574
2023-07-14,Maple Cash USDC1,21457691.2252383
2023-07-14,M11 Credit Maple Pool USDC1,3192355.30164528
2023-07-14,Maple Cash USDT1,500440.009020431
2023-07-14,AQRU Maple Pool USDC1,9463028.76906207
2023-07-14,M11 Credit Maple Pool WETH1,65286.354216541
2023-07-15,Maple Cash USDT1,500498.700801289
2023-07-15,AQRU Maple Pool USDC1,9465430.5171807
2023-07-15,M11 Credit Maple Pool USDC1,3192950.39466005
2023-07-15,Maple Cash USDC1,21460459.6626051
2023-07-15,M11 Credit Maple Pool WETH1,66409.629735851
2023-07-16,Maple Cash USDT1,500557.392582146
2023-07-16,Maple Cash USDC1,21258689.8204319
2023-07-16,M11 Credit Maple Pool USDC1,3193545.48767483
2023-07-16,AQRU Maple Pool USDC1,9467832.26529934
2023-07-16,M11 Credit Maple Pool WETH1,67532.90525516
2023-07-17,AQRU Maple Pool USDC1,9470115.23527667
2023-07-17,Maple Cash USDC1,21261468.2577988
2023-07-17,M11 Credit Maple Pool USDC1,3194140.5806896
2023-07-17,Maple Cash USDT1,500616.084363003
2023-07-17,M11 Credit Maple Pool WETH1,68656.180774469
2023-07-18,Maple Cash USDC1,21524359.6951656
2023-07-18,M11 Credit Maple Pool USDC1,3194735.67370437
2023-07-18,M11 Credit Maple Pool WETH1,69779.456293779
2023-07-18,Maple Cash USDT1,500674.77614386
2023-07-18,AQRU Maple Pool USDC1,9472548.31979371
2023-07-19,M11 Credit Maple Pool USDC1,3195330.76671914
2023-07-19,AQRU Maple Pool USDC1,9475056.95873408
2023-07-19,Maple Cash USDC1,21527128.1325324
2023-07-19,M11 Credit Maple Pool WETH1,70902.731813088
2023-07-19,Maple Cash USDT1,500866.558684733
2023-07-20,Maple Cash USDC1,21529896.5698993
2023-07-20,Maple Cash USDT1,500925.392109399
2023-07-20,M11 Credit Maple Pool USDC1,3103668.44046391
2023-07-20,M11 Credit Maple Pool WETH1,46304.290578342
2023-07-20,AQRU Maple Pool USDC1,9477489.20947688
2023-07-21,M11 Credit Maple Pool USDC1,3104263.53347869
2023-07-21,M11 Credit Maple Pool WETH1,47427.566097651
2023-07-21,AQRU Maple Pool USDC1,9479921.46021969
2023-07-21,Maple Cash USDC1,21532665.8975112
2023-07-21,Maple Cash USDT1,500984.225534066
2023-07-22,M11 Credit Maple Pool USDC1,3104858.62649346
2023-07-22,M11 Credit Maple Pool WETH1,48550.84161696
2023-07-22,Maple Cash USDT1,501043.058958733
2023-07-22,Maple Cash USDC1,21535437.2684088
2023-07-22,AQRU Maple Pool USDC1,9482353.71096249
2023-07-23,Maple Cash USDT1,501101.892383399
2023-07-23,Maple Cash USDC1,21538208.6393064
2023-07-23,M11 Credit Maple Pool USDC1,3105453.71950823
2023-07-23,AQRU Maple Pool USDC1,9484785.96170529
2023-07-23,M11 Credit Maple Pool WETH1,49674.11713627
2023-07-24,AQRU Maple Pool USDC1,9487218.2124481
2023-07-24,Maple Cash USDT1,501160.725808066
2023-07-24,M11 Credit Maple Pool USDC1,3106048.812523
2023-07-24,Maple Cash USDC1,21540980.010204
2023-07-24,M11 Credit Maple Pool WETH1,50797.392655579
2023-07-25,Maple Cash USDC1,21543751.3811016
2023-07-25,M11 Credit Maple Pool USDC1,3106643.90553777
2023-07-25,Maple Cash USDT1,501219.559232733
2023-07-25,M11 Credit Maple Pool WETH1,51920.668174888
2023-07-25,AQRU Maple Pool USDC1,9489650.4631909
2023-07-26,Maple Cash USDC1,21546522.7519992
2023-07-26,AQRU Maple Pool USDC1,9492082.71393371
2023-07-26,M11 Credit Maple Pool USDC1,3107238.99855254
2023-07-26,Maple Cash USDT1,501278.392657399
2023-07-26,M11 Credit Maple Pool WETH1,53043.943694198
2023-07-27,Maple Cash USDT1,501337.226082066
2023-07-27,M11 Credit Maple Pool USDC1,3107834.09156732
2023-07-27,M11 Credit Maple Pool WETH1,54167.219213507
2023-07-27,Maple Cash USDC1,21051870.3521968
2023-07-27,AQRU Maple Pool USDC1,9494514.96467651
2023-07-28,M11 Credit Maple Pool WETH1,55290.494732816
2023-07-28,Maple Cash USDT1,501396.059506733
2023-07-28,Maple Cash USDC1,21054629.725723
2023-07-28,AQRU Maple Pool USDC1,9496947.21541931
2023-07-28,M11 Credit Maple Pool USDC1,3108429.18458209
2023-07-29,AQRU Maple Pool USDC1,9499379.46616212
2023-07-29,Maple Cash USDC1,20806226.3813097
2023-07-29,M11 Credit Maple Pool WETH1,56413.770252126
2023-07-29,Maple Cash USDT1,501454.892931399
2023-07-29,M11 Credit Maple Pool USDC1,3109024.27759686
2023-07-30,Maple Cash USDT1,501513.726356066
2023-07-30,AQRU Maple Pool USDC1,9501811.71690492
2023-07-30,M11 Credit Maple Pool WETH1,57537.045771435
2023-07-30,M11 Credit Maple Pool USDC1,3109619.37061163
2023-07-30,Maple Cash USDC1,20808965.4963935
2023-07-31,M11 Credit Maple Pool WETH1,58660.321290745
2023-07-31,Maple Cash USDC1,20811704.6114772
2023-07-31,AQRU Maple Pool USDC1,9504776.2931337
2023-07-31,M11 Credit Maple Pool USDC1,3110214.4636264
2023-07-31,Maple Cash USDT1,501572.559780733
2023-08-01,Maple Cash USDT1,501631.393205399
2023-08-01,AQRU Maple Pool USDC1,9507174.6521861
2023-08-01,M11 Credit Maple Pool WETH1,59783.596810054
2023-08-01,Maple Cash USDC1,21254251.4629136
2023-08-01,M11 Credit Maple Pool USDC1,3110809.55664118
2023-08-02,AQRU Maple Pool USDC1,9512784.38518736
2023-08-02,Maple Cash USDC1,21607049.5439056
2023-08-02,M11 Credit Maple Pool WETH1,60906.872329363
2023-08-02,Maple Cash USDT1,501690.226630066
2023-08-02,M11 Credit Maple Pool USDC1,3111404.64965595
2023-08-03,Maple Cash USDT1,501749.060054733
2023-08-03,M11 Credit Maple Pool WETH1,62030.147848673
2023-08-03,Maple Cash USDC1,21609869.7132447
2023-08-03,M11 Credit Maple Pool USDC1,3111999.74267072
2023-08-03,AQRU Maple Pool USDC1,9516405.32063689
2023-08-04,AQRU Maple Pool USDC1,9520026.25608642
2023-08-04,M11 Credit Maple Pool USDC1,3112594.83568549
2023-08-04,M11 Credit Maple Pool WETH1,63153.423367982
2023-08-04,Maple Cash USDC1,21612715.3528784
2023-08-04,Maple Cash USDT1,501807.893479399
2023-08-05,Maple Cash USDT1,501866.726904066
2023-08-05,AQRU Maple Pool USDC1,9523647.19153595
2023-08-05,M11 Credit Maple Pool WETH1,64276.698887291
2023-08-05,M11 Credit Maple Pool USDC1,3113189.92870026
2023-08-05,Maple Cash USDC1,21615669.8645154
2023-08-06,AQRU Maple Pool USDC1,9527268.12698549
2023-08-06,Maple Cash USDT1,501925.560328733
2023-08-06,M11 Credit Maple Pool WETH1,65450.929604601
2023-08-06,M11 Credit Maple Pool USDC1,3113785.02171504
2023-08-06,Maple Cash USDC1,21738547.2269755
2023-08-07,M11 Credit Maple Pool USDC1,3114380.11472981
2023-08-07,AQRU Maple Pool USDC1,9530889.06243502
2023-08-07,Maple Cash USDT1,501984.393753399
2023-08-07,M11 Credit Maple Pool WETH1,2042454.58824457
2023-08-07,Maple Cash USDC1,21941343.765249
2023-08-08,AQRU Maple Pool USDC1,9534509.99788455
2023-08-08,M11 Credit Maple Pool WETH1,2043282.30367216
2023-08-08,Maple Cash USDC1,21944259.9664124
2023-08-08,M11 Credit Maple Pool USDC1,3114975.20774458
2023-08-08,Maple Cash USDT1,502043.227178066
2023-08-09,M11 Credit Maple Pool USDC1,3115570.30075935
2023-08-09,M11 Credit Maple Pool WETH1,7492859.37506171
2023-08-09,Maple Cash USDC1,21847150.0816989
2023-08-09,Maple Cash USDT1,502102.060602733
2023-08-09,AQRU Maple Pool USDC1,9538130.93333409
2023-08-09,Maple Direct USDC1,75003.52229666099
2023-08-10,M11 Credit Maple Pool USDC1,3116165.39377412
2023-08-10,Maple Cash USDT1,502160.894027399
2023-08-10,Maple Direct USDC1,75019.634454194
2023-08-10,Maple Cash USDC1,22850068.1849334
2023-08-10,M11 Credit Maple Pool WETH1,7490434.00991291
2023-08-10,AQRU Maple Pool USDC1,9541751.86878362
2023-08-11,Maple Cash USDT1,502219.727452066
2023-08-11,M11 Credit Maple Pool USDC1,3116710.81169051
2023-08-11,Maple Cash USDC1,21852802.9797579
2023-08-11,Maple Direct USDC1,75035.746611727
2023-08-11,M11 Credit Maple Pool WETH1,7474052.37063251
2023-08-11,AQRU Maple Pool USDC1,10545546.1126432
2023-08-12,AQRU Maple Pool USDC1,10549167.0480927
2023-08-12,Maple Cash USDC1,21855711.0829924
2023-08-12,M11 Credit Maple Pool USDC1,3117327.14346477
2023-08-12,Maple Direct USDC1,75051.85876926102
2023-08-12,Maple Cash USDT1,502278.560876733
2023-08-12,M11 Credit Maple Pool WETH1,7463468.94685291
2023-08-13,Maple Direct USDC1,75067.970926794
2023-08-13,M11 Credit Maple Pool WETH1,6332397.33691805
2023-08-13,M11 Credit Maple Pool USDC1,3117943.47523904
2023-08-13,AQRU Maple Pool USDC1,10552787.9835422
2023-08-13,Maple Cash USDC1,21858616.1728219
2023-08-13,Maple Cash USDT1,502337.394301399
2023-08-14,M11 Credit Maple Pool USDC1,3118559.80701331
2023-08-14,M11 Credit Maple Pool WETH1,6302511.20532537
2023-08-14,Maple Direct USDC1,75084.083084327
2023-08-14,Maple Cash USDC1,21861524.2760564
2023-08-14,Maple Cash USDT1,502396.227726066
2023-08-14,AQRU Maple Pool USDC1,10806515.142394
2023-08-15,M11 Credit Maple Pool WETH1,6316957.38106811
2023-08-15,Maple Direct USDC1,75100.195241861
2023-08-15,Maple Cash USDT1,502455.061150733
2023-08-15,M11 Credit Maple Pool USDC1,3119176.13878757
2023-08-15,AQRU Maple Pool USDC1,10890504.4352811
2023-08-15,Maple Cash USDC1,21864432.3792909
2023-08-16,AQRU Maple Pool USDC1,11147597.1281683
2023-08-16,Maple Cash USDC1,21867340.4825254
2023-08-16,M11 Credit Maple Pool USDC1,3119792.47056184
2023-08-16,Maple Cash USDT1,502513.894575399
2023-08-16,M11 Credit Maple Pool WETH1,6261113.24146069
2023-08-16,Maple Direct USDC1,75116.307399394
2023-08-17,M11 Credit Maple Pool USDC1,3120408.80233611
2023-08-17,Maple Direct USDC1,75132.41955692701
2023-08-17,AQRU Maple Pool USDC1,11551725.2310555
2023-08-17,Maple Cash USDC1,21095106.87469
2023-08-17,M11 Credit Maple Pool WETH1,6202360.70273922
2023-08-17,Maple Cash USDT1,502572.728000066
2023-08-18,Maple Cash USDT1,502632.162034275
2023-08-18,AQRU Maple Pool USDC1,12301242.485902
2023-08-18,M11 Credit Maple Pool WETH1,5747317.83497551
2023-08-18,Maple Direct USDC1,75148.531714461
2023-08-18,M11 Credit Maple Pool USDC1,3121025.13411037
2023-08-18,Maple Cash USDC1,21097910.4358308
2023-08-19,Maple Direct USDC1,75164.643871994
2023-08-19,Maple Cash USDC1,21100713.9969715
2023-08-19,Maple Cash USDT1,502692.291349341
2023-08-19,AQRU Maple Pool USDC1,12305944.5578755
2023-08-19,M11 Credit Maple Pool USDC1,3121641.46588464
2023-08-19,M11 Credit Maple Pool WETH1,5696309.19891621
2023-08-20,Maple Cash USDC1,21478634.5581122
2023-08-20,AQRU Maple Pool USDC1,12310646.629849
2023-08-20,Maple Cash USDT1,502752.420664408
2023-08-20,M11 Credit Maple Pool USDC1,3122257.79765891
2023-08-20,M11 Credit Maple Pool WETH1,5726292.89299956
2023-08-20,Maple Direct USDC1,75180.756029527
2023-08-21,M11 Credit Maple Pool USDC1,3122874.12943317
2023-08-21,Maple Cash USDT1,502812.549979475
2023-08-21,Maple Direct USDC1,75196.86818706102
2023-08-21,AQRU Maple Pool USDC1,12315348.7018225
2023-08-21,Maple Cash USDC1,21481463.5660895
2023-08-21,M11 Credit Maple Pool WETH1,5772224.39987856
2023-08-22,Maple Cash USDT1,612746.102578789
2023-08-22,AQRU Maple Pool USDC1,12320050.773796
2023-08-22,Maple Direct USDC1,75212.980344594
2023-08-22,M11 Credit Maple Pool WETH1,5719720.27891582
2023-08-22,Maple Cash USDC1,22526022.0398151
2023-08-22,M11 Credit Maple Pool USDC1,3123490.46120744
2023-08-23,Maple Cash USDT1,612819.757549156
2023-08-23,AQRU Maple Pool USDC1,12324752.8457695
2023-08-23,Maple Direct USDC1,75229.092502127
2023-08-23,Maple Cash USDC1,22529022.0873135
2023-08-23,M11 Credit Maple Pool WETH1,5612529.04217647
2023-08-23,M11 Credit Maple Pool USDC1,3124106.79298171
2023-08-24,AQRU Maple Pool USDC1,15209165.797743
2023-08-24,Maple Cash USDC1,26532022.1433169
2023-08-24,M11 Credit Maple Pool USDC1,3124723.12475597
2023-08-24,Maple Direct USDC1,75245.204659661
2023-08-24,M11 Credit Maple Pool WETH1,5763224.09453786
2023-08-24,Maple Cash USDT1,612893.412519523
2023-08-25,M11 Credit Maple Pool USDC1,3125339.45653024
2023-08-25,M11 Credit Maple Pool WETH1,5693308.54406906
2023-08-25,Maple Cash USDT1,612967.067489889
2023-08-25,AQRU Maple Pool USDC1,15214218.1318099
2023-08-25,Maple Direct USDC1,75261.31681719399
2023-08-25,Maple Cash USDC1,26535254.2143092
2023-08-26,Maple Cash USDC1,26538790.2159793
2023-08-26,Maple Cash USDT1,613040.722460256
2023-08-26,Maple Direct USDC1,75277.42897472701
2023-08-26,M11 Credit Maple Pool WETH1,5677145.86634379
2023-08-26,AQRU Maple Pool USDC1,15220038.5572553
2023-08-26,M11 Credit Maple Pool USDC1,3125955.78830451
2023-08-27,M11 Credit Maple Pool WETH1,5652268.94383524
2023-08-27,Maple Direct USDC1,75293.541132261
2023-08-27,Maple Cash USDC1,26542326.2176494
2023-08-27,Maple Cash USDT1,613114.377430623
2023-08-27,AQRU Maple Pool USDC1,15225858.9827007
2023-08-27,M11 Credit Maple Pool USDC1,3126572.12007877
2023-08-28,M11 Credit Maple Pool USDC1,3127188.45185304
2023-08-28,Maple Direct USDC1,75309.653289794
2023-08-28,M11 Credit Maple Pool WETH1,5690686.14234629
2023-08-28,Maple Cash USDC1,26545862.2193195
2023-08-28,AQRU Maple Pool USDC1,15231679.4081461
2023-08-28,Maple Cash USDT1,613188.032400989
2023-08-29,Maple Cash USDC1,26649398.2209896
2023-08-29,AQRU Maple Pool USDC1,15237499.8335915
2023-08-29,M11 Credit Maple Pool USDC1,3127804.78362731
2023-08-29,Maple Direct USDC1,75325.76544732701
2023-08-29,M11 Credit Maple Pool WETH1,5678746.98967888
2023-08-29,Maple Cash USDT1,613261.687371356
2023-08-30,Maple Cash USDC1,26652934.2226597
2023-08-30,Maple Direct USDC1,75341.877604861
2023-08-30,M11 Credit Maple Pool USDC1,3128421.11540157
2023-08-30,M11 Credit Maple Pool WETH1,5942239.71593405
2023-08-30,AQRU Maple Pool USDC1,15243320.2590369
2023-08-30,Maple Cash USDT1,613335.342341723
2023-08-31,M11 Credit Maple Pool USDC1,3129037.44717584
2023-08-31,AQRU Maple Pool USDC1,15253305.471399
2023-08-31,M11 Credit Maple Pool WETH1,5857455.23089563
2023-08-31,Maple Cash USDC1,26756470.2243298
2023-08-31,Maple Direct USDC1,75357.98976239402
2023-08-31,Maple Cash USDT1,613408.997312089
2023-09-01,AQRU Maple Pool USDC1,15258990.820853
2023-09-01,Maple Cash USDT1,613482.652282456
2023-09-01,Maple Direct USDC1,75374.101919927
2023-09-01,M11 Credit Maple Pool WETH1,5653781.19731986
2023-09-01,M11 Credit Maple Pool USDC1,3129653.7789501
2023-09-01,Maple Cash USDC1,26760021.8691141
2023-09-02,M11 Credit Maple Pool WETH1,5604845.08565034
2023-09-02,M11 Credit Maple Pool USDC1,3130270.11072437
2023-09-02,Maple Direct USDC1,75390.214077461
2023-09-02,AQRU Maple Pool USDC1,15264676.170307
2023-09-02,Maple Cash USDT1,613556.307252823
2023-09-02,Maple Cash USDC1,26763589.8862544
2023-09-03,M11 Credit Maple Pool WETH1,5624599.43097741
2023-09-03,M11 Credit Maple Pool USDC1,3130886.44249864
2023-09-03,AQRU Maple Pool USDC1,16206207.709441
2023-09-03,Maple Cash USDT1,613629.962223189
2023-09-03,Maple Cash USDC1,26767157.9033947
2023-09-03,Maple Direct USDC1,75406.326234994
2023-09-04,Maple Cash USDT1,613703.617193556
2023-09-04,M11 Credit Maple Pool USDC1,3131502.77427291
2023-09-04,Maple Direct USDC1,75422.43839252701
2023-09-04,AQRU Maple Pool USDC1,16211893.058895
2023-09-04,M11 Credit Maple Pool WETH1,5622805.31624729
2023-09-04,Maple Cash USDC1,27322513.4435926
2023-09-05,AQRU Maple Pool USDC1,16217773.4595013
2023-09-05,Maple Cash USDT1,613777.272163923
2023-09-05,M11 Credit Maple Pool WETH1,5607307.43495958
2023-09-05,M11 Credit Maple Pool USDC1,3132119.10604717
2023-09-05,Maple Direct USDC1,75438.55055006099
2023-09-05,Maple Cash USDC1,27326117.1684325
2023-09-06,Maple Cash USDT1,613850.927134289
2023-09-06,M11 Credit Maple Pool WETH1,5616461.13637365
2023-09-06,Maple Cash USDC1,27458816.8588212
2023-09-06,M11 Credit Maple Pool USDC1,3132735.43782144
2023-09-06,Maple Direct USDC1,75454.662707594
2023-09-06,AQRU Maple Pool USDC1,16303915.9600957
2023-09-07,Maple Direct USDC1,75470.85010731002
2023-09-07,M11 Credit Maple Pool WETH1,5616661.61567695
2023-09-07,Maple Cash USDC1,27462457.088819
2023-09-07,M11 Credit Maple Pool USDC1,3133351.7695957
2023-09-07,Maple Cash USDT1,613924.582104656
2023-09-07,AQRU Maple Pool USDC1,16310058.4606901
2023-09-08,AQRU Maple Pool USDC1,16316200.9612845
2023-09-08,Maple Cash USDC1,27466108.9406816
2023-09-08,Maple Direct USDC1,75487.39051824302
2023-09-08,M11 Credit Maple Pool USDC1,3135327.32737125
2023-09-08,M11 Credit Maple Pool WETH1,5664949.27218691
2023-09-08,Maple Cash USDT1,613998.237075023
2023-09-09,M11 Credit Maple Pool WETH1,5631737.11400619
2023-09-09,Maple Direct USDC1,75503.93092917599
2023-09-09,AQRU Maple Pool USDC1,16322343.4618789
2023-09-09,Maple Cash USDC1,27469776.5162445
2023-09-09,Maple Cash USDT1,614071.892045389
2023-09-09,M11 Credit Maple Pool USDC1,3135900.44452047
2023-09-10,AQRU Maple Pool USDC1,16328485.9624733
2023-09-10,M11 Credit Maple Pool WETH1,5625966.09725983
2023-09-10,Maple Direct USDC1,75520.47134011
2023-09-10,Maple Cash USDC1,27473444.0918075
2023-09-10,M11 Credit Maple Pool USDC1,3136473.56166969
2023-09-10,Maple Cash USDT1,614145.547015756
2023-09-11,Maple Cash USDT1,614219.201986123
2023-09-11,M11 Credit Maple Pool WETH1,5568839.31687082
2023-09-11,M11 Credit Maple Pool USDC1,3137046.67881892
2023-09-11,Maple Cash USDC1,27477111.6673704
2023-09-11,Maple Direct USDC1,75537.011751043
2023-09-11,AQRU Maple Pool USDC1,16334628.4630677
2023-09-12,Maple Cash USDT1,614292.856956489
2023-09-12,M11 Credit Maple Pool WETH1,5338952.16194262
2023-09-12,AQRU Maple Pool USDC1,16340770.9636623
2023-09-12,Maple Direct USDC1,5075651.3717958
2023-09-12,Maple Cash USDC1,26480597.3059967
2023-09-12,M11 Credit Maple Pool USDC1,3137619.79596814
2023-09-13,Maple Direct USDC1,6376800.5493614
2023-09-13,AQRU Maple Pool USDC1,16346913.4642567
2023-09-13,Maple Cash USDT1,614366.511926856
2023-09-13,M11 Credit Maple Pool WETH1,5493509.51244788
2023-09-13,Maple Cash USDC1,26184062.0970371
2023-09-13,M11 Credit Maple Pool USDC1,3138192.91311736
2023-09-14,Maple Cash USDT1,614440.166897223
2023-09-14,AQRU Maple Pool USDC1,16353055.9648511
2023-09-14,Maple Cash USDC1,25987415.3498462
2023-09-14,M11 Credit Maple Pool WETH1,5490656.02205112
2023-09-14,Maple Direct USDC1,8078561.199819598
2023-09-14,M11 Credit Maple Pool USDC1,3103564.84018959
2023-09-15,Maple Direct USDC1,8080375.000504501
2023-09-15,M11 Credit Maple Pool USDC1,3104137.95733881
2023-09-15,Maple Cash USDC1,25990914.1503948
2023-09-15,Maple Cash USDT1,614513.821867589
2023-09-15,M11 Credit Maple Pool WETH1,5555199.58006097
2023-09-15,AQRU Maple Pool USDC1,16359198.4654459
2023-09-16,M11 Credit Maple Pool WETH1,5608820.53669605
2023-09-16,M11 Credit Maple Pool USDC1,3104711.07448803
2023-09-16,AQRU Maple Pool USDC1,16365340.9660403
2023-09-16,Maple Cash USDT1,614587.476837956
2023-09-16,Maple Direct USDC1,8082188.8011894
2023-09-16,Maple Cash USDC1,25994382.9509434
2023-09-17,Maple Cash USDT1,614661.131808323
2023-09-17,Maple Direct USDC1,8084002.601874299
2023-09-17,M11 Credit Maple Pool WETH1,5583919.86939032
2023-09-17,M11 Credit Maple Pool USDC1,3105284.19163725
2023-09-17,AQRU Maple Pool USDC1,16371483.4666347
2023-09-17,Maple Cash USDC1,25997886.251492
2023-09-18,M11 Credit Maple Pool WETH1,5543916.81764708
2023-09-18,Maple Cash USDT1,614734.786778689
2023-09-18,AQRU Maple Pool USDC1,16377625.9672291
2023-09-18,Maple Direct USDC1,8085816.402559198
2023-09-18,Maple Cash USDC1,26001355.0520406
2023-09-18,M11 Credit Maple Pool USDC1,3105857.30878648
2023-09-19,M11 Credit Maple Pool USDC1,3106430.4259357
2023-09-19,Maple Cash USDC1,26004827.8525892
2023-09-19,Maple Cash USDT1,614808.441749056
2023-09-19,Maple Direct USDC1,8087630.203244101
2023-09-19,M11 Credit Maple Pool WETH1,5592956.84095682
2023-09-19,AQRU Maple Pool USDC1,16383768.4678235
2023-09-20,AQRU Maple Pool USDC1,16389910.9684179
2023-09-20,Maple Cash USDC1,26008296.6531378
2023-09-20,M11 Credit Maple Pool USDC1,3107003.54308492
2023-09-20,M11 Credit Maple Pool WETH1,5617798.80621312
2023-09-20,Maple Direct USDC1,8089444.003929
2023-09-20,Maple Cash USDT1,614882.096719423
2023-09-21,M11 Credit Maple Pool WETH1,5542910.14855526
2023-09-21,Maple Direct USDC1,8091257.804613899
2023-09-21,Maple Cash USDT1,615009.541778817
2023-09-21,Maple Cash USDC1,26011765.4536864
2023-09-21,AQRU Maple Pool USDC1,16396053.4690123
2023-09-21,M11 Credit Maple Pool USDC1,3107576.66023415
2023-09-22,M11 Credit Maple Pool WETH1,5414987.73382406
2023-09-22,M11 Credit Maple Pool USDC1,3108149.77738337
2023-09-22,Maple Cash USDC1,26015234.254235
2023-09-22,Maple Direct USDC1,8093071.605298802
2023-09-22,AQRU Maple Pool USDC1,16402195.9696079
2023-09-22,Maple Cash USDT1,615082.451604751
2023-09-23,AQRU Maple Pool USDC1,16408338.4702023
2023-09-23,Maple Cash USDC1,26018703.0547836
2023-09-23,M11 Credit Maple Pool USDC1,3108722.89453259
2023-09-23,Maple Cash USDT1,615155.361430684
2023-09-23,M11 Credit Maple Pool WETH1,5448639.82140365
2023-09-23,Maple Direct USDC1,8094885.405983698
2023-09-24,M11 Credit Maple Pool USDC1,3109296.01168182
2023-09-24,Maple Cash USDC1,26022171.8553322
2023-09-24,Maple Direct USDC1,8096699.2066686
2023-09-24,M11 Credit Maple Pool WETH1,5448389.88379667
2023-09-24,AQRU Maple Pool USDC1,16414480.9707967
2023-09-24,Maple Cash USDT1,615228.271256617
2023-09-25,AQRU Maple Pool USDC1,16420623.4713911
2023-09-25,M11 Credit Maple Pool WETH1,5405790.08612461
2023-09-25,Maple Direct USDC1,8098513.0073534995
2023-09-25,Maple Cash USDT1,615301.181082551
2023-09-25,M11 Credit Maple Pool USDC1,3109869.12883104
2023-09-25,Maple Cash USDC1,27075783.9504183
2023-09-26,M11 Credit Maple Pool USDC1,3110442.24598026
2023-09-26,Maple Direct USDC1,8100326.808038402
2023-09-26,Maple Cash USDT1,615374.090908484
2023-09-26,M11 Credit Maple Pool WETH1,5433803.75546871
2023-09-26,AQRU Maple Pool USDC1,16426765.9719855
2023-09-26,Maple Cash USDC1,27079381.6910358
2023-09-27,M11 Credit Maple Pool USDC1,3111015.36312949
2023-09-27,Maple Direct USDC1,8102140.608723301
2023-09-27,Maple Cash USDC1,27102593.4331314
2023-09-27,M11 Credit Maple Pool WETH1,5448242.9735138
2023-09-27,AQRU Maple Pool USDC1,16432908.4725799
2023-09-27,Maple Cash USDT1,605438.809429417
2023-09-28,Maple Cash USDT1,605511.719255351
2023-09-28,AQRU Maple Pool USDC1,16439050.9731743
2023-09-28,M11 Credit Maple Pool USDC1,3111588.48027871
2023-09-28,M11 Credit Maple Pool WETH1,5465806.67339923
2023-09-28,Maple Direct USDC1,8103954.4094082005
2023-09-28,Maple Cash USDC1,27106201.1752269
2023-09-29,Maple Cash USDT1,605584.629081284
2023-09-29,AQRU Maple Pool USDC1,16453229.7073314
2023-09-29,Maple Cash USDC1,27121457.6673224
2023-09-29,M11 Credit Maple Pool USDC1,3112161.59742793
2023-09-29,Maple Direct USDC1,8105768.2100931
2023-09-29,M11 Credit Maple Pool WETH1,5653455.45737646
2023-09-30,Maple Cash USDC1,27125065.409418
2023-09-30,Maple Direct USDC1,8107582.010778002
2023-09-30,M11 Credit Maple Pool WETH1,5708079.64792931
2023-09-30,Maple Cash USDT1,605657.538907217
2023-09-30,AQRU Maple Pool USDC1,16459247.0558513
2023-09-30,M11 Credit Maple Pool USDC1,3112734.71457716
2023-10-01,M11 Credit Maple Pool WETH1,5719090.33973584
2023-10-01,M11 Credit Maple Pool USDC1,3113307.83172638
2023-10-01,AQRU Maple Pool USDC1,16465264.4043711
2023-10-01,Maple Cash USDT1,605730.448733151
2023-10-01,Maple Cash USDC1,27128673.1515135
2023-10-01,Maple Direct USDC1,8109395.811462898
2023-10-02,Maple Cash USDC1,27132280.893609
2023-10-02,M11 Credit Maple Pool WETH1,5934169.9608709
2023-10-02,Maple Direct USDC1,8111209.612147801
2023-10-02,Maple Cash USDT1,605803.358559084
2023-10-02,AQRU Maple Pool USDC1,16522271.3179783
2023-10-02,M11 Credit Maple Pool USDC1,3113880.9488756
2023-10-03,M11 Credit Maple Pool WETH1,5701045.31826162
2023-10-03,AQRU Maple Pool USDC1,16212577.8075453
2023-10-03,Maple Cash USDT1,605876.268385017
2023-10-03,M11 Credit Maple Pool USDC1,3114454.06602483
2023-10-03,Maple Direct USDC1,8113023.4128327
2023-10-03,Maple Cash USDC1,27135888.6357046
2023-10-04,Maple Cash USDT1,605949.178210951
2023-10-04,AQRU Maple Pool USDC1,16269172.6460153
2023-10-04,Maple Cash USDC1,29380647.6114694
2023-10-04,M11 Credit Maple Pool WETH1,5671232.85481721
2023-10-04,M11 Credit Maple Pool USDC1,3115027.18317405
2023-10-04,Maple Direct USDC1,8114837.213517599
2023-10-05,AQRU Maple Pool USDC1,16275169.0233023
2023-10-05,Maple Cash USDT1,606022.088036884
2023-10-05,Maple Cash USDC1,28940869.3380483
2023-10-05,M11 Credit Maple Pool WETH1,5644238.03096499
2023-10-05,Maple Direct USDC1,8116651.014202502
2023-10-05,M11 Credit Maple Pool USDC1,3115600.30032327
2023-10-06,M11 Credit Maple Pool WETH1,5524880.55136758
2023-10-06,Maple Cash USDT1,586091.163706962
2023-10-06,Maple Direct USDC1,8118464.714547999
2023-10-06,M11 Credit Maple Pool USDC1,3116173.41747249
2023-10-06,Maple Cash USDC1,29498789.6995538
2023-10-06,AQRU Maple Pool USDC1,16281165.4005893
2023-10-07,M11 Credit Maple Pool USDC1,3116746.53462172
2023-10-07,Maple Cash USDT1,586161.935565496
2023-10-07,Maple Cash USDC1,29332590.6088143
2023-10-07,AQRU Maple Pool USDC1,16789583.2869643
2023-10-07,M11 Credit Maple Pool WETH1,5639576.83167375
2023-10-07,Maple Direct USDC1,8120278.200712401
2023-10-08,M11 Credit Maple Pool USDC1,3117319.65177094
2023-10-08,AQRU Maple Pool USDC1,16795579.6642514
2023-10-08,Maple Cash USDT1,586232.707424029
2023-10-08,M11 Credit Maple Pool WETH1,5601725.29240041
2023-10-08,Maple Direct USDC1,8122091.6868768
2023-10-08,Maple Cash USDC1,29549801.8442828
2023-10-09,Maple Direct USDC1,8123905.173041098
2023-10-09,AQRU Maple Pool USDC1,16801576.0415384
2023-10-09,Maple Cash USDT1,586303.479282562
2023-10-09,Maple Cash USDC1,29553650.4738333
2023-10-10,Maple Direct USDC1,8125718.6592055
2023-10-10,Maple Cash USDT1,586374.251141096
2023-10-10,AQRU Maple Pool USDC1,16807572.4188254
2023-10-10,Maple Cash USDC1,29557545.0911846
2023-10-11,Maple Direct USDC1,8127532.1453698985
2023-10-11,AQRU Maple Pool USDC1,16813568.7961132
2023-10-11,Maple Cash USDC1,29451467.6903582
2023-10-11,Maple Cash USDT1,586445.022999629
2023-10-12,Maple Direct USDC1,8129345.6315336
2023-10-12,Maple Cash USDT1,586515.794858162
2023-10-12,Maple Cash USDC1,29755604.0925519
2023-10-12,AQRU Maple Pool USDC1,16819665.5501706
2023-10-13,Maple Direct USDC1,8131159.117698003
2023-10-13,Maple Cash USDC1,29759531.4199563
2023-10-13,Maple Cash USDT1,586586.566716696
2023-10-13,AQRU Maple Pool USDC1,17826044.1448061
2023-10-14,AQRU Maple Pool USDC1,17832675.5728971
2023-10-14,Maple Direct USDC1,8132972.6038623005
2023-10-14,Maple Cash USDC1,31763458.7473608
2023-10-14,Maple Cash USDT1,586657.338575229
2023-10-15,Maple Direct USDC1,8134786.090026699
2023-10-15,Maple Cash USDT1,586728.110433762
2023-10-15,Maple Cash USDC1,31767386.0747653
2023-10-15,AQRU Maple Pool USDC1,17839307.0009882
2023-10-16,Maple Cash USDT1,586798.882292296
2023-10-16,AQRU Maple Pool USDC1,22420368.4033843
2023-10-16,Maple Direct USDC1,8136599.5761910975
2023-10-16,Maple Cash USDC1,31771429.2084274
2023-10-17,Maple Cash USDC1,31775607.4732685
2023-10-17,Maple Direct USDC1,8138413.062355403
2023-10-17,Maple Cash USDT1,586869.654150829
2023-10-17,AQRU Maple Pool USDC1,22425932.964075
2023-10-18,Maple Direct USDC1,8140226.548519801
2023-10-18,AQRU Maple Pool USDC1,22434481.9349536
2023-10-18,Maple Cash USDT1,586940.426009362
2023-10-18,Maple Cash USDC1,31779755.6049899
2023-10-19,Maple Cash USDC1,30793573.8656067
2023-10-19,AQRU Maple Pool USDC1,22533030.9058321
2023-10-19,Maple Direct USDC1,8142040.0346842
2023-10-19,Maple Cash USDT1,587011.197867896
2023-10-20,Maple Direct USDC1,8143853.5208485015
2023-10-20,Maple Cash USDC1,30797713.472213
2023-10-20,Maple Cash USDT1,587081.969726429
2023-10-20,AQRU Maple Pool USDC1,22541579.8767106
2023-10-21,AQRU Maple Pool USDC1,22890128.8475892
2023-10-21,Maple Cash USDC1,30801742.8449646
2023-10-21,Maple Direct USDC1,8145667.0070129
2023-10-21,Maple Cash USDT1,587152.741584962
2023-10-22,Maple Cash USDT1,587223.513443496
2023-10-22,Maple Direct USDC1,8147480.493177298
2023-10-22,AQRU Maple Pool USDC1,22898677.8184677
2023-10-22,Maple Cash USDC1,30805772.2177162
2023-10-23,Maple Cash USDC1,30809826.5892128
2023-10-23,AQRU Maple Pool USDC1,22907226.7893462
2023-10-23,Maple Direct USDC1,8649293.9793416
2023-10-23,Osprey Maple Pool USDC1,8100602.88645052
2023-10-23,Maple Cash USDT1,587294.285302029
2023-10-24,Osprey Maple Pool USDC1,8101939.61661966
2023-10-24,Maple Direct USDC1,8651607.465505999
2023-10-24,AQRU Maple Pool USDC1,22915837.2538219
2023-10-24,Maple Cash USDC1,30855938.6170594
2023-10-24,Maple Cash USDT1,587365.057160562
2023-10-25,Maple Direct USDC1,9903480.510716401
2023-10-25,AQRU Maple Pool USDC1,23734553.2386204
2023-10-25,Maple Cash USDT1,587339.586956096
2023-10-25,Maple Cash USDC1,29508722.8124242
2023-10-25,Osprey Maple Pool USDC1,8103276.3467888
2023-10-26,Maple Cash USDT1,587390.398720087
2023-10-26,Osprey Maple Pool USDC1,8104613.07695794
2023-10-26,Maple Direct USDC1,15615228.6298807
2023-10-26,Maple Cash USDC1,21453047.8485779
2023-10-26,AQRU Maple Pool USDC1,23743378.5781212
2023-10-27,Maple Cash USDC1,21003115.2682082
2023-10-27,Osprey Maple Pool USDC1,8105949.80712709
2023-10-27,Maple Direct USDC1,17100622.855771102
2023-10-27,AQRU Maple Pool USDC1,23752412.0443093
2023-10-27,Maple Cash USDT1,80695.71685762
2023-10-28,Maple Direct USDC1,17104606.204949096
2023-10-28,Maple Cash USDC1,21005883.1100642
2023-10-28,Osprey Maple Pool USDC1,8107286.53729623
2023-10-28,AQRU Maple Pool USDC1,23761445.5104974
2023-10-28,Maple Cash USDT1,80705.230114154
2023-10-29,AQRU Maple Pool USDC1,23770478.9766856
2023-10-29,Maple Direct USDC1,17108589.554127194
2023-10-29,Maple Cash USDC1,21008650.9519202
2023-10-29,Osprey Maple Pool USDC1,8108623.26746537
2023-10-29,Maple Cash USDT1,80714.743370687
2023-10-30,Maple Direct USDC1,17112572.903305195
2023-10-30,AQRU Maple Pool USDC1,23782051.4284495
2023-10-30,Maple Cash USDC1,21011418.7937762
2023-10-30,Osprey Maple Pool USDC1,8109959.99763452
2023-10-30,Maple Cash USDT1,80724.25662722
2023-10-31,Osprey Maple Pool USDC1,8111296.72780366
2023-10-31,Maple Cash USDT1,80733.769883754
2023-10-31,AQRU Maple Pool USDC1,23791141.663356
2023-10-31,Maple Cash USDC1,20514048.4947306
2023-10-31,Maple Direct USDC1,17116556.2524833
2023-11-01,Maple Cash USDT1,80742.522088636
2023-11-01,Maple Cash USDC1,20516751.6004716
2023-11-01,Maple Direct USDC1,17120539.601661295
2023-11-01,AQRU Maple Pool USDC1,23800231.8982626
2023-11-01,Osprey Maple Pool USDC1,8112633.4579728
2023-11-02,Osprey Maple Pool USDC1,8113970.18814194
2023-11-02,Maple Cash USDC1,20519454.7062125
2023-11-02,AQRU Maple Pool USDC1,23809322.1331691
2023-11-02,Maple Cash USDT1,50742.939709069
2023-11-02,Maple Direct USDC1,17374522.9508403
2023-11-03,Maple Cash USDC1,20265451.0515748
2023-11-03,Osprey Maple Pool USDC1,8115306.91831109
2023-11-03,Maple Cash USDT1,50748.161161788
2023-11-03,AQRU Maple Pool USDC1,23818412.3680757
2023-11-03,Maple Direct USDC1,17378506.219867803
2023-11-04,Maple Cash USDC1,20268130.239012
2023-11-04,Maple Direct USDC1,17382489.2500322
2023-11-04,Osprey Maple Pool USDC1,8116643.64848023
2023-11-04,Maple Cash USDT1,50751.205479621
2023-11-04,AQRU Maple Pool USDC1,23827502.6029822
2023-11-05,Maple Direct USDC1,17386472.280196503
2023-11-05,AQRU Maple Pool USDC1,23836592.8378888
2023-11-05,Maple Cash USDC1,20270809.4264492
2023-11-05,Osprey Maple Pool USDC1,8117980.37864937
2023-11-05,Maple Cash USDT1,50754.249797454
2023-11-06,Maple Cash USDC1,20306068.8487724
2023-11-06,Maple Cash USDT1,50757.294115288
2023-11-06,Osprey Maple Pool USDC1,8119317.10881852
2023-11-06,Maple Direct USDC1,17390455.3103609
2023-11-06,AQRU Maple Pool USDC1,23845683.0727953
2023-11-07,Maple Cash USDT1,50760.338433121
2023-11-07,AQRU Maple Pool USDC1,23954773.3077019
2023-11-07,Maple Direct USDC1,17394438.340525202
2023-11-07,Osprey Maple Pool USDC1,8120653.83898766
2023-11-07,Maple Cash USDC1,20183715.649275
2023-11-08,Maple Cash USDT1,50763.382750954
2023-11-08,AQRU Maple Pool USDC1,23963863.5426084
2023-11-08,Maple Direct USDC1,17134479.7395116
2023-11-08,Osprey Maple Pool USDC1,8121990.5691568
2023-11-08,Maple Cash USDC1,20186379.1621278
2023-11-09,Maple Direct USDC1,17138462.769675896
2023-11-09,AQRU Maple Pool USDC1,23972953.777516
2023-11-09,Osprey Maple Pool USDC1,8123327.29932594
2023-11-09,Maple Cash USDC1,20282190.5780614
2023-11-10,AQRU Maple Pool USDC1,23982044.0124225
2023-11-10,Osprey Maple Pool USDC1,8124664.02949509
2023-11-10,Maple Cash USDC1,20284733.8276666
2023-11-10,Maple Direct USDC1,17142445.799841
2023-11-11,Maple Cash USDC1,20287277.0772719
2023-11-11,AQRU Maple Pool USDC1,24080612.1114941
2023-11-11,Osprey Maple Pool USDC1,8126000.75966423
2023-11-11,Maple Direct USDC1,17146428.8300054
2023-11-12,Maple Direct USDC1,17150411.8601697
2023-11-12,Osprey Maple Pool USDC1,8127337.48983337
2023-11-12,Maple Cash USDC1,20289820.3268771
2023-11-12,AQRU Maple Pool USDC1,24089702.3464006
2023-11-13,Maple Cash USDC1,20292363.5764823
2023-11-13,AQRU Maple Pool USDC1,26098792.5813061
2023-11-13,Osprey Maple Pool USDC1,8128674.22000252
2023-11-13,Maple Direct USDC1,17154394.890334107
2023-11-14,Osprey Maple Pool USDC1,8130010.95017166
2023-11-14,AQRU Maple Pool USDC1,26108120.2656431
2023-11-14,Maple Cash USDC1,20294907.0944188
2023-11-14,Maple Direct USDC1,17158377.920498505
2023-11-15,Maple Direct USDC1,17162360.950662807
2023-11-15,AQRU Maple Pool USDC1,26117696.7451164
2023-11-15,Osprey Maple Pool USDC1,8131347.6803408
2023-11-15,Maple Cash USDC1,20297450.9993747
2023-11-16,Maple Direct USDC1,17154259.1251392
2023-11-16,Maple Cash USDC1,17625509.9675602
2023-11-16,AQRU Maple Pool USDC1,26177273.2245897
2023-11-16,Osprey Maple Pool USDC1,8132684.41050994
2023-11-17,Maple Direct USDC1,17158242.1553035
2023-11-17,AQRU Maple Pool USDC1,26186973.1576811
2023-11-17,Osprey Maple Pool USDC1,8134021.14067909
2023-11-17,Maple Cash USDC1,16618820.3670825
2023-11-18,Osprey Maple Pool USDC1,8135357.87084823
2023-11-18,AQRU Maple Pool USDC1,26247112.8121504
2023-11-18,Maple Cash USDC1,16620986.869046
2023-11-18,Maple Direct USDC1,17162225.1854679
2023-11-19,Maple Direct USDC1,17166208.2156322
2023-11-19,Osprey Maple Pool USDC1,8136694.60101737
2023-11-19,Maple Cash USDC1,16623253.3710095
2023-11-19,AQRU Maple Pool USDC1,26275365.1330018
2023-11-20,Maple Direct USDC1,17170191.245796606
2023-11-20,Maple Cash USDC1,16625419.8729731
2023-11-20,AQRU Maple Pool USDC1,26285414.4135611
2023-11-20,Osprey Maple Pool USDC1,8138227.82212465
2023-11-21,Maple Cash USDC1,16627486.3481046
2023-11-21,Maple Direct USDC1,27174834.906097703
2023-11-21,Osprey Maple Pool USDC1,8139564.55229379
2023-11-21,AQRU Maple Pool USDC1,26295463.6941205
2023-11-22,Osprey Maple Pool USDC1,8140901.28246294
2023-11-22,AQRU Maple Pool USDC1,26305512.9746809
2023-11-22,Maple Cash USDC1,16636064.0869156
2023-11-22,Maple Direct USDC1,28466249.492445692
2023-11-23,Maple Cash USDC1,17288253.6076088
2023-11-23,Maple Direct USDC1,27283077.525310695
2023-11-23,Osprey Maple Pool USDC1,8142238.01263208
2023-11-23,AQRU Maple Pool USDC1,26315562.2552403
2023-11-24,Osprey Maple Pool USDC1,8143574.74280122
2023-11-24,AQRU Maple Pool USDC1,26325611.5357996
2023-11-24,Maple Direct USDC1,27289526.3088997
2023-11-24,Maple Cash USDC1,17290482.2815136
2023-11-25,Maple Direct USDC1,27295975.09248869
2023-11-25,Maple Cash USDC1,17292758.8630851
2023-11-25,AQRU Maple Pool USDC1,26335660.816359
2023-11-25,Osprey Maple Pool USDC1,8144911.47297036
2023-11-26,Osprey Maple Pool USDC1,8146248.20313951
2023-11-26,AQRU Maple Pool USDC1,26345710.0969183
2023-11-26,Maple Direct USDC1,27302423.87607771
2023-11-26,Maple Cash USDC1,17295035.4446565
2023-11-27,AQRU Maple Pool USDC1,26355759.3774777
2023-11-27,Maple Cash USDC1,17246894.9244512
2023-11-27,Maple Direct USDC1,27308872.659666702
2023-11-27,Osprey Maple Pool USDC1,8147584.93330865
2023-11-28,Maple Direct USDC1,27315269.94070401
2023-11-28,Maple Cash USDC1,17249169.8152492
2023-11-28,AQRU Maple Pool USDC1,26615788.659558
2023-11-28,Osprey Maple Pool USDC1,8148921.66347779
2023-11-29,AQRU Maple Pool USDC1,26628040.5899716
2023-11-29,Maple Cash USDC1,15502479.4546099
2023-11-29,Osprey Maple Pool USDC1,8150258.39364694
2023-11-29,Maple Direct USDC1,27321278.844840996
2023-11-30,AQRU Maple Pool USDC1,26638264.4269218
2023-11-30,Maple Cash USDC1,15759619.0494816
2023-11-30,Osprey Maple Pool USDC1,8151595.12381608
2023-11-30,Maple Direct USDC1,25396769.611682907
2023-12-01,Osprey Maple Pool USDC1,8152931.85398522
2023-12-01,AQRU Maple Pool USDC1,26648488.263872
2023-12-01,Maple Direct USDC1,25402778.426050104
2023-12-01,Maple Cash USDC1,15761696.85261
2023-12-02,AQRU Maple Pool USDC1,26658712.1008221
2023-12-02,Maple Cash USDC1,15963774.6557384
2023-12-02,Osprey Maple Pool USDC1,8154268.58415436
2023-12-02,Maple Direct USDC1,25408787.010050103
2023-12-03,Maple Cash USDC1,15965852.4588669
2023-12-03,Maple Direct USDC1,25414795.594050102
2023-12-03,Osprey Maple Pool USDC1,8155605.31432351
2023-12-03,AQRU Maple Pool USDC1,26668935.9377723
2023-12-04,Maple Cash USDC1,15967949.9099402
2023-12-04,Maple Direct USDC1,25420804.178049996
2023-12-04,Osprey Maple Pool USDC1,8156942.04449265
2023-12-04,AQRU Maple Pool USDC1,26679159.7747224
2023-12-05,Maple Cash USDC1,15970078.875893
2023-12-05,Maple Direct USDC1,25426538.080959097
2023-12-05,Osprey Maple Pool USDC1,8158278.77466179
2023-12-05,AQRU Maple Pool USDC1,26689383.6116726
2023-12-06,AQRU Maple Pool USDC1,26699607.4486227
2023-12-06,Maple Cash USDC1,15972207.8418458
2023-12-06,Osprey Maple Pool USDC1,8159615.50483094
2023-12-06,Maple Direct USDC1,21587556.972355194
2023-12-07,Maple Cash USDC1,15974336.8077985
2023-12-07,Osprey Maple Pool USDC1,8160952.23500008
2023-12-07,Maple Direct USDC1,21360386.822853304
2023-12-07,AQRU Maple Pool USDC1,26709831.2855722
2023-12-08,Maple Direct USDC1,21365038.0260313
2023-12-08,Maple Cash USDC1,15676311.6599978
2023-12-08,Osprey Maple Pool USDC1,8162288.96516922
2023-12-08,AQRU Maple Pool USDC1,26720055.1225224
2023-12-09,Maple Direct USDC1,21369689.2292094
2023-12-09,AQRU Maple Pool USDC1,26730278.9594725
2023-12-09,Maple Cash USDC1,15678379.1655636
2023-12-09,Osprey Maple Pool USDC1,8163625.69533836
2023-12-10,Osprey Maple Pool USDC1,8164962.42550751
2023-12-10,Maple Direct USDC1,21374340.43238751
2023-12-10,Maple Cash USDC1,15680445.6709944
2023-12-10,AQRU Maple Pool USDC1,26740502.7964227
2023-12-11,Maple Cash USDC1,15682512.1764253
2023-12-11,Osprey Maple Pool USDC1,8166299.15567665
2023-12-11,Maple Direct USDC1,21378991.635565594
2023-12-11,AQRU Maple Pool USDC1,26750726.6333736
2023-12-12,Maple Direct USDC1,21383642.8387437
2023-12-12,Osprey Maple Pool USDC1,8167635.88584579
2023-12-12,Maple Cash USDC1,15684567.7180013
2023-12-12,AQRU Maple Pool USDC1,27170623.4304197
2023-12-13,Maple Cash USDC1,15436518.8934014
2023-12-13,Maple Direct USDC1,21388283.2198978
2023-12-13,AQRU Maple Pool USDC1,27770326.7448399
2023-12-13,Osprey Maple Pool USDC1,8168972.61601494
2023-12-14,AQRU Maple Pool USDC1,27780700.8866751
2023-12-14,Maple Cash USDC1,15438552.510019
2023-12-14,Maple Direct USDC1,16410804.962467805
2023-12-14,Osprey Maple Pool USDC1,8170309.34618408
2023-12-15,AQRU Maple Pool USDC1,27791362.5048457
2023-12-15,Maple Cash USDC1,15440573.4013891
2023-12-15,Osprey Maple Pool USDC1,8171646.07635322
2023-12-15,Maple Direct USDC1,16414741.316330805
2023-12-16,Osprey Maple Pool USDC1,8172982.80652236
2023-12-16,AQRU Maple Pool USDC1,27854024.1230162
2023-12-16,Maple Direct USDC1,16418677.670193799
2023-12-16,Maple Cash USDC1,15253513.879314
2023-12-17,Maple Cash USDC1,15155179.0359929
2023-12-17,AQRU Maple Pool USDC1,27864578.3913904
2023-12-17,Maple Direct USDC1,16422614.0240568
2023-12-17,Osprey Maple Pool USDC1,8174319.53669151
2023-12-18,AQRU Maple Pool USDC1,27624258.8687009
2023-12-18,Maple Cash USDC1,15157171.8411238
2023-12-18,Osprey Maple Pool USDC1,8175656.26686109
2023-12-18,Maple Direct USDC1,16426550.3779198
2023-12-19,AQRU Maple Pool USDC1,27634682.8120445
2023-12-19,Maple Cash USDC1,15159162.0050328
2023-12-19,Maple Direct USDC1,16430486.731782801
2023-12-19,Osprey Maple Pool USDC1,8176978.65365975
2023-12-20,Osprey Maple Pool USDC1,8178272.69169918
2023-12-20,Opportunistic High Yield Maple Pool USDC1,3450402.17180366
2023-12-20,Maple Direct USDC1,16434423.0856459
2023-12-20,AQRU Maple Pool USDC1,27645106.7553874
2023-12-20,Maple Cash USDC1,15161145.6498552
2023-12-21,Osprey Maple Pool USDC1,7878576.03120762
2023-12-21,Maple Direct USDC1,16438359.4395089
2023-12-21,AQRU Maple Pool USDC1,27655530.698731
2023-12-21,Opportunistic High Yield Maple Pool USDC1,3451441.89783106
2023-12-21,Maple Cash USDC1,15388257.211048
2023-12-22,Osprey Maple Pool USDC1,7879870.06924705
2023-12-22,AQRU Maple Pool USDC1,27665954.6420745
2023-12-22,Maple Direct USDC1,16442295.7933719
2023-12-22,Maple Cash USDC1,15365275.2103208
2023-12-22,Opportunistic High Yield Maple Pool USDC1,3452481.62385847
2023-12-23,Opportunistic High Yield Maple Pool USDC1,3453521.34988588
2023-12-23,Maple Direct USDC1,16446232.147234902
2023-12-23,Maple Cash USDC1,15367295.4352616
2023-12-23,AQRU Maple Pool USDC1,27676378.5854181
2023-12-23,Osprey Maple Pool USDC1,7881164.10728648
2023-12-24,Opportunistic High Yield Maple Pool USDC1,3454561.07591328
2023-12-24,Maple Cash USDC1,15369315.6602025
2023-12-24,AQRU Maple Pool USDC1,27686802.5287616
2023-12-24,Maple Direct USDC1,16450168.501097903
2023-12-24,Osprey Maple Pool USDC1,7882458.14532591
2023-12-25,Osprey Maple Pool USDC1,7883752.18336535
2023-12-25,Maple Cash USDC1,15371335.8851433
2023-12-25,Maple Direct USDC1,16454104.854960896
2023-12-25,Opportunistic High Yield Maple Pool USDC1,3455600.80194069
2023-12-25,AQRU Maple Pool USDC1,27207756.8193952
2023-12-26,Opportunistic High Yield Maple Pool USDC1,3456640.52796809
2023-12-26,Maple Cash USDC1,14112008.6144054
2023-12-26,AQRU Maple Pool USDC1,27218180.7627387
2023-12-26,Maple Direct USDC1,17525096.7005549
2023-12-26,Osprey Maple Pool USDC1,7885046.22140478
2023-12-27,Maple Direct USDC1,17253570.390679
2023-12-27,Opportunistic High Yield Maple Pool USDC1,3457680.2539955
2023-12-27,Maple Cash USDC1,14113863.299852
2023-12-27,AQRU Maple Pool USDC1,27228604.7060823
2023-12-27,Osprey Maple Pool USDC1,7886340.25944422
2023-12-28,Opportunistic High Yield Maple Pool USDC1,3458719.98002291
2023-12-28,AQRU Maple Pool USDC1,27243327.6555383
2023-12-28,Maple Direct USDC1,17257506.744542003
2023-12-28,Osprey Maple Pool USDC1,7887634.29748365
2023-12-28,Maple Cash USDC1,14134717.9852985
2023-12-29,Opportunistic High Yield Maple Pool USDC1,3459759.70605031
2023-12-29,AQRU Maple Pool USDC1,27271539.8139886
2023-12-29,Osprey Maple Pool USDC1,7888928.33552308
2023-12-29,Maple Direct USDC1,17261442.9830224
2023-12-29,Maple Cash USDC1,14136572.6707451
2023-12-30,Osprey Maple Pool USDC1,7890222.37356252
2023-12-30,Maple Cash USDC1,14138427.3561917
2023-12-30,Maple Direct USDC1,17265379.016748406
2023-12-30,Opportunistic High Yield Maple Pool USDC1,3460799.43207772
2023-12-30,AQRU Maple Pool USDC1,27281521.3055093
2023-12-31,Maple Direct USDC1,17269315.050474405
2023-12-31,Maple Cash USDC1,14140282.0416382
2023-12-31,AQRU Maple Pool USDC1,27341502.7970299
2023-12-31,Osprey Maple Pool USDC1,7891516.41160195
2023-12-31,Opportunistic High Yield Maple Pool USDC1,3461839.15810513
2024-01-01,Maple Cash USDC1,14142136.7270848
2024-01-01,AQRU Maple Pool USDC1,26279773.7479386
2024-01-01,Maple Direct USDC1,17273251.084200494
2024-01-01,Osprey Maple Pool USDC1,7892810.44964138
2024-01-01,Opportunistic High Yield Maple Pool USDC1,3462878.88413253
2024-01-02,Osprey Maple Pool USDC1,7894104.48768082
2024-01-02,AQRU Maple Pool USDC1,26289755.2394593
2024-01-02,Maple Direct USDC1,17277187.117928505
2024-01-02,Opportunistic High Yield Maple Pool USDC1,3463918.61015994
2024-01-02,Maple Cash USDC1,12122908.4652437
2024-01-03,Opportunistic High Yield Maple Pool USDC1,3464958.33618734
2024-01-03,Maple Direct USDC1,17281123.151654504
2024-01-03,Osprey Maple Pool USDC1,7895398.52572025
2024-01-03,AQRU Maple Pool USDC1,26299736.73098
2024-01-03,Maple Cash USDC1,12124517.4750644
2024-01-04,Opportunistic High Yield Maple Pool USDC1,3465998.06221475
2024-01-04,Maple Direct USDC1,17285059.1853806
2024-01-04,Osprey Maple Pool USDC1,7896692.56375968
2024-01-04,AQRU Maple Pool USDC1,26709747.4808301
2024-01-04,Maple Cash USDC1,11135587.841087
2024-01-05,AQRU Maple Pool USDC1,26719909.0236062
2024-01-05,Maple Cash USDC1,11137066.6944412
2024-01-05,Osprey Maple Pool USDC1,7897986.60179912
2024-01-05,Opportunistic High Yield Maple Pool USDC1,3467037.78824199
2024-01-05,Maple Direct USDC1,17288995.2191066
2024-01-06,Opportunistic High Yield Maple Pool USDC1,3468077.51426939
2024-01-06,AQRU Maple Pool USDC1,26730070.5663808
2024-01-06,Maple Direct USDC1,17292931.2528326
2024-01-06,Osprey Maple Pool USDC1,7899280.63983855
2024-01-06,Maple Cash USDC1,11138545.5477954
2024-01-07,Osprey Maple Pool USDC1,7900574.67787798
2024-01-07,AQRU Maple Pool USDC1,26790232.1091553
2024-01-07,Maple Direct USDC1,17296867.2865586
2024-01-07,Maple Cash USDC1,11140024.4011497
2024-01-07,Opportunistic High Yield Maple Pool USDC1,3469117.2402968
2024-01-08,Opportunistic High Yield Maple Pool USDC1,3470156.96632421
2024-01-08,Maple Direct USDC1,17300803.320284598
2024-01-08,Osprey Maple Pool USDC1,7901868.71591741
2024-01-08,AQRU Maple Pool USDC1,26800393.6519299
2024-01-08,Maple Cash USDC1,11141503.2545039
2024-01-09,Osprey Maple Pool USDC1,7903162.75395685
2024-01-09,Maple Direct USDC1,17304739.354010597
2024-01-09,Maple Cash USDC1,11142982.1078581
2024-01-09,AQRU Maple Pool USDC1,26810555.1947045
2024-01-09,Opportunistic High Yield Maple Pool USDC1,3471196.69235161
2024-01-10,AQRU Maple Pool USDC1,26820716.7374791
2024-01-10,Osprey Maple Pool USDC1,7904456.79199628
2024-01-10,Maple Direct USDC1,16205161.383785605
2024-01-10,Maple Cash USDC1,11244459.3691903
2024-01-10,Opportunistic High Yield Maple Pool USDC1,3472236.41837902
2024-01-11,Maple Direct USDC1,16209097.417511702
2024-01-11,Opportunistic High Yield Maple Pool USDC1,3473276.14440643
2024-01-11,Osprey Maple Pool USDC1,7905750.83003572
2024-01-11,Maple Cash USDC1,12095980.7442445
2024-01-11,AQRU Maple Pool USDC1,26830878.2802536
2024-01-12,Maple Direct USDC1,16213027.997668602
2024-01-12,AQRU Maple Pool USDC1,26841039.8230282
2024-01-12,Maple Cash USDC1,12097568.6801758
2024-01-12,Osprey Maple Pool USDC1,7907044.86807515
2024-01-12,Opportunistic High Yield Maple Pool USDC1,3474315.87043383
2024-01-13,Opportunistic High Yield Maple Pool USDC1,3475355.59646124
2024-01-13,Maple Cash USDC1,12099156.6161071
2024-01-13,AQRU Maple Pool USDC1,26851201.3658028
2024-01-13,Osprey Maple Pool USDC1,7908338.90611458
2024-01-13,Maple Direct USDC1,16216948.764791898
2024-01-14,Opportunistic High Yield Maple Pool USDC1,3476395.32248864
2024-01-14,Osprey Maple Pool USDC1,7909632.94415402
2024-01-14,Maple Direct USDC1,16220869.531915195
2024-01-14,Maple Cash USDC1,12100744.5520383
2024-01-14,AQRU Maple Pool USDC1,26861362.9085774
2024-01-15,Opportunistic High Yield Maple Pool USDC1,3477435.04851605
2024-01-15,Maple Cash USDC1,12102332.4879696
2024-01-15,Osprey Maple Pool USDC1,7910926.98219345
2024-01-15,AQRU Maple Pool USDC1,26781074.7291089
2024-01-15,Maple Direct USDC1,16224790.299038403
2024-01-16,Opportunistic High Yield Maple Pool USDC1,3478474.77454346
2024-01-16,Osprey Maple Pool USDC1,7912221.02023288
2024-01-16,Maple Cash USDC1,12103920.4239009
2024-01-16,AQRU Maple Pool USDC1,26891236.2718835
2024-01-16,Maple Direct USDC1,16228711.0661617
2024-01-17,Osprey Maple Pool USDC1,7913515.05827232
2024-01-17,AQRU Maple Pool USDC1,27201397.8146581
2024-01-17,Maple Direct USDC1,16232631.833285004
2024-01-17,Opportunistic High Yield Maple Pool USDC1,3479514.50057086
2024-01-17,Maple Cash USDC1,12105508.3598321
2024-01-18,Maple Direct USDC1,16261362.5029952
2024-01-18,AQRU Maple Pool USDC1,27259645.5635387
2024-01-18,Opportunistic High Yield Maple Pool USDC1,3480554.22659827
2024-01-18,Osprey Maple Pool USDC1,7914808.45871053
2024-01-18,Maple Cash USDC1,11657080.0493149
2024-01-19,Maple Cash USDC1,11658612.090462
2024-01-19,Maple Direct USDC1,21579586.685871698
2024-01-19,Osprey Maple Pool USDC1,7916099.37592916
2024-01-19,AQRU Maple Pool USDC1,27294617.1072363
2024-01-19,Opportunistic High Yield Maple Pool USDC1,3481593.95262568
2024-01-20,Maple Cash USDC1,11665144.131609
2024-01-20,Osprey Maple Pool USDC1,7917390.2931478
2024-01-20,Maple Direct USDC1,21584734.85025519
2024-01-20,AQRU Maple Pool USDC1,27304095.6777921
2024-01-20,Opportunistic High Yield Maple Pool USDC1,3482633.67865308
2024-01-21,Maple Cash USDC1,11666676.172756
2024-01-21,Opportunistic High Yield Maple Pool USDC1,3483673.40468049
2024-01-21,Osprey Maple Pool USDC1,7918681.21036643
2024-01-21,Maple Direct USDC1,21589883.014638804
2024-01-21,AQRU Maple Pool USDC1,27313574.2483478
2024-01-22,Opportunistic High Yield Maple Pool USDC1,3884713.13070789
2024-01-22,Altcoin Lending,1367435.4000000001
2024-01-22,Maple Cash USDC1,11668208.2139031
2024-01-22,Maple Direct USDC1,21595031.179022305
2024-01-22,AQRU Maple Pool USDC1,25013393.1908256
2024-01-22,Osprey Maple Pool USDC1,7919972.12758506
2024-01-23,Altcoin Lending,1251543.45
2024-01-23,Maple Cash USDC1,11669740.2550501
2024-01-23,Maple Direct USDC1,21600179.34340591
2024-01-23,AQRU Maple Pool USDC1,25189957.2246344
2024-01-23,Osprey Maple Pool USDC1,7921263.0448037
2024-01-23,Opportunistic High Yield Maple Pool USDC1,3885789.37070808
2024-01-24,Opportunistic High Yield Maple Pool USDC1,3886954.46659849
2024-01-24,AQRU Maple Pool USDC1,25199435.7951902
2024-01-24,Altcoin Lending,1261465.6500000001
2024-01-24,Maple Direct USDC1,21681327.5077895
2024-01-24,Osprey Maple Pool USDC1,7922553.96202233
2024-01-24,Maple Cash USDC1,10928990.1728562
2024-01-25,Altcoin Lending,1334610.5999999999
2024-01-25,Opportunistic High Yield Maple Pool USDC1,3888119.56248889
2024-01-25,Maple Direct USDC1,21686475.672173
2024-01-25,AQRU Maple Pool USDC1,25299552.9770419
2024-01-25,Maple Cash USDC1,11283274.7943485
2024-01-25,Osprey Maple Pool USDC1,7923844.87924096
2024-01-26,Osprey Maple Pool USDC1,7925135.7964596
2024-01-26,Maple Cash USDC1,11900173.5395517
2024-01-26,Altcoin Lending,1304750.25
2024-01-26,Maple Direct USDC1,21691623.83655659
2024-01-26,AQRU Maple Pool USDC1,25309031.5475977
2024-01-26,Opportunistic High Yield Maple Pool USDC1,3889284.6583793
2024-01-27,Altcoin Lending,1385471.2500000002
2024-01-27,Maple Direct USDC1,21696772.000940196
2024-01-27,Opportunistic High Yield Maple Pool USDC1,3890449.75426971
2024-01-27,AQRU Maple Pool USDC1,25358552.0544935
2024-01-27,Osprey Maple Pool USDC1,7926426.71367823
2024-01-27,Maple Cash USDC1,11901734.9458039
2024-01-28,Osprey Maple Pool USDC1,7927717.63089686
2024-01-28,Opportunistic High Yield Maple Pool USDC1,3891614.85016011
2024-01-28,Maple Cash USDC1,11903296.3520561
2024-01-28,Maple Direct USDC1,21701920.165323704
2024-01-28,Altcoin Lending,1411112.85
2024-01-28,AQRU Maple Pool USDC1,25368030.6250492
2024-01-29,Opportunistic High Yield Maple Pool USDC1,3892779.94605052
2024-01-29,Altcoin Lending,1439498.5500000003
2024-01-29,AQRU Maple Pool USDC1,25377532.4113975
2024-01-29,Osprey Maple Pool USDC1,7929008.5481155
2024-01-29,Maple Direct USDC1,21812068.329707295
2024-01-29,Maple Cash USDC1,11904857.7583083
2024-01-30,Osprey Maple Pool USDC1,7930299.46533413
2024-01-30,AQRU Maple Pool USDC1,25387150.1904088
2024-01-30,Maple Direct USDC1,21817216.494090796
2024-01-30,Maple Cash USDC1,12130384.3056573
2024-01-30,Opportunistic High Yield Maple Pool USDC1,3893945.04194092
2024-01-30,Altcoin Lending,1521300
2024-01-31,AQRU Maple Pool USDC1,25396767.9694201
2024-01-31,Maple Direct USDC1,22390729.771723397
2024-01-31,Osprey Maple Pool USDC1,7931590.38255276
2024-01-31,Maple Cash USDC1,12271965.4877995
2024-01-31,Opportunistic High Yield Maple Pool USDC1,3895110.13783133
2024-01-31,Altcoin Lending,1522366.8
2024-02-01,Maple Cash USDC1,12273575.5712534
2024-02-01,Opportunistic High Yield Maple Pool USDC1,3896275.07190286
2024-02-01,Maple Direct USDC1,21646312.0690583
2024-02-01,Altcoin Lending,1453977
2024-02-01,Osprey Maple Pool USDC1,7932881.12047734
2024-02-01,AQRU Maple Pool USDC1,25406384.4126288
2024-02-02,Altcoin Lending,1466850.4499999997
2024-02-02,Opportunistic High Yield Maple Pool USDC1,3897440.32961214
2024-02-02,Osprey Maple Pool USDC1,7934172.21699003
2024-02-02,Maple Cash USDC1,11975153.5897331
2024-02-02,Maple Direct USDC1,21716460.948464595
2024-02-02,AQRU Maple Pool USDC1,25416003.5274442
2024-02-03,AQRU Maple Pool USDC1,25425621.3064556
2024-02-03,Maple Cash USDC1,11976727.108357
2024-02-03,Maple Direct USDC1,21721609.112848192
2024-02-03,Osprey Maple Pool USDC1,7935463.13420866
2024-02-03,Opportunistic High Yield Maple Pool USDC1,3898605.42550255
2024-02-03,Altcoin Lending,1506982.1999999997
2024-02-04,Maple Cash USDC1,11978300.626981
2024-02-04,Maple Direct USDC1,21726757.277231798
2024-02-04,Altcoin Lending,1466507.1
2024-02-04,Opportunistic High Yield Maple Pool USDC1,3899770.52139296
2024-02-04,AQRU Maple Pool USDC1,25435239.0854669
2024-02-04,Osprey Maple Pool USDC1,7936754.0514273
2024-02-05,AQRU Maple Pool USDC1,24866212.2935362
2024-02-05,Maple Cash USDC1,12079874.145605
2024-02-05,Osprey Maple Pool USDC1,7938044.96864593
2024-02-05,Maple Direct USDC1,21731905.441615306
2024-02-05,Opportunistic High Yield Maple Pool USDC1,3900935.61728336
2024-02-05,Altcoin Lending,1432081.65
2024-02-06,Maple Direct USDC1,21737053.605998896
2024-02-06,AQRU Maple Pool USDC1,24875830.0725476
2024-02-06,Opportunistic High Yield Maple Pool USDC1,3902100.71317377
2024-02-06,Osprey Maple Pool USDC1,7939335.88586456
2024-02-06,Altcoin Lending,1435020.3000000003
2024-02-06,Maple Cash USDC1,12081450.8437582
2024-02-07,Osprey Maple Pool USDC1,7940626.8030832
2024-02-07,Maple Direct USDC1,21742201.770382494
2024-02-07,AQRU Maple Pool USDC1,24885447.8515589
2024-02-07,Maple Cash USDC1,11727006.3017868
2024-02-07,Altcoin Lending,1453800
2024-02-07,Opportunistic High Yield Maple Pool USDC1,3903265.80906417
2024-02-08,Maple Cash USDC1,11728544.3792952
2024-02-08,AQRU Maple Pool USDC1,24895065.6305702
2024-02-08,Maple Direct USDC1,21747349.934766002
2024-02-08,Opportunistic High Yield Maple Pool USDC1,3904430.90495458
2024-02-08,Osprey Maple Pool USDC1,7941917.72030183
2024-02-08,Altcoin Lending,1512930.2999999998
2024-02-09,Altcoin Lending,1543555.0499999998
2024-02-09,Osprey Maple Pool USDC1,7943208.63752046
2024-02-09,Opportunistic High Yield Maple Pool USDC1,3905596.00084499
2024-02-09,Maple Direct USDC1,21752498.0991496
2024-02-09,AQRU Maple Pool USDC1,24904683.4095816
2024-02-09,Maple Cash USDC1,11780082.4568037
2024-02-10,Maple Cash USDC1,11781620.5343122
2024-02-10,Altcoin Lending,1605510.6
2024-02-10,Osprey Maple Pool USDC1,7944499.5547391
2024-02-10,Opportunistic High Yield Maple Pool USDC1,3906761.09673539
2024-02-10,AQRU Maple Pool USDC1,24914301.1885929
2024-02-10,Maple Direct USDC1,21757646.2635331
2024-02-11,Maple Cash USDC1,11783158.6118206
2024-02-11,Altcoin Lending,1634871.9
2024-02-11,Maple Direct USDC1,21762794.427916706
2024-02-11,Opportunistic High Yield Maple Pool USDC1,3907926.1926258
2024-02-11,AQRU Maple Pool USDC1,24947709.0128632
2024-02-11,Osprey Maple Pool USDC1,7945790.47195773
2024-02-12,Maple Direct USDC1,21267313.4176813
2024-02-12,Opportunistic High Yield Maple Pool USDC1,3909091.28851621
2024-02-12,Osprey Maple Pool USDC1,7947081.38917636
2024-02-12,Altcoin Lending,1611357.15
2024-02-12,AQRU Maple Pool USDC1,24787253.302668
2024-02-12,Maple Cash USDC1,11784698.2007809
2024-02-13,Osprey Maple Pool USDC1,7948372.306395
2024-02-13,AQRU Maple Pool USDC1,24622056.2863468
2024-02-13,Maple Direct USDC1,21270390.3491882
2024-02-13,Altcoin Lending,1680552.3000000003
2024-02-13,Maple Cash USDC1,11786242.9917059
2024-02-13,Opportunistic High Yield Maple Pool USDC1,3910256.38440661
2024-02-14,AQRU Maple Pool USDC1,24654570.1478506
2024-02-14,Maple Cash USDC1,12687827.0012905
2024-02-14,Osprey Maple Pool USDC1,7949663.22361363
2024-02-14,Maple Direct USDC1,21273467.280695
2024-02-14,Altcoin Lending,1688986.65
2024-02-14,Opportunistic High Yield Maple Pool USDC1,3911421.48029702
2024-02-15,AQRU Maple Pool USDC1,24664084.0093544
2024-02-15,Altcoin Lending,1754641.65
2024-02-15,Maple Cash USDC1,12689491.4930853
2024-02-15,Opportunistic High Yield Maple Pool USDC1,3912586.57618742
2024-02-15,Maple Direct USDC1,21276544.2122019
2024-02-15,Osprey Maple Pool USDC1,7950954.14083226
2024-02-16,Altcoin Lending,1703990.85
2024-02-16,Maple Cash USDC1,12010380.4483913
2024-02-16,Opportunistic High Yield Maple Pool USDC1,3913751.67207783
2024-02-16,Maple Direct USDC1,21304621.1437087
2024-02-16,Osprey Maple Pool USDC1,7952245.05805094
2024-02-16,AQRU Maple Pool USDC1,24673597.8708582
2024-02-17,AQRU Maple Pool USDC1,24683111.732362
2024-02-17,Altcoin Lending,1657523.25
2024-02-17,Maple Cash USDC1,12011955.4986557
2024-02-17,Opportunistic High Yield Maple Pool USDC1,3914916.76796824
2024-02-17,Maple Direct USDC1,21307698.0752156
2024-02-17,Osprey Maple Pool USDC1,7953535.97526957
2024-02-18,Maple Direct USDC1,21310775.006722406
2024-02-18,Osprey Maple Pool USDC1,7954826.8924882
2024-02-18,Altcoin Lending,1633927.65
2024-02-18,AQRU Maple Pool USDC1,24692625.5938658
2024-02-18,Maple Cash USDC1,12013530.5489201
2024-02-18,Opportunistic High Yield Maple Pool USDC1,3916081.86385864
2024-02-19,Maple Cash USDC1,12015105.5991845
2024-02-19,AQRU Maple Pool USDC1,24705554.8592122
2024-02-19,Maple Direct USDC1,21313851.938229203
2024-02-19,Opportunistic High Yield Maple Pool USDC1,3917246.95974905
2024-02-19,Osprey Maple Pool USDC1,7956117.80970684
2024-02-19,Altcoin Lending,1683231.2999999998
2024-02-20,AQRU Maple Pool USDC1,24412867.1048912
2024-02-20,Osprey Maple Pool USDC1,7957408.72692547
2024-02-20,Maple Direct USDC1,20786362.122099094
2024-02-20,Altcoin Lending,1669171.35
2024-02-20,Maple Cash USDC1,12016680.6494489
2024-02-20,Opportunistic High Yield Maple Pool USDC1,3918412.05563946
2024-02-21,Opportunistic High Yield Maple Pool USDC1,4520709.58942642
2024-02-21,Maple Cash USDC1,12018255.6997133
2024-02-21,Osprey Maple Pool USDC1,7958699.6441441
2024-02-21,Altcoin Lending,1628461.7999999998
2024-02-21,AQRU Maple Pool USDC1,24422111.8457622
2024-02-21,Maple Direct USDC1,20789439.0536059
2024-02-22,Maple Direct USDC1,20792515.9851128
2024-02-22,Osprey Maple Pool USDC1,7959990.56136274
2024-02-22,Maple Cash USDC1,12019830.7499777
2024-02-22,Altcoin Lending,1580139.4499999997
2024-02-22,Opportunistic High Yield Maple Pool USDC1,4559907.36934151
2024-02-22,AQRU Maple Pool USDC1,24431356.5866331
2024-02-23,Altcoin Lending,1530626.6999999997
2024-02-23,AQRU Maple Pool USDC1,24440601.3275041
2024-02-23,Opportunistic High Yield Maple Pool USDC1,4561259.1488026
2024-02-23,Maple Cash USDC1,12021405.8002421
2024-02-23,Maple Direct USDC1,20795592.9166196
2024-02-23,Osprey Maple Pool USDC1,7961281.47858137
2024-02-24,Altcoin Lending,1501379.25
2024-02-24,Maple Cash USDC1,12022980.8505065
2024-02-24,AQRU Maple Pool USDC1,24449846.068375
2024-02-24,Maple Direct USDC1,20798669.8481265
2024-02-24,Osprey Maple Pool USDC1,7962572.3958
2024-02-24,Opportunistic High Yield Maple Pool USDC1,4562610.9282637
2024-02-25,Osprey Maple Pool USDC1,7963863.31301864
2024-02-25,AQRU Maple Pool USDC1,24459090.809246
2024-02-25,Altcoin Lending,1562830.9499999997
2024-02-25,Opportunistic High Yield Maple Pool USDC1,4563962.70772479
2024-02-25,Maple Cash USDC1,12024555.9007709
2024-02-25,Maple Direct USDC1,20801746.7796333
2024-02-26,Opportunistic High Yield Maple Pool USDC1,4565314.48718589
2024-02-26,Altcoin Lending,1551579.3000000003
2024-02-26,AQRU Maple Pool USDC1,24468318.7914704
2024-02-26,Maple Cash USDC1,12026130.9510353
2024-02-26,Maple Direct USDC1,20804823.711140096
2024-02-26,Osprey Maple Pool USDC1,7965154.23023727
2024-02-27,Osprey Maple Pool USDC1,7966445.1474559
2024-02-27,Maple Cash USDC1,12027706.0012998
2024-02-27,AQRU Maple Pool USDC1,24338758.0047219
2024-02-27,Maple Direct USDC1,20807900.642647
2024-02-27,Altcoin Lending,1647676.5
2024-02-27,Opportunistic High Yield Maple Pool USDC1,4566666.26664698
2024-02-28,Altcoin Lending,1622654.4000000004
2024-02-28,AQRU Maple Pool USDC1,24348038.0265578
2024-02-28,Osprey Maple Pool USDC1,7967736.06467454
2024-02-28,Opportunistic High Yield Maple Pool USDC1,4568018.04610807
2024-02-28,Maple Cash USDC1,12029281.0515641
2024-02-28,Maple Direct USDC1,21363433.38415379
2024-02-29,Osprey Maple Pool USDC1,7968889.44698656
2024-02-29,AQRU Maple Pool USDC1,24357241.423696
2024-02-29,Maple Direct USDC1,21366510.3156607
2024-02-29,Maple Cash USDC1,12030856.1018285
2024-02-29,Altcoin Lending,1761454.1999999997
2024-02-29,Opportunistic High Yield Maple Pool USDC1,4569369.82556917
2024-03-01,Opportunistic High Yield Maple Pool USDC1,4570721.60503026
2024-03-01,Maple Cash USDC1,12032431.1520929
2024-03-01,Altcoin Lending,1885227.2999999998
2024-03-01,Maple Direct USDC1,21369870.365922906
2024-03-01,AQRU Maple Pool USDC1,24366444.8208338
2024-03-01,Osprey Maple Pool USDC1,7969641.30523676
2024-03-01,High Yield Corporate Loan Maple Pool WETH1,485432.065922554
2024-03-02,AQRU Maple Pool USDC1,24375648.2179719
2024-03-02,High Yield Corporate Loan Maple Pool WETH1,497672.78062586
2024-03-02,Opportunistic High Yield Maple Pool USDC1,4572073.38449136
2024-03-02,Maple Direct USDC1,21375218.456635304
2024-03-02,Osprey Maple Pool USDC1,7970393.16348696
2024-03-02,Maple Cash USDC1,12034006.2023573
2024-03-02,Altcoin Lending,1950705.9000000004
2024-03-03,Maple Cash USDC1,12035581.2526217
2024-03-03,Osprey Maple Pool USDC1,7971145.02173716
2024-03-03,AQRU Maple Pool USDC1,24384851.6151101
2024-03-03,Altcoin Lending,1948224.7499999995
2024-03-03,Opportunistic High Yield Maple Pool USDC1,4573425.16395245
2024-03-03,Maple Direct USDC1,21380566.547347605
2024-03-03,High Yield Corporate Loan Maple Pool WETH1,496294.895229167
2024-03-04,Osprey Maple Pool USDC1,7971896.87998736
2024-03-04,Altcoin Lending,1954591.8000000003
2024-03-04,AQRU Maple Pool USDC1,24376450.1788212
2024-03-04,Maple Cash USDC1,11028315.9448942
2024-03-04,High Yield Corporate Loan Maple Pool WETH1,505815.011182473
2024-03-04,Opportunistic High Yield Maple Pool USDC1,4574776.94341354
2024-03-04,Maple Direct USDC1,21385914.638060004
2024-03-05,Opportunistic High Yield Maple Pool USDC1,4576128.72287464
2024-03-05,Altcoin Lending,1999855.7999999998
2024-03-05,High Yield Corporate Loan Maple Pool WETH1,527199.224335779
2024-03-05,Osprey Maple Pool USDC1,7972648.73823756
2024-03-05,AQRU Maple Pool USDC1,24268684.8460244
2024-03-05,Maple Direct USDC1,20829930.708864503
2024-03-05,Maple Cash USDC1,11029760.399955
2024-03-06,Maple Cash USDC1,11031204.8550158
2024-03-06,Osprey Maple Pool USDC1,7973400.59648776
2024-03-06,AQRU Maple Pool USDC1,24277888.2431625
2024-03-06,High Yield Corporate Loan Maple Pool WETH1,519598.471089085
2024-03-06,Opportunistic High Yield Maple Pool USDC1,4577480.50233573
2024-03-06,Maple Direct USDC1,20032495.5663123
2024-03-06,Altcoin Lending,1895866.8000000003
2024-03-07,Altcoin Lending,1960005.9
2024-03-07,Osprey Maple Pool USDC1,7974152.45473796
2024-03-07,High Yield Corporate Loan Maple Pool WETH1,554570.748792392
2024-03-07,AQRU Maple Pool USDC1,24287091.6403007
2024-03-07,High Yield Secured Lending Maple Pool USDC1,3550175.4653795697
2024-03-07,Maple Cash USDC1,11032649.3100768
2024-03-07,Maple Direct USDC1,19782090.9114732
2024-03-07,Opportunistic High Yield Maple Pool USDC1,4578832.28179682
2024-03-08,Opportunistic High Yield Maple Pool USDC1,4580184.06125792
2024-03-08,Maple Direct USDC1,19786751.4268431
2024-03-08,Maple Cash USDC1,11034093.7651376
2024-03-08,High Yield Corporate Loan Maple Pool WETH1,560355.142745698
2024-03-08,Osprey Maple Pool USDC1,7974904.31298816
2024-03-08,Altcoin Lending,2161575.4499999997
2024-03-08,High Yield Secured Lending Maple Pool USDC1,3550891.2448316403
2024-03-08,AQRU Maple Pool USDC1,24296295.0374388
2024-03-09,High Yield Corporate Loan Maple Pool WETH1,565005.303199004
2024-03-09,Maple Direct USDC1,19791411.942213
2024-03-09,AQRU Maple Pool USDC1,24305498.434577
2024-03-09,Osprey Maple Pool USDC1,7975656.17123836
2024-03-09,Maple Cash USDC1,11035538.2201984
2024-03-09,Altcoin Lending,2177871.9
2024-03-09,High Yield Secured Lending Maple Pool USDC1,3551607.0242836997
2024-03-09,Opportunistic High Yield Maple Pool USDC1,4581535.84071901
2024-03-10,Maple Cash USDC1,11036982.6752592
2024-03-10,AQRU Maple Pool USDC1,24314701.8317151
2024-03-10,High Yield Corporate Loan Maple Pool WETH1,568309.05600231
2024-03-10,Maple Direct USDC1,19796072.4575828
2024-03-10,Altcoin Lending,2172257.25
2024-03-10,High Yield Secured Lending Maple Pool USDC1,3552322.8037357703
2024-03-10,Opportunistic High Yield Maple Pool USDC1,4582887.6201801
2024-03-10,Osprey Maple Pool USDC1,7976408.02948856
2024-03-11,Opportunistic High Yield Maple Pool USDC1,4584239.3996412
2024-03-11,High Yield Secured Lending Maple Pool USDC1,3553038.58318784
2024-03-11,High Yield Corporate Loan Maple Pool WETH1,564218.477255616
2024-03-11,AQRU Maple Pool USDC1,24233990.4575452
2024-03-11,Maple Direct USDC1,18800714.240149707
2024-03-11,Maple Cash USDC1,10020322.7779222
2024-03-11,Osprey Maple Pool USDC1,7977159.88773876
2024-03-11,Altcoin Lending,4125770.7920000004
2024-03-12,Maple Direct USDC1,18805374.7555196
2024-03-12,Maple Cash USDC1,10021633.8633745
2024-03-12,High Yield Corporate Loan Maple Pool WETH1,590824.260758923
2024-03-12,AQRU Maple Pool USDC1,24225102.8206909
2024-03-12,High Yield Secured Lending Maple Pool USDC1,3553754.3626398994
2024-03-12,Osprey Maple Pool USDC1,7977911.74598896
2024-03-12,Opportunistic High Yield Maple Pool USDC1,4585591.17910229
2024-03-12,Altcoin Lending,4255487.808
2024-03-13,High Yield Corporate Loan Maple Pool WETH1,577547.898662229
2024-03-13,Altcoin Lending,4310874.282
2024-03-13,High Yield Secured Lending Maple Pool USDC1,3554470.14209197
2024-03-13,Maple Cash USDC1,10022944.9488268
2024-03-13,AQRU Maple Pool USDC1,24234267.3822126
2024-03-13,Opportunistic High Yield Maple Pool USDC1,4586942.95856339
2024-03-13,Maple Direct USDC1,18810035.270889506
2024-03-13,Osprey Maple Pool USDC1,7978663.60423916
2024-03-14,High Yield Corporate Loan Maple Pool WETH1,581837.513715535
2024-03-14,High Yield Secured Lending Maple Pool USDC1,3555185.9215440396
2024-03-14,Maple Cash USDC1,10024256.0342792
2024-03-14,Maple Direct USDC1,18814695.7862593
2024-03-14,AQRU Maple Pool USDC1,24216864.4088083
2024-03-14,Opportunistic High Yield Maple Pool USDC1,4588294.73802448
2024-03-14,Altcoin Lending,4679697.88
2024-03-14,Osprey Maple Pool USDC1,7979415.46248936
2024-03-15,Altcoin Lending,5039977.8
2024-03-15,Opportunistic High Yield Maple Pool USDC1,4589646.51748557
2024-03-15,High Yield Corporate Loan Maple Pool WETH1,563202.611368841
2024-03-15,Osprey Maple Pool USDC1,7980167.32073956
2024-03-15,High Yield Secured Lending Maple Pool USDC1,3555901.700996099
2024-03-15,Maple Cash USDC1,15025820.9613735
2024-03-15,Maple Direct USDC1,18819356.3016292
2024-03-15,AQRU Maple Pool USDC1,24226028.97033
2024-03-16,Maple Cash USDC1,15027792.8059808
2024-03-16,Maple Direct USDC1,18824016.8169991
2024-03-16,Opportunistic High Yield Maple Pool USDC1,4590998.29694667
2024-03-16,Altcoin Lending,5260234.408
2024-03-16,High Yield Secured Lending Maple Pool USDC1,3556617.4804481706
2024-03-16,Osprey Maple Pool USDC1,5222873.18745376
2024-03-16,AQRU Maple Pool USDC1,24235193.5318518
2024-03-16,High Yield Corporate Loan Maple Pool WETH1,542859.111672148
2024-03-17,High Yield Secured Lending Maple Pool USDC1,3557333.2599002393
2024-03-17,Altcoin Lending,5170929.764
2024-03-17,Osprey Maple Pool USDC1,5223625.04570396
2024-03-17,Maple Cash USDC1,15029764.6505882
2024-03-17,AQRU Maple Pool USDC1,24244358.0933735
2024-03-17,Maple Direct USDC1,18828677.332369
2024-03-17,High Yield Corporate Loan Maple Pool WETH1,510407.891575454
2024-03-17,Opportunistic High Yield Maple Pool USDC1,4592350.07640776
2024-03-18,Maple Direct USDC1,18833337.847738802
2024-03-18,High Yield Secured Lending Maple Pool USDC1,3558049.0393523006
2024-03-18,Osprey Maple Pool USDC1,5224376.90395416
2024-03-18,Maple Cash USDC1,15031736.4951956
2024-03-18,AQRU Maple Pool USDC1,24230085.2549945
2024-03-18,High Yield Corporate Loan Maple Pool WETH1,529173.07702876
2024-03-18,Opportunistic High Yield Maple Pool USDC1,4593701.85586885
2024-03-18,Altcoin Lending,5792040.825999999
2024-03-19,High Yield Corporate Loan Maple Pool WETH1,512203.796932066
2024-03-19,Altcoin Lending,5615475.294000001
2024-03-19,AQRU Maple Pool USDC1,24175727.6753998
2024-03-19,Opportunistic High Yield Maple Pool USDC1,4595053.63532995
2024-03-19,High Yield Secured Lending Maple Pool USDC1,3558764.8188043693
2024-03-19,Maple Direct USDC1,18837998.363108702
2024-03-19,Osprey Maple Pool USDC1,5225128.76220436
2024-03-19,Maple Cash USDC1,15033708.3398029
2024-03-20,Osprey Maple Pool USDC1,5225880.62045456
2024-03-20,High Yield Corporate Loan Maple Pool WETH1,460838.618785372
2024-03-20,Maple Direct USDC1,18842658.8784786
2024-03-20,High Yield Secured Lending Maple Pool USDC1,4059480.5982564287
2024-03-20,Maple Cash USDC1,15035680.1844103
2024-03-20,Altcoin Lending,4850490.216
2024-03-20,Opportunistic High Yield Maple Pool USDC1,4596405.41479104
2024-03-20,AQRU Maple Pool USDC1,24164861.2862651
2024-03-21,AQRU Maple Pool USDC1,24173987.0121704
2024-03-21,Osprey Maple Pool USDC1,5226632.47870476
2024-03-21,High Yield Secured Lending Maple Pool USDC1,4060196.3777084993
2024-03-21,High Yield Corporate Loan Maple Pool WETH1,510827.627188679
2024-03-21,Maple Direct USDC1,18846510.538638398
2024-03-21,Maple Cash USDC1,15037652.0290177
2024-03-21,Altcoin Lending,5475237.767999999
2024-03-21,Opportunistic High Yield Maple Pool USDC1,4597757.19425214
2024-03-22,Altcoin Lending,5135257.556
2024-03-22,Osprey Maple Pool USDC1,5227384.33695496
2024-03-22,AQRU Maple Pool USDC1,24183112.7380757
2024-03-22,High Yield Corporate Loan Maple Pool WETH1,507652.011491985
2024-03-22,Maple Direct USDC1,18852457.2888693
2024-03-22,High Yield Secured Lending Maple Pool USDC1,4310977.853121799
2024-03-22,Maple Cash USDC1,15139623.873625
2024-03-22,Opportunistic High Yield Maple Pool USDC1,4599108.97371386
2024-03-23,Opportunistic High Yield Maple Pool USDC1,4600460.75317496
2024-03-23,High Yield Corporate Loan Maple Pool WETH1,482975.626145291
2024-03-23,Maple Cash USDC1,15141595.7182324
2024-03-23,High Yield Secured Lending Maple Pool USDC1,4312003.803669711
2024-03-23,Maple Direct USDC1,18858489.569691308
2024-03-23,Osprey Maple Pool USDC1,5228136.19520516
2024-03-23,AQRU Maple Pool USDC1,24192238.4639809
2024-03-23,Altcoin Lending,4960831.3040000005
2024-03-24,Maple Direct USDC1,18864521.85051319
2024-03-24,Maple Cash USDC1,15143567.5628398
2024-03-24,AQRU Maple Pool USDC1,24201364.1898862
2024-03-24,High Yield Corporate Loan Maple Pool WETH1,487447.013198597
2024-03-24,High Yield Secured Lending Maple Pool USDC1,4313029.75421764
2024-03-24,Altcoin Lending,4960777.822
2024-03-24,Opportunistic High Yield Maple Pool USDC1,4601812.53263605
2024-03-24,Osprey Maple Pool USDC1,5228888.05345536
2024-03-25,Osprey Maple Pool USDC1,5229639.91170556
2024-03-25,Opportunistic High Yield Maple Pool USDC1,4603164.31209714
2024-03-25,High Yield Corporate Loan Maple Pool WETH1,502127.251401904
2024-03-25,High Yield Secured Lending Maple Pool USDC1,5014841.1174056
2024-03-25,AQRU Maple Pool USDC1,24084963.9805892
2024-03-25,Maple Direct USDC1,18470229.009402096
2024-03-25,Altcoin Lending,5263025.196
2024-03-25,Maple Cash USDC1,15276769.4887487
2024-03-26,Altcoin Lending,5405309.91
2024-03-26,Osprey Maple Pool USDC1,5230391.76995576
2024-03-26,AQRU Maple Pool USDC1,24091881.306178
2024-03-26,Opportunistic High Yield Maple Pool USDC1,4604516.09155824
2024-03-26,High Yield Secured Lending Maple Pool USDC1,5155877.425955601
2024-03-26,Maple Cash USDC1,15278763.2820827
2024-03-26,High Yield Corporate Loan Maple Pool WETH1,521643.31210521
2024-03-26,Maple Direct USDC1,18556261.290223993
2024-03-27,AQRU Maple Pool USDC1,24010025.4582994
2024-03-27,Opportunistic High Yield Maple Pool USDC1,4605867.87101933
2024-03-27,High Yield Corporate Loan Maple Pool WETH1,522138.098808516
2024-03-27,Maple Direct USDC1,16318769.950873002
2024-03-27,Osprey Maple Pool USDC1,5231143.62820596
2024-03-27,High Yield Secured Lending Maple Pool USDC1,5697688.5013627
2024-03-27,Altcoin Lending,5469353.890000001
2024-03-27,Maple Cash USDC1,15280768.3551249
2024-03-28,High Yield Secured Lending Maple Pool USDC1,7448892.7840762995
2024-03-28,Maple Direct USDC1,16324126.255954899
2024-03-28,AQRU Maple Pool USDC1,24019177.7515135
2024-03-28,Altcoin Lending,5323573.683999999
2024-03-28,Opportunistic High Yield Maple Pool USDC1,4607219.65048042
2024-03-28,Osprey Maple Pool USDC1,5231895.48645616
2024-03-28,High Yield Corporate Loan Maple Pool WETH1,509671.982211822
2024-03-28,Maple Cash USDC1,15282773.4281672
2024-03-29,Osprey Maple Pool USDC1,5232647.34470636
2024-03-29,AQRU Maple Pool USDC1,24028330.0447275
2024-03-29,Maple Cash USDC1,15284778.5012094
2024-03-29,Altcoin Lending,5421844.714
2024-03-29,High Yield Corporate Loan Maple Pool WETH1,517705.066615129
2024-03-29,Maple Direct USDC1,16329513.664731205
2024-03-29,Opportunistic High Yield Maple Pool USDC1,4608571.42994152
2024-03-29,High Yield Secured Lending Maple Pool USDC1,7450668.113969699
2024-03-30,Opportunistic High Yield Maple Pool USDC1,4609923.20940261
2024-03-30,Maple Cash USDC1,15286783.5742516
2024-03-30,Altcoin Lending,5491979.921999999
2024-03-30,Maple Direct USDC1,16334901.073507503
2024-03-30,High Yield Corporate Loan Maple Pool WETH1,511352.869218435
2024-03-30,High Yield Secured Lending Maple Pool USDC1,7452443.443863099
2024-03-30,Osprey Maple Pool USDC1,5233399.20295656
2024-03-30,AQRU Maple Pool USDC1,24037482.3379415
2024-03-31,Maple Cash USDC1,15288788.6472939
2024-03-31,High Yield Secured Lending Maple Pool USDC1,7554218.773756601
2024-03-31,Maple Direct USDC1,16340288.4822838
2024-03-31,AQRU Maple Pool USDC1,24046634.6311556
2024-03-31,Altcoin Lending,5562157.744
2024-03-31,Opportunistic High Yield Maple Pool USDC1,4611274.98886371
2024-03-31,Osprey Maple Pool USDC1,5234151.06120676
2024-03-31,High Yield Corporate Loan Maple Pool WETH1,510181.529071741
2024-04-01,AQRU Maple Pool USDC1,24048688.6023605
2024-04-01,Maple Direct USDC1,16845675.891059995
2024-04-01,Osprey Maple Pool USDC1,5234902.91945696
2024-04-01,Opportunistic High Yield Maple Pool USDC1,4612626.7683248
2024-04-01,Altcoin Lending,5800489.8379999995
2024-04-01,Maple Cash USDC1,15290793.7203361
2024-04-01,High Yield Secured Lending Maple Pool USDC1,7605994.103650002
2024-04-01,High Yield Corporate Loan Maple Pool WETH1,530113.828225047
2024-04-02,AQRU Maple Pool USDC1,24034689.2726911
2024-04-02,High Yield Corporate Loan Maple Pool WETH1,510370.238478353
2024-04-02,Altcoin Lending,5511942.149999999
2024-04-02,Osprey Maple Pool USDC1,5235654.77770716
2024-04-02,Opportunistic High Yield Maple Pool USDC1,4613978.54778589
2024-04-02,High Yield Secured Lending Maple Pool USDC1,7607769.433543399
2024-04-02,Maple Cash USDC1,15292798.7933783
2024-04-02,Maple Direct USDC1,16851063.2998363
2024-04-03,Opportunistic High Yield Maple Pool USDC1,4615330.32724699
2024-04-03,High Yield Corporate Loan Maple Pool WETH1,476586.78593166
2024-04-03,AQRU Maple Pool USDC1,23925550.7637797
2024-04-03,Maple Direct USDC1,16856249.927362405
2024-04-03,Maple Cash USDC1,15294803.8664206
2024-04-03,High Yield Secured Lending Maple Pool USDC1,7609544.763436899
2024-04-03,Altcoin Lending,5189210.884000001
2024-04-03,Osprey Maple Pool USDC1,5236406.63595736
2024-04-04,Osprey Maple Pool USDC1,5237158.49420756
2024-04-04,Maple Direct USDC1,16862337.678604398
2024-04-04,Maple Cash USDC1,15296808.9394628
2024-04-04,AQRU Maple Pool USDC1,23934664.2213772
2024-04-04,Opportunistic High Yield Maple Pool USDC1,4616682.10670808
2024-04-04,Altcoin Lending,5305619.176
2024-04-04,High Yield Secured Lending Maple Pool USDC1,7611320.093330301
2024-04-04,High Yield Corporate Loan Maple Pool WETH1,482696.933984966
2024-04-05,Osprey Maple Pool USDC1,5237910.35245776
2024-04-05,AQRU Maple Pool USDC1,23943777.6789748
2024-04-05,High Yield Secured Lending Maple Pool USDC1,7691027.8932238
2024-04-05,Maple Cash USDC1,15298814.2693658
2024-04-05,High Yield Corporate Loan Maple Pool WETH1,484982.724438272
2024-04-05,Maple Direct USDC1,16868425.429846402
2024-04-05,Altcoin Lending,5257293.756
2024-04-05,Opportunistic High Yield Maple Pool USDC1,4618033.88616917
2024-04-06,Altcoin Lending,5009809.376
2024-04-06,Opportunistic High Yield Maple Pool USDC1,4619385.66563027
2024-04-06,Osprey Maple Pool USDC1,5238662.21070796
2024-04-06,High Yield Secured Lending Maple Pool USDC1,7692803.2231172025
2024-04-06,AQRU Maple Pool USDC1,23952891.1365724
2024-04-06,High Yield Corporate Loan Maple Pool WETH1,483322.321041578
2024-04-06,Maple Direct USDC1,16874513.181088403
2024-04-06,Maple Cash USDC1,15300819.9977587
2024-04-07,Osprey Maple Pool USDC1,5239414.06895816
2024-04-07,Opportunistic High Yield Maple Pool USDC1,4620737.44509136
2024-04-07,Altcoin Lending,5118247.42
2024-04-07,Maple Cash USDC1,15302825.7261516
2024-04-07,Maple Direct USDC1,16880600.9323304
2024-04-07,High Yield Secured Lending Maple Pool USDC1,7694578.553010602
2024-04-07,AQRU Maple Pool USDC1,23962004.59417
2024-04-07,High Yield Corporate Loan Maple Pool WETH1,489544.925294885
2024-04-08,AQRU Maple Pool USDC1,23909329.9009619
2024-04-08,Maple Direct USDC1,16886688.6835724
2024-04-08,Maple Cash USDC1,15304831.4545445
2024-04-08,High Yield Corporate Loan Maple Pool WETH1,502733.315048191
2024-04-08,Osprey Maple Pool USDC1,5243534.6843465
2024-04-08,Altcoin Lending,5136050.634
2024-04-08,Opportunistic High Yield Maple Pool USDC1,4622089.22455246
2024-04-08,High Yield Secured Lending Maple Pool USDC1,7696353.882904097
2024-04-09,High Yield Secured Lending Maple Pool USDC1,7748129.212797498
2024-04-09,Opportunistic High Yield Maple Pool USDC1,4623441.00401355
2024-04-09,Maple Cash USDC1,15306837.1829374
2024-04-09,High Yield Corporate Loan Maple Pool WETH1,537846.580601497
2024-04-09,Altcoin Lending,5166386.082
2024-04-09,AQRU Maple Pool USDC1,23760963.9606161
2024-04-09,Osprey Maple Pool USDC1,5244286.5425967
2024-04-09,Maple Direct USDC1,16892776.4348144
2024-04-10,Osprey Maple Pool USDC1,5245038.4008469
2024-04-10,Maple Cash USDC1,15193802.7440236
2024-04-10,Opportunistic High Yield Maple Pool USDC1,4624792.78347464
2024-04-10,High Yield Corporate Loan Maple Pool WETH1,510118.433904803
2024-04-10,Maple Direct USDC1,16898864.186056398
2024-04-10,Altcoin Lending,4934833.904
2024-04-10,AQRU Maple Pool USDC1,23770038.5825972
2024-04-10,High Yield Secured Lending Maple Pool USDC1,8070060.682691
2024-04-11,High Yield Secured Lending Maple Pool USDC1,8076863.550151899
2024-04-11,High Yield Corporate Loan Maple Pool WETH1,515406.09845811
2024-04-11,Opportunistic High Yield Maple Pool USDC1,4626144.56293574
2024-04-11,Osprey Maple Pool USDC1,2111344.71033395
2024-04-11,Maple Cash USDC1,15195796.6481669
2024-04-11,Altcoin Lending,4951288.056000001
2024-04-11,Maple Direct USDC1,16904951.9372984
2024-04-11,AQRU Maple Pool USDC1,23779113.2045783
2024-04-12,High Yield Secured Lending Maple Pool USDC1,8130783.2289015
2024-04-12,High Yield Corporate Loan Maple Pool WETH1,510936.130111416
2024-04-12,Maple Cash USDC1,15197790.5523102
2024-04-12,Altcoin Lending,4939110.176000001
2024-04-12,Osprey Maple Pool USDC1,2111358.46558189
2024-04-12,AQRU Maple Pool USDC1,23788187.8265595
2024-04-12,Maple Direct USDC1,16911039.688540503
2024-04-12,Opportunistic High Yield Maple Pool USDC1,4627496.34239683
2024-04-13,High Yield Secured Lending Maple Pool USDC1,8132702.9076511
2024-04-13,AQRU Maple Pool USDC1,23797262.4485406
2024-04-13,Osprey Maple Pool USDC1,2111372.22082982
2024-04-13,Altcoin Lending,4397772.808
2024-04-13,Opportunistic High Yield Maple Pool USDC1,4628848.12185793
2024-04-13,Maple Direct USDC1,16917127.4397825
2024-04-13,High Yield Corporate Loan Maple Pool WETH1,472841.626014722
2024-04-13,Maple Cash USDC1,15199784.4564535
2024-04-14,AQRU Maple Pool USDC1,23806337.0705218
2024-04-14,Altcoin Lending,4009180.8899999997
2024-04-14,Opportunistic High Yield Maple Pool USDC1,4630199.90131902
2024-04-14,High Yield Secured Lending Maple Pool USDC1,8134622.586400699
2024-04-14,Osprey Maple Pool USDC1,2111385.97607775
2024-04-14,High Yield Corporate Loan Maple Pool WETH1,509813.472868028
2024-04-14,Maple Cash USDC1,15201778.3605968
2024-04-14,Maple Direct USDC1,16923215.1910245
2024-04-15,AQRU Maple Pool USDC1,23774903.8618664
2024-04-15,Maple Cash USDC1,15203772.2647401
2024-04-15,High Yield Secured Lending Maple Pool USDC1,8086339.795810301
2024-04-15,Maple Direct USDC1,16660644.597952504
2024-04-15,Opportunistic High Yield Maple Pool USDC1,4631551.68078011
2024-04-15,Osprey Maple Pool USDC1,2111399.73132569
2024-04-15,Altcoin Lending,4334236.192
2024-04-15,High Yield Corporate Loan Maple Pool WETH1,529538.572821335
2024-04-16,High Yield Corporate Loan Maple Pool WETH1,577403.482670292
2024-04-16,Opportunistic High Yield Maple Pool USDC1,4632909.82666771
2024-04-16,Altcoin Lending,3958636.1099999994
2024-04-16,Maple Direct USDC1,16666701.496940799
2024-04-16,AQRU Maple Pool USDC1,23754752.8032941
2024-04-16,High Yield Secured Lending Maple Pool USDC1,8088259.474559899
2024-04-16,Maple Cash USDC1,15205766.1688834
2024-04-16,Osprey Maple Pool USDC1,2111413.48657362
2024-04-17,High Yield Secured Lending Maple Pool USDC1,8091679.1533095
2024-04-17,High Yield Corporate Loan Maple Pool WETH1,574218.978533842
2024-04-17,Maple Direct USDC1,17772758.397363998
2024-04-17,Osprey Maple Pool USDC1,2111427.24182155
2024-04-17,Opportunistic High Yield Maple Pool USDC1,4634295.76281043
2024-04-17,Altcoin Lending,3901499.0300000003
2024-04-17,Maple Cash USDC1,15207760.0730267
2024-04-17,AQRU Maple Pool USDC1,23698982.0416158
2024-04-18,High Yield Secured Lending Maple Pool USDC1,8093598.8320591
2024-04-18,Altcoin Lending,3790390.8899999987
2024-04-18,High Yield Corporate Loan Maple Pool WETH1,555489.776232152
2024-04-18,Opportunistic High Yield Maple Pool USDC1,4635681.69895315
2024-04-18,Maple Cash USDC1,15108442.7709899
2024-04-18,Osprey Maple Pool USDC1,2111440.99706949
2024-04-18,AQRU Maple Pool USDC1,23708017.8279806
2024-04-18,Maple Direct USDC1,18786177.1724647
2024-04-19,Maple Cash USDC1,15110424.8376721
2024-04-19,High Yield Corporate Loan Maple Pool WETH1,570857.373695233
2024-04-19,High Yield Secured Lending Maple Pool USDC1,8120512.796730801
2024-04-19,AQRU Maple Pool USDC1,23717053.6143453
2024-04-19,Opportunistic High Yield Maple Pool USDC1,4637067.63509587
2024-04-19,Osprey Maple Pool USDC1,2111454.75231742
2024-04-19,Maple Direct USDC1,18792125.799805403
2024-04-19,Altcoin Lending,9205356.2007
2024-04-20,Osprey Maple Pool USDC1,2111468.50756535
2024-04-20,High Yield Corporate Loan Maple Pool WETH1,571067.131744793
2024-04-20,High Yield Secured Lending Maple Pool USDC1,8122432.4754804
2024-04-20,Altcoin Lending,9279900.43807
2024-04-20,AQRU Maple Pool USDC1,23726089.40071
2024-04-20,Maple Direct USDC1,18798074.4271462
2024-04-20,Opportunistic High Yield Maple Pool USDC1,4638453.57123859
2024-04-20,Maple Cash USDC1,15112406.9043544
2024-04-21,High Yield Corporate Loan Maple Pool WETH1,587218.066677773
2024-04-21,High Yield Secured Lending Maple Pool USDC1,8124352.15423
2024-04-21,Maple Direct USDC1,18804023.0544869
2024-04-21,Maple Cash USDC1,15114388.9710367
2024-04-21,Osprey Maple Pool USDC1,2111482.26281329
2024-04-21,Opportunistic High Yield Maple Pool USDC1,4639839.50738131
2024-04-21,AQRU Maple Pool USDC1,23735125.1870747
2024-04-21,Altcoin Lending,9561236.68789
2024-04-22,AQRU Maple Pool USDC1,23706131.4375245
2024-04-22,Maple Direct USDC1,18810187.2302872
2024-04-22,Maple Cash USDC1,15116371.0377189
2024-04-22,High Yield Secured Lending Maple Pool USDC1,8159500.352979599
2024-04-22,Osprey Maple Pool USDC1,2111496.01806122
2024-04-22,Opportunistic High Yield Maple Pool USDC1,4641225.44352403
2024-04-22,Altcoin Lending,9513855.83756
2024-04-22,High Yield Corporate Loan Maple Pool WETH1,586344.838503163
2024-04-23,High Yield Secured Lending Maple Pool USDC1,8184593.281729201
2024-04-23,High Yield Corporate Loan Maple Pool WETH1,596197.036250953
2024-04-23,Altcoin Lending,9904151.07685
2024-04-23,Opportunistic High Yield Maple Pool USDC1,4643611.37966674
2024-04-23,Maple Direct USDC1,18944438.519481603
2024-04-23,AQRU Maple Pool USDC1,23632406.9174468
2024-04-23,Osprey Maple Pool USDC1,2111509.77330915
2024-04-23,Maple Cash USDC1,15118353.1044012
2024-04-24,High Yield Secured Lending Maple Pool USDC1,8221512.960478801
2024-04-24,High Yield Corporate Loan Maple Pool WETH1,599832.854064103
2024-04-24,Maple Direct USDC1,18951222.835212704
2024-04-24,Altcoin Lending,9803207.543639999
2024-04-24,Opportunistic High Yield Maple Pool USDC1,4644997.31580946
2024-04-24,Maple Cash USDC1,15120335.1710835
2024-04-24,AQRU Maple Pool USDC1,23628786.5547821
2024-04-24,Osprey Maple Pool USDC1,2111523.52855709
2024-04-25,Maple Direct USDC1,18958007.150943898
2024-04-25,Opportunistic High Yield Maple Pool USDC1,4646383.25195218
2024-04-25,Maple Cash USDC1,15122317.2377657
2024-04-25,Altcoin Lending,9432150.54253
2024-04-25,AQRU Maple Pool USDC1,23637783.5055304
2024-04-25,High Yield Secured Lending Maple Pool USDC1,8223432.639228398
2024-04-25,High Yield Corporate Loan Maple Pool WETH1,584996.516029143
2024-04-26,Opportunistic High Yield Maple Pool USDC1,4647769.1880949
2024-04-26,Maple Cash USDC1,15124299.304448
2024-04-26,Maple Direct USDC1,18964791.466675
2024-04-26,High Yield Secured Lending Maple Pool USDC1,13225525.3694011
2024-04-26,Altcoin Lending,9370035.65016
2024-04-26,High Yield Corporate Loan Maple Pool WETH1,588559.315805414
2024-04-26,AQRU Maple Pool USDC1,23646653.3616706
2024-04-27,Altcoin Lending,9150796.420049999
2024-04-27,Maple Cash USDC1,15126281.3711303
2024-04-27,Opportunistic High Yield Maple Pool USDC1,4649155.12423762
2024-04-27,Maple Direct USDC1,18971575.782406103
2024-04-27,High Yield Corporate Loan Maple Pool WETH1,583754.369780944
2024-04-27,High Yield Secured Lending Maple Pool USDC1,13228854.003493201
2024-04-27,AQRU Maple Pool USDC1,23656026.2637938
2024-04-28,Maple Cash USDC1,15128263.4378125
2024-04-28,High Yield Corporate Loan Maple Pool WETH1,607588.644006374
2024-04-28,Opportunistic High Yield Maple Pool USDC1,4650541.06038034
2024-04-28,AQRU Maple Pool USDC1,23665399.1659169
2024-04-28,High Yield Secured Lending Maple Pool USDC1,13232182.6375853
2024-04-28,Maple Direct USDC1,19253360.0981372
2024-04-28,Altcoin Lending,9194136.913940001
2024-04-29,High Yield Corporate Loan Maple Pool WETH1,607701.758021024
2024-04-29,Opportunistic High Yield Maple Pool USDC1,4651926.99652306
2024-04-29,High Yield Secured Lending Maple Pool USDC1,13276344.2716774
2024-04-29,Maple Cash USDC1,15130245.5044948
2024-04-29,AQRU Maple Pool USDC1,23539711.0123096
2024-04-29,Altcoin Lending,9044196.49122
2024-04-29,Maple Direct USDC1,19320194.4138684
2024-04-30,Maple Direct USDC1,19326978.7295995
2024-04-30,High Yield Secured Lending Maple Pool USDC1,13326326.6949726
2024-04-30,Maple Cash USDC1,15132227.5711771
2024-04-30,Altcoin Lending,9105016.37884
2024-04-30,AQRU Maple Pool USDC1,23512010.6507605
2024-04-30,Opportunistic High Yield Maple Pool USDC1,4653312.93266578
2024-04-30,High Yield Corporate Loan Maple Pool WETH1,599249.944811854
2024-05-01,Maple Cash USDC1,15134209.6378593
2024-05-01,AQRU Maple Pool USDC1,23512239.2907974
2024-05-01,Maple Direct USDC1,19333799.864060704
2024-05-01,High Yield Corporate Loan Maple Pool WETH1,563034.291114845
2024-05-01,Opportunistic High Yield Maple Pool USDC1,4654698.86880849
2024-05-01,Altcoin Lending,8554024.92729
2024-05-01,High Yield Secured Lending Maple Pool USDC1,13383096.889825698
2024-05-02,Maple Cash USDC1,15136191.7045416
2024-05-02,AQRU Maple Pool USDC1,23496606.6525443
2024-05-02,Altcoin Lending,8576057.032480001
2024-05-02,High Yield Corporate Loan Maple Pool WETH1,555206.264122805
2024-05-02,Maple Direct USDC1,19340725.494862102
2024-05-02,High Yield Secured Lending Maple Pool USDC1,14451437.685234897
2024-05-02,Opportunistic High Yield Maple Pool USDC1,4656084.80495121
2024-05-03,Maple Cash USDC1,15138173.5837209
2024-05-03,Opportunistic High Yield Maple Pool USDC1,4657470.74109393
2024-05-03,High Yield Secured Lending Maple Pool USDC1,14454822.992639001
2024-05-03,Altcoin Lending,8734336.63216
2024-05-03,AQRU Maple Pool USDC1,23506815.1333442
2024-05-03,High Yield Corporate Loan Maple Pool WETH1,557589.061781995
2024-05-03,Maple Direct USDC1,19347651.1256634
2024-05-04,Altcoin Lending,9195512.88194
2024-05-04,Maple Cash USDC1,15988853.0850525
2024-05-04,Opportunistic High Yield Maple Pool USDC1,4658856.67723665
2024-05-04,AQRU Maple Pool USDC1,23517023.6141441
2024-05-04,High Yield Secured Lending Maple Pool USDC1,14658496.768110696
2024-05-04,Maple Direct USDC1,19554576.7564648
2024-05-04,High Yield Corporate Loan Maple Pool WETH1,578777.499402985
2024-05-05,AQRU Maple Pool USDC1,23527232.094944
2024-05-05,Maple Cash USDC1,16990834.4963841
2024-05-05,High Yield Secured Lending Maple Pool USDC1,14662170.543582398
2024-05-05,Altcoin Lending,9348232.3479
2024-05-05,Opportunistic High Yield Maple Pool USDC1,4660242.61337937
2024-05-05,High Yield Corporate Loan Maple Pool WETH1,581237.195437285
2024-05-05,Maple Direct USDC1,19561502.3872662
2024-05-06,Altcoin Lending,9351422.00665
2024-05-06,High Yield Corporate Loan Maple Pool WETH1,585310.710568625
2024-05-06,AQRU Maple Pool USDC1,23498052.8171913
2024-05-06,High Yield Secured Lending Maple Pool USDC1,14681370.126752097
2024-05-06,Maple Cash USDC1,16992924.7589641
2024-05-06,Maple Direct USDC1,19568428.018067498
2024-05-06,Opportunistic High Yield Maple Pool USDC1,4661628.54952209
2024-05-07,High Yield Corporate Loan Maple Pool WETH1,571993.263720465
2024-05-07,Altcoin Lending,9482899.9813
2024-05-07,AQRU Maple Pool USDC1,23424912.2173042
2024-05-07,High Yield Secured Lending Maple Pool USDC1,14685043.902223803
2024-05-07,Maple Direct USDC1,19575424.2450939
2024-05-07,Opportunistic High Yield Maple Pool USDC1,4663014.48566481
2024-05-07,Maple Cash USDC1,16995150.7798429
2024-05-08,Opportunistic High Yield Maple Pool USDC1,4664400.42180752
2024-05-08,High Yield Secured Lending Maple Pool USDC1,19717196.8276955
2024-05-08,Altcoin Lending,9289555.26039
2024-05-08,Maple Cash USDC1,17998431.3204589
2024-05-08,Maple Direct USDC1,23582573.934358
2024-05-08,High Yield Corporate Loan Maple Pool WETH1,562868.902554626
2024-05-08,AQRU Maple Pool USDC1,23424443.6202051
2024-05-09,High Yield Corporate Loan Maple Pool WETH1,555603.613851856
2024-05-09,High Yield Secured Lending Maple Pool USDC1,19721243.134976603
2024-05-09,Altcoin Lending,15233860.86681
2024-05-09,AQRU Maple Pool USDC1,23434608.470868
2024-05-09,Maple Cash USDC1,18000793.4809346
2024-05-09,Opportunistic High Yield Maple Pool USDC1,4665786.35795024
2024-05-09,Maple Direct USDC1,26590103.6774553
2024-05-10,AQRU Maple Pool USDC1,23444773.3215309
2024-05-10,Opportunistic High Yield Maple Pool USDC1,4667172.29409296
2024-05-10,High Yield Corporate Loan Maple Pool WETH1,567312.480000746
2024-05-10,Maple Cash USDC1,18003155.6414104
2024-05-10,Altcoin Lending,16126548.75014
2024-05-10,Maple Direct USDC1,26913981.2992851
2024-05-10,High Yield Secured Lending Maple Pool USDC1,19726294.0597831
2024-05-11,AQRU Maple Pool USDC1,23454938.1721939
2024-05-11,Altcoin Lending,15480932.606750002
2024-05-11,Maple Direct USDC1,26921890.3220181
2024-05-11,High Yield Corporate Loan Maple Pool WETH1,543643.157184086
2024-05-11,Opportunistic High Yield Maple Pool USDC1,4668558.23023568
2024-05-11,High Yield Secured Lending Maple Pool USDC1,19731352.9670069
2024-05-11,Maple Cash USDC1,18005517.8018861
2024-05-12,Maple Direct USDC1,26929799.344751097
2024-05-12,AQRU Maple Pool USDC1,23465103.0228568
2024-05-12,High Yield Corporate Loan Maple Pool WETH1,543393.172313926
2024-05-12,Maple Cash USDC1,18007879.9623618
2024-05-12,Opportunistic High Yield Maple Pool USDC1,4669944.1663784
2024-05-12,Altcoin Lending,15399666.773480002
2024-05-12,High Yield Secured Lending Maple Pool USDC1,19736411.8742307
2024-05-13,Altcoin Lending,15334717.146000002
2024-05-13,AQRU Maple Pool USDC1,23364439.219177
2024-05-13,High Yield Secured Lending Maple Pool USDC1,19741470.781454496
2024-05-13,High Yield Corporate Loan Maple Pool WETH1,547610.985082877
2024-05-13,Maple Cash USDC1,18010242.1228376
2024-05-13,Opportunistic High Yield Maple Pool USDC1,4671330.10252112
2024-05-13,Maple Direct USDC1,26937722.1339565
2024-05-14,Maple Direct USDC1,26945632.0243133
2024-05-14,AQRU Maple Pool USDC1,23343046.6031209
2024-05-14,Opportunistic High Yield Maple Pool USDC1,4672716.03866384
2024-05-14,High Yield Secured Lending Maple Pool USDC1,19746529.688678302
2024-05-14,Maple Cash USDC1,18012604.2833133
2024-05-14,High Yield Corporate Loan Maple Pool WETH1,550836.849903217
2024-05-14,Altcoin Lending,15702311.4333
2024-05-15,AQRU Maple Pool USDC1,23353167.8236468
2024-05-15,Maple Direct USDC1,26953499.634988703
2024-05-15,High Yield Corporate Loan Maple Pool WETH1,538537.594882017
2024-05-15,Maple Cash USDC1,17799014.6601778
2024-05-15,High Yield Secured Lending Maple Pool USDC1,19831613.388579097
2024-05-15,Opportunistic High Yield Maple Pool USDC1,4674101.97480656
2024-05-15,Altcoin Lending,15231389.88281
2024-05-16,Opportunistic High Yield Maple Pool USDC1,5160245.62550007
2024-05-16,AQRU Maple Pool USDC1,23363289.0441728
2024-05-16,Maple Cash USDC1,18801411.1854796
2024-05-16,High Yield Secured Lending Maple Pool USDC1,19836672.2958029
2024-05-16,Maple Direct USDC1,26961367.245665
2024-05-16,High Yield Corporate Loan Maple Pool WETH1,567230.188299577
2024-05-16,Altcoin Lending,16756608.656110002
2024-05-17,Opportunistic High Yield Maple Pool USDC1,5161704.82883797
2024-05-17,Altcoin Lending,16585450.403800001
2024-05-17,High Yield Corporate Loan Maple Pool WETH1,550158.812629937
2024-05-17,AQRU Maple Pool USDC1,23373410.2646987
2024-05-17,Maple Cash USDC1,18803879.3524298
2024-05-17,Maple Direct USDC1,26969234.856340397
2024-05-17,High Yield Secured Lending Maple Pool USDC1,21859851.076201506
2024-05-18,High Yield Secured Lending Maple Pool USDC1,21865458.496521197
2024-05-18,Maple Direct USDC1,26977102.4670159
2024-05-18,AQRU Maple Pool USDC1,23383531.4852246
2024-05-18,Maple Cash USDC1,18806347.5193799
2024-05-18,High Yield Corporate Loan Maple Pool WETH1,578562.981826957
2024-05-18,Opportunistic High Yield Maple Pool USDC1,5163259.89733112
2024-05-18,Altcoin Lending,17465782.394869998
2024-05-19,High Yield Secured Lending Maple Pool USDC1,21871065.916840903
2024-05-19,Maple Cash USDC1,18808815.68633
2024-05-19,High Yield Corporate Loan Maple Pool WETH1,583194.423405048
2024-05-19,Maple Direct USDC1,26984970.0776914
2024-05-19,AQRU Maple Pool USDC1,23393652.7057506
2024-05-19,Opportunistic High Yield Maple Pool USDC1,5164814.96582428
2024-05-19,Altcoin Lending,17663931.74741
2024-05-20,Opportunistic High Yield Maple Pool USDC1,5166370.03431743
2024-05-20,AQRU Maple Pool USDC1,23327018.3356084
2024-05-20,Maple Direct USDC1,26992837.688366804
2024-05-20,Altcoin Lending,17441251.5706
2024-05-20,Maple Cash USDC1,18811283.8532802
2024-05-20,High Yield Secured Lending Maple Pool USDC1,21876673.337160602
2024-05-20,High Yield Corporate Loan Maple Pool WETH1,574108.488185638
2024-05-21,Opportunistic High Yield Maple Pool USDC1,5167925.10281059
2024-05-21,Altcoin Lending,19014923.376999997
2024-05-21,High Yield Corporate Loan Maple Pool WETH1,682955.575511498
2024-05-21,Maple Cash USDC1,18913762.0202303
2024-05-21,High Yield Secured Lending Maple Pool USDC1,21913737.0174803
2024-05-21,Maple Direct USDC1,27000436.476685196
2024-05-21,AQRU Maple Pool USDC1,23319589.4111603
2024-05-22,Opportunistic High Yield Maple Pool USDC1,5169480.17130375
2024-05-22,Altcoin Lending,18175408.45042
2024-05-22,High Yield Secured Lending Maple Pool USDC1,21919344.437800005
2024-05-22,High Yield Corporate Loan Maple Pool WETH1,708326.205234698
2024-05-22,Maple Cash USDC1,18916232.6643112
2024-05-22,AQRU Maple Pool USDC1,23329667.0015493
2024-05-22,Maple Direct USDC1,27007517.9293684
2024-05-23,High Yield Secured Lending Maple Pool USDC1,21924951.858119704
2024-05-23,AQRU Maple Pool USDC1,23339744.5919382
2024-05-23,Altcoin Lending,18002183.65466
2024-05-23,Opportunistic High Yield Maple Pool USDC1,5171035.2397969
2024-05-23,Maple Cash USDC1,18918714.2614884
2024-05-23,High Yield Corporate Loan Maple Pool WETH1,698986.752105208
2024-05-23,Maple Direct USDC1,26414351.931566298
2024-05-24,Maple Direct USDC1,26423015.576030396
2024-05-24,AQRU Maple Pool USDC1,23349822.1823272
2024-05-24,High Yield Corporate Loan Maple Pool WETH1,703608.490048788
2024-05-24,Maple Cash USDC1,18921195.8586656
2024-05-24,Altcoin Lending,17842514.29854
2024-05-24,Opportunistic High Yield Maple Pool USDC1,5172590.30829006
2024-05-24,High Yield Secured Lending Maple Pool USDC1,21997559.206785403
2024-05-25,Altcoin Lending,17312191.522069998
2024-05-25,High Yield Corporate Loan Maple Pool WETH1,696361.922537029
2024-05-25,Maple Direct USDC1,26481679.220494404
2024-05-25,Opportunistic High Yield Maple Pool USDC1,5174145.37678322
2024-05-25,AQRU Maple Pool USDC1,23359899.7727161
2024-05-25,High Yield Secured Lending Maple Pool USDC1,22053179.978105105
2024-05-25,Maple Cash USDC1,18923677.4558428
2024-05-26,Altcoin Lending,17413466.37179
2024-05-26,High Yield Corporate Loan Maple Pool WETH1,700706.780591679
2024-05-26,Maple Direct USDC1,26494011.113458402
2024-05-26,High Yield Secured Lending Maple Pool USDC1,22058800.749424897
2024-05-26,Maple Cash USDC1,18926159.05302
2024-05-26,Opportunistic High Yield Maple Pool USDC1,5175700.44527637
2024-05-26,AQRU Maple Pool USDC1,23369977.3631051
2024-05-27,Maple Direct USDC1,28502674.757922396
2024-05-27,AQRU Maple Pool USDC1,23365745.3246973
2024-05-27,Opportunistic High Yield Maple Pool USDC1,5177255.51376953
2024-05-27,Maple Cash USDC1,18928640.6501972
2024-05-27,High Yield Corporate Loan Maple Pool WETH1,714755.202503309
2024-05-27,Altcoin Lending,17000653.179910004
2024-05-27,High Yield Secured Lending Maple Pool USDC1,22064421.5207446
2024-05-28,High Yield Secured Lending Maple Pool USDC1,22200047.5920643
2024-05-28,Maple Cash USDC1,18931122.2473744
2024-05-28,High Yield Corporate Loan Maple Pool WETH1,727486.010667089
2024-05-28,Maple Direct USDC1,28511421.055971004
2024-05-28,AQRU Maple Pool USDC1,23285885.4117642
2024-05-28,Opportunistic High Yield Maple Pool USDC1,5178810.58226268
2024-05-28,Altcoin Lending,17522737.879320003
2024-05-29,High Yield Secured Lending Maple Pool USDC1,22705668.363384
2024-05-29,High Yield Corporate Loan Maple Pool WETH1,717753.360466269
2024-05-29,Maple Direct USDC1,28520303.8939804
2024-05-29,AQRU Maple Pool USDC1,23285574.9562102
2024-05-29,Maple Cash USDC1,18933603.8445516
2024-05-29,Opportunistic High Yield Maple Pool USDC1,5180365.65075584
2024-05-29,Altcoin Lending,17363061.762280002
2024-05-30,AQRU Maple Pool USDC1,23229693.0193061
2024-05-30,Maple Cash USDC1,19186097.7557749
2024-05-30,High Yield Secured Lending Maple Pool USDC1,22711312.4691168
2024-05-30,Altcoin Lending,17260054.95979
2024-05-30,Opportunistic High Yield Maple Pool USDC1,5181920.719249
2024-05-30,Maple Direct USDC1,28529489.841538504
2024-05-30,High Yield Corporate Loan Maple Pool WETH1,703803.273461999
2024-05-31,High Yield Secured Lending Maple Pool USDC1,22739263.921771698
2024-05-31,Opportunistic High Yield Maple Pool USDC1,5183475.78774215
2024-05-31,Altcoin Lending,17354863.211954996
2024-05-31,High Yield Corporate Loan Maple Pool WETH1,700771.47467254
2024-05-31,Maple Cash USDC1,19188624.0988655
2024-05-31,AQRU Maple Pool USDC1,23239726.9795581
2024-05-31,Maple Direct USDC1,28538675.789096802
2024-06-01,Maple Cash USDC1,19191150.4419561
2024-06-01,High Yield Secured Lending Maple Pool USDC1,22744969.374426603
2024-06-01,High Yield Corporate Loan Maple Pool WETH1,703149.00310387
2024-06-01,AQRU Maple Pool USDC1,23249760.93981
2024-06-01,Maple Direct USDC1,28547861.736654997
2024-06-01,Opportunistic High Yield Maple Pool USDC1,5185030.85623531
2024-06-01,Altcoin Lending,17204268.373365
2024-06-02,Altcoin Lending,17226364.57812
2024-06-02,AQRU Maple Pool USDC1,23259794.900062
2024-06-02,Opportunistic High Yield Maple Pool USDC1,5186585.92472847
2024-06-02,High Yield Corporate Loan Maple Pool WETH1,712954.96960581
2024-06-02,Maple Cash USDC1,19193676.7850467
2024-06-02,High Yield Secured Lending Maple Pool USDC1,22950674.8270815
2024-06-02,Maple Direct USDC1,28557047.684213206
2024-06-03,High Yield Secured Lending Maple Pool USDC1,23215511.855159402
2024-06-03,Maple Cash USDC1,19196203.1281373
2024-06-03,AQRU Maple Pool USDC1,23207923.5904854
2024-06-03,Altcoin Lending,17027985.87025
2024-06-03,High Yield Corporate Loan Maple Pool WETH1,706933.98284619
2024-06-03,Maple Direct USDC1,28566233.6317714
2024-06-03,Opportunistic High Yield Maple Pool USDC1,5188140.99322162
2024-06-04,High Yield Secured Lending Maple Pool USDC1,23350698.0014067
2024-06-04,High Yield Corporate Loan Maple Pool WETH1,704383.56725276
2024-06-04,Maple Direct USDC1,28575419.579329602
2024-06-04,Maple Cash USDC1,19981923.3893342
2024-06-04,AQRU Maple Pool USDC1,23208610.7550853
2024-06-04,Altcoin Lending,17234371.732765004
2024-06-04,Opportunistic High Yield Maple Pool USDC1,5189696.06171478
2024-06-05,Maple Cash USDC1,17975690.7434856
2024-06-05,Opportunistic High Yield Maple Pool USDC1,5191251.13020793
2024-06-05,Altcoin Lending,17868795.422594998
2024-06-05,Maple Direct USDC1,28584550.612522908
2024-06-05,High Yield Secured Lending Maple Pool USDC1,23368877.293880895
2024-06-05,AQRU Maple Pool USDC1,23154386.6679543
2024-06-05,High Yield Corporate Loan Maple Pool WETH1,713429.30540021
2024-06-06,AQRU Maple Pool USDC1,23164376.9980693
2024-06-06,Maple Cash USDC1,17978058.076189
2024-06-06,Altcoin Lending,18060584.055255
2024-06-06,High Yield Secured Lending Maple Pool USDC1,23374878.294437096
2024-06-06,High Yield Corporate Loan Maple Pool WETH1,723935.642274381
2024-06-06,Opportunistic High Yield Maple Pool USDC1,5192806.19870109
2024-06-06,Maple Direct USDC1,28593214.256998904
2024-06-07,High Yield Corporate Loan Maple Pool WETH1,713147.476859141
2024-06-07,AQRU Maple Pool USDC1,23174367.3281843
2024-06-07,Opportunistic High Yield Maple Pool USDC1,5194361.26719425
2024-06-07,Maple Cash USDC1,17980425.4088924
2024-06-07,Altcoin Lending,17785822.51519
2024-06-07,High Yield Secured Lending Maple Pool USDC1,23380879.294993304
2024-06-07,Maple Direct USDC1,31512270.983011395
2024-06-08,High Yield Secured Lending Maple Pool USDC1,23386880.295549504
2024-06-08,Opportunistic High Yield Maple Pool USDC1,5195916.3356874
2024-06-08,High Yield Corporate Loan Maple Pool WETH1,688424.866257481
2024-06-08,Maple Direct USDC1,31522133.257624306
2024-06-08,Altcoin Lending,17109325.094115
2024-06-08,AQRU Maple Pool USDC1,23184357.6582993
2024-06-08,Maple Cash USDC1,17982792.7415958
2024-06-09,Altcoin Lending,16806206.948095
2024-06-09,Maple Cash USDC1,17985160.0742992
2024-06-09,AQRU Maple Pool USDC1,23194347.9884143
2024-06-09,Maple Direct USDC1,31531995.532237306
2024-06-09,High Yield Corporate Loan Maple Pool WETH1,689169.683346081
2024-06-09,Opportunistic High Yield Maple Pool USDC1,5197471.40418056
2024-06-09,High Yield Secured Lending Maple Pool USDC1,23392881.296105698
2024-06-10,Maple Direct USDC1,31541857.8068503
2024-06-10,High Yield Corporate Loan Maple Pool WETH1,762815.928625011
2024-06-10,Maple Cash USDC1,17600491.0309214
2024-06-10,High Yield Secured Lending Maple Pool USDC1,23813594.127584897
2024-06-10,Altcoin Lending,17108399.661715
2024-06-10,AQRU Maple Pool USDC1,23204243.1652302
2024-06-10,Opportunistic High Yield Maple Pool USDC1,5199026.47267372
2024-06-11,High Yield Corporate Loan Maple Pool WETH1,755617.684060352
2024-06-11,AQRU Maple Pool USDC1,23120721.6785844
2024-06-11,Maple Direct USDC1,31551720.081463292
2024-06-11,High Yield Secured Lending Maple Pool USDC1,23819616.5478383
2024-06-11,Altcoin Lending,16870555.279835
2024-06-11,Opportunistic High Yield Maple Pool USDC1,5200581.54116687
2024-06-11,Maple Cash USDC1,17602808.492221
2024-06-12,Altcoin Lending,15658815.357329998
2024-06-12,Maple Cash USDC1,17605125.9535206
2024-06-12,AQRU Maple Pool USDC1,23120633.7474054
2024-06-12,High Yield Secured Lending Maple Pool USDC1,24125684.1381253
2024-06-12,Opportunistic High Yield Maple Pool USDC1,5202136.60966003
2024-06-12,Maple Direct USDC1,31561582.356076702
2024-06-12,High Yield Corporate Loan Maple Pool WETH1,724397.503800902
2024-06-13,Opportunistic High Yield Maple Pool USDC1,5203691.67815318
2024-06-13,Altcoin Lending,17407317.7946
2024-06-13,Maple Direct USDC1,31571444.63068971
2024-06-13,High Yield Corporate Loan Maple Pool WETH1,735785.426747152
2024-06-13,AQRU Maple Pool USDC1,23130580.4473834
2024-06-13,Maple Cash USDC1,17607443.4148201
2024-06-13,High Yield Secured Lending Maple Pool USDC1,24292212.498412304
2024-06-14,High Yield Corporate Loan Maple Pool WETH1,718350.165713032
2024-06-14,High Yield Secured Lending Maple Pool USDC1,24312611.9101421
2024-06-14,Maple Cash USDC1,17609760.8761197
2024-06-14,AQRU Maple Pool USDC1,23140527.1473614
2024-06-14,Maple Direct USDC1,31831306.905302703
2024-06-14,Opportunistic High Yield Maple Pool USDC1,5205246.74664634
2024-06-14,Altcoin Lending,16733890.161700001
2024-06-15,AQRU Maple Pool USDC1,23150473.8473394
2024-06-15,Maple Direct USDC1,31841169.179915696
2024-06-15,High Yield Corporate Loan Maple Pool WETH1,720918.858905002
2024-06-15,High Yield Secured Lending Maple Pool USDC1,24321335.667497396
2024-06-15,Maple Cash USDC1,17612078.3374193
2024-06-15,Altcoin Lending,16376980.168075
2024-06-15,Opportunistic High Yield Maple Pool USDC1,5206801.8151395
2024-06-16,Maple Direct USDC1,31851031.454528593
2024-06-16,High Yield Secured Lending Maple Pool USDC1,24327556.4248527
2024-06-16,Altcoin Lending,16549429.818750001
2024-06-16,Maple Cash USDC1,17614395.7987188
2024-06-16,AQRU Maple Pool USDC1,23160420.5473174
2024-06-16,Opportunistic High Yield Maple Pool USDC1,5208356.88363265
2024-06-16,High Yield Corporate Loan Maple Pool WETH1,737039.946655612
2024-06-17,Altcoin Lending,16959240.681
2024-06-17,Opportunistic High Yield Maple Pool USDC1,5209911.95212659
2024-06-17,Maple Cash USDC1,17616713.2600184
2024-06-17,High Yield Secured Lending Maple Pool USDC1,24333777.182208
2024-06-17,Maple Direct USDC1,31860893.7291416
2024-06-17,High Yield Corporate Loan Maple Pool WETH1,747032.251201352
2024-06-17,AQRU Maple Pool USDC1,23135857.1613091
2024-06-18,Maple Cash USDC1,17619030.721318
2024-06-18,High Yield Secured Lending Maple Pool USDC1,26179708.521250904
2024-06-18,AQRU Maple Pool USDC1,23092511.3287322
2024-06-18,Opportunistic High Yield Maple Pool USDC1,5211467.02061975
2024-06-18,High Yield Corporate Loan Maple Pool WETH1,726990.449656943
2024-06-18,Maple Direct USDC1,32645756.003755398
2024-06-18,Altcoin Lending,16434252.235949999
2024-06-19,High Yield Secured Lending Maple Pool USDC1,27493355.988624804
2024-06-19,Altcoin Lending,15906870.504974999
2024-06-19,High Yield Corporate Loan Maple Pool WETH1,721499.936927223
2024-06-19,Opportunistic High Yield Maple Pool USDC1,5213022.0891129
2024-06-19,Maple Direct USDC1,31450500.431736402
2024-06-19,Maple Cash USDC1,17621348.1826175
2024-06-19,AQRU Maple Pool USDC1,23034381.9556042
2024-06-20,Maple Direct USDC1,31460362.706349395
2024-06-20,AQRU Maple Pool USDC1,23030877.8052272
2024-06-20,High Yield Corporate Loan Maple Pool WETH1,735602.966186153
2024-06-20,High Yield Secured Lending Maple Pool USDC1,27500251.399507493
2024-06-20,Syrup USDC,3000050.4574486297
2024-06-20,Maple Cash USDC1,17623665.6439171
2024-06-20,Altcoin Lending,15745847.170225
2024-06-20,Opportunistic High Yield Maple Pool USDC1,5214577.15760606
2024-06-21,Maple Direct USDC1,31969839.9265194
2024-06-21,High Yield Secured Lending Maple Pool USDC1,27530798.71039021
2024-06-21,Syrup USDC,3000841.58210616
2024-06-21,Altcoin Lending,15605600.707925
2024-06-21,High Yield Corporate Loan Maple Pool WETH1,727361.883046293
2024-06-21,AQRU Maple Pool USDC1,23040780.8750682
2024-06-21,Maple Cash USDC1,17625983.1052167
2024-06-21,Opportunistic High Yield Maple Pool USDC1,5216132.22609922
2024-06-22,AQRU Maple Pool USDC1,23050683.9449092
2024-06-22,Maple Cash USDC1,17628300.5665162
2024-06-22,High Yield Secured Lending Maple Pool USDC1,27537694.1212729
2024-06-22,Syrup USDC,3001632.7067636997
2024-06-22,Opportunistic High Yield Maple Pool USDC1,5217687.29459237
2024-06-22,High Yield Corporate Loan Maple Pool WETH1,728468.781988073
2024-06-22,Altcoin Lending,15601482.082725
2024-06-22,Maple Direct USDC1,31979765.970231503
2024-06-23,Maple Cash USDC1,18620618.0278158
2024-06-23,Syrup USDC,3002423.83142123
2024-06-23,High Yield Corporate Loan Maple Pool WETH1,724429.432088324
2024-06-23,High Yield Secured Lending Maple Pool USDC1,27844589.532155596
2024-06-23,Altcoin Lending,15548097.632199999
2024-06-23,Opportunistic High Yield Maple Pool USDC1,5219242.36308553
2024-06-23,Maple Direct USDC1,31989692.013943695
2024-06-23,AQRU Maple Pool USDC1,23060587.0147502
2024-06-24,Altcoin Lending,15108185.226700002
2024-06-24,AQRU Maple Pool USDC1,23057450.7653586
2024-06-24,Maple Cash USDC1,18622984.5867765
2024-06-24,High Yield Secured Lending Maple Pool USDC1,27951073.6492107
2024-06-24,High Yield Corporate Loan Maple Pool WETH1,710179.047437574
2024-06-24,Syrup USDC,3006627.0360787604
2024-06-24,Maple Direct USDC1,31999615.574988298
2024-06-24,Opportunistic High Yield Maple Pool USDC1,5220797.43157868
2024-06-25,Maple Direct USDC1,32092033.098263703
2024-06-25,Opportunistic High Yield Maple Pool USDC1,5222352.50007184
2024-06-25,High Yield Corporate Loan Maple Pool WETH1,698960.220257504
2024-06-25,AQRU Maple Pool USDC1,22963189.2884846
2024-06-25,Maple Cash USDC1,18625425.3918158
2024-06-25,Altcoin Lending,15081942.288975
2024-06-25,High Yield Secured Lending Maple Pool USDC1,27958084.43243929
2024-06-25,Syrup USDC,4387417.8312653005
2024-06-26,Syrup USDC,4507880.9152339995
2024-06-26,Maple Cash USDC1,18627866.196855
2024-06-26,AQRU Maple Pool USDC1,22956482.2462856
2024-06-26,Altcoin Lending,15508097.483875
2024-06-26,High Yield Corporate Loan Maple Pool WETH1,706129.873438384
2024-06-26,Opportunistic High Yield Maple Pool USDC1,5223907.568565
2024-06-26,High Yield Secured Lending Maple Pool USDC1,27997179.725667804
2024-06-26,Maple Direct USDC1,32101993.453237794
2024-06-27,Syrup USDC,4149998.9988231
2024-06-27,AQRU Maple Pool USDC1,22966341.6859896
2024-06-27,High Yield Corporate Loan Maple Pool WETH1,1107263.35919379
2024-06-27,Maple Direct USDC1,32161950.841447696
2024-06-27,Altcoin Lending,15401107.931275
2024-06-27,Maple Cash USDC1,18420294.0087234
2024-06-27,High Yield Secured Lending Maple Pool USDC1,28004190.508896604
2024-06-27,Opportunistic High Yield Maple Pool USDC1,5176071.80114615
2024-06-28,Opportunistic High Yield Maple Pool USDC1,5177626.86963931
2024-06-28,High Yield Secured Lending Maple Pool USDC1,28044662.17212511
2024-06-28,Altcoin Lending,16356559.372375
2024-06-28,High Yield Corporate Loan Maple Pool WETH1,1132683.5698126
2024-06-28,Maple Cash USDC1,18422723.3292395
2024-06-28,Syrup USDC,4244635.965808299
2024-06-28,AQRU Maple Pool USDC1,22976201.1256946
2024-06-28,Maple Direct USDC1,32171872.639197305
2024-06-29,Maple Cash USDC1,18425153.0995814
2024-06-29,Altcoin Lending,15582327.695375001
2024-06-29,High Yield Secured Lending Maple Pool USDC1,28051672.955353692
2024-06-29,Syrup USDC,4616083.133407501
2024-06-29,High Yield Corporate Loan Maple Pool WETH1,1110345.38515586
2024-06-29,Opportunistic High Yield Maple Pool USDC1,5179181.93813247
2024-06-29,Maple Direct USDC1,32181794.4369468
2024-06-29,AQRU Maple Pool USDC1,22986060.5653986
2024-06-30,Syrup USDC,5583754.596040599
2024-06-30,Opportunistic High Yield Maple Pool USDC1,5180737.00662562
2024-06-30,AQRU Maple Pool USDC1,22995920.0051026
2024-06-30,High Yield Corporate Loan Maple Pool WETH1,1109369.07912946
2024-06-30,Maple Direct USDC1,32191716.2346963
2024-06-30,High Yield Secured Lending Maple Pool USDC1,28058683.7385823
2024-06-30,Maple Cash USDC1,18427582.8699233
2024-06-30,Altcoin Lending,15739330.446120001
2024-07-01,Opportunistic High Yield Maple Pool USDC1,5182292.07511878
2024-07-01,Maple Direct USDC1,32715671.8074376
2024-07-01,Altcoin Lending,16379186.828760002
2024-07-01,Maple Cash USDC1,18430012.6402652
2024-07-01,AQRU Maple Pool USDC1,22984655.9888066
2024-07-01,Syrup USDC,5732572.3625142
2024-07-01,High Yield Corporate Loan Maple Pool WETH1,1130540.00445136
2024-07-01,High Yield Secured Lending Maple Pool USDC1,27964833.7446059
2024-07-02,High Yield Corporate Loan Maple Pool WETH1,1131542.03034894
2024-07-02,Opportunistic High Yield Maple Pool USDC1,5183847.14361193
2024-07-02,Maple Cash USDC1,18432442.4106071
2024-07-02,Altcoin Lending,16382117.388223998
2024-07-02,AQRU Maple Pool USDC1,22863685.8475056
2024-07-02,Syrup USDC,5758681.1478568
2024-07-02,Maple Direct USDC1,32725869.290118694
2024-07-02,High Yield Secured Lending Maple Pool USDC1,29302991.029111594
2024-07-03,High Yield Secured Lending Maple Pool USDC1,31109033.9755356
2024-07-03,High Yield Corporate Loan Maple Pool WETH1,1125047.98426967
2024-07-03,Opportunistic High Yield Maple Pool USDC1,5185402.21210509
2024-07-03,Syrup USDC,5774161.411778301
2024-07-03,Altcoin Lending,26665518.377456002
2024-07-03,Maple Cash USDC1,18434872.180949
2024-07-03,AQRU Maple Pool USDC1,22870139.2664246
2024-07-03,Maple Direct USDC1,32736080.866531707
2024-07-04,Maple Cash USDC1,20437301.9512909
2024-07-04,Syrup USDC,5776846.9628768
2024-07-04,High Yield Secured Lending Maple Pool USDC1,31116248.495610707
2024-07-04,Altcoin Lending,24852323.924159996
2024-07-04,Opportunistic High Yield Maple Pool USDC1,5186957.28059825
2024-07-04,Maple Direct USDC1,32746278.3492138
2024-07-04,High Yield Corporate Loan Maple Pool WETH1,1085027.73704173
2024-07-04,AQRU Maple Pool USDC1,22879998.7061286
2024-07-05,High Yield Secured Lending Maple Pool USDC1,31123463.015685894
2024-07-05,High Yield Corporate Loan Maple Pool WETH1,1010595.04106834
2024-07-05,Maple Cash USDC1,20481183.7173993
2024-07-05,AQRU Maple Pool USDC1,22889858.1458326
2024-07-05,Opportunistic High Yield Maple Pool USDC1,5188512.3490914
2024-07-05,Syrup USDC,5778454.327260399
2024-07-05,Maple Direct USDC1,32756475.8318948
2024-07-05,Altcoin Lending,22980331.000279997
2024-07-06,Maple Cash USDC1,20483884.7353859
2024-07-06,Opportunistic High Yield Maple Pool USDC1,5190067.41758456
2024-07-06,Syrup USDC,6281302.2681229
2024-07-06,Maple Direct USDC1,32766673.314575896
2024-07-06,Altcoin Lending,22964742.701280005
2024-07-06,AQRU Maple Pool USDC1,22899717.5855366
2024-07-06,High Yield Secured Lending Maple Pool USDC1,31130677.535761096
2024-07-06,High Yield Corporate Loan Maple Pool WETH1,982884.912581781
2024-07-07,Altcoin Lending,24262421.559631996
2024-07-07,High Yield Corporate Loan Maple Pool WETH1,1009910.71281896
2024-07-07,Maple Direct USDC1,32776870.7972569
2024-07-07,Maple Cash USDC1,20486585.7533725
2024-07-07,Opportunistic High Yield Maple Pool USDC1,5191622.48607772
2024-07-07,AQRU Maple Pool USDC1,22909577.0252406
2024-07-07,Syrup USDC,6282924.1571314
2024-07-07,High Yield Secured Lending Maple Pool USDC1,31137892.05583621
2024-07-08,Maple Direct USDC1,32787068.279937908
2024-07-08,AQRU Maple Pool USDC1,22853941.7163386
2024-07-08,Opportunistic High Yield Maple Pool USDC1,5193177.55457087
2024-07-08,High Yield Corporate Loan Maple Pool WETH1,964776.275465438
2024-07-08,Altcoin Lending,22570785.278992
2024-07-08,High Yield Secured Lending Maple Pool USDC1,31326067.963655405
2024-07-08,Syrup USDC,6321894.212637499
2024-07-08,Maple Cash USDC1,20489286.7713591
2024-07-09,AQRU Maple Pool USDC1,22809742.3850796
2024-07-09,Opportunistic High Yield Maple Pool USDC1,5194732.62306403
2024-07-09,Maple Direct USDC1,32797265.762618996
2024-07-09,High Yield Secured Lending Maple Pool USDC1,31370693.149106294
2024-07-09,Syrup USDC,6379962.4944033995
2024-07-09,Maple Cash USDC1,20491987.7893457
2024-07-09,Altcoin Lending,23643013.213312
2024-07-09,High Yield Corporate Loan Maple Pool WETH1,993653.879728235
2024-07-10,Maple Cash USDC1,20494688.8073323
2024-07-10,Maple Direct USDC1,32807463.24530001
2024-07-10,Syrup USDC,6772847.1808514
2024-07-10,Opportunistic High Yield Maple Pool USDC1,5196287.69155718
2024-07-10,AQRU Maple Pool USDC1,22810280.4431556
2024-07-10,Altcoin Lending,24407459.631136
2024-07-10,High Yield Corporate Loan Maple Pool WETH1,1009554.50566029
2024-07-10,High Yield Secured Lending Maple Pool USDC1,31378611.0886214
2024-07-11,Opportunistic High Yield Maple Pool USDC1,5197842.76005034
2024-07-11,High Yield Secured Lending Maple Pool USDC1,31672138.4869989
2024-07-11,Syrup USDC,7760554.347053302
2024-07-11,Maple Cash USDC1,20497389.8253189
2024-07-11,Altcoin Lending,24265943.972367994
2024-07-11,Maple Direct USDC1,32817660.727980904
2024-07-11,AQRU Maple Pool USDC1,22777560.5523067
2024-07-11,High Yield Corporate Loan Maple Pool WETH1,1021381.47045057
2024-07-12,AQRU Maple Pool USDC1,22787376.3618737
2024-07-12,High Yield Corporate Loan Maple Pool WETH1,1022281.34891318
2024-07-12,Syrup USDC,8997046.382295098
2024-07-12,Maple Direct USDC1,32837863.8585383
2024-07-12,High Yield Secured Lending Maple Pool USDC1,32093171.320634007
2024-07-12,Altcoin Lending,23443154.309624
2024-07-12,Maple Cash USDC1,20304079.2766184
2024-07-12,Opportunistic High Yield Maple Pool USDC1,5199397.8285435
2024-07-13,AQRU Maple Pool USDC1,22797192.1714407
2024-07-13,High Yield Corporate Loan Maple Pool WETH1,1032554.21696508
2024-07-13,Altcoin Lending,23777209.019912
2024-07-13,Syrup USDC,9528062.3429213
2024-07-13,Maple Direct USDC1,32878078.000255503
2024-07-13,Maple Cash USDC1,20306758.7745353
2024-07-13,High Yield Secured Lending Maple Pool USDC1,32145175.4059826
2024-07-13,Opportunistic High Yield Maple Pool USDC1,5200952.89703665
2024-07-14,Maple Direct USDC1,32888292.141972706
2024-07-14,High Yield Secured Lending Maple Pool USDC1,32160681.836349197
2024-07-14,Maple Cash USDC1,20309438.2724523
2024-07-14,Syrup USDC,9829580.8834054
2024-07-14,High Yield Corporate Loan Maple Pool WETH1,1045993.9086426
2024-07-14,Altcoin Lending,24281762.653551996
2024-07-14,Opportunistic High Yield Maple Pool USDC1,5202507.96552981
2024-07-14,AQRU Maple Pool USDC1,22807007.9810077
2024-07-15,AQRU Maple Pool USDC1,22731488.724704
2024-07-15,Opportunistic High Yield Maple Pool USDC1,5204063.03402297
2024-07-15,Maple Cash USDC1,20312117.7703692
2024-07-15,Maple Direct USDC1,32724885.46620761
2024-07-15,High Yield Secured Lending Maple Pool USDC1,32632705.097413793
2024-07-15,Altcoin Lending,25454444.991632
2024-07-15,Syrup USDC,10546269.302701501
2024-07-15,High Yield Corporate Loan Maple Pool WETH1,1072132.27447781
2024-07-16,Maple Cash USDC1,19314678.5218166
2024-07-16,High Yield Corporate Loan Maple Pool WETH1,1149797.91135011
2024-07-16,Maple Direct USDC1,32735082.948888697
2024-07-16,High Yield Secured Lending Maple Pool USDC1,33434720.114956602
2024-07-16,Altcoin Lending,27308903.381775998
2024-07-16,AQRU Maple Pool USDC1,22727103.75616
2024-07-16,Opportunistic High Yield Maple Pool USDC1,5205618.10251612
2024-07-16,Syrup USDC,11870958.442267502
2024-07-17,High Yield Secured Lending Maple Pool USDC1,33442791.2464204
2024-07-17,Opportunistic High Yield Maple Pool USDC1,5207173.17100928
2024-07-17,Maple Direct USDC1,32744669.833039697
2024-07-17,Maple Cash USDC1,19317226.4509035
2024-07-17,Altcoin Lending,28178888.297592003
2024-07-17,AQRU Maple Pool USDC1,22701823.6402331
2024-07-17,High Yield Corporate Loan Maple Pool WETH1,1136182.30430096
2024-07-17,Syrup USDC,12036691.809662003
2024-07-18,High Yield Secured Lending Maple Pool USDC1,33699884.52115
2024-07-18,Syrup USDC,12142771.7394564
2024-07-18,Altcoin Lending,28055242.234328
2024-07-18,Maple Cash USDC1,19819794.5385589
2024-07-18,AQRU Maple Pool USDC1,22711122.4070411
2024-07-18,Maple Direct USDC1,32750568.6418233
2024-07-18,Opportunistic High Yield Maple Pool USDC1,5208728.23950243
2024-07-18,High Yield Corporate Loan Maple Pool WETH1,1117453.98981083
2024-07-19,Altcoin Lending,28836016.340432
2024-07-19,Syrup USDC,12164674.057018898
2024-07-19,AQRU Maple Pool USDC1,22720894.5864711
2024-07-19,Maple Direct USDC1,31895373.026368096
2024-07-19,High Yield Secured Lending Maple Pool USDC1,35542310.5183279
2024-07-19,High Yield Corporate Loan Maple Pool WETH1,1130429.26259132
2024-07-19,Maple Cash USDC1,19822414.0365299
2024-07-19,Opportunistic High Yield Maple Pool USDC1,5210283.30799555
2024-07-20,Maple Direct USDC1,31903761.10398069
2024-07-20,High Yield Corporate Loan Maple Pool WETH1,1155752.50037727
2024-07-20,Opportunistic High Yield Maple Pool USDC1,5211838.37648871
2024-07-20,AQRU Maple Pool USDC1,22730666.7659012
2024-07-20,Altcoin Lending,29594458.343888
2024-07-20,Syrup USDC,12212851.6953974
2024-07-20,Maple Cash USDC1,19825033.5345009
2024-07-20,High Yield Secured Lending Maple Pool USDC1,35551057.409803994
2024-07-21,Syrup USDC,12371600.0825728
2024-07-21,Altcoin Lending,30468162.947920002
2024-07-21,Opportunistic High Yield Maple Pool USDC1,5213393.44498187
2024-07-21,High Yield Secured Lending Maple Pool USDC1,35559804.30128
2024-07-21,Maple Direct USDC1,31912149.181593396
2024-07-21,AQRU Maple Pool USDC1,22740438.9453312
2024-07-21,Maple Cash USDC1,19827653.0324719
2024-07-21,High Yield Corporate Loan Maple Pool WETH1,1161649.03251361
2024-07-22,AQRU Maple Pool USDC1,22667513.0593372
2024-07-22,Maple Cash USDC1,19830272.5304429
2024-07-22,High Yield Secured Lending Maple Pool USDC1,34417413.133093
2024-07-22,Altcoin Lending,31206878.487000003
2024-07-22,Maple Direct USDC1,31920510.099448405
2024-07-22,Syrup USDC,12449393.1237433
2024-07-22,High Yield Corporate Loan Maple Pool WETH1,1165158.24190506
2024-07-22,Opportunistic High Yield Maple Pool USDC1,5214948.51347502
2024-07-23,AQRU Maple Pool USDC1,22607343.7621452
2024-07-23,Opportunistic High Yield Maple Pool USDC1,5216503.58196818
2024-07-23,Syrup USDC,12461136.519542705
2024-07-23,Maple Direct USDC1,32190375.971084908
2024-07-23,High Yield Corporate Loan Maple Pool WETH1,1135672.93558497
2024-07-23,High Yield Secured Lending Maple Pool USDC1,34560984.9022
2024-07-23,Altcoin Lending,30059019.642376002
2024-07-23,Maple Cash USDC1,19832892.0284139
2024-07-24,Maple Direct USDC1,32199035.541755594
2024-07-24,AQRU Maple Pool USDC1,22617062.4416643
2024-07-24,Maple Cash USDC1,19835511.5263849
2024-07-24,Syrup USDC,12879677.308717199
2024-07-24,Opportunistic High Yield Maple Pool USDC1,5218058.65046134
2024-07-24,High Yield Corporate Loan Maple Pool WETH1,1148911.11037144
2024-07-24,Altcoin Lending,28741503.818248004
2024-07-24,High Yield Secured Lending Maple Pool USDC1,34702937.86336
2024-07-25,High Yield Corporate Loan Maple Pool WETH1,1100831.9134646
2024-07-25,Maple Direct USDC1,32119417.675977007
2024-07-25,Altcoin Lending,28916598.144312
2024-07-25,AQRU Maple Pool USDC1,22626781.1211855
2024-07-25,Maple Cash USDC1,19838131.0243559
2024-07-25,Syrup USDC,14742149.292325597
2024-07-25,High Yield Secured Lending Maple Pool USDC1,35127299.694506004
2024-07-25,Opportunistic High Yield Maple Pool USDC1,5219613.71895449
2024-07-26,Maple Cash USDC1,19840750.8057669
2024-07-26,AQRU Maple Pool USDC1,22636499.8007044
2024-07-26,Maple Direct USDC1,32128065.75321611
2024-07-26,Altcoin Lending,28526171.595423996
2024-07-26,High Yield Secured Lending Maple Pool USDC1,35164594.75257401
2024-07-26,Syrup USDC,15005142.164769102
2024-07-26,High Yield Corporate Loan Maple Pool WETH1,1047488.25585495
2024-07-26,Opportunistic High Yield Maple Pool USDC1,5221168.78744765
2024-07-27,High Yield Corporate Loan Maple Pool WETH1,1081935.4415308
2024-07-27,High Yield Secured Lending Maple Pool USDC1,35173427.167246
2024-07-27,Syrup USDC,14999763.3571373
2024-07-27,Altcoin Lending,30380823.224655997
2024-07-27,Opportunistic High Yield Maple Pool USDC1,5222723.8559408
2024-07-27,AQRU Maple Pool USDC1,22646218.4802232
2024-07-27,Maple Cash USDC1,19843370.9590886
2024-07-27,Maple Direct USDC1,32136713.8304552
2024-07-28,Altcoin Lending,30305126.390928
2024-07-28,High Yield Secured Lending Maple Pool USDC1,35182259.581919
2024-07-28,Opportunistic High Yield Maple Pool USDC1,5224278.92443396
2024-07-28,High Yield Corporate Loan Maple Pool WETH1,1074302.37807479
2024-07-28,Maple Cash USDC1,19845991.1124103
2024-07-28,AQRU Maple Pool USDC1,22655937.1597421
2024-07-28,Maple Direct USDC1,32145361.907694295
2024-07-28,Syrup USDC,15321342.1095564
2024-07-29,High Yield Corporate Loan Maple Pool WETH1,1080415.78981865
2024-07-29,Syrup USDC,15327517.514864601
2024-07-29,Maple Direct USDC1,32154009.9849334
2024-07-29,AQRU Maple Pool USDC1,22658073.3596108
2024-07-29,Maple Cash USDC1,19868612.1745441
2024-07-29,Altcoin Lending,29262222.361727998
2024-07-29,Opportunistic High Yield Maple Pool USDC1,5225833.99292712
2024-07-29,High Yield Secured Lending Maple Pool USDC1,35194304.336591005
2024-07-30,Maple Direct USDC1,32162658.062172495
2024-07-30,Maple Cash USDC1,19871235.5944029
2024-07-30,Altcoin Lending,28984837.136096
2024-07-30,High Yield Secured Lending Maple Pool USDC1,35238365.72126399
2024-07-30,Opportunistic High Yield Maple Pool USDC1,5227389.06142027
2024-07-30,AQRU Maple Pool USDC1,22647757.8317077
2024-07-30,High Yield Corporate Loan Maple Pool WETH1,1095028.69924515
2024-07-30,Syrup USDC,15410891.203348797
2024-07-31,High Yield Secured Lending Maple Pool USDC1,35304726.638789
2024-07-31,Altcoin Lending,28354687.465886
2024-07-31,Maple Cash USDC1,19873859.0142617
2024-07-31,Opportunistic High Yield Maple Pool USDC1,5228944.12991343
2024-07-31,High Yield Corporate Loan Maple Pool WETH1,1082008.94730206
2024-07-31,Maple Direct USDC1,32171306.13941159
2024-07-31,Syrup USDC,15553021.0804253
2024-07-31,AQRU Maple Pool USDC1,22643701.1823366
2024-08-01,Opportunistic High Yield Maple Pool USDC1,5181014.42653659
2024-08-01,Altcoin Lending,27232517.276006002
2024-08-01,Maple Direct USDC1,32285529.216650702
2024-08-01,Maple Cash USDC1,19876482.4341205
2024-08-01,AQRU Maple Pool USDC1,22650430.0539025
2024-08-01,High Yield Corporate Loan Maple Pool WETH1,1067692.40193061
2024-08-01,High Yield Secured Lending Maple Pool USDC1,35569173.66491889
2024-08-01,Syrup USDC,17330673.7552785
2024-08-02,Maple Direct USDC1,31821339.2184859
2024-08-02,Opportunistic High Yield Maple Pool USDC1,6683124.49502974
2024-08-02,Maple Cash USDC1,19879105.8539793
2024-08-02,High Yield Corporate Loan Maple Pool WETH1,1058331.7314751
2024-08-02,Altcoin Lending,26894416.394695997
2024-08-02,AQRU Maple Pool USDC1,22660148.7334214
2024-08-02,High Yield Secured Lending Maple Pool USDC1,35877300.98381809
2024-08-02,Syrup USDC,18501610.1238542
2024-08-03,AQRU Maple Pool USDC1,22669867.4129402
2024-08-03,Maple Direct USDC1,31829947.276793294
2024-08-03,High Yield Secured Lending Maple Pool USDC1,35886228.03128109
2024-08-03,Maple Cash USDC1,19881729.2738381
2024-08-03,Syrup USDC,18557809.2431595
2024-08-03,Opportunistic High Yield Maple Pool USDC1,5878966.6320309
2024-08-03,Altcoin Lending,24638262.133392006
2024-08-03,High Yield Corporate Loan Maple Pool WETH1,985812.231217365
2024-08-04,Opportunistic High Yield Maple Pool USDC1,5185365.08931705
2024-08-04,High Yield Secured Lending Maple Pool USDC1,35895155.078743994
2024-08-04,Maple Direct USDC1,31838555.335100695
2024-08-04,High Yield Corporate Loan Maple Pool WETH1,960751.65024657
2024-08-04,Maple Cash USDC1,19884352.6936969
2024-08-04,Altcoin Lending,23443196.621906
2024-08-04,AQRU Maple Pool USDC1,22679586.0924591
2024-08-04,Syrup USDC,19032318.1455429
2024-08-05,Maple Direct USDC1,31711204.196956903
2024-08-05,AQRU Maple Pool USDC1,22660081.0780182
2024-08-05,High Yield Secured Lending Maple Pool USDC1,35973004.3110321
2024-08-05,Opportunistic High Yield Maple Pool USDC1,5187934.66795921
2024-08-05,Maple Cash USDC1,20086986.5944783
2024-08-05,Syrup USDC,19217419.538186196
2024-08-05,High Yield Corporate Loan Maple Pool WETH1,887136.709074093
2024-08-05,Altcoin Lending,22436143.204375997
2024-08-06,High Yield Secured Lending Maple Pool USDC1,35996937.368680604
2024-08-06,Maple Cash USDC1,21410850.9955211
2024-08-06,Opportunistic High Yield Maple Pool USDC1,5189489.73645237
2024-08-06,Maple Direct USDC1,31613965.783637002
2024-08-06,Syrup USDC,18793606.9780902
2024-08-06,AQRU Maple Pool USDC1,22664506.7714001
2024-08-06,High Yield Corporate Loan Maple Pool WETH1,799540.275686378
2024-08-06,Altcoin Lending,20506765.151974
2024-08-07,Altcoin Lending,21890620.129554
2024-08-07,Syrup USDC,24932650.6017223
2024-08-07,AQRU Maple Pool USDC1,22674225.4509201
2024-08-07,Maple Direct USDC1,31622462.221757896
2024-08-07,High Yield Secured Lending Maple Pool USDC1,36003958.6733321
2024-08-07,Maple Cash USDC1,21413566.6070167
2024-08-07,High Yield Corporate Loan Maple Pool WETH1,812768.528649963
2024-08-07,Opportunistic High Yield Maple Pool USDC1,5191044.80494552
2024-08-08,High Yield Secured Lending Maple Pool USDC1,36013892.7578564
2024-08-08,Altcoin Lending,21425979.22253
2024-08-08,AQRU Maple Pool USDC1,22683944.1304389
2024-08-08,Maple Direct USDC1,31630958.6598787
2024-08-08,Syrup USDC,25540238.1445624
2024-08-08,High Yield Corporate Loan Maple Pool WETH1,775433.860474826
2024-08-08,Opportunistic High Yield Maple Pool USDC1,5192599.87343868
2024-08-08,Maple Cash USDC1,21416383.3615461
2024-08-09,Altcoin Lending,24717414.566694
2024-08-09,High Yield Corporate Loan Maple Pool WETH1,888453.085894996
2024-08-09,Maple Cash USDC1,21419200.1160755
2024-08-09,AQRU Maple Pool USDC1,22693662.8099578
2024-08-09,Syrup USDC,25675092.663254596
2024-08-09,High Yield Secured Lending Maple Pool USDC1,36042759.72366001
2024-08-09,Maple Direct USDC1,31639455.0979995
2024-08-09,Opportunistic High Yield Maple Pool USDC1,5194154.94193184
2024-08-10,Maple Cash USDC1,21422016.8706048
2024-08-10,Maple Direct USDC1,32147826.536120303
2024-08-10,AQRU Maple Pool USDC1,22703381.4894767
2024-08-10,High Yield Secured Lending Maple Pool USDC1,36051709.904504806
2024-08-10,Syrup USDC,25143804.3182507
2024-08-10,Opportunistic High Yield Maple Pool USDC1,5195710.01042499
2024-08-10,High Yield Corporate Loan Maple Pool WETH1,861340.180134873
2024-08-10,Altcoin Lending,24150212.958182
2024-08-11,Syrup USDC,25175562.151880797
2024-08-11,High Yield Secured Lending Maple Pool USDC1,36060660.08534889
2024-08-11,AQRU Maple Pool USDC1,22713100.1689956
2024-08-11,High Yield Corporate Loan Maple Pool WETH1,863381.373970966
2024-08-11,Altcoin Lending,24479093.142717995
2024-08-11,Maple Direct USDC1,32156322.9742411
2024-08-11,Opportunistic High Yield Maple Pool USDC1,5197265.07891815
2024-08-11,Maple Cash USDC1,21424833.6251342
2024-08-12,Opportunistic High Yield Maple Pool USDC1,5198820.1474113
2024-08-12,High Yield Secured Lending Maple Pool USDC1,36199857.67055649
2024-08-12,Altcoin Lending,22774474.720626004
2024-08-12,Syrup USDC,25942100.6072588
2024-08-12,Maple Direct USDC1,32164819.412361905
2024-08-12,High Yield Corporate Loan Maple Pool WETH1,847309.310309013
2024-08-12,AQRU Maple Pool USDC1,22691835.3742784
2024-08-12,Maple Cash USDC1,21427650.3796636
2024-08-13,Maple Cash USDC1,21466772.6119639
2024-08-13,High Yield Secured Lending Maple Pool USDC1,37079153.1493129
2024-08-13,Maple Direct USDC1,32308347.925437592
2024-08-13,AQRU Maple Pool USDC1,22676441.6296282
2024-08-13,Syrup USDC,26116541.1408894
2024-08-13,High Yield Corporate Loan Maple Pool WETH1,902653.327796311
2024-08-13,Opportunistic High Yield Maple Pool USDC1,5200375.21590446
2024-08-13,Altcoin Lending,23546205.887086004
2024-08-14,Maple Cash USDC1,21469596.2789367
2024-08-14,Maple Direct USDC1,32316918.169781998
2024-08-14,Syrup USDC,25940026.549538895
2024-08-14,High Yield Secured Lending Maple Pool USDC1,37307817.5553311
2024-08-14,Opportunistic High Yield Maple Pool USDC1,5201930.28439762
2024-08-14,High Yield Corporate Loan Maple Pool WETH1,895134.625019813
2024-08-14,AQRU Maple Pool USDC1,22684037.4833868
2024-08-14,Altcoin Lending,24095315.705889996
2024-08-15,Syrup USDC,26023566.7355448
2024-08-15,High Yield Corporate Loan Maple Pool WETH1,881848.663796439
2024-08-15,Maple Cash USDC1,21097403.6592962
2024-08-15,AQRU Maple Pool USDC1,22693745.2553714
2024-08-15,Opportunistic High Yield Maple Pool USDC1,5203485.35289077
2024-08-15,High Yield Secured Lending Maple Pool USDC1,37319823.940609895
2024-08-15,Maple Direct USDC1,32693487.969761103
2024-08-15,Altcoin Lending,23374367.708808
2024-08-16,Maple Cash USDC1,21100183.3800611
2024-08-16,AQRU Maple Pool USDC1,22703453.0273561
2024-08-16,High Yield Secured Lending Maple Pool USDC1,37628038.8431648
2024-08-16,Syrup USDC,28731017.310955703
2024-08-16,Altcoin Lending,22956359.433822
2024-08-16,Maple Direct USDC1,33277214.913047403
2024-08-16,High Yield Corporate Loan Maple Pool WETH1,851418.213439241
2024-08-16,Opportunistic High Yield Maple Pool USDC1,5205040.42138393
2024-08-17,High Yield Corporate Loan Maple Pool WETH1,858895.981030947
2024-08-17,Maple Cash USDC1,21102963.100826
2024-08-17,High Yield Secured Lending Maple Pool USDC1,37756390.37171761
2024-08-17,AQRU Maple Pool USDC1,22713160.7993407
2024-08-17,Syrup USDC,29497920.39216259
2024-08-17,Maple Direct USDC1,33285941.856332906
2024-08-17,Opportunistic High Yield Maple Pool USDC1,5206595.48987709
2024-08-17,Altcoin Lending,22706799.932486005
2024-08-18,Maple Direct USDC1,33294668.7996184
2024-08-18,High Yield Secured Lending Maple Pool USDC1,37765692.15151941
2024-08-18,Maple Cash USDC1,21105742.8215909
2024-08-18,Syrup USDC,29577487.36300849
2024-08-18,AQRU Maple Pool USDC1,22722868.5713253
2024-08-18,Altcoin Lending,23245946.042314
2024-08-18,High Yield Corporate Loan Maple Pool WETH1,865881.181731082
2024-08-18,Opportunistic High Yield Maple Pool USDC1,5208150.55837024
2024-08-19,High Yield Secured Lending Maple Pool USDC1,37775011.7464673
2024-08-19,Maple Direct USDC1,33045000.43082601
2024-08-19,AQRU Maple Pool USDC1,22732576.34331
2024-08-19,Maple Cash USDC1,21108522.5423558
2024-08-19,High Yield Corporate Loan Maple Pool WETH1,866479.25662039
2024-08-19,Opportunistic High Yield Maple Pool USDC1,5312919.2103334
2024-08-19,Altcoin Lending,22891852.211151995
2024-08-19,Syrup USDC,29760832.395372406
2024-08-20,High Yield Corporate Loan Maple Pool WETH1,875140.742392585
2024-08-20,Syrup USDC,30338989.9307833
2024-08-20,Maple Cash USDC1,21111302.2631207
2024-08-20,Opportunistic High Yield Maple Pool USDC1,5202707.72417374
2024-08-20,High Yield Secured Lending Maple Pool USDC1,37841719.1885175
2024-08-20,Maple Direct USDC1,33053771.596135408
2024-08-20,Altcoin Lending,23276411.384720005
2024-08-20,AQRU Maple Pool USDC1,22739493.4686985
2024-08-21,Maple Direct USDC1,33062426.103204496
2024-08-21,Altcoin Lending,23207039.102302004
2024-08-21,High Yield Secured Lending Maple Pool USDC1,38126489.60236249
2024-08-21,Opportunistic High Yield Maple Pool USDC1,5204262.79266689
2024-08-21,Maple Cash USDC1,21514097.1158444
2024-08-21,Syrup USDC,30390999.333802193
2024-08-21,High Yield Corporate Loan Maple Pool WETH1,853906.533127793
2024-08-21,AQRU Maple Pool USDC1,22716859.6610176
2024-08-22,High Yield Corporate Loan Maple Pool WETH1,874721.921939467
2024-08-22,Altcoin Lending,23968688.708878003
2024-08-22,Maple Cash USDC1,22516972.8396161
2024-08-22,AQRU Maple Pool USDC1,22726563.7761947
2024-08-22,Maple Direct USDC1,33070975.208219796
2024-08-22,Syrup USDC,30600266.264690503
2024-08-22,Opportunistic High Yield Maple Pool USDC1,5205817.86116005
2024-08-22,High Yield Secured Lending Maple Pool USDC1,38635908.3001934
2024-08-23,Altcoin Lending,24083390.198232003
2024-08-23,Opportunistic High Yield Maple Pool USDC1,5207372.92965321
2024-08-23,High Yield Corporate Loan Maple Pool WETH1,872534.900380189
2024-08-23,Maple Cash USDC1,22519928.9129881
2024-08-23,AQRU Maple Pool USDC1,22736267.8913717
2024-08-23,High Yield Secured Lending Maple Pool USDC1,38958365.044844896
2024-08-23,Syrup USDC,30590093.381521598
2024-08-23,Maple Direct USDC1,33079524.313234605
2024-08-24,Maple Cash USDC1,22522883.5525991
2024-08-24,Altcoin Lending,26012332.985156
2024-08-24,Opportunistic High Yield Maple Pool USDC1,5208927.99814636
2024-08-24,Syrup USDC,30660171.6667955
2024-08-24,Maple Direct USDC1,33088073.4182494
2024-08-24,High Yield Corporate Loan Maple Pool WETH1,918666.916265175
2024-08-24,High Yield Secured Lending Maple Pool USDC1,38967825.2242959
2024-08-24,AQRU Maple Pool USDC1,22745972.0065488
2024-08-25,High Yield Secured Lending Maple Pool USDC1,38977285.4037475
2024-08-25,Opportunistic High Yield Maple Pool USDC1,5210483.06663952
2024-08-25,Altcoin Lending,26519595.947256003
2024-08-25,Maple Direct USDC1,33096622.5232642
2024-08-25,Maple Cash USDC1,22525838.1922102
2024-08-25,High Yield Corporate Loan Maple Pool WETH1,920291.791333653
2024-08-25,Syrup USDC,31151269.780077405
2024-08-25,AQRU Maple Pool USDC1,22755676.1217259
2024-08-26,Syrup USDC,30611845.685214408
2024-08-26,AQRU Maple Pool USDC1,22765130.6187905
2024-08-26,High Yield Corporate Loan Maple Pool WETH1,912954.354146369
2024-08-26,Altcoin Lending,26489294.209576
2024-08-26,Maple Cash USDC1,21628233.4138364
2024-08-26,Opportunistic High Yield Maple Pool USDC1,5212038.13513268
2024-08-26,High Yield Secured Lending Maple Pool USDC1,38992813.397349
2024-08-26,Maple Direct USDC1,33605422.658418104
2024-08-27,Opportunistic High Yield Maple Pool USDC1,5213593.20362583
2024-08-27,AQRU Maple Pool USDC1,22774245.9402876
2024-08-27,High Yield Corporate Loan Maple Pool WETH1,892661.182769983
2024-08-27,Maple Cash USDC1,21631080.4408079
2024-08-27,Syrup USDC,29555995.300385997
2024-08-27,Maple Direct USDC1,33613961.700683594
2024-08-27,Altcoin Lending,25497001.801578
2024-08-27,High Yield Secured Lending Maple Pool USDC1,39026740.6925578
2024-08-28,Maple Direct USDC1,33622842.6679537
2024-08-28,High Yield Secured Lending Maple Pool USDC1,39268744.709069595
2024-08-28,Syrup USDC,31661308.6005307
2024-08-28,Altcoin Lending,23771719.416014
2024-08-28,High Yield Corporate Loan Maple Pool WETH1,818544.84434932
2024-08-28,AQRU Maple Pool USDC1,22747043.9244488
2024-08-28,Opportunistic High Yield Maple Pool USDC1,5215148.27211899
2024-08-28,Maple Cash USDC1,21633927.4677795
2024-08-29,Maple Direct USDC1,33631723.63522379
2024-08-29,Altcoin Lending,23088401.872298002
2024-08-29,Maple Cash USDC1,21636774.494751
2024-08-29,Opportunistic High Yield Maple Pool USDC1,5216703.34061214
2024-08-29,High Yield Corporate Loan Maple Pool WETH1,841592.805635417
2024-08-29,AQRU Maple Pool USDC1,22748022.0144213
2024-08-29,High Yield Secured Lending Maple Pool USDC1,39378467.752362005
2024-08-29,Syrup USDC,31709162.0617605
2024-08-30,Syrup USDC,32186090.2951004
2024-08-30,High Yield Secured Lending Maple Pool USDC1,39901432.47950339
2024-08-30,Opportunistic High Yield Maple Pool USDC1,5218258.4091053
2024-08-30,Maple Direct USDC1,33640604.602493994
2024-08-30,AQRU Maple Pool USDC1,22757714.7857627
2024-08-30,Maple Cash USDC1,21639621.5217225
2024-08-30,High Yield Corporate Loan Maple Pool WETH1,841615.349046588
2024-08-30,Altcoin Lending,22222416.122212
2024-08-31,Syrup USDC,32864794.870771095
2024-08-31,Opportunistic High Yield Maple Pool USDC1,5219813.47759846
2024-08-31,Maple Cash USDC1,21642468.5486941
2024-08-31,High Yield Corporate Loan Maple Pool WETH1,842045.703048563
2024-08-31,AQRU Maple Pool USDC1,22767407.5571042
2024-08-31,Altcoin Lending,22180991.2938
2024-08-31,Maple Direct USDC1,33649485.5697657
2024-08-31,High Yield Secured Lending Maple Pool USDC1,39912198.2484207
2024-09-01,Syrup USDC,32884892.098236807
2024-09-01,Maple Cash USDC1,21645315.5756656
2024-09-01,Maple Direct USDC1,33658366.53703581
2024-09-01,Opportunistic High Yield Maple Pool USDC1,5221368.54609161
2024-09-01,Altcoin Lending,21904518.196911998
2024-09-01,High Yield Corporate Loan Maple Pool WETH1,837453.435027259
2024-09-01,High Yield Secured Lending Maple Pool USDC1,39921925.017337896
2024-09-01,AQRU Maple Pool USDC1,22777100.3284456
2024-09-02,AQRU Maple Pool USDC1,22786685.8564921
2024-09-02,High Yield Corporate Loan Maple Pool WETH1,810171.088991676
2024-09-02,High Yield Secured Lending Maple Pool USDC1,39676756.77792831
2024-09-02,Altcoin Lending,20986704.632335998
2024-09-02,Maple Cash USDC1,21648162.6026371
2024-09-02,Syrup USDC,33742193.0247126
2024-09-02,Maple Direct USDC1,33667247.5043059
2024-09-02,Opportunistic High Yield Maple Pool USDC1,5222923.61458477
2024-09-03,High Yield Secured Lending Maple Pool USDC1,39549650.75020909
2024-09-03,Syrup USDC,33753540.47838431
2024-09-03,High Yield Corporate Loan Maple Pool WETH1,844769.827388881
2024-09-03,AQRU Maple Pool USDC1,22796346.350949
2024-09-03,Altcoin Lending,21858755.203376
2024-09-03,Maple Cash USDC1,21651004.8150206
2024-09-03,Maple Direct USDC1,33676128.471576
2024-09-03,Opportunistic High Yield Maple Pool USDC1,5224478.68307792
2024-09-04,High Yield Corporate Loan Maple Pool WETH1,812748.946301757
2024-09-04,Altcoin Lending,20655918.139143996
2024-09-04,Opportunistic High Yield Maple Pool USDC1,5226033.75157108
2024-09-04,Syrup USDC,33582303.82194179
2024-09-04,Maple Direct USDC1,33684723.898646206
2024-09-04,High Yield Secured Lending Maple Pool USDC1,39587884.892013006
2024-09-04,Maple Cash USDC1,21553827.8527947
2024-09-04,AQRU Maple Pool USDC1,22806020.8986437
2024-09-05,Opportunistic High Yield Maple Pool USDC1,5227588.82006424
2024-09-05,Syrup USDC,34140441.17564169
2024-09-05,High Yield Secured Lending Maple Pool USDC1,42362309.273816906
2024-09-05,Altcoin Lending,21724639.415064
2024-09-05,Maple Cash USDC1,21556659.2719159
2024-09-05,High Yield Corporate Loan Maple Pool WETH1,816535.509764596
2024-09-05,Maple Direct USDC1,33690010.6535876
2024-09-05,AQRU Maple Pool USDC1,22790335.5022711
2024-09-06,Maple Direct USDC1,33695609.697101206
2024-09-06,High Yield Corporate Loan Maple Pool WETH1,790175.738742237
2024-09-06,High Yield Secured Lending Maple Pool USDC1,42594059.295039594
2024-09-06,Syrup USDC,34726717.26883121
2024-09-06,Maple Cash USDC1,21359485.9281016
2024-09-06,AQRU Maple Pool USDC1,22800011.6941605
2024-09-06,Opportunistic High Yield Maple Pool USDC1,5229143.88855739
2024-09-06,Altcoin Lending,21143750.216704004
2024-09-06,Syrup USDT,7500047.171415901
2024-09-07,Altcoin Lending,20303586.84016
2024-09-07,Maple Cash USDC1,21362305.507227
2024-09-07,Syrup USDT,7500825.738539198
2024-09-07,Maple Direct USDC1,33703465.16837901
2024-09-07,High Yield Secured Lending Maple Pool USDC1,42604171.5477408
2024-09-07,High Yield Corporate Loan Maple Pool WETH1,742955.874268509
2024-09-07,Opportunistic High Yield Maple Pool USDC1,5230698.95705055
2024-09-07,Syrup USDC,34937517.28511469
2024-09-07,AQRU Maple Pool USDC1,22809687.8860499
2024-09-08,Maple Cash USDC1,21365125.0863523
2024-09-08,High Yield Corporate Loan Maple Pool WETH1,759154.960336533
2024-09-08,Maple Direct USDC1,33711335.822305
2024-09-08,Syrup USDC,35498623.1513983
2024-09-08,AQRU Maple Pool USDC1,22819364.0779393
2024-09-08,Opportunistic High Yield Maple Pool USDC1,5232254.02554371
2024-09-08,High Yield Secured Lending Maple Pool USDC1,42614283.80044161
2024-09-08,Altcoin Lending,20286437.090404
2024-09-08,Syrup USDT,7501604.305662399
2024-09-09,Opportunistic High Yield Maple Pool USDC1,5233809.09403686
2024-09-09,AQRU Maple Pool USDC1,22827106.2331287
2024-09-09,Syrup USDC,35591540.3856574
2024-09-09,Maple Direct USDC1,33719206.4762309
2024-09-09,Syrup USDT,7502382.8727857005
2024-09-09,High Yield Corporate Loan Maple Pool WETH1,767065.740869676
2024-09-09,High Yield Secured Lending Maple Pool USDC1,42545917.23994741
2024-09-09,Altcoin Lending,20562647.96902
2024-09-09,Maple Cash USDC1,20617114.5874795
2024-09-10,High Yield Secured Lending Maple Pool USDC1,42615005.0000094
2024-09-10,Syrup USDC,35662919.47249961
2024-09-10,Maple Direct USDC1,34294137.46299671
2024-09-10,High Yield Corporate Loan Maple Pool WETH1,787948.256092904
2024-09-10,Syrup USDT,8123463.495640999
2024-09-10,Altcoin Lending,21562717.182268
2024-09-10,Maple Cash USDC1,20619831.60834
2024-09-10,Opportunistic High Yield Maple Pool USDC1,5235364.16253002
2024-09-10,AQRU Maple Pool USDC1,22835156.8591271
2024-09-11,Opportunistic High Yield Maple Pool USDC1,5236919.23102317
2024-09-11,Maple Direct USDC1,34302408.806979105
2024-09-11,Altcoin Lending,22072069.751108
2024-09-11,High Yield Secured Lending Maple Pool USDC1,42625370.089035496
2024-09-11,High Yield Corporate Loan Maple Pool WETH1,797898.16519369
2024-09-11,Maple Cash USDC1,20622548.6292005
2024-09-11,Syrup USDC,35871899.0490994
2024-09-11,AQRU Maple Pool USDC1,22839361.4547145
2024-09-11,Syrup USDT,10341933.727643197
2024-09-12,High Yield Corporate Loan Maple Pool WETH1,782725.173857158
2024-09-12,Syrup USDT,10618156.384766499
2024-09-12,Maple Direct USDC1,34310680.150961705
2024-09-12,Opportunistic High Yield Maple Pool USDC1,5238474.29951633
2024-09-12,High Yield Secured Lending Maple Pool USDC1,42977392.6326754
2024-09-12,AQRU Maple Pool USDC1,22839843.7902888
2024-09-12,Maple Cash USDC1,20625265.650061
2024-09-12,Altcoin Lending,22096436.114291996
2024-09-12,Syrup USDC,34582488.8335625
2024-09-13,High Yield Corporate Loan Maple Pool WETH1,789199.512455536
2024-09-13,Syrup USDT,11226122.6209977
2024-09-13,AQRU Maple Pool USDC1,22849519.9821782
2024-09-13,Maple Direct USDC1,34318951.4949441
2024-09-13,Syrup USDC,35338905.3961219
2024-09-13,High Yield Secured Lending Maple Pool USDC1,43007225.94913639
2024-09-13,Maple Cash USDC1,20627982.6709215
2024-09-13,Altcoin Lending,22647938.361976
2024-09-13,Opportunistic High Yield Maple Pool USDC1,5240029.36800949
2024-09-14,High Yield Secured Lending Maple Pool USDC1,43017639.5555992
2024-09-14,Syrup USDT,11227485.113351498
2024-09-14,AQRU Maple Pool USDC1,22859196.1740676
2024-09-14,Maple Direct USDC1,34372722.8389267
2024-09-14,Syrup USDC,35550539.9723493
2024-09-14,Maple Cash USDC1,20630699.691782
2024-09-14,High Yield Corporate Loan Maple Pool WETH1,816533.234394699
2024-09-14,Opportunistic High Yield Maple Pool USDC1,5240375.42464964
2024-09-14,Altcoin Lending,23307481.160431996
2024-09-15,Opportunistic High Yield Maple Pool USDC1,5241930.4931428
2024-09-15,Syrup USDC,36690063.2741356
2024-09-15,High Yield Secured Lending Maple Pool USDC1,43078053.1620601
2024-09-15,Syrup USDT,11856816.9058172
2024-09-15,Maple Cash USDC1,20633416.7126425
2024-09-15,AQRU Maple Pool USDC1,22868872.365957
2024-09-15,High Yield Corporate Loan Maple Pool WETH1,807773.162978448
2024-09-15,Maple Direct USDC1,34380994.1829091
2024-09-15,Altcoin Lending,23060561.657568
2024-09-16,Syrup USDT,14233792.449390098
2024-09-16,Maple Direct USDC1,34265765.05911741
2024-09-16,Maple Cash USDC1,15241270.9498263
2024-09-16,Opportunistic High Yield Maple Pool USDC1,5243485.56163596
2024-09-16,Altcoin Lending,22211289.646516
2024-09-16,Syrup USDC,40879571.5855112
2024-09-16,AQRU Maple Pool USDC1,22876076.4958614
2024-09-16,High Yield Secured Lending Maple Pool USDC1,43553687.1985219
2024-09-16,High Yield Corporate Loan Maple Pool WETH1,776514.394925406
2024-09-17,High Yield Secured Lending Maple Pool USDC1,43573582.28498239
2024-09-17,Syrup USDT,14358295.995748099
2024-09-17,High Yield Corporate Loan Maple Pool WETH1,767588.272696715
2024-09-17,Opportunistic High Yield Maple Pool USDC1,5245040.63012911
2024-09-17,Maple Cash USDC1,15243269.6323858
2024-09-17,Maple Direct USDC1,34274036.4030998
2024-09-17,AQRU Maple Pool USDC1,22884385.224481
2024-09-17,Altcoin Lending,21822938.10492
2024-09-17,Syrup USDC,41262690.6001435
2024-09-18,Maple Cash USDC1,15245268.3149452
2024-09-18,Syrup USDT,15267741.707833998
2024-09-18,Altcoin Lending,22652541.370424002
2024-09-18,High Yield Corporate Loan Maple Pool WETH1,782814.477676717
2024-09-18,High Yield Secured Lending Maple Pool USDC1,43481738.69098129
2024-09-18,Maple Direct USDC1,34282307.7470823
2024-09-18,Syrup USDC,41173247.7918338
2024-09-18,Opportunistic High Yield Maple Pool USDC1,5246595.69862227
2024-09-18,AQRU Maple Pool USDC1,22892650.3363094
2024-09-19,High Yield Secured Lending Maple Pool USDC1,43492214.2856659
2024-09-19,Maple Cash USDC1,15247266.9975047
2024-09-19,Syrup USDC,41472940.44604611
2024-09-19,Maple Direct USDC1,34290579.0910648
2024-09-19,High Yield Corporate Loan Maple Pool WETH1,789792.554258169
2024-09-19,Syrup USDT,15383859.5233819
2024-09-19,Altcoin Lending,22969314.525128
2024-09-19,Opportunistic High Yield Maple Pool USDC1,5248150.76711542
2024-09-19,AQRU Maple Pool USDC1,22902320.334477
2024-09-20,Syrup USDT,15891687.510420501
2024-09-20,High Yield Secured Lending Maple Pool USDC1,43553589.8803512
2024-09-20,Opportunistic High Yield Maple Pool USDC1,5249705.83560965
2024-09-20,High Yield Corporate Loan Maple Pool WETH1,823861.74741265
2024-09-20,Maple Direct USDC1,34298850.43504751
2024-09-20,Altcoin Lending,24072212.368952
2024-09-20,Maple Cash USDC1,15249254.3426788
2024-09-20,AQRU Maple Pool USDC1,22911977.7654075
2024-09-20,Syrup USDC,43144287.984045
2024-09-21,High Yield Corporate Loan Maple Pool WETH1,854351.881309752
2024-09-21,AQRU Maple Pool USDC1,22921635.196338
2024-09-21,Syrup USDC,43703097.280174606
2024-09-21,Opportunistic High Yield Maple Pool USDC1,5251260.90410281
2024-09-21,High Yield Secured Lending Maple Pool USDC1,43564065.475036204
2024-09-21,Maple Direct USDC1,34307121.77902989
2024-09-21,Maple Cash USDC1,15251220.9130547
2024-09-21,Syrup USDT,16294190.438706595
2024-09-21,Altcoin Lending,24518834.736683995
2024-09-22,Altcoin Lending,24827702.443763997
2024-09-22,High Yield Corporate Loan Maple Pool WETH1,873201.024463636
2024-09-22,Opportunistic High Yield Maple Pool USDC1,5252815.97259597
2024-09-22,Syrup USDT,16610127.995080303
2024-09-22,High Yield Secured Lending Maple Pool USDC1,43574541.069720805
2024-09-22,Maple Cash USDC1,15253187.4834306
2024-09-22,Syrup USDC,43742525.726085
2024-09-22,Maple Direct USDC1,34315393.1230125
2024-09-22,AQRU Maple Pool USDC1,22931292.6272684
2024-09-23,Maple Direct USDC1,34278663.522034
2024-09-23,Syrup USDT,16988392.125457
2024-09-23,High Yield Corporate Loan Maple Pool WETH1,862879.850542089
2024-09-23,High Yield Secured Lending Maple Pool USDC1,43613017.8442433
2024-09-23,Maple Cash USDC1,15255154.0538064
2024-09-23,Altcoin Lending,24816027.461004004
2024-09-23,Opportunistic High Yield Maple Pool USDC1,5254371.04108912
2024-09-23,Syrup USDC,44740854.4638464
2024-09-23,AQRU Maple Pool USDC1,22917799.4252346
2024-09-24,AQRU Maple Pool USDC1,22918622.8561911
2024-09-24,Syrup USDT,17089432.775833696
2024-09-24,High Yield Corporate Loan Maple Pool WETH1,884414.174955351
2024-09-24,Opportunistic High Yield Maple Pool USDC1,5255926.10958228
2024-09-24,Syrup USDC,44967969.03272409
2024-09-24,Maple Direct USDC1,34285934.065421395
2024-09-24,High Yield Secured Lending Maple Pool USDC1,43823493.43892871
2024-09-24,Altcoin Lending,25076215.48828
2024-09-24,Maple Cash USDC1,15257120.6241823
2024-09-25,Syrup USDC,47751202.97411521
2024-09-25,Maple Cash USDC1,15259087.1945582
2024-09-25,High Yield Corporate Loan Maple Pool WETH1,886455.210989091
2024-09-25,Maple Direct USDC1,34294205.4093819
2024-09-25,AQRU Maple Pool USDC1,22907366.2666525
2024-09-25,Altcoin Lending,27038794.602161996
2024-09-25,High Yield Secured Lending Maple Pool USDC1,43905969.0336134
2024-09-25,Syrup USDT,17196699.9467652
2024-09-25,Opportunistic High Yield Maple Pool USDC1,5257481.17807544
2024-09-26,Maple Direct USDC1,34307223.462721795
2024-09-26,Syrup USDC,46957287.504519396
2024-09-26,High Yield Secured Lending Maple Pool USDC1,44039748.382892996
2024-09-26,AQRU Maple Pool USDC1,22913185.314725
2024-09-26,Maple Cash USDC1,15260053.734649
2024-09-26,High Yield Corporate Loan Maple Pool WETH1,861824.63156485
2024-09-26,Opportunistic High Yield Maple Pool USDC1,5259036.24656859
2024-09-26,Syrup USDT,17937170.650652003
2024-09-26,Altcoin Lending,26885900.399442002
2024-09-27,Syrup USDC,44227635.156343795
2024-09-27,Maple Direct USDC1,34315494.8067043
2024-09-27,Opportunistic High Yield Maple Pool USDC1,5171871.51572375
2024-09-27,Syrup USDT,18894549.2219346
2024-09-27,Altcoin Lending,27795324.747576
2024-09-27,High Yield Secured Lending Maple Pool USDC1,44293436.366078705
2024-09-27,Maple Cash USDC1,15256968.7927864
2024-09-27,High Yield Corporate Loan Maple Pool WETH1,879163.385944312
2024-09-27,AQRU Maple Pool USDC1,22922842.7456555
2024-09-28,Altcoin Lending,28288843.028058
2024-09-28,Maple Cash USDC1,15258771.2809661
2024-09-28,High Yield Corporate Loan Maple Pool WETH1,901387.273760323
2024-09-28,Maple Direct USDC1,34323766.1506883
2024-09-28,Syrup USDT,18900345.467628203
2024-09-28,Opportunistic High Yield Maple Pool USDC1,5173426.5842169
2024-09-28,AQRU Maple Pool USDC1,22932500.176586
2024-09-28,High Yield Secured Lending Maple Pool USDC1,44303980.9252872
2024-09-28,Syrup USDC,45188374.5818377
2024-09-29,Syrup USDC,45212802.46828559
2024-09-29,Maple Cash USDC1,15260573.7691458
2024-09-29,High Yield Secured Lending Maple Pool USDC1,44334620.225368306
2024-09-29,Altcoin Lending,27923424.452338003
2024-09-29,Syrup USDT,18903141.7133219
2024-09-29,Opportunistic High Yield Maple Pool USDC1,5174981.65271006
2024-09-29,Maple Direct USDC1,34332037.49467081
2024-09-29,AQRU Maple Pool USDC1,22942157.6075165
2024-09-29,High Yield Corporate Loan Maple Pool WETH1,895595.622387545
2024-09-30,Opportunistic High Yield Maple Pool USDC1,5176536.72120322
2024-09-30,High Yield Corporate Loan Maple Pool WETH1,888938.237723754
2024-09-30,Altcoin Lending,28265843.119109996
2024-09-30,Maple Cash USDC1,15315050.9343811
2024-09-30,Syrup USDC,45640312.739899494
2024-09-30,High Yield Secured Lending Maple Pool USDC1,44572543.59873681
2024-09-30,Syrup USDT,18910935.6726526
2024-09-30,Maple Direct USDC1,34300308.4022894
2024-09-30,AQRU Maple Pool USDC1,22954430.9478737
2024-10-01,Opportunistic High Yield Maple Pool USDC1,5178091.78969637
2024-10-01,Syrup USDT,19072743.415877897
2024-10-01,AQRU Maple Pool USDC1,22961820.8155221
2024-10-01,Altcoin Lending,27411817.224239998
2024-10-01,High Yield Secured Lending Maple Pool USDC1,44613485.067264706
2024-10-01,Maple Direct USDC1,34308579.746271804
2024-10-01,Syrup USDC,46053774.7697474
2024-10-01,Maple Cash USDC1,15316865.0117237
2024-10-01,High Yield Corporate Loan Maple Pool WETH1,868584.079025869
2024-10-02,Maple Cash USDC1,15318679.0890662
2024-10-02,Altcoin Lending,25723729.86318
2024-10-02,Syrup USDT,19087407.844301898
2024-10-02,High Yield Corporate Loan Maple Pool WETH1,820798.752836592
2024-10-02,Syrup USDC,46075513.1412296
2024-10-02,High Yield Secured Lending Maple Pool USDC1,44659295.15563071
2024-10-02,Opportunistic High Yield Maple Pool USDC1,5179646.85818953
2024-10-02,Maple Direct USDC1,34316851.09025431
2024-10-02,AQRU Maple Pool USDC1,22969882.0407986
2024-10-03,Syrup USDC,46086538.927131705
2024-10-03,Maple Cash USDC1,15145472.9134878
2024-10-03,Syrup USDT,19097488.1634209
2024-10-03,Opportunistic High Yield Maple Pool USDC1,5181201.92668269
2024-10-03,High Yield Secured Lending Maple Pool USDC1,44670105.24399729
2024-10-03,Maple Direct USDC1,34325122.434236705
2024-10-03,AQRU Maple Pool USDC1,22979539.4717291
2024-10-03,Altcoin Lending,25174039.97819
2024-10-03,High Yield Corporate Loan Maple Pool WETH1,792511.60032465
2024-10-04,Maple Direct USDC1,34333393.7782192
2024-10-04,Syrup USDC,46367540.0496562
2024-10-04,Syrup USDT,19103733.406387802
2024-10-04,High Yield Secured Lending Maple Pool USDC1,44730915.332363695
2024-10-04,Altcoin Lending,24429263.51127
2024-10-04,Maple Cash USDC1,15147334.7293586
2024-10-04,High Yield Corporate Loan Maple Pool WETH1,786965.831316679
2024-10-04,AQRU Maple Pool USDC1,22989196.9026596
2024-10-04,Opportunistic High Yield Maple Pool USDC1,5232756.99517584
2024-10-05,Maple Direct USDC1,34341665.12220181
2024-10-05,Syrup USDT,20355045.8138508
2024-10-05,Syrup USDC,46381332.89765841
2024-10-05,High Yield Secured Lending Maple Pool USDC1,44741725.4207302
2024-10-05,Altcoin Lending,25597714.489910003
2024-10-05,Maple Cash USDC1,15149196.5452293
2024-10-05,AQRU Maple Pool USDC1,22998854.33359
2024-10-05,Opportunistic High Yield Maple Pool USDC1,5234312.063669
2024-10-05,High Yield Corporate Loan Maple Pool WETH1,809738.933781082
2024-10-06,Syrup USDC,46394627.8851635
2024-10-06,High Yield Secured Lending Maple Pool USDC1,44752535.5090965
2024-10-06,High Yield Corporate Loan Maple Pool WETH1,809358.430259952
2024-10-06,Opportunistic High Yield Maple Pool USDC1,5235867.13216215
2024-10-06,AQRU Maple Pool USDC1,23008511.7645205
2024-10-06,Syrup USDT,20361707.9633448
2024-10-06,Altcoin Lending,25347218.97211
2024-10-06,Maple Direct USDC1,34349936.4661841
2024-10-06,Maple Cash USDC1,15151058.3611001
2024-10-07,Opportunistic High Yield Maple Pool USDC1,5320531.52336131
2024-10-07,Maple Direct USDC1,34147559.0984328
2024-10-07,AQRU Maple Pool USDC1,23018161.3624492
2024-10-07,High Yield Secured Lending Maple Pool USDC1,44938368.4275026
2024-10-07,Maple Cash USDC1,15152920.1769709
2024-10-07,Altcoin Lending,26042341.98057
2024-10-07,Syrup USDT,20369308.421989903
2024-10-07,High Yield Corporate Loan Maple Pool WETH1,816949.292308151
2024-10-07,Syrup USDC,45954005.35271599
2024-10-08,Opportunistic High Yield Maple Pool USDC1,5322086.59185447
2024-10-08,High Yield Corporate Loan Maple Pool WETH1,812043.257322738
2024-10-08,Maple Direct USDC1,34155770.9193028
2024-10-08,AQRU Maple Pool USDC1,23027614.8282377
2024-10-08,High Yield Secured Lending Maple Pool USDC1,44949178.5158685
2024-10-08,Altcoin Lending,25767699.11903
2024-10-08,Syrup USDT,20485140.111461796
2024-10-08,Maple Cash USDC1,15154781.9928416
2024-10-08,Syrup USDC,46270572.83518731
2024-10-09,High Yield Secured Lending Maple Pool USDC1,44912594.90192181
2024-10-09,Maple Cash USDC1,15156643.8087124
2024-10-09,Maple Direct USDC1,34106628.426584706
2024-10-09,AQRU Maple Pool USDC1,23037246.1910662
2024-10-09,Syrup USDT,20488539.223845005
2024-10-09,Syrup USDC,46392279.936643906
2024-10-09,Altcoin Lending,25219660.988300003
2024-10-09,High Yield Corporate Loan Maple Pool WETH1,818313.179411845
2024-10-09,Opportunistic High Yield Maple Pool USDC1,5323641.66034762
2024-10-10,Opportunistic High Yield Maple Pool USDC1,5325196.72884078
2024-10-10,Maple Cash USDC1,15158505.6245832
2024-10-10,High Yield Corporate Loan Maple Pool WETH1,794891.925957412
2024-10-10,Syrup USDT,20838810.8982296
2024-10-10,High Yield Secured Lending Maple Pool USDC1,44925405.549134314
2024-10-10,Altcoin Lending,24691021.083300002
2024-10-10,AQRU Maple Pool USDC1,23046903.6219967
2024-10-10,Maple Direct USDC1,34114840.24745411
2024-10-10,Syrup USDC,47517899.015459
2024-10-11,Maple Direct USDC1,34123052.06832399
2024-10-11,Opportunistic High Yield Maple Pool USDC1,5326751.79733394
2024-10-11,High Yield Corporate Loan Maple Pool WETH1,1784301.73749253
2024-10-11,Altcoin Lending,24553618.993780002
2024-10-11,High Yield Secured Lending Maple Pool USDC1,45060500.747972995
2024-10-11,Syrup USDC,47745432.6871441
2024-10-11,Syrup USDT,22345250.810319595
2024-10-11,Maple Cash USDC1,15240338.5864536
2024-10-11,AQRU Maple Pool USDC1,23056561.0529272
2024-10-12,Syrup USDT,22399952.407932702
2024-10-12,Syrup USDC,48053272.4966592
2024-10-12,High Yield Corporate Loan Maple Pool WETH1,1824916.08878815
2024-10-12,High Yield Secured Lending Maple Pool USDC1,45071354.8980695
2024-10-12,Maple Cash USDC1,15242135.7837234
2024-10-12,Altcoin Lending,25780883.552720003
2024-10-12,AQRU Maple Pool USDC1,23066218.4838576
2024-10-12,Maple Direct USDC1,34131263.8891939
2024-10-12,Opportunistic High Yield Maple Pool USDC1,5328306.86582709
2024-10-13,Syrup USDT,22401320.749080703
2024-10-13,Opportunistic High Yield Maple Pool USDC1,5329861.93432025
2024-10-13,Syrup USDC,48067269.606403895
2024-10-13,Altcoin Lending,25957482.389979996
2024-10-13,AQRU Maple Pool USDC1,23075875.9147881
2024-10-13,Maple Cash USDC1,15243932.9809932
2024-10-13,High Yield Secured Lending Maple Pool USDC1,45104499.048165604
2024-10-13,Maple Direct USDC1,34139475.71006381
2024-10-13,High Yield Corporate Loan Maple Pool WETH1,1856523.21371196
2024-10-14,High Yield Secured Lending Maple Pool USDC1,45923257.729115695
2024-10-14,Opportunistic High Yield Maple Pool USDC1,5331417.0028134
2024-10-14,Syrup USDC,48142666.23510641
2024-10-14,Syrup USDT,22434004.049585998
2024-10-14,High Yield Corporate Loan Maple Pool WETH1,1848717.76289068
2024-10-14,AQRU Maple Pool USDC1,23088398.0849819
2024-10-14,Altcoin Lending,25898701.200570002
2024-10-14,Maple Direct USDC1,34307305.77597751
2024-10-14,Maple Cash USDC1,15245730.1782629
2024-10-15,Opportunistic High Yield Maple Pool USDC1,5332972.07130656
2024-10-15,High Yield Secured Lending Maple Pool USDC1,48345262.9420609
2024-10-15,Altcoin Lending,27547381.60069
2024-10-15,Maple Cash USDC1,15247527.3755327
2024-10-15,Maple Direct USDC1,36815192.84427851
2024-10-15,Syrup USDC,47844910.0375932
2024-10-15,High Yield Corporate Loan Maple Pool WETH1,1969960.14518204
2024-10-15,Syrup USDT,22540889.713843904
2024-10-15,AQRU Maple Pool USDC1,23098055.4280263
2024-10-16,Altcoin Lending,27337310.87054
2024-10-16,AQRU Maple Pool USDC1,23107712.8444928
2024-10-16,Maple Cash USDC1,15249324.5728025
2024-10-16,Syrup USDT,22384346.5461075
2024-10-16,High Yield Secured Lending Maple Pool USDC1,48356850.703372315
2024-10-16,Maple Direct USDC1,36823386.592499696
2024-10-16,High Yield Corporate Loan Maple Pool WETH1,1950420.31780616
2024-10-16,Syrup USDC,49293544.3898782
2024-10-16,Opportunistic High Yield Maple Pool USDC1,5334527.13979972
2024-10-17,Syrup USDC,51795868.03667219
2024-10-17,High Yield Secured Lending Maple Pool USDC1,48568385.212174505
2024-10-17,Altcoin Lending,27216547.348470002
2024-10-17,Maple Direct USDC1,36231980.4836948
2024-10-17,Syrup USDT,22978683.308761105
2024-10-17,Opportunistic High Yield Maple Pool USDC1,5336082.20829287
2024-10-17,Maple Cash USDC1,15425052.0343157
2024-10-17,High Yield Corporate Loan Maple Pool WETH1,1957867.73602033
2024-10-17,AQRU Maple Pool USDC1,23117370.2653253
2024-10-18,Maple Direct USDC1,36240501.629402906
2024-10-18,Syrup USDT,23721662.9726995
2024-10-18,AQRU Maple Pool USDC1,23165002.0062094
2024-10-18,Syrup USDC,53038322.816374004
2024-10-18,High Yield Corporate Loan Maple Pool WETH1,1951688.46832045
2024-10-18,Altcoin Lending,27075876.157230005
2024-10-18,Maple Cash USDC1,14406468.1500265
2024-10-18,Opportunistic High Yield Maple Pool USDC1,5337637.27678603
2024-10-18,High Yield Secured Lending Maple Pool USDC1,48622313.5019857
2024-10-19,Syrup USDT,23727294.6366378
2024-10-19,High Yield Corporate Loan Maple Pool WETH1,1981901.02049446
2024-10-19,Maple Direct USDC1,36249286.095233396
2024-10-19,High Yield Secured Lending Maple Pool USDC1,48633241.48188271
2024-10-19,Opportunistic High Yield Maple Pool USDC1,5339192.34527919
2024-10-19,Syrup USDC,55707255.5938928
2024-10-19,Altcoin Lending,27870038.20825
2024-10-19,AQRU Maple Pool USDC1,23174659.4371399
2024-10-19,Maple Cash USDC1,14408177.8644197
2024-10-20,Syrup USDT,23731145.090576194
2024-10-20,AQRU Maple Pool USDC1,23184316.8680704
2024-10-20,High Yield Secured Lending Maple Pool USDC1,48644169.461779
2024-10-20,High Yield Corporate Loan Maple Pool WETH1,2022088.12767249
2024-10-20,Opportunistic High Yield Maple Pool USDC1,5340747.41377234
2024-10-20,Syrup USDC,57760374.446732104
2024-10-20,Maple Direct USDC1,36258070.5610638
2024-10-20,Altcoin Lending,28223402.544689998
2024-10-20,Maple Cash USDC1,14409887.578813
2024-10-21,AQRU Maple Pool USDC1,22984858.1204748
2024-10-21,Altcoin Lending,28654606.438140005
2024-10-21,High Yield Corporate Loan Maple Pool WETH1,2091931.88602124
2024-10-21,Maple Cash USDC1,14411597.2932062
2024-10-21,Syrup USDT,24184155.444761604
2024-10-21,Maple Direct USDC1,36266855.02689459
2024-10-21,Opportunistic High Yield Maple Pool USDC1,5342302.4822655
2024-10-21,High Yield Secured Lending Maple Pool USDC1,48503346.22130251
2024-10-21,Syrup USDC,58701923.9573732
2024-10-22,Maple Direct USDC1,36291377.49272521
2024-10-22,Maple Cash USDC1,14413307.0075994
2024-10-22,High Yield Secured Lending Maple Pool USDC1,48529562.52218461
2024-10-22,High Yield Corporate Loan Maple Pool WETH1,2034366.32307794
2024-10-22,Opportunistic High Yield Maple Pool USDC1,5343857.55076022
2024-10-22,Altcoin Lending,28085078.485239998
2024-10-22,AQRU Maple Pool USDC1,22775672.8618503
2024-10-22,Syrup USDT,29169411.960325204
2024-10-22,Syrup USDC,61718635.7457418
2024-10-23,Maple Direct USDC1,36300161.9585556
2024-10-23,High Yield Secured Lending Maple Pool USDC1,48597499.189925805
2024-10-23,Altcoin Lending,27979691.2483
2024-10-23,High Yield Corporate Loan Maple Pool WETH1,2000051.30200494
2024-10-23,Maple Cash USDC1,14415016.7219927
2024-10-23,AQRU Maple Pool USDC1,22750661.0823048
2024-10-23,Opportunistic High Yield Maple Pool USDC1,5345412.61925337
2024-10-23,Syrup USDC,63264525.83888389
2024-10-23,Syrup USDT,29968258.239695996
2024-10-24,AQRU Maple Pool USDC1,22760318.5132353
2024-10-24,Maple Direct USDC1,36262893.017065205
2024-10-24,Opportunistic High Yield Maple Pool USDC1,5346967.68774653
2024-10-24,Syrup USDC,64295352.83497161
2024-10-24,High Yield Corporate Loan Maple Pool WETH1,1928836.40187632
2024-10-24,Syrup USDT,29167434.937756695
2024-10-24,Altcoin Lending,27803905.729950003
2024-10-24,High Yield Secured Lending Maple Pool USDC1,48564717.37302899
2024-10-24,Maple Cash USDC1,14278036.5701269
2024-10-25,Maple Cash USDC1,11550893.0636429
2024-10-25,High Yield Corporate Loan Maple Pool WETH1,1938159.74358318
2024-10-25,Maple Direct USDC1,36271677.48289601
2024-10-25,AQRU Maple Pool USDC1,22769975.9441675
2024-10-25,Opportunistic High Yield Maple Pool USDC1,5348522.75623969
2024-10-25,Syrup USDC,65359883.619702294
2024-10-25,Syrup USDT,29152890.09491249
2024-10-25,High Yield Secured Lending Maple Pool USDC1,48580280.559351295
2024-10-25,Altcoin Lending,28476417.90473
2024-10-26,Altcoin Lending,26460473.57208
2024-10-26,Maple Direct USDC1,36280461.948727496
2024-10-26,Syrup USDC,66704542.38842781
2024-10-26,Maple Cash USDC1,11552253.9453784
2024-10-26,Opportunistic High Yield Maple Pool USDC1,5350077.82473284
2024-10-26,High Yield Secured Lending Maple Pool USDC1,48591105.0965596
2024-10-26,High Yield Corporate Loan Maple Pool WETH1,1852962.36191099
2024-10-26,Syrup USDT,29186690.248667203
2024-10-26,AQRU Maple Pool USDC1,22779633.3750979
2024-10-27,Maple Cash USDC1,11553614.8271139
2024-10-27,Syrup USDC,68312867.2915815
2024-10-27,Syrup USDT,29188052.395996004
2024-10-27,AQRU Maple Pool USDC1,22789290.8060284
2024-10-27,Maple Direct USDC1,36289246.41455799
2024-10-27,High Yield Corporate Loan Maple Pool WETH1,1896083.05466499
2024-10-27,Opportunistic High Yield Maple Pool USDC1,5351632.893226
2024-10-27,Altcoin Lending,27029130.7753
2024-10-27,High Yield Secured Lending Maple Pool USDC1,48601929.6337672
2024-10-28,Altcoin Lending,27775923.817009997
2024-10-28,Maple Direct USDC1,36298030.8803884
2024-10-28,Opportunistic High Yield Maple Pool USDC1,5353187.96171915
2024-10-28,Syrup USDC,68710759.50188759
2024-10-28,High Yield Corporate Loan Maple Pool WETH1,1915885.54367129
2024-10-28,Syrup USDT,31330354.3578457
2024-10-28,AQRU Maple Pool USDC1,22798948.2369589
2024-10-28,High Yield Secured Lending Maple Pool USDC1,48612951.1344312
2024-10-28,Maple Cash USDC1,10038636.9492775
2024-10-29,Syrup USDC,69421517.1723105
2024-10-29,High Yield Secured Lending Maple Pool USDC1,48702252.6101308
2024-10-29,High Yield Corporate Loan Maple Pool WETH1,1960526.25200523
2024-10-29,AQRU Maple Pool USDC1,22559470.3799699
2024-10-29,Maple Direct USDC1,36306815.34621889
2024-10-29,Syrup USDT,32187013.50926751
2024-10-29,Altcoin Lending,28197518.26393
2024-10-29,Maple Cash USDC1,9699710.01197137
2024-10-29,Opportunistic High Yield Maple Pool USDC1,5354743.03021231
2024-10-30,High Yield Corporate Loan Maple Pool WETH1,2016030.42320982
2024-10-30,AQRU Maple Pool USDC1,22411032.0606917
2024-10-30,Altcoin Lending,29125807.04288
2024-10-30,Maple Cash USDC1,9700848.3978492
2024-10-30,High Yield Secured Lending Maple Pool USDC1,48763379.51297741
2024-10-30,Maple Direct USDC1,36645599.812049404
2024-10-30,Opportunistic High Yield Maple Pool USDC1,5356298.09870547
2024-10-30,Syrup USDC,73749122.031781
2024-10-30,Syrup USDT,32299356.804115906
2024-10-31,Maple Cash USDC1,9701986.78372704
2024-10-31,Syrup USDC,74863299.0418144
2024-10-31,High Yield Secured Lending Maple Pool USDC1,48978184.05018489
2024-10-31,High Yield Corporate Loan Maple Pool WETH1,2030478.85832277
2024-10-31,Syrup USDT,32332543.0877076
2024-10-31,Maple Direct USDC1,36854384.277880006
2024-10-31,Opportunistic High Yield Maple Pool USDC1,5407853.16719862
2024-10-31,AQRU Maple Pool USDC1,22420543.6793204
2024-10-31,Altcoin Lending,28765100.65016
2024-11-01,Syrup USDT,32239339.8574692
2024-11-01,Maple Direct USDC1,36863679.95182239
2024-11-01,High Yield Corporate Loan Maple Pool WETH1,1923781.75319636
2024-11-01,Opportunistic High Yield Maple Pool USDC1,5409408.23569178
2024-11-01,Altcoin Lending,31223973.218452
2024-11-01,High Yield Secured Lending Maple Pool USDC1,49021961.622686595
2024-11-01,Syrup USDC,76855187.529461
2024-11-01,AQRU Maple Pool USDC1,22430055.297952
2024-11-02,Altcoin Lending,30815104.710171003
2024-11-02,Syrup USDT,32456015.642351396
2024-11-02,AQRU Maple Pool USDC1,22439566.9165807
2024-11-02,High Yield Corporate Loan Maple Pool WETH1,1992670.97220048
2024-11-02,High Yield Secured Lending Maple Pool USDC1,49141064.50338739
2024-11-02,Syrup USDC,76362414.78851001
2024-11-02,Opportunistic High Yield Maple Pool USDC1,5179435.88143594
2024-11-02,Maple Direct USDC1,36873526.1179184
2024-11-03,Altcoin Lending,30418569.968303002
2024-11-03,High Yield Corporate Loan Maple Pool WETH1,1976085.83438157
2024-11-03,Syrup USDT,32969784.811274506
2024-11-03,High Yield Secured Lending Maple Pool USDC1,49153974.80220099
2024-11-03,Opportunistic High Yield Maple Pool USDC1,5180990.94992909
2024-11-03,AQRU Maple Pool USDC1,22449078.5352094
2024-11-03,Syrup USDC,82151444.59503101
2024-11-03,Maple Direct USDC1,36882372.28401429
2024-11-04,Syrup USDC,80975240.16133401
2024-11-04,Syrup USDT,33526268.083037995
2024-11-04,High Yield Corporate Loan Maple Pool WETH1,1950602.38492878
2024-11-04,Maple Direct USDC1,38331218.4501102
2024-11-04,High Yield Secured Lending Maple Pool USDC1,49668490.308799505
2024-11-04,AQRU Maple Pool USDC1,22458590.1538381
2024-11-04,Opportunistic High Yield Maple Pool USDC1,5182546.01842225
2024-11-04,Altcoin Lending,29666597.831492
2024-11-05,Altcoin Lending,28918945.105671994
2024-11-05,Syrup USDT,33920229.692479
2024-11-05,High Yield Secured Lending Maple Pool USDC1,49729452.4886833
2024-11-05,Opportunistic High Yield Maple Pool USDC1,5184101.0869154
2024-11-05,Syrup USDC,82571301.296752
2024-11-05,Maple Direct USDC1,38340200.240086205
2024-11-05,AQRU Maple Pool USDC1,22436220.8354457
2024-11-05,High Yield Corporate Loan Maple Pool WETH1,1905162.44687091
2024-11-06,Opportunistic High Yield Maple Pool USDC1,5185656.15540856
2024-11-06,Syrup USDT,33931443.4474932
2024-11-06,Altcoin Lending,30174830.163294002
2024-11-06,Maple Direct USDC1,36302778.17927771
2024-11-06,High Yield Corporate Loan Maple Pool WETH1,1925186.4418989
2024-11-06,AQRU Maple Pool USDC1,22291321.4283607
2024-11-06,High Yield Secured Lending Maple Pool USDC1,49941370.1410854
2024-11-06,Syrup USDC,81042764.23650299
2024-11-07,Opportunistic High Yield Maple Pool USDC1,5187211.22390172
2024-11-07,Maple Direct USDC1,36311562.64416
2024-11-07,Syrup USDT,34134665.81504669
2024-11-07,Altcoin Lending,34273346.082003996
2024-11-07,High Yield Secured Lending Maple Pool USDC1,50361605.7116141
2024-11-07,High Yield Corporate Loan Maple Pool WETH1,2148691.6125037
2024-11-07,Syrup USDC,87918775.81838399
2024-11-07,AQRU Maple Pool USDC1,22292718.9546307
2024-11-08,Maple Direct USDC1,33250985.4977101
2024-11-08,Syrup USDC,85117865.014254
2024-11-08,High Yield Secured Lending Maple Pool USDC1,50318874.895027116
2024-11-08,Altcoin Lending,36178967.8575
2024-11-08,Syrup USDT,34409152.458779305
2024-11-08,AQRU Maple Pool USDC1,22304277.1739735
2024-11-08,High Yield Corporate Loan Maple Pool WETH1,2342209.65884339
2024-11-08,Opportunistic High Yield Maple Pool USDC1,5188766.29239487
2024-11-09,High Yield Secured Lending Maple Pool USDC1,50798420.4767596
2024-11-09,High Yield Corporate Loan Maple Pool WETH1,2398575.04360167
2024-11-09,Syrup USDC,79679676.09062399
2024-11-09,Maple Direct USDC1,33459086.739148393
2024-11-09,Syrup USDT,33709846.944708996
2024-11-09,Opportunistic High Yield Maple Pool USDC1,5390321.36088803
2024-11-09,Altcoin Lending,35997483.5645
2024-11-09,AQRU Maple Pool USDC1,22313714.2023455
2024-11-10,High Yield Secured Lending Maple Pool USDC1,50512858.25338109
2024-11-10,AQRU Maple Pool USDC1,22323151.2307175
2024-11-10,High Yield Corporate Loan Maple Pool WETH1,2524694.51671644
2024-11-10,Maple Direct USDC1,33467187.980586797
2024-11-10,Opportunistic High Yield Maple Pool USDC1,5391876.42938119
2024-11-10,Syrup USDT,33751347.2422526
2024-11-10,Altcoin Lending,38411383.667500004
2024-11-10,Syrup USDC,80415296.705061
2024-11-11,Syrup USDT,33801702.806238405
2024-11-11,High Yield Secured Lending Maple Pool USDC1,50398682.556857586
2024-11-11,Opportunistic High Yield Maple Pool USDC1,5393431.49787434
2024-11-11,Syrup USDC,76163048.27253202
2024-11-11,Maple Direct USDC1,33475289.222026996
2024-11-11,AQRU Maple Pool USDC1,22332588.2590895
2024-11-11,Altcoin Lending,39800592.986999996
2024-11-11,High Yield Corporate Loan Maple Pool WETH1,2508940.37963421
2024-11-12,Altcoin Lending,39253115.6135
2024-11-12,High Yield Secured Lending Maple Pool USDC1,50327899.27310459
2024-11-12,AQRU Maple Pool USDC1,22342025.2874615
2024-11-12,High Yield Corporate Loan Maple Pool WETH1,2572072.70068849
2024-11-12,Maple Direct USDC1,33992097.5403754
2024-11-12,Opportunistic High Yield Maple Pool USDC1,5394986.5663675
2024-11-12,Syrup USDC,77862469.06478101
2024-11-12,Syrup USDT,33807947.30764409
2024-11-13,High Yield Secured Lending Maple Pool USDC1,50239795.247298494
2024-11-13,AQRU Maple Pool USDC1,22282933.3573796
2024-11-13,Syrup USDC,77981400.89388801
2024-11-13,Opportunistic High Yield Maple Pool USDC1,5396541.63486065
2024-11-13,High Yield Corporate Loan Maple Pool WETH1,2488274.92319626
2024-11-13,Maple Direct USDC1,33975106.7606822
2024-11-13,Syrup USDT,34140825.86315809
2024-11-13,Altcoin Lending,38919972.675
2024-11-14,High Yield Corporate Loan Maple Pool WETH1,2499697.07175853
2024-11-14,Opportunistic High Yield Maple Pool USDC1,5398096.70335381
2024-11-14,High Yield Secured Lending Maple Pool USDC1,50623927.98982149
2024-11-14,Maple Direct USDC1,33905075.4267234
2024-11-14,Syrup USDC,78104724.01293501
2024-11-14,AQRU Maple Pool USDC1,22222601.0027806
2024-11-14,Altcoin Lending,40394415.5165
2024-11-14,Syrup USDT,34147218.419113
2024-11-15,Syrup USDT,28731284.799215198
2024-11-15,High Yield Secured Lending Maple Pool USDC1,50280979.75493848
2024-11-15,Opportunistic High Yield Maple Pool USDC1,5399651.77184697
2024-11-15,Maple Direct USDC1,33913521.3608852
2024-11-15,High Yield Corporate Loan Maple Pool WETH1,2437884.3516793
2024-11-15,Syrup USDC,71218383.195794
2024-11-15,Altcoin Lending,39637101.4585
2024-11-15,AQRU Maple Pool USDC1,22232006.6477736
2024-11-16,Opportunistic High Yield Maple Pool USDC1,5267646.03675212
2024-11-16,High Yield Secured Lending Maple Pool USDC1,50299106.96985848
2024-11-16,Syrup USDC,70392956.935107
2024-11-16,Syrup USDT,28247982.5315611
2024-11-16,AQRU Maple Pool USDC1,22241412.2927655
2024-11-16,Maple Direct USDC1,33921968.119504094
2024-11-16,High Yield Corporate Loan Maple Pool WETH1,2507012.59748258
2024-11-16,Altcoin Lending,41030484.519999996
2024-11-17,Maple Direct USDC1,33930414.5664219
2024-11-17,AQRU Maple Pool USDC1,22250817.9377575
2024-11-17,Syrup USDT,28254710.962087005
2024-11-17,Opportunistic High Yield Maple Pool USDC1,5269201.10524528
2024-11-17,Syrup USDC,69662888.40132299
2024-11-17,High Yield Secured Lending Maple Pool USDC1,50311949.40893951
2024-11-17,Altcoin Lending,42026310.605
2024-11-17,High Yield Corporate Loan Maple Pool WETH1,2439099.15496835
2024-11-18,Maple Direct USDC1,33938861.013339706
2024-11-18,High Yield Corporate Loan Maple Pool WETH1,2402741.04426362
2024-11-18,Opportunistic High Yield Maple Pool USDC1,5270756.17373843
2024-11-18,Syrup USDT,28284091.148682795
2024-11-18,AQRU Maple Pool USDC1,22260223.5827495
2024-11-18,Altcoin Lending,41852789.5695
2024-11-18,Syrup USDC,69525281.882302
2024-11-18,High Yield Secured Lending Maple Pool USDC1,50335346.898122
2024-11-19,Syrup USDC,69547755.655392
2024-11-19,AQRU Maple Pool USDC1,22252474.6172364
2024-11-19,Syrup USDT,27302177.491132498
2024-11-19,Altcoin Lending,42503912.2915
2024-11-19,Maple Direct USDC1,33947307.460257605
2024-11-19,Opportunistic High Yield Maple Pool USDC1,5272311.24223159
2024-11-19,High Yield Secured Lending Maple Pool USDC1,50348657.29371749
2024-11-19,High Yield Corporate Loan Maple Pool WETH1,2458122.0793284
2024-11-20,Opportunistic High Yield Maple Pool USDC1,5273866.31072475
2024-11-20,High Yield Corporate Loan Maple Pool WETH1,2327347.82218895
2024-11-20,AQRU Maple Pool USDC1,22216052.1375626
2024-11-20,Altcoin Lending,41869232.8205
2024-11-20,Syrup USDC,69631039.205967
2024-11-20,Maple Direct USDC1,33955753.930636
2024-11-20,High Yield Secured Lending Maple Pool USDC1,50358938.22111249
2024-11-20,Syrup USDT,24301198.141043298
2024-11-21,Maple Direct USDC1,33915506.8572636
2024-11-21,Syrup USDC,69623146.374584
2024-11-21,Altcoin Lending,42476827.7385
2024-11-21,AQRU Maple Pool USDC1,22219913.4287968
2024-11-21,High Yield Corporate Loan Maple Pool WETH1,2370431.42727922
2024-11-21,High Yield Secured Lending Maple Pool USDC1,50372248.486908
2024-11-21,Opportunistic High Yield Maple Pool USDC1,5224713.2476829
2024-11-21,Syrup USDT,24293268.702522308
2024-11-22,High Yield Corporate Loan Maple Pool WETH1,2517996.99827899
2024-11-22,Syrup USDC,67418182.71415201
2024-11-22,Altcoin Lending,44533933.6445
2024-11-22,High Yield Secured Lending Maple Pool USDC1,50368987.92004198
2024-11-22,Syrup USDT,24764180.417308398
2024-11-22,AQRU Maple Pool USDC1,22229272.3189053
2024-11-22,Maple Direct USDC1,33899378.2267728
2024-11-22,Opportunistic High Yield Maple Pool USDC1,5226268.3161757
2024-11-23,AQRU Maple Pool USDC1,22238631.2090135
2024-11-23,Syrup USDT,24941037.436985403
2024-11-23,Syrup USDC,67543886.750458
2024-11-23,Maple Direct USDC1,33907824.6736907
2024-11-23,Altcoin Lending,46064039.582
2024-11-23,High Yield Corporate Loan Maple Pool WETH1,2527645.07172827
2024-11-23,High Yield Secured Lending Maple Pool USDC1,50382396.80530499
2024-11-23,Opportunistic High Yield Maple Pool USDC1,5227823.38466886
2024-11-24,Syrup USDC,68214807.72761199
2024-11-24,High Yield Corporate Loan Maple Pool WETH1,2520985.87668104
2024-11-24,Altcoin Lending,44471413.9685
2024-11-24,Syrup USDT,25734991.1371985
2024-11-24,High Yield Secured Lending Maple Pool USDC1,50399715.43386899
2024-11-24,Opportunistic High Yield Maple Pool USDC1,5229378.45316201
2024-11-24,AQRU Maple Pool USDC1,22247990.0991217
2024-11-24,Maple Direct USDC1,33916271.1206085
2024-11-25,Maple Direct USDC1,33924717.5675263
2024-11-25,High Yield Corporate Loan Maple Pool WETH1,2615505.10469231
2024-11-25,High Yield Secured Lending Maple Pool USDC1,50362132.47107698
2024-11-25,Altcoin Lending,45691249.74250001
2024-11-25,AQRU Maple Pool USDC1,22255897.0476119
2024-11-25,Opportunistic High Yield Maple Pool USDC1,5230933.52165517
2024-11-25,Syrup USDT,25816366.1755026
2024-11-25,Syrup USDC,70442625.166823
2024-11-26,Opportunistic High Yield Maple Pool USDC1,5182417.97361733
2024-11-26,High Yield Secured Lending Maple Pool USDC1,45310705.26299901
2024-11-26,High Yield Corporate Loan Maple Pool WETH1,2501791.33062159
2024-11-26,Altcoin Lending,42461766.873500004
2024-11-26,AQRU Maple Pool USDC1,22139573.3641992
2024-11-26,Syrup USDT,25813196.498288102
2024-11-26,Syrup USDC,70374936.6745
2024-11-26,Maple Direct USDC1,31664451.502537094
2024-11-27,Opportunistic High Yield Maple Pool USDC1,5183973.04211048
2024-11-27,Syrup USDT,25803114.429432996
2024-11-27,Syrup USDC,70245264.014922
2024-11-27,Maple Direct USDC1,31872139.983104795
2024-11-27,High Yield Secured Lending Maple Pool USDC1,45111266.615125
2024-11-27,AQRU Maple Pool USDC1,22066888.8730703
2024-11-27,High Yield Corporate Loan Maple Pool WETH1,2606812.78387986
2024-11-27,Altcoin Lending,43932064.7675
2024-11-28,High Yield Secured Lending Maple Pool USDC1,45123537.100549
2024-11-28,Maple Direct USDC1,31880155.5224884
2024-11-28,Altcoin Lending,44329308.195
2024-11-28,Syrup USDT,25841477.215786904
2024-11-28,Opportunistic High Yield Maple Pool USDC1,5185528.11060364
2024-11-28,High Yield Corporate Loan Maple Pool WETH1,2726217.71954163
2024-11-28,Syrup USDC,70052676.396782
2024-11-28,AQRU Maple Pool USDC1,21922802.2890164
2024-11-29,Opportunistic High Yield Maple Pool USDC1,5187083.17909679
2024-11-29,Altcoin Lending,45440573.3685
2024-11-29,Maple Direct USDC1,31842094.486263
2024-11-29,AQRU Maple Pool USDC1,21932116.2400841
2024-11-29,High Yield Corporate Loan Maple Pool WETH1,2707379.5362714
2024-11-29,Syrup USDC,70077953.64731398
2024-11-29,High Yield Secured Lending Maple Pool USDC1,45254611.185973
2024-11-29,Syrup USDT,25849736.4640747
2024-11-30,Maple Direct USDC1,31850110.025646597
2024-11-30,Syrup USDT,25871998.1353036
2024-11-30,High Yield Secured Lending Maple Pool USDC1,45266781.671397015
2024-11-30,Opportunistic High Yield Maple Pool USDC1,5188638.24758995
2024-11-30,AQRU Maple Pool USDC1,21941430.1911512
2024-11-30,Altcoin Lending,45284933.776999995
2024-11-30,Syrup USDC,70157140.20119001
2024-11-30,High Yield Corporate Loan Maple Pool WETH1,2751543.47615968
2024-12-01,High Yield Corporate Loan Maple Pool WETH1,2781443.70242845
2024-12-01,Syrup USDC,70131584.396472
2024-12-01,High Yield Secured Lending Maple Pool USDC1,45314952.156819984
2024-12-01,Opportunistic High Yield Maple Pool USDC1,5190193.31608311
2024-12-01,AQRU Maple Pool USDC1,21950744.1422183
2024-12-01,Syrup USDT,25884243.1480017
2024-12-01,Maple Direct USDC1,31858125.565030202
2024-12-01,Altcoin Lending,45442478.088
2024-12-02,Altcoin Lending,43382885.344
2024-12-02,Opportunistic High Yield Maple Pool USDC1,5191748.38457626
2024-12-02,High Yield Secured Lending Maple Pool USDC1,46429465.936601
2024-12-02,Syrup USDT,25891512.396289602
2024-12-02,High Yield Corporate Loan Maple Pool WETH1,2702185.91040472
2024-12-02,Maple Direct USDC1,31866141.1044138
2024-12-02,Syrup USDC,70078216.586916
2024-12-02,AQRU Maple Pool USDC1,21960058.0932854
2024-12-03,Maple Direct USDC1,31949997.031824797
2024-12-03,High Yield Corporate Loan Maple Pool WETH1,2720636.989478
2024-12-03,Opportunistic High Yield Maple Pool USDC1,5193303.45306942
2024-12-03,Syrup USDC,67191857.031661
2024-12-03,High Yield Secured Lending Maple Pool USDC1,46339030.52893299
2024-12-03,AQRU Maple Pool USDC1,21938953.8493996
2024-12-03,Syrup USDT,25829299.930003405
2024-12-03,Altcoin Lending,45163489.663
2024-12-04,Altcoin Lending,46516222.563999996
2024-12-04,Opportunistic High Yield Maple Pool USDC1,5194858.52156258
2024-12-04,AQRU Maple Pool USDC1,21791982.5597974
2024-12-04,Maple Direct USDC1,31880121.219578497
2024-12-04,Syrup USDT,25842955.9887563
2024-12-04,Syrup USDC,67209936.29303901
2024-12-04,High Yield Secured Lending Maple Pool USDC1,46351387.26037799
2024-12-04,High Yield Corporate Loan Maple Pool WETH1,2809149.06441677
2024-12-05,AQRU Maple Pool USDC1,21790376.9199102
2024-12-05,Syrup USDT,22677912.825757697
2024-12-05,Opportunistic High Yield Maple Pool USDC1,5196413.59005573
2024-12-05,Altcoin Lending,47951764.12099999
2024-12-05,Syrup USDC,69784769.50392301
2024-12-05,High Yield Corporate Loan Maple Pool WETH1,2961613.92723704
2024-12-05,High Yield Secured Lending Maple Pool USDC1,46363743.99914999
2024-12-05,Maple Direct USDC1,31890152.434936203
2024-12-06,Altcoin Lending,47052825.496999994
2024-12-06,Opportunistic High Yield Maple Pool USDC1,5197968.65854889
2024-12-06,High Yield Corporate Loan Maple Pool WETH1,2913383.73581831
2024-12-06,High Yield Secured Lending Maple Pool USDC1,46420749.980083
2024-12-06,AQRU Maple Pool USDC1,21799611.6047611
2024-12-06,Maple Direct USDC1,31899249.438360803
2024-12-06,Syrup USDC,69748537.47245501
2024-12-06,Syrup USDT,22695073.915812194
2024-12-07,Syrup USDC,70460936.355815
2024-12-07,Maple Direct USDC1,31908346.4417855
2024-12-07,High Yield Corporate Loan Maple Pool WETH1,3013374.90014859
2024-12-07,Syrup USDT,22707951.3719365
2024-12-07,AQRU Maple Pool USDC1,21808846.2896119
2024-12-07,Opportunistic High Yield Maple Pool USDC1,5199623.72704204
2024-12-07,Altcoin Lending,47545820.029
2024-12-07,High Yield Secured Lending Maple Pool USDC1,46484394.78920701
2024-12-08,Altcoin Lending,46827007.31999999
2024-12-08,High Yield Secured Lending Maple Pool USDC1,46503825.881035015
2024-12-08,Syrup USDC,70491575.21043299
2024-12-08,High Yield Corporate Loan Maple Pool WETH1,2992811.29783386
2024-12-08,Syrup USDT,22849568.5308128
2024-12-08,Opportunistic High Yield Maple Pool USDC1,5201178.7955352
2024-12-08,AQRU Maple Pool USDC1,21818080.9744627
2024-12-08,Maple Direct USDC1,31917443.445210196
2024-12-09,High Yield Secured Lending Maple Pool USDC1,46536360.77691798
2024-12-09,AQRU Maple Pool USDC1,21827315.6593135
2024-12-09,Syrup USDT,22769427.0285931
2024-12-09,High Yield Corporate Loan Maple Pool WETH1,2896291.82981613
2024-12-09,Maple Direct USDC1,31926540.448634908
2024-12-09,Syrup USDC,69796144.325502
2024-12-09,Opportunistic High Yield Maple Pool USDC1,5202733.86402836
2024-12-09,Altcoin Lending,44756033.839
2024-12-10,AQRU Maple Pool USDC1,21791230.4491483
2024-12-10,High Yield Secured Lending Maple Pool USDC1,46649030.27633901
2024-12-10,Syrup USDT,22888535.3687704
2024-12-10,Maple Direct USDC1,31934703.065106496
2024-12-10,Altcoin Lending,43069835.551
2024-12-10,High Yield Corporate Loan Maple Pool WETH1,2826885.02027641
2024-12-10,Syrup USDC,63749340.84947002
2024-12-10,Opportunistic High Yield Maple Pool USDC1,5204288.93252151
2024-12-11,Syrup USDT,22781694.851591706
2024-12-11,Syrup USDC,63594662.084815994
2024-12-11,Altcoin Lending,43618669.365
2024-12-11,AQRU Maple Pool USDC1,21662573.1777959
2024-12-11,Maple Direct USDC1,30909544.074880898
2024-12-11,High Yield Secured Lending Maple Pool USDC1,49762124.35460201
2024-12-11,Opportunistic High Yield Maple Pool USDC1,5205844.00101467
2024-12-11,High Yield Corporate Loan Maple Pool WETH1,2802447.44448268
2024-12-12,Syrup USDT,22667203.302594997
2024-12-12,Opportunistic High Yield Maple Pool USDC1,5207399.06950783
2024-12-12,Maple Direct USDC1,30918321.469802104
2024-12-12,High Yield Secured Lending Maple Pool USDC1,48454656.40463902
2024-12-12,AQRU Maple Pool USDC1,21665711.6887075
2024-12-12,High Yield Corporate Loan Maple Pool WETH1,2948373.68025145
2024-12-12,Syrup USDC,63112756.73593199
2024-12-12,Altcoin Lending,45151897.731
2024-12-13,Opportunistic High Yield Maple Pool USDC1,5208954.13800098
2024-12-13,Syrup USDC,63134806.50878902
2024-12-13,Altcoin Lending,44602604.331
2024-12-13,High Yield Corporate Loan Maple Pool WETH1,2939962.86673822
2024-12-13,Syrup USDT,22986605.1371354
2024-12-13,Maple Direct USDC1,30927136.2287924
2024-12-13,AQRU Maple Pool USDC1,21677684.8865918
2024-12-13,High Yield Secured Lending Maple Pool USDC1,43303514.288479
2024-12-14,Syrup USDC,63149820.00700401
2024-12-14,Altcoin Lending,44414193.548
2024-12-14,Maple Direct USDC1,30936107.975367703
2024-12-14,Syrup USDT,23579994.015607998
2024-12-14,Opportunistic High Yield Maple Pool USDC1,5210509.20649414
2024-12-14,AQRU Maple Pool USDC1,21686837.0819714
2024-12-14,High Yield Corporate Loan Maple Pool WETH1,2933659.2352685
2024-12-14,High Yield Secured Lending Maple Pool USDC1,43315594.12222999
2024-12-15,Maple Direct USDC1,30945079.721943
2024-12-15,Altcoin Lending,43768260.807
2024-12-15,Syrup USDC,62858273.124910995
2024-12-15,Opportunistic High Yield Maple Pool USDC1,5212064.27498729
2024-12-15,AQRU Maple Pool USDC1,21695989.277351
2024-12-15,Syrup USDT,22897097.345137604
2024-12-15,High Yield Corporate Loan Maple Pool WETH1,2921060.25708977
2024-12-15,High Yield Secured Lending Maple Pool USDC1,42661204.120005
2024-12-16,Altcoin Lending,43805108.994
2024-12-16,High Yield Corporate Loan Maple Pool WETH1,2945675.68576454
2024-12-16,High Yield Secured Lending Maple Pool USDC1,42693159.182606
2024-12-16,Syrup USDC,62886746.12464501
2024-12-16,Maple Direct USDC1,30930359.13564039
2024-12-16,Syrup USDT,22550841.751121104
2024-12-16,AQRU Maple Pool USDC1,21705141.4727306
2024-12-16,Opportunistic High Yield Maple Pool USDC1,5213619.34348045
2024-12-17,Altcoin Lending,51931989.231000006
2024-12-17,AQRU Maple Pool USDC1,21713771.8064222
2024-12-17,High Yield Corporate Loan Maple Pool WETH1,3011427.94896882
2024-12-17,Syrup USDT,22609044.6298547
2024-12-17,Syrup USDC,62958416.38400701
2024-12-17,Maple Direct USDC1,30962300.4972827
2024-12-17,Opportunistic High Yield Maple Pool USDC1,5215174.41197361
2024-12-17,High Yield Secured Lending Maple Pool USDC1,42896476.12283899
2024-12-18,Opportunistic High Yield Maple Pool USDC1,5216729.48046676
2024-12-18,AQRU Maple Pool USDC1,21710137.0683277
2024-12-18,High Yield Corporate Loan Maple Pool WETH1,2926189.20329409
2024-12-18,Syrup USDT,22939257.917827204
2024-12-18,Syrup USDC,62921621.057769015
2024-12-18,High Yield Secured Lending Maple Pool USDC1,42951355.577015
2024-12-18,Altcoin Lending,50770648.06099999
2024-12-18,Maple Direct USDC1,30971272.2438581
2024-12-19,AQRU Maple Pool USDC1,21718578.5655003
2024-12-19,High Yield Secured Lending Maple Pool USDC1,43076661.15185
2024-12-19,Maple Direct USDC1,30980243.990433395
2024-12-19,Altcoin Lending,48313593.499
2024-12-19,Syrup USDT,23034236.8438098
2024-12-19,Syrup USDC,58174846.929092005
2024-12-19,High Yield Corporate Loan Maple Pool WETH1,2804728.00516986
2024-12-19,Opportunistic High Yield Maple Pool USDC1,5218284.54895992
2024-12-20,High Yield Corporate Loan Maple Pool WETH1,2356406.44802463
2024-12-20,AQRU Maple Pool USDC1,21727730.76088
2024-12-20,Syrup USDT,22844707.4160933
2024-12-20,Syrup USDC,57279323.82410401
2024-12-20,Opportunistic High Yield Maple Pool USDC1,5219839.61745307
2024-12-20,Maple Direct USDC1,30989215.737011097
2024-12-20,High Yield Secured Lending Maple Pool USDC1,42993140.006052
2024-12-20,Altcoin Lending,40793487.25100001
2024-12-21,High Yield Corporate Loan Maple Pool WETH1,2609091.58363141
2024-12-21,Altcoin Lending,45021646.099999994
2024-12-21,Opportunistic High Yield Maple Pool USDC1,5221394.68594622
2024-12-21,Syrup USDT,24339650.0171239
2024-12-21,High Yield Secured Lending Maple Pool USDC1,43014663.995665
2024-12-21,Maple Direct USDC1,30998187.483586505
2024-12-21,Syrup USDC,57265651.04804601
2024-12-21,AQRU Maple Pool USDC1,21736882.9562597
2024-12-22,High Yield Secured Lending Maple Pool USDC1,43036187.985278994
2024-12-22,Maple Direct USDC1,31007159.230161794
2024-12-22,High Yield Corporate Loan Maple Pool WETH1,2563518.76210768
2024-12-22,Syrup USDC,57214144.425943
2024-12-22,Altcoin Lending,43594336.768999994
2024-12-22,AQRU Maple Pool USDC1,21746035.1516394
2024-12-22,Opportunistic High Yield Maple Pool USDC1,5222949.75443938
2024-12-22,Syrup USDT,24548460.342978403
2024-12-23,Syrup USDT,24824981.440866
2024-12-23,Syrup USDC,56728021.71055901
2024-12-23,High Yield Secured Lending Maple Pool USDC1,42965578.468511
2024-12-23,AQRU Maple Pool USDC1,21755187.3470192
2024-12-23,Maple Direct USDC1,31016130.976737194
2024-12-23,Opportunistic High Yield Maple Pool USDC1,5224504.82293253
2024-12-23,Altcoin Lending,43079806.775000006
2024-12-23,High Yield Corporate Loan Maple Pool WETH1,2531356.30161745
2024-12-24,High Yield Corporate Loan Maple Pool WETH1,2585996.26733123
2024-12-24,Altcoin Lending,44528827.781
2024-12-24,High Yield Secured Lending Maple Pool USDC1,43194549.909805
2024-12-24,Syrup USDT,25512179.2451514
2024-12-24,AQRU Maple Pool USDC1,21764339.5423989
2024-12-24,Opportunistic High Yield Maple Pool USDC1,5226059.89142569
2024-12-24,Syrup USDC,56656843.02516802
2024-12-24,Maple Direct USDC1,31025152.633772805
2024-12-25,Opportunistic High Yield Maple Pool USDC1,5227614.95991885
2024-12-25,High Yield Secured Lending Maple Pool USDC1,43251061.09073399
2024-12-25,AQRU Maple Pool USDC1,21773491.7377786
2024-12-25,Maple Direct USDC1,31034322.1543208
2024-12-25,Altcoin Lending,45410013.601
2024-12-25,High Yield Corporate Loan Maple Pool WETH1,2631084.672521
2024-12-25,Syrup USDT,25783482.965469502
2024-12-25,Syrup USDC,56664432.67086899
2024-12-26,High Yield Secured Lending Maple Pool USDC1,43299572.27166301
2024-12-26,High Yield Corporate Loan Maple Pool WETH1,2677317.68501206
2024-12-26,Altcoin Lending,43796931.916
2024-12-26,Opportunistic High Yield Maple Pool USDC1,5229170.028412
2024-12-26,Syrup USDT,25550260.3304405
2024-12-26,Syrup USDC,56500629.57838899
2024-12-26,Maple Direct USDC1,31043491.674868703
2024-12-26,AQRU Maple Pool USDC1,21782643.9331584
2024-12-27,Syrup USDC,56505912.492804006
2024-12-27,Syrup USDT,25555231.192979597
2024-12-27,AQRU Maple Pool USDC1,21791796.1285381
2024-12-27,High Yield Corporate Loan Maple Pool WETH1,2712708.56147233
2024-12-27,Maple Direct USDC1,31052661.195416696
2024-12-27,High Yield Secured Lending Maple Pool USDC1,43313083.452592
2024-12-27,Altcoin Lending,44380568.921000004
2024-12-27,Opportunistic High Yield Maple Pool USDC1,5230725.09690516
2024-12-28,Syrup USDC,57489124.86180499
2024-12-28,Maple Direct USDC1,31061830.715964697
2024-12-28,AQRU Maple Pool USDC1,21800948.3239179
2024-12-28,Syrup USDT,25212632.2035778
2024-12-28,High Yield Secured Lending Maple Pool USDC1,43344094.633521006
2024-12-28,High Yield Corporate Loan Maple Pool WETH1,2667622.30063361
2024-12-28,Opportunistic High Yield Maple Pool USDC1,5232280.16539832
2024-12-28,Altcoin Lending,43036129.387
2024-12-29,Maple Direct USDC1,31071000.23651261
2024-12-29,Syrup USDT,25241988.432451807
2024-12-29,High Yield Secured Lending Maple Pool USDC1,43357605.81445001
2024-12-29,Altcoin Lending,44025225.98899999
2024-12-29,High Yield Corporate Loan Maple Pool WETH1,2696867.54136488
2024-12-29,AQRU Maple Pool USDC1,21810100.5192976
2024-12-29,Opportunistic High Yield Maple Pool USDC1,5233835.23389147
2024-12-29,Syrup USDC,57496862.736690015
2024-12-30,Maple Direct USDC1,30994494.848996498
2024-12-30,Opportunistic High Yield Maple Pool USDC1,5235390.30238463
2024-12-30,Syrup USDT,24693085.617692
2024-12-30,High Yield Corporate Loan Maple Pool WETH1,2715210.07997765
2024-12-30,Syrup USDC,57679756.13672899
2024-12-30,High Yield Secured Lending Maple Pool USDC1,42672723.27519299
2024-12-30,AQRU Maple Pool USDC1,21819252.7146773
2024-12-30,Altcoin Lending,43489617.621
2024-12-31,Syrup USDC,57723505.90475401
2024-12-31,High Yield Secured Lending Maple Pool USDC1,43991824.980425
2024-12-31,AQRU Maple Pool USDC1,21828404.9100571
2024-12-31,Altcoin Lending,43500901.29400001
2024-12-31,High Yield Corporate Loan Maple Pool WETH1,2695724.39671893
2024-12-31,Maple Direct USDC1,31003664.3695445
2024-12-31,Opportunistic High Yield Maple Pool USDC1,5236945.37087778
2024-12-31,Syrup USDT,24726147.765142597
2025-01-01,Syrup USDT,24799329.148942597
2025-01-01,High Yield Secured Lending Maple Pool USDC1,44003322.092033
2025-01-01,Opportunistic High Yield Maple Pool USDC1,5238500.43937094
2025-01-01,High Yield Corporate Loan Maple Pool WETH1,2653052.2254327
2025-01-01,Maple Direct USDC1,31012833.8900925
2025-01-01,AQRU Maple Pool USDC1,21837557.1054368
2025-01-01,Altcoin Lending,35921660.3415
2025-01-01,Syrup USDC,57450442.00186099
2025-01-02,High Yield Secured Lending Maple Pool USDC1,44016794.140561
2025-01-02,Altcoin Lending,38919031.76449999
2025-01-02,Syrup USDT,24673122.7254564
2025-01-02,Opportunistic High Yield Maple Pool USDC1,5240055.5078641
2025-01-02,AQRU Maple Pool USDC1,21846709.3008166
2025-01-02,Maple Direct USDC1,31029085.016440406
2025-01-02,High Yield Corporate Loan Maple Pool WETH1,2754985.88972847
2025-01-02,Syrup USDC,57461133.09745401
2025-01-03,Maple Direct USDC1,30944184.235080905
2025-01-03,High Yield Secured Lending Maple Pool USDC1,44481093.76775201
2025-01-03,Syrup USDT,24827636.138151303
2025-01-03,High Yield Corporate Loan Maple Pool WETH1,2750314.10794074
2025-01-03,Syrup USDC,58191609.258653
2025-01-03,AQRU Maple Pool USDC1,21855861.4961963
2025-01-03,Opportunistic High Yield Maple Pool USDC1,5281610.57635725
2025-01-03,Altcoin Lending,39764520.4675
2025-01-04,High Yield Corporate Loan Maple Pool WETH1,2852854.06750775
2025-01-04,Maple Direct USDC1,30953352.482084304
2025-01-04,Syrup USDC,60688895.293441
2025-01-04,Opportunistic High Yield Maple Pool USDC1,5283165.42886867
2025-01-04,AQRU Maple Pool USDC1,21865012.4204378
2025-01-04,Altcoin Lending,40276782.9265
2025-01-04,High Yield Secured Lending Maple Pool USDC1,44495291.873674005
2025-01-04,Syrup USDT,24998235.8541063
2025-01-05,High Yield Corporate Loan Maple Pool WETH1,2862520.88902729
2025-01-05,Opportunistic High Yield Maple Pool USDC1,5284720.71334357
2025-01-05,AQRU Maple Pool USDC1,21874165.8869558
2025-01-05,Maple Direct USDC1,30962523.276176795
2025-01-05,High Yield Secured Lending Maple Pool USDC1,44509493.924062
2025-01-05,Syrup USDC,59732140.18552899
2025-01-05,Altcoin Lending,40066246.5385
2025-01-05,Syrup USDT,24690995.0350464
2025-01-06,High Yield Secured Lending Maple Pool USDC1,44525683.700849
2025-01-06,Syrup USDC,59575988.03048399
2025-01-06,Maple Direct USDC1,30875095.227431707
2025-01-06,Syrup USDT,23960862.447812498
2025-01-06,High Yield Corporate Loan Maple Pool WETH1,2893461.60660706
2025-01-06,Opportunistic High Yield Maple Pool USDC1,5286275.78183672
2025-01-06,Altcoin Lending,41683669.3235
2025-01-06,AQRU Maple Pool USDC1,21883318.0823355
2025-01-07,High Yield Secured Lending Maple Pool USDC1,44790887.668165
2025-01-07,AQRU Maple Pool USDC1,21892470.2777152
2025-01-07,Syrup USDT,23849815.811883397
2025-01-07,Opportunistic High Yield Maple Pool USDC1,5287830.85032988
2025-01-07,Maple Direct USDC1,30884264.7479797
2025-01-07,Altcoin Lending,41675096.675500005
2025-01-07,High Yield Corporate Loan Maple Pool WETH1,2883546.19774484
2025-01-07,Syrup USDC,59580089.90545601
2025-01-08,AQRU Maple Pool USDC1,21901622.473095
2025-01-08,Maple Direct USDC1,28884603.032543197
2025-01-08,High Yield Secured Lending Maple Pool USDC1,44835132.335439995
2025-01-08,Syrup USDT,24164075.3298963
2025-01-08,Syrup USDC,59728577.10366498
2025-01-08,Opportunistic High Yield Maple Pool USDC1,5189965.13447103
2025-01-08,Altcoin Lending,37874951.2915
2025-01-08,High Yield Corporate Loan Maple Pool WETH1,2665929.26077961
2025-01-09,High Yield Secured Lending Maple Pool USDC1,45591422.37847
2025-01-09,Syrup USDT,23519136.3161709
2025-01-09,High Yield Corporate Loan Maple Pool WETH1,2629408.09854467
2025-01-09,AQRU Maple Pool USDC1,21910774.6684747
2025-01-09,Syrup USDC,59607452.24349798
2025-01-09,Maple Direct USDC1,28893317.073641405
2025-01-09,Altcoin Lending,36775293.2205
2025-01-09,Opportunistic High Yield Maple Pool USDC1,5191520.20296419
2025-01-10,Syrup USDT,23507226.543981194
2025-01-10,Opportunistic High Yield Maple Pool USDC1,5658809.5903669
2025-01-10,Maple Direct USDC1,28902031.114737205
2025-01-10,AQRU Maple Pool USDC1,21919926.8638553
2025-01-10,High Yield Corporate Loan Maple Pool WETH1,4828962.41741027
2025-01-10,Syrup USDC,58575328.801930994
2025-01-10,High Yield Secured Lending Maple Pool USDC1,46570247.521332994
2025-01-10,Altcoin Lending,37139003.76900001
2025-01-11,AQRU Maple Pool USDC1,21929079.059235
2025-01-11,Syrup USDT,23763809.011590198
2025-01-11,Syrup USDC,58724772.420224994
2025-01-11,Altcoin Lending,36510165.305
2025-01-11,High Yield Corporate Loan Maple Pool WETH1,4772130.17686559
2025-01-11,Maple Direct USDC1,28910745.155833103
2025-01-11,Opportunistic High Yield Maple Pool USDC1,5660432.03002398
2025-01-11,High Yield Secured Lending Maple Pool USDC1,46584781.017629
2025-01-12,Syrup USDC,58736566.48442002
2025-01-12,Maple Direct USDC1,28919459.196929
2025-01-12,AQRU Maple Pool USDC1,21938231.2546148
2025-01-12,Opportunistic High Yield Maple Pool USDC1,5662054.46968106
2025-01-12,High Yield Corporate Loan Maple Pool WETH1,4741920.17656941
2025-01-12,Syrup USDT,23812104.518713497
2025-01-12,High Yield Secured Lending Maple Pool USDC1,46634998.62381601
2025-01-12,Altcoin Lending,36235847.6325
2025-01-13,AQRU Maple Pool USDC1,21947383.4499946
2025-01-13,High Yield Corporate Loan Maple Pool WETH1,4479152.06256223
2025-01-13,Altcoin Lending,33895794.327
2025-01-13,High Yield Secured Lending Maple Pool USDC1,46723732.866283
2025-01-13,Maple Direct USDC1,28901829.523049906
2025-01-13,Syrup USDT,23500762.153306797
2025-01-13,Syrup USDC,58764592.98546301
2025-01-13,Opportunistic High Yield Maple Pool USDC1,5663681.4315722
2025-01-14,Syrup USDT,23092321.771225303
2025-01-14,Syrup USDC,60823967.665667
2025-01-14,AQRU Maple Pool USDC1,21917868.2055103
2025-01-14,High Yield Corporate Loan Maple Pool WETH1,4721614.14518356
2025-01-14,High Yield Secured Lending Maple Pool USDC1,46696659.801854
2025-01-14,Maple Direct USDC1,29110543.564145803
2025-01-14,Opportunistic High Yield Maple Pool USDC1,5665374.10899225
2025-01-14,Altcoin Lending,36443774.8375
2025-01-15,AQRU Maple Pool USDC1,21911769.3071611
2025-01-15,Altcoin Lending,36534389.01049999
2025-01-15,Syrup USDT,23054166.215634905
2025-01-15,Syrup USDC,62611139.425322995
2025-01-15,Maple Direct USDC1,22905992.7403668
2025-01-15,High Yield Secured Lending Maple Pool USDC1,47165078.44856499
2025-01-15,Opportunistic High Yield Maple Pool USDC1,5667066.78641229
2025-01-15,High Yield Corporate Loan Maple Pool WETH1,4692635.77877788
2025-01-16,Syrup USDT,23157147.4270114
2025-01-16,Maple Direct USDC1,22912866.6508276
2025-01-16,High Yield Corporate Loan Maple Pool WETH1,4911864.4362932
2025-01-16,AQRU Maple Pool USDC1,21844990.8784588
2025-01-16,Altcoin Lending,40024608.92250001
2025-01-16,Syrup USDC,63689770.06239101
2025-01-16,Opportunistic High Yield Maple Pool USDC1,5668759.46383234
2025-01-16,High Yield Secured Lending Maple Pool USDC1,47179516.10698201
2025-01-17,Opportunistic High Yield Maple Pool USDC1,5670452.14125171
2025-01-17,Altcoin Lending,42043264.693500005
2025-01-17,AQRU Maple Pool USDC1,21854143.0738386
2025-01-17,Syrup USDT,23512210.5877181
2025-01-17,High Yield Secured Lending Maple Pool USDC1,47202270.981622994
2025-01-17,Maple Direct USDC1,22919908.6028824
2025-01-17,High Yield Corporate Loan Maple Pool WETH1,5020646.87126102
2025-01-17,Syrup USDC,63508538.41218001
2025-01-18,Altcoin Lending,43805530.0045
2025-01-18,Opportunistic High Yield Maple Pool USDC1,5672144.81867176
2025-01-18,High Yield Corporate Loan Maple Pool WETH1,4858950.84343585
2025-01-18,High Yield Secured Lending Maple Pool USDC1,47217034.92908299
2025-01-18,Syrup USDC,63661570.450168
2025-01-18,Maple Direct USDC1,22926950.554937102
2025-01-18,AQRU Maple Pool USDC1,21863295.2692184
2025-01-18,Syrup USDT,23537135.2566237
2025-01-19,High Yield Corporate Loan Maple Pool WETH1,4614990.41705467
2025-01-19,Syrup USDC,64536821.794944
2025-01-19,Syrup USDT,23404856.444800295
2025-01-19,Opportunistic High Yield Maple Pool USDC1,5673837.4960918
2025-01-19,Altcoin Lending,46814729.893
2025-01-19,High Yield Secured Lending Maple Pool USDC1,47202059.697963
2025-01-19,Maple Direct USDC1,22933992.506991804
2025-01-19,AQRU Maple Pool USDC1,21872447.4645981
2025-01-20,High Yield Secured Lending Maple Pool USDC1,47628078.74686
2025-01-20,Maple Direct USDC1,22941034.459046602
2025-01-20,Opportunistic High Yield Maple Pool USDC1,5675530.17351185
2025-01-20,High Yield Corporate Loan Maple Pool WETH1,4947347.19813349
2025-01-20,Altcoin Lending,45724929.63849999
2025-01-20,Syrup USDC,62488653.93848501
2025-01-20,AQRU Maple Pool USDC1,21854845.8683939
2025-01-20,Syrup USDT,22850519.639892004
2025-01-21,Maple Direct USDC1,22948076.411101393
2025-01-21,High Yield Secured Lending Maple Pool USDC1,47700350.944152
2025-01-21,Opportunistic High Yield Maple Pool USDC1,5677222.85093189
2025-01-21,High Yield Corporate Loan Maple Pool WETH1,4846751.87171631
2025-01-21,Syrup USDT,22864351.265635297
2025-01-21,AQRU Maple Pool USDC1,21825130.5830427
2025-01-21,Altcoin Lending,42366849.416499995
2025-01-21,Syrup USDC,62520931.52727501
2025-01-22,Syrup USDC,62711790.693937
2025-01-22,High Yield Corporate Loan Maple Pool WETH1,4879435.36535513
2025-01-22,AQRU Maple Pool USDC1,21833271.8740844
2025-01-22,Opportunistic High Yield Maple Pool USDC1,5678915.52835194
2025-01-22,Altcoin Lending,44386541.939500004
2025-01-22,Maple Direct USDC1,22934103.9244311
2025-01-22,High Yield Secured Lending Maple Pool USDC1,48027776.38060999
2025-01-22,Syrup USDT,22872555.102758706
2025-01-23,Syrup USDC,63062207.72785099
2025-01-23,AQRU Maple Pool USDC1,21842424.0694642
2025-01-23,High Yield Corporate Loan Maple Pool WETH1,4715254.20642546
2025-01-23,High Yield Secured Lending Maple Pool USDC1,48042235.874018
2025-01-23,Opportunistic High Yield Maple Pool USDC1,5680608.20577198
2025-01-23,Maple Direct USDC1,22941145.8764859
2025-01-23,Altcoin Lending,42279651.1405
2025-01-23,Syrup USDT,22880778.939882003
2025-01-24,High Yield Corporate Loan Maple Pool WETH1,4989308.79150428
2025-01-24,Syrup USDT,22639477.930124402
2025-01-24,Opportunistic High Yield Maple Pool USDC1,5682300.88319203
2025-01-24,Altcoin Lending,45166263.734500006
2025-01-24,AQRU Maple Pool USDC1,21851367.794715
2025-01-24,Maple Direct USDC1,22948187.8285402
2025-01-24,High Yield Secured Lending Maple Pool USDC1,48061257.27889599
2025-01-24,Syrup USDC,63574646.000568
2025-01-25,Syrup USDT,23201420.453198597
2025-01-25,Syrup USDC,63576901.506449014
2025-01-25,High Yield Corporate Loan Maple Pool WETH1,4853856.0396536
2025-01-25,High Yield Secured Lending Maple Pool USDC1,48076634.576818004
2025-01-25,Opportunistic High Yield Maple Pool USDC1,5683993.56061207
2025-01-25,AQRU Maple Pool USDC1,21860519.9900947
2025-01-25,Maple Direct USDC1,22955229.7805949
2025-01-25,Altcoin Lending,43157649.914
2025-01-26,Altcoin Lending,43762985.842499994
2025-01-26,High Yield Corporate Loan Maple Pool WETH1,4863962.00789142
2025-01-26,High Yield Secured Lending Maple Pool USDC1,48092011.874739006
2025-01-26,AQRU Maple Pool USDC1,21869672.1854745
2025-01-26,Syrup USDC,63831295.69166301
2025-01-26,Syrup USDT,23195188.0409398
2025-01-26,Maple Direct USDC1,22962271.732649706
2025-01-26,Opportunistic High Yield Maple Pool USDC1,5685686.23803212
2025-01-27,Syrup USDC,65957850.648508996
2025-01-27,Opportunistic High Yield Maple Pool USDC1,5687378.91545216
2025-01-27,High Yield Corporate Loan Maple Pool WETH1,4493850.20491525
2025-01-27,Syrup USDT,22763366.821927994
2025-01-27,AQRU Maple Pool USDC1,21878824.3808543
2025-01-27,Altcoin Lending,39198089.203999996
2025-01-27,High Yield Secured Lending Maple Pool USDC1,48354333.928828
2025-01-27,Maple Direct USDC1,23419313.6847044
2025-01-28,Maple Lend+Long USDC1,3104793.00327563
2025-01-28,AQRU Maple Pool USDC1,21887823.189658
2025-01-28,Opportunistic High Yield Maple Pool USDC1,5689071.59287221
2025-01-28,Syrup USDC,67156672.376286
2025-01-28,High Yield Corporate Loan Maple Pool WETH1,4681107.39569907
2025-01-28,Maple Direct USDC1,22922347.433769196
2025-01-28,High Yield Secured Lending Maple Pool USDC1,50234112.637590006
2025-01-28,Altcoin Lending,41055740.9715
2025-01-28,Syrup USDT,22853076.976694196
2025-01-29,Opportunistic High Yield Maple Pool USDC1,5690764.27029225
2025-01-29,AQRU Maple Pool USDC1,21890451.8261048
2025-01-29,Maple Direct USDC1,22929389.385823898
2025-01-29,High Yield Corporate Loan Maple Pool WETH1,5879305.35272691
2025-01-29,Altcoin Lending,40238586.26950001
2025-01-29,Maple Lend+Long USDC1,3306746.18996795
2025-01-29,Syrup USDC,66784353.04014601
2025-01-29,High Yield Secured Lending Maple Pool USDC1,50140501.797906995
2025-01-29,Syrup USDT,22791755.1724004
2025-01-30,Maple Lend+Long USDC1,3507690.22027157
2025-01-30,AQRU Maple Pool USDC1,21895810.0749972
2025-01-30,Opportunistic High Yield Maple Pool USDC1,5692456.9477123
2025-01-30,High Yield Corporate Loan Maple Pool WETH1,6136730.62524007
2025-01-30,Altcoin Lending,42190984.2895
2025-01-30,Maple Direct USDC1,22936431.337878697
2025-01-30,High Yield Secured Lending Maple Pool USDC1,53545778.60090001
2025-01-30,Syrup USDC,62817280.224520996
2025-01-30,Syrup USDT,23192898.080297604
2025-01-31,AQRU Maple Pool USDC1,21904962.270377
2025-01-31,Syrup USDC,59766387.606804
2025-01-31,High Yield Corporate Loan Maple Pool WETH1,6265566.31514273
2025-01-31,Maple Direct USDC1,22943473.289933994
2025-01-31,Altcoin Lending,40887491.68799999
2025-01-31,High Yield Secured Lending Maple Pool USDC1,53569379.990173
2025-01-31,Syrup USDT,23485222.3512628
2025-01-31,Opportunistic High Yield Maple Pool USDC1,5694149.62513234
2025-01-31,Maple Lend+Long USDC1,3508074.61942443
2025-02-01,Syrup USDC,59434533.22019701
2025-02-01,High Yield Corporate Loan Maple Pool WETH1,5997936.97173489
2025-02-01,Syrup USDT,25873614.511277698
2025-02-01,High Yield Secured Lending Maple Pool USDC1,54384329.23949699
2025-02-01,Altcoin Lending,39347227.27
2025-02-01,AQRU Maple Pool USDC1,21914114.4657567
2025-02-01,Maple Direct USDC1,22950515.2419888
2025-02-01,Maple Lend+Long USDC1,3508459.0185772995
2025-02-01,Opportunistic High Yield Maple Pool USDC1,5695842.30255239
2025-02-02,Syrup USDC,59246468.938710004
2025-02-02,High Yield Corporate Loan Maple Pool WETH1,5550016.21047655
2025-02-02,Maple Lend+Long USDC1,3508843.41773017
2025-02-02,Syrup USDT,25657716.566373497
2025-02-02,Opportunistic High Yield Maple Pool USDC1,5697534.97997244
2025-02-02,Maple Direct USDC1,22957557.194043502
2025-02-02,AQRU Maple Pool USDC1,21923266.6611365
2025-02-02,High Yield Secured Lending Maple Pool USDC1,54405330.59856501
2025-02-02,Altcoin Lending,36233529.023499995
2025-02-03,Syrup USDC,50968512.672827005
2025-02-03,High Yield Secured Lending Maple Pool USDC1,54417702.28705199
2025-02-03,Maple Direct USDC1,23437266.2650673
2025-02-03,Syrup USDT,24128090.660261005
2025-02-03,AQRU Maple Pool USDC1,21932418.8565173
2025-02-03,Opportunistic High Yield Maple Pool USDC1,5699227.65739248
2025-02-03,Altcoin Lending,37624476.481
2025-02-03,Maple Lend+Long USDC1,3509227.81688303
2025-02-03,High Yield Corporate Loan Maple Pool WETH1,5202342.68519171
2025-02-04,Syrup USDC,49922275.991015
2025-02-04,AQRU Maple Pool USDC1,21932799.3999381
2025-02-04,High Yield Corporate Loan Maple Pool WETH1,5235077.03747637
2025-02-04,Syrup USDT,25207723.654601395
2025-02-04,Altcoin Lending,36180842.77
2025-02-04,Maple Lend+Long USDC1,3509612.2160359
2025-02-04,Opportunistic High Yield Maple Pool USDC1,5700920.33481253
2025-02-04,High Yield Secured Lending Maple Pool USDC1,56364544.27793999
2025-02-04,Maple Direct USDC1,25474317.749347
2025-02-05,Opportunistic High Yield Maple Pool USDC1,5702613.01223257
2025-02-05,Syrup USDC,50362336.894531
2025-02-05,Altcoin Lending,35095278.20999999
2025-02-05,High Yield Secured Lending Maple Pool USDC1,56443876.53539899
2025-02-05,Maple Lend+Long USDC1,3509996.61518877
2025-02-05,AQRU Maple Pool USDC1,21941951.5953178
2025-02-05,Maple Direct USDC1,25981821.448582403
2025-02-05,High Yield Corporate Loan Maple Pool WETH1,5233805.80829953
2025-02-05,Syrup USDT,25686250.4367228
2025-02-06,Opportunistic High Yield Maple Pool USDC1,5704305.68965262
2025-02-06,High Yield Secured Lending Maple Pool USDC1,56462514.61294201
2025-02-06,Maple Lend+Long USDC1,3510381.01434163
2025-02-06,Maple Direct USDC1,25989398.289335907
2025-02-06,AQRU Maple Pool USDC1,21951103.7906976
2025-02-06,Syrup USDT,25544879.4573107
2025-02-06,High Yield Corporate Loan Maple Pool WETH1,5076052.23105119
2025-02-06,Syrup USDC,51038447.62837
2025-02-06,Altcoin Lending,33456151.440000005
2025-02-07,AQRU Maple Pool USDC1,21948511.1603859
2025-02-07,Syrup USDC,52282949.15736401
2025-02-07,Syrup USDT,25452936.9322726
2025-02-07,High Yield Corporate Loan Maple Pool WETH1,5021683.59173385
2025-02-07,Maple Lend+Long USDC1,3510765.4134945
2025-02-07,High Yield Secured Lending Maple Pool USDC1,57192797.701042
2025-02-07,Opportunistic High Yield Maple Pool USDC1,5705998.36707266
2025-02-07,Maple Direct USDC1,25996961.1398295
2025-02-07,Altcoin Lending,34431329.05
2025-02-08,AQRU Maple Pool USDC1,21957663.3557655
2025-02-08,Opportunistic High Yield Maple Pool USDC1,5707691.04449271
2025-02-08,Altcoin Lending,34485741.73
2025-02-08,High Yield Secured Lending Maple Pool USDC1,57215739.89112899
2025-02-08,High Yield Corporate Loan Maple Pool WETH1,4978629.41201251
2025-02-08,Maple Lend+Long USDC1,3511149.81264737
2025-02-08,Maple Direct USDC1,26006091.5018569
2025-02-08,Syrup USDT,25090658.917397805
2025-02-08,Syrup USDC,54077672.72574301
2025-02-09,High Yield Secured Lending Maple Pool USDC1,57262331.752706006
2025-02-09,High Yield Corporate Loan Maple Pool WETH1,4954935.32168267
2025-02-09,Syrup USDT,24946221.0837439
2025-02-09,Syrup USDC,53711856.893214986
2025-02-09,Altcoin Lending,34553119.72
2025-02-09,AQRU Maple Pool USDC1,21966815.5511451
2025-02-09,Opportunistic High Yield Maple Pool USDC1,5709383.72191275
2025-02-09,Maple Direct USDC1,26013221.8528843
2025-02-09,Maple Lend+Long USDC1,3511534.21180023
2025-02-10,Syrup USDT,23623377.065999605
2025-02-10,Maple Direct USDC1,26020352.203911707
2025-02-10,Opportunistic High Yield Maple Pool USDC1,5711058.19774298
2025-02-10,Maple Lend+Long USDC1,3511918.6109531
2025-02-10,AQRU Maple Pool USDC1,21975967.7465247
2025-02-10,High Yield Secured Lending Maple Pool USDC1,57230467.84213601
2025-02-10,Syrup USDC,57982915.43065201
2025-02-10,High Yield Corporate Loan Maple Pool WETH1,5046530.70417333
2025-02-10,Altcoin Lending,35449840.830000006
2025-02-11,High Yield Secured Lending Maple Pool USDC1,57748439.477286994
2025-02-11,Opportunistic High Yield Maple Pool USDC1,5712708.74998133
2025-02-11,Syrup USDC,60348477.19039501
2025-02-11,Altcoin Lending,34383102.800000004
2025-02-11,High Yield Corporate Loan Maple Pool WETH1,4891006.30025599
2025-02-11,Maple Lend+Long USDC1,3512303.01010597
2025-02-11,Maple Direct USDC1,26527982.5549391
2025-02-11,Syrup USDT,23199301.5972749
2025-02-11,AQRU Maple Pool USDC1,21985119.9419043
2025-02-12,Altcoin Lending,34637918.00999999
2025-02-12,AQRU Maple Pool USDC1,21994272.1372839
2025-02-12,Syrup USDC,60798394.57352802
2025-02-12,Opportunistic High Yield Maple Pool USDC1,5714359.30221967
2025-02-12,High Yield Corporate Loan Maple Pool WETH1,5056801.30933565
2025-02-12,Maple Lend+Long USDC1,3512687.40925883
2025-02-12,Maple Direct USDC1,27885612.905966505
2025-02-12,High Yield Secured Lending Maple Pool USDC1,59117605.703199
2025-02-12,Syrup USDT,22785920.6610151
2025-02-13,Syrup USDT,22772576.9327884
2025-02-13,Syrup USDC,61540231.95577802
2025-02-13,AQRU Maple Pool USDC1,22003424.3326635
2025-02-13,Altcoin Lending,34574677.81
2025-02-13,Opportunistic High Yield Maple Pool USDC1,5716009.85445802
2025-02-13,Maple Lend+Long USDC1,3513071.8084117
2025-02-13,High Yield Secured Lending Maple Pool USDC1,59138006.85442302
2025-02-13,High Yield Corporate Loan Maple Pool WETH1,4988317.69434681
2025-02-13,Maple Direct USDC1,27892743.256993905
2025-02-14,Opportunistic High Yield Maple Pool USDC1,5717660.40669637
2025-02-14,Maple Direct USDC1,27899873.608020604
2025-02-14,High Yield Corporate Loan Maple Pool WETH1,5171196.78811447
2025-02-14,Syrup USDT,22567419.304216497
2025-02-14,High Yield Secured Lending Maple Pool USDC1,59158769.224227995
2025-02-14,Altcoin Lending,35876902.349999994
2025-02-14,AQRU Maple Pool USDC1,21318548.7389053
2025-02-14,Maple Lend+Long USDC1,3513456.20756457
2025-02-14,Syrup USDC,63214224.24644001
2025-02-15,Maple Direct USDC1,27907003.959048003
2025-02-15,Opportunistic High Yield Maple Pool USDC1,5719310.95893471
2025-02-15,AQRU Maple Pool USDC1,19593224.2865851
2025-02-15,Syrup USDT,22587552.9746828
2025-02-15,Syrup USDC,63638706.023541
2025-02-15,Maple Lend+Long USDC1,3513840.60671743
2025-02-15,Altcoin Lending,34876084.52000001
2025-02-15,High Yield Secured Lending Maple Pool USDC1,59181124.80350602
2025-02-15,High Yield Corporate Loan Maple Pool WETH1,5084336.54255663
2025-02-16,Maple Lend+Long USDC1,3514225.0058703
2025-02-16,High Yield Corporate Loan Maple Pool WETH1,5068987.80280629
2025-02-16,Maple Direct USDC1,27914134.310075395
2025-02-16,Syrup USDT,22633789.327679202
2025-02-16,AQRU Maple Pool USDC1,17409660.788561
2025-02-16,Opportunistic High Yield Maple Pool USDC1,5720961.51117306
2025-02-16,Syrup USDC,63799866.35776301
2025-02-16,Altcoin Lending,34301669.77
2025-02-16,High Yield Secured Lending Maple Pool USDC1,59200615.20482701
2025-02-17,Syrup USDT,21412288.8683523
2025-02-17,Altcoin Lending,33073903.46
2025-02-17,Maple Direct USDC1,27921264.6611028
2025-02-17,Maple Lend+Long USDC1,3514609.40502317
2025-02-17,High Yield Corporate Loan Maple Pool WETH1,5132259.57120895
2025-02-17,Syrup USDC,64059838.964065
2025-02-17,AQRU Maple Pool USDC1,17020835.8770098
2025-02-17,Opportunistic High Yield Maple Pool USDC1,5722612.0634114
2025-02-17,High Yield Secured Lending Maple Pool USDC1,58719272.30788699
2025-02-18,Opportunistic High Yield Maple Pool USDC1,5724262.61564995
2025-02-18,Maple Direct USDC1,27928229.8818506
2025-02-18,High Yield Secured Lending Maple Pool USDC1,58744913.90582299
2025-02-18,Altcoin Lending,31147548.589999996
2025-02-18,Maple Lend+Long USDC1,3514993.80417603
2025-02-18,Syrup USDT,22533294.111461505
2025-02-18,AQRU Maple Pool USDC1,17028107.3517046
2025-02-18,High Yield Corporate Loan Maple Pool WETH1,4967134.73592911
2025-02-18,Syrup USDC,63449833.71508899
2025-02-19,High Yield Secured Lending Maple Pool USDC1,58917199.701076
2025-02-19,High Yield Corporate Loan Maple Pool WETH1,5124003.68541027
2025-02-19,AQRU Maple Pool USDC1,17035378.8263995
2025-02-19,Altcoin Lending,32345425.93
2025-02-19,Syrup USDC,64526694.506402
2025-02-19,Maple Direct USDC1,28329755.799856998
2025-02-19,Opportunistic High Yield Maple Pool USDC1,5725913.16788829
2025-02-19,Syrup USDT,21990794.0033077
2025-02-19,Maple Lend+Long USDC1,3515378.2033289
2025-02-20,Syrup USDC,63866690.31600599
2025-02-20,Syrup USDT,21939855.086991698
2025-02-20,High Yield Corporate Loan Maple Pool WETH1,5193241.77066943
2025-02-20,Opportunistic High Yield Maple Pool USDC1,5727559.81345606
2025-02-20,AQRU Maple Pool USDC1,17042650.3010943
2025-02-20,Maple Direct USDC1,28386352.074621297
2025-02-20,High Yield Secured Lending Maple Pool USDC1,58930537.08514899
2025-02-20,Maple Lend+Long USDC1,3515762.60248177
2025-02-20,Altcoin Lending,33466205.160000004
2025-02-21,High Yield Secured Lending Maple Pool USDC1,60074343.00029001
2025-02-21,Syrup USDT,22019792.962976597
2025-02-21,Maple Direct USDC1,28804846.467575707
2025-02-21,AQRU Maple Pool USDC1,17049921.7757891
2025-02-21,Altcoin Lending,32237797.9
2025-02-21,Syrup USDC,63841366.317242295
2025-02-21,Maple Lend+Long USDC1,3516147.00163463
2025-02-21,High Yield Corporate Loan Maple Pool WETH1,4988432.03033309
2025-02-21,Opportunistic High Yield Maple Pool USDC1,5729169.18263033
2025-02-22,High Yield Secured Lending Maple Pool USDC1,60090443.460622996
2025-02-22,AQRU Maple Pool USDC1,17057193.250484
2025-02-22,Syrup USDC,63731809.1870753
2025-02-22,High Yield Corporate Loan Maple Pool WETH1,5234617.77344625
2025-02-22,Altcoin Lending,32956226.85
2025-02-22,Syrup USDT,22027203.8523103
2025-02-22,Opportunistic High Yield Maple Pool USDC1,5730778.55180459
2025-02-22,Maple Direct USDC1,28811647.377742097
2025-02-22,Maple Lend+Long USDC1,3516531.4007875
2025-02-23,Maple Direct USDC1,28893448.28790859
2025-02-23,Altcoin Lending,32533210.39
2025-02-23,High Yield Secured Lending Maple Pool USDC1,60109543.920956016
2025-02-23,Syrup USDT,22044127.5616441
2025-02-23,High Yield Corporate Loan Maple Pool WETH1,5306515.88066341
2025-02-23,Syrup USDC,63776954.99765229
2025-02-23,Opportunistic High Yield Maple Pool USDC1,5732387.92097886
2025-02-23,AQRU Maple Pool USDC1,17064464.7251788
2025-02-23,Maple Lend+Long USDC1,3516915.79994037
2025-02-24,Maple Direct USDC1,28477407.833159007
2025-02-24,Syrup USDC,63060267.30613598
2025-02-24,Syrup USDT,21764689.6923664
2025-02-24,Maple Lend+Long USDC1,3517300.19909323
2025-02-24,High Yield Secured Lending Maple Pool USDC1,59742985.65890002
2025-02-24,Opportunistic High Yield Maple Pool USDC1,5733997.29015313
2025-02-24,Altcoin Lending,30048057.619999997
2025-02-24,High Yield Corporate Loan Maple Pool WETH1,4995127.30279157
2025-02-24,AQRU Maple Pool USDC1,17071736.1998736
2025-02-25,Altcoin Lending,28573702.74
2025-02-25,High Yield Corporate Loan Maple Pool WETH1,4672714.61983323
2025-02-25,Maple Direct USDC1,28433916.6447917
2025-02-25,Syrup USDT,21739348.738506503
2025-02-25,High Yield Secured Lending Maple Pool USDC1,59729973.66920099
2025-02-25,Syrup USDC,61927754.80555101
2025-02-25,Opportunistic High Yield Maple Pool USDC1,5735606.6593274
2025-02-25,Maple Lend+Long USDC1,3517684.5982461
2025-02-25,AQRU Maple Pool USDC1,17079007.6745685
2025-02-26,Opportunistic High Yield Maple Pool USDC1,6187216.02850166
2025-02-26,AQRU Maple Pool USDC1,17086279.1492633
2025-02-26,Maple Lend+Long USDC1,3518068.99739897
2025-02-26,Syrup USDT,21543033.411649004
2025-02-26,Altcoin Lending,26492865.51
2025-02-26,Maple Direct USDC1,28589674.7812365
2025-02-26,High Yield Secured Lending Maple Pool USDC1,59946433.45331098
2025-02-26,Syrup USDC,61748240.83790699
2025-02-26,High Yield Corporate Loan Maple Pool WETH1,4345881.05531089
2025-02-27,Altcoin Lending,27272299.93
2025-02-27,Syrup USDT,23260794.755208004
2025-02-27,AQRU Maple Pool USDC1,17093550.6239581
2025-02-27,Maple Lend+Long USDC1,3518453.39655183
2025-02-27,Maple Direct USDC1,28695432.9176813
2025-02-27,Opportunistic High Yield Maple Pool USDC1,6188825.39767593
2025-02-27,High Yield Secured Lending Maple Pool USDC1,59925380.61740899
2025-02-27,High Yield Corporate Loan Maple Pool WETH1,4335487.07477105
2025-02-27,Syrup USDC,63804888.7271145
2025-02-28,Syrup USDT,23056282.7829821
2025-02-28,Maple Lend+Long USDC1,3518837.7957047
2025-02-28,Maple Direct USDC1,28701331.0633837
2025-02-28,AQRU Maple Pool USDC1,14940832.0386587
2025-02-28,Opportunistic High Yield Maple Pool USDC1,6190434.7668502
2025-02-28,High Yield Secured Lending Maple Pool USDC1,63236209.694750994
2025-02-28,High Yield Corporate Loan Maple Pool WETH1,4225754.38688421
2025-02-28,Altcoin Lending,28205346.709999997
2025-02-28,Syrup USDC,61672778.97458799
2025-03-01,Maple Direct USDC1,28707649.2957189
2025-03-01,Altcoin Lending,27649769.179999996
2025-03-01,AQRU Maple Pool USDC1,14948103.5133535
2025-03-01,Maple Lend+Long USDC1,3519222.19485757
2025-03-01,High Yield Secured Lending Maple Pool USDC1,63287121.35404599
2025-03-01,Syrup USDC,64061333.47861999
2025-03-01,High Yield Corporate Loan Maple Pool WETH1,4212728.48320987
2025-03-01,Syrup USDT,23063738.5150566
2025-03-01,Opportunistic High Yield Maple Pool USDC1,6192044.13602446
2025-03-02,Maple Direct USDC1,28713967.528054096
2025-03-02,Maple Lend+Long USDC1,3519606.59401043
2025-03-02,AQRU Maple Pool USDC1,14955374.9880483
2025-03-02,Opportunistic High Yield Maple Pool USDC1,6193653.50519873
2025-03-02,Syrup USDC,62922089.173804
2025-03-02,Syrup USDT,23069196.247131094
2025-03-02,High Yield Corporate Loan Maple Pool WETH1,4708085.22684653
2025-03-02,High Yield Secured Lending Maple Pool USDC1,63317190.95767
2025-03-02,Altcoin Lending,32075855.71
2025-03-03,Syrup USDC,64414727.592107
2025-03-03,Altcoin Lending,27454536.069999997
2025-03-03,Syrup USDT,23086655.0311356
2025-03-03,Opportunistic High Yield Maple Pool USDC1,6195262.874373
2025-03-03,Maple Direct USDC1,28720234.945964508
2025-03-03,Maple Lend+Long USDC1,3519990.9931633
2025-03-03,High Yield Secured Lending Maple Pool USDC1,64655617.18836799
2025-03-03,High Yield Corporate Loan Maple Pool WETH1,4005851.38036419
2025-03-03,AQRU Maple Pool USDC1,14962646.4627432
2025-03-04,Syrup USDT,22073705.808887698
2025-03-04,Maple Direct USDC1,29492536.322477996
2025-03-04,Syrup USDC,69247746.074776
2025-03-04,High Yield Corporate Loan Maple Pool WETH1,4121190.26871235
2025-03-04,AQRU Maple Pool USDC1,14969917.937438
2025-03-04,High Yield Secured Lending Maple Pool USDC1,68872254.25444499
2025-03-04,Opportunistic High Yield Maple Pool USDC1,6196872.24354727
2025-03-04,Altcoin Lending,27414705.33
2025-03-04,Maple Lend+Long USDC1,3520375.39231617
2025-03-05,High Yield Secured Lending Maple Pool USDC1,68895683.09685001
2025-03-05,Maple Lend+Long USDC1,3520759.79146903
2025-03-05,Syrup USDC,69010968.314809
2025-03-05,Maple Direct USDC1,31008340.597177908
2025-03-05,AQRU Maple Pool USDC1,14977189.4121328
2025-03-05,Syrup USDT,22049606.279971097
2025-03-05,Altcoin Lending,28061284.289999995
2025-03-05,High Yield Corporate Loan Maple Pool WETH1,4205948.27081802
2025-03-05,Opportunistic High Yield Maple Pool USDC1,6198481.61272153
2025-03-06,High Yield Secured Lending Maple Pool USDC1,69075108.04093099
2025-03-06,AQRU Maple Pool USDC1,14984460.8868277
2025-03-06,Maple Lend+Long USDC1,3521144.1906219
2025-03-06,Syrup USDC,71098436.525936
2025-03-06,Altcoin Lending,27654743.180000003
2025-03-06,Syrup USDT,22165823.608288597
2025-03-06,High Yield Corporate Loan Maple Pool WETH1,4170265.34912817
2025-03-06,Opportunistic High Yield Maple Pool USDC1,6200090.9818958
2025-03-06,Maple Direct USDC1,31015826.964132905
2025-03-07,Syrup USDC,76885798.04562199
2025-03-07,Opportunistic High Yield Maple Pool USDC1,6201700.35107007
2025-03-07,High Yield Corporate Loan Maple Pool WETH1,4132400.08547984
2025-03-07,High Yield Secured Lending Maple Pool USDC1,69080447.65215701
2025-03-07,Altcoin Lending,27929307.87
2025-03-07,Maple Lend+Long USDC1,3521528.58977477
2025-03-07,Syrup USDT,22327184.2446661
2025-03-07,Maple Direct USDC1,31066734.428414002
2025-03-07,AQRU Maple Pool USDC1,17151311.4275255
2025-03-08,Syrup USDC,77844574.78088799
2025-03-08,Altcoin Lending,26864331.49
2025-03-08,Syrup USDT,22363244.935112502
2025-03-08,Maple Lend+Long USDC1,3521912.98892763
2025-03-08,AQRU Maple Pool USDC1,17157640.4955983
2025-03-08,Maple Direct USDC1,31117571.76197499
2025-03-08,High Yield Corporate Loan Maple Pool WETH1,4219668.2491515
2025-03-08,High Yield Secured Lending Maple Pool USDC1,69162836.09635201
2025-03-08,Opportunistic High Yield Maple Pool USDC1,6203309.72024434
2025-03-09,Maple Direct USDC1,31125879.879328996
2025-03-09,High Yield Corporate Loan Maple Pool WETH1,3873980.37406066
2025-03-09,Syrup USDT,22974241.264904
2025-03-09,Syrup USDC,79374937.45180999
2025-03-09,Opportunistic High Yield Maple Pool USDC1,6204919.0894186
2025-03-09,High Yield Secured Lending Maple Pool USDC1,69185230.84763798
2025-03-09,Altcoin Lending,24857028.979999997
2025-03-09,AQRU Maple Pool USDC1,17163969.5636711
2025-03-09,Maple Lend+Long USDC1,3522297.3880805
2025-03-10,High Yield Corporate Loan Maple Pool WETH1,3564455.68481432
2025-03-10,Opportunistic High Yield Maple Pool USDC1,6206528.45859287
2025-03-10,Altcoin Lending,23328265.429999996
2025-03-10,AQRU Maple Pool USDC1,17170298.631744
2025-03-10,Maple Lend+Long USDC1,3522681.78723337
2025-03-10,Syrup USDT,23012062.378540095
2025-03-10,Maple Direct USDC1,31051702.27045481
2025-03-10,Syrup USDC,79295647.64567101
2025-03-10,High Yield Secured Lending Maple Pool USDC1,69101483.95620799
2025-03-11,Altcoin Lending,24706442.44
2025-03-11,Maple Lend+Long USDC1,3523066.18638623
2025-03-11,High Yield Secured Lending Maple Pool USDC1,65024139.25386599
2025-03-11,AQRU Maple Pool USDC1,17176627.6998168
2025-03-11,Syrup USDT,23487841.8003788
2025-03-11,High Yield Corporate Loan Maple Pool WETH1,3710731.37783598
2025-03-11,Maple Direct USDC1,31636535.683874503
2025-03-11,Syrup USDC,78297456.381351
2025-03-11,Opportunistic High Yield Maple Pool USDC1,6208137.82776714
2025-03-12,Opportunistic High Yield Maple Pool USDC1,6209747.19694141
2025-03-12,Altcoin Lending,24398226.11
2025-03-12,High Yield Corporate Loan Maple Pool WETH1,3574023.81938914
2025-03-12,Syrup USDT,23985647.1692005
2025-03-12,AQRU Maple Pool USDC1,16646588.5665916
2025-03-12,Syrup USDC,78456041.81625801
2025-03-12,Maple Lend+Long USDC1,3523450.5855391
2025-03-12,Maple Direct USDC1,31944005.734976202
2025-03-12,High Yield Secured Lending Maple Pool USDC1,65749102.01708099
2025-03-13,Maple Lend+Long USDC1,3523834.98469197
2025-03-13,AQRU Maple Pool USDC1,16652917.6346645
2025-03-13,Altcoin Lending,23593808.46
2025-03-13,Maple Direct USDC1,31979843.0685378
2025-03-13,Opportunistic High Yield Maple Pool USDC1,6211628.28622967
2025-03-13,Syrup USDC,80345619.82300702
2025-03-13,High Yield Corporate Loan Maple Pool WETH1,3522820.9808528
2025-03-13,Syrup USDT,25018563.5035102
2025-03-13,High Yield Secured Lending Maple Pool USDC1,68672681.02518398
2025-03-14,High Yield Secured Lending Maple Pool USDC1,69306405.60972801
2025-03-14,Maple Lend+Long USDC1,3524219.38384483
2025-03-14,High Yield Corporate Loan Maple Pool WETH1,3680823.24954846
2025-03-14,Opportunistic High Yield Maple Pool USDC1,6213237.65540394
2025-03-14,Maple Lend + Long USDC2,500032.783078227
2025-03-14,AQRU Maple Pool USDC1,16659246.7027373
2025-03-14,Syrup USDC,79630808.93869999
2025-03-14,Maple Direct USDC1,31952627.991490006
2025-03-14,Altcoin Lending,25748213.11
2025-03-14,Syrup USDT,25292906.4614946
2025-03-15,Maple Lend + Long USDC2,500087.57947165
2025-03-15,Maple Lend+Long USDC1,3524603.7829977
2025-03-15,Maple Direct USDC1,31960541.599984005
2025-03-15,Syrup USDT,25190432.3269934
2025-03-15,Opportunistic High Yield Maple Pool USDC1,6214847.02457821
2025-03-15,High Yield Corporate Loan Maple Pool WETH1,3686295.73801162
2025-03-15,High Yield Secured Lending Maple Pool USDC1,70145152.14893699
2025-03-15,AQRU Maple Pool USDC1,16665575.7708101
2025-03-15,Altcoin Lending,25752313.790000003
2025-03-15,Syrup USDC,79279517.603452
2025-03-16,AQRU Maple Pool USDC1,16572826.100353
2025-03-16,Syrup USDT,25092476.991247203
2025-03-16,High Yield Secured Lending Maple Pool USDC1,70177456.488731
2025-03-16,Maple Lend+Long USDC1,3524988.18215057
2025-03-16,High Yield Corporate Loan Maple Pool WETH1,3583887.47678378
2025-03-16,Syrup USDC,78259698.89702798
2025-03-16,Altcoin Lending,24663928.859999996
2025-03-16,Maple Lend + Long USDC2,500142.375865072
2025-03-16,Opportunistic High Yield Maple Pool USDC1,6216456.39375248
2025-03-16,Maple Direct USDC1,31966463.462284997
2025-03-17,Opportunistic High Yield Maple Pool USDC1,6218065.76292674
2025-03-17,High Yield Secured Lending Maple Pool USDC1,70195051.937184
2025-03-17,AQRU Maple Pool USDC1,16260613.4554016
2025-03-17,Syrup USDT,25063570.60681
2025-03-17,Maple Lend+Long USDC1,3525372.58130343
2025-03-17,Altcoin Lending,25327233.639999997
2025-03-17,Syrup USDC,76677372.49220198
2025-03-17,Maple Direct USDC1,31977836.864585996
2025-03-17,High Yield Corporate Loan Maple Pool WETH1,3696210.42474294
2025-03-17,Maple Lend + Long USDC2,500197.172258494
2025-03-18,Maple Lend+Long USDC1,3525756.9804563
2025-03-18,Maple Lend + Long USDC2,500251.968651916
2025-03-18,High Yield Corporate Loan Maple Pool WETH1,3625984.6826971
2025-03-18,AQRU Maple Pool USDC1,15612063.2156075
2025-03-18,Opportunistic High Yield Maple Pool USDC1,6219675.13210101
2025-03-18,Maple Direct USDC1,31985590.68209599
2025-03-18,Syrup USDC,76868167.04020101
2025-03-18,Syrup USDT,24955778.2605869
2025-03-18,High Yield Secured Lending Maple Pool USDC1,70336628.487079
2025-03-18,Altcoin Lending,24280707.31
2025-03-19,Maple Direct USDC1,31804371.806182995
2025-03-19,Syrup USDC,75716316.1296803
2025-03-19,Syrup USDT,24239910.5150636
2025-03-19,Maple Lend + Long USDC2,500306.765045338
2025-03-19,Opportunistic High Yield Maple Pool USDC1,6221284.50127528
2025-03-19,High Yield Corporate Loan Maple Pool WETH1,3865398.60934676
2025-03-19,High Yield Secured Lending Maple Pool USDC1,70457918.22818401
2025-03-19,AQRU Maple Pool USDC1,15539473.7095184
2025-03-19,Maple Lend+Long USDC1,3526141.37960917
2025-03-19,Altcoin Lending,25690957.59
2025-03-20,Maple Lend+Long USDC1,3526525.77876203
2025-03-20,Opportunistic High Yield Maple Pool USDC1,6222893.8704494
2025-03-20,Syrup USDT,23845263.713201605
2025-03-20,Maple Lend + Long USDC2,500361.561438761
2025-03-20,High Yield Corporate Loan Maple Pool WETH1,3756593.18263542
2025-03-20,AQRU Maple Pool USDC1,15421676.1993184
2025-03-20,Maple Direct USDC1,33798266.51058
2025-03-20,High Yield Secured Lending Maple Pool USDC1,70472063.93997401
2025-03-20,Altcoin Lending,24945479.029999997
2025-03-20,Syrup USDC,75175965.9708022
2025-03-21,Maple Lend+Long USDC1,3526910.1779149
2025-03-21,High Yield Corporate Loan Maple Pool WETH1,3759808.39894408
2025-03-21,Maple Lend + Long USDC2,500416.357832183
2025-03-21,Opportunistic High Yield Maple Pool USDC1,6224503.23962367
2025-03-21,High Yield Secured Lending Maple Pool USDC1,70515062.130499
2025-03-21,Syrup USDC,76144244.17938802
2025-03-21,AQRU Maple Pool USDC1,15427986.5064323
2025-03-21,Altcoin Lending,24882439.41
2025-03-21,Maple Direct USDC1,33554171.275353998
2025-03-21,Syrup USDT,23483309.4655286
2025-03-22,Maple Lend+Long USDC1,3527294.57706777
2025-03-22,High Yield Secured Lending Maple Pool USDC1,70534907.06281102
2025-03-22,High Yield Corporate Loan Maple Pool WETH1,3799139.96972474
2025-03-22,Syrup USDT,23593833.283239603
2025-03-22,Maple Lend + Long USDC2,500471.154225605
2025-03-22,Altcoin Lending,25203802.279999997
2025-03-22,Syrup USDC,76217283.05615199
2025-03-22,Maple Direct USDC1,33560681.93087599
2025-03-22,Opportunistic High Yield Maple Pool USDC1,6226112.60879793
2025-03-22,AQRU Maple Pool USDC1,15257185.2960272
2025-03-23,Syrup USDC,76293762.37377101
2025-03-23,Maple Lend + Long USDC2,500525.950619027
2025-03-23,AQRU Maple Pool USDC1,14628056.2270702
2025-03-23,Altcoin Lending,25249466.369999997
2025-03-23,Syrup USDT,23543447.125840697
2025-03-23,High Yield Secured Lending Maple Pool USDC1,70554057.47186098
2025-03-23,Opportunistic High Yield Maple Pool USDC1,6227721.9779722
2025-03-23,Maple Direct USDC1,33566586.73810899
2025-03-23,High Yield Corporate Loan Maple Pool WETH1,3801868.1397594
2025-03-23,Maple Lend+Long USDC1,3527678.97622063
2025-03-24,High Yield Secured Lending Maple Pool USDC1,71118230.925479
2025-03-24,High Yield Corporate Loan Maple Pool WETH1,3977366.60922106
2025-03-24,AQRU Maple Pool USDC1,14634366.5341841
2025-03-24,Syrup USDT,23105843.475398697
2025-03-24,Maple Lend+Long USDC1,3528063.3753735
2025-03-24,Opportunistic High Yield Maple Pool USDC1,6232059.11557047
2025-03-24,Syrup USDC,78227954.82615398
2025-03-24,Maple Direct USDC1,33622517.98256901
2025-03-24,Maple Lend + Long USDC2,500580.74701245
2025-03-24,Altcoin Lending,27081615.159999996
2025-03-25,Syrup USDT,23829846.630844995
2025-03-25,Altcoin Lending,22964903.099999998
2025-03-25,AQRU Maple Pool USDC1,14640676.841298
2025-03-25,High Yield Secured Lending Maple Pool USDC1,70526298.529446
2025-03-25,High Yield Corporate Loan Maple Pool WETH1,3952136.44987322
2025-03-25,Maple Lend + Long USDC2,500635.543405872
2025-03-25,Maple Lend+Long USDC1,3528447.77452637
2025-03-25,Maple Direct USDC1,33627875.965675
2025-03-25,Opportunistic High Yield Maple Pool USDC1,6233668.48474474
2025-03-25,Syrup USDC,98402963.259783
2025-03-26,Altcoin Lending,22242838.999999996
2025-03-26,High Yield Corporate Loan Maple Pool WETH1,3809715.46398138
2025-03-26,Syrup USDT,24501968.2978369
2025-03-26,Maple Lend+Long USDC1,3528832.17367923
2025-03-26,Maple Lend + Long USDC2,500690.339799294
2025-03-26,Maple Direct USDC1,34933423.45058301
2025-03-26,High Yield Secured Lending Maple Pool USDC1,70794119.62289101
2025-03-26,Syrup USDC,103626490.90942502
2025-03-26,Opportunistic High Yield Maple Pool USDC1,6235277.853919
2025-03-26,AQRU Maple Pool USDC1,14646987.148412
2025-03-27,Maple Direct USDC1,34939565.46940501
2025-03-27,Altcoin Lending,22317179.5
2025-03-27,AQRU Maple Pool USDC1,14653297.4555259
2025-03-27,High Yield Secured Lending Maple Pool USDC1,71885882.811147
2025-03-27,High Yield Corporate Loan Maple Pool WETH1,3817604.45126554
2025-03-27,Syrup USDC,104019881.571827
2025-03-27,Maple Lend + Long USDC2,500745.136192716
2025-03-27,Syrup USDT,23093546.1040428
2025-03-27,Opportunistic High Yield Maple Pool USDC1,6236887.22309327
2025-03-27,Maple Lend+Long USDC1,3529216.5728321
2025-03-28,Altcoin Lending,20850916
2025-03-28,High Yield Secured Lending Maple Pool USDC1,71910539.78583899
2025-03-28,Opportunistic High Yield Maple Pool USDC1,6238496.59226754
2025-03-28,High Yield Corporate Loan Maple Pool WETH1,3572472.8992067
2025-03-28,Syrup USDC,113280842.15209302
2025-03-28,Syrup USDT,24399124.363610703
2025-03-28,AQRU Maple Pool USDC1,14659607.7626398
2025-03-28,Maple Direct USDC1,34946619.563907
2025-03-28,Maple Lend+Long USDC1,3529600.97198497
2025-03-28,Maple Lend + Long USDC2,500799.932586138
2025-03-29,Opportunistic High Yield Maple Pool USDC1,6250105.96144181
2025-03-29,Altcoin Lending,20217834.9
2025-03-29,Syrup USDC,112131675.63172501
2025-03-29,AQRU Maple Pool USDC1,14665918.0697538
2025-03-29,Maple Lend+Long USDC1,3529985.37113783
2025-03-29,Syrup USDT,24635622.9787496
2025-03-29,Maple Direct USDC1,34948798.838772
2025-03-29,Maple Lend + Long USDC2,500854.728979561
2025-03-29,High Yield Corporate Loan Maple Pool WETH1,3485771.88031536
2025-03-29,High Yield Secured Lending Maple Pool USDC1,71948749.800892
2025-03-30,Maple Direct USDC1,34954475.982309
2025-03-30,Maple Lend+Long USDC1,3530369.7702907
2025-03-30,Opportunistic High Yield Maple Pool USDC1,6251715.33061607
2025-03-30,High Yield Corporate Loan Maple Pool WETH1,3463295.40567052
2025-03-30,Syrup USDT,26904658.8351415
2025-03-30,Altcoin Lending,20248274.4
2025-03-30,AQRU Maple Pool USDC1,14672228.3768677
2025-03-30,Syrup USDC,113252918.72960597
2025-03-30,Maple Lend + Long USDC2,500909.525372983
2025-03-30,High Yield Secured Lending Maple Pool USDC1,71962117.58130601
2025-03-31,Syrup USDC,116014203.74397099
2025-03-31,High Yield Corporate Loan Maple Pool WETH1,3487875.09411368
2025-03-31,High Yield Secured Lending Maple Pool USDC1,71384605.960877
2025-03-31,Opportunistic High Yield Maple Pool USDC1,6253328.79244062
2025-03-31,AQRU Maple Pool USDC1,14678538.6839816
2025-03-31,Maple Lend + Long USDC2,500964.321766405
2025-03-31,Maple Lend+Long USDC1,3530754.16944357
2025-03-31,Maple Direct USDC1,33960611.669598
2025-03-31,Syrup USDT,25718480.346075498
2025-03-31,Altcoin Lending,20194017.9
2025-04-01,Syrup USDT,25391607.9890661
2025-04-01,High Yield Secured Lending Maple Pool USDC1,71606769.396364
2025-04-01,Maple Lend + Long USDC2,501019.118159827
2025-04-01,Opportunistic High Yield Maple Pool USDC1,6254951.15415053
2025-04-01,Maple Direct USDC1,33967619.537063
2025-04-01,Syrup USDC,116479879.94551799
2025-04-01,Altcoin Lending,10318103.07
2025-04-01,High Yield Corporate Loan Maple Pool WETH1,3644772.14241834
2025-04-01,AQRU Maple Pool USDC1,14684848.9910956
2025-04-01,Maple Lend+Long USDC1,3531138.56859643
2025-04-02,Opportunistic High Yield Maple Pool USDC1,6256573.51586045
2025-04-02,Maple Lend+Long USDC1,3531522.9677493
2025-04-02,AQRU Maple Pool USDC1,14691159.2982095
2025-04-02,Maple Lend + Long USDC2,501073.91455325
2025-04-02,Altcoin Lending,
2025-04-02,Maple Direct USDC1,34023675.726105005
2025-04-02,High Yield Secured Lending Maple Pool USDC1,73475652.638298
2025-04-02,Syrup USDT,25046706.632385895
2025-04-02,Syrup USDC,114843021.09687102
2025-04-02,High Yield Corporate Loan Maple Pool WETH1,3646807.20814
2025-04-03,Altcoin Lending,
2025-04-03,High Yield Corporate Loan Maple Pool WETH1,3412615.46469716
2025-04-03,Syrup USDT,26399864.682037406
2025-04-03,Syrup USDC,115322783.768152
2025-04-03,Opportunistic High Yield Maple Pool USDC1,6773991.39488483
2025-04-03,AQRU Maple Pool USDC1,14696533.8546424
2025-04-03,Maple Lend + Long USDC2,501128.710946672
2025-04-03,Maple Direct USDC1,34014731.912551
2025-04-03,High Yield Secured Lending Maple Pool USDC1,73247841.160599
2025-04-03,Maple Lend+Long USDC1,3531907.36690217
2025-04-04,AQRU Maple Pool USDC1,14702745.4673598
2025-04-04,Maple Lend + Long USDC2,501183.507340094
2025-04-04,Syrup USDC,116723886.15610498
2025-04-04,High Yield Secured Lending Maple Pool USDC1,71120032.21792802
2025-04-04,High Yield Corporate Loan Maple Pool WETH1,3459233.99703882
2025-04-04,Syrup USDT,26421763.94749491
2025-04-04,Maple Lend+Long USDC1,3532291.76605503
2025-04-04,Maple Direct USDC1,33069786.83958599
2025-04-04,Altcoin Lending,
2025-04-04,Opportunistic High Yield Maple Pool USDC1,6775646.22068198
2025-04-05,Maple Lend + Long USDC2,501238.303733516
2025-04-05,Opportunistic High Yield Maple Pool USDC1,6777301.04647912
2025-04-05,High Yield Secured Lending Maple Pool USDC1,79312795.72107601
2025-04-05,Syrup USDT,26467679.005785495
2025-04-05,Maple Lend+Long USDC1,3532676.1652079
2025-04-05,Maple Direct USDC1,33075756.02246301
2025-04-05,High Yield Corporate Loan Maple Pool WETH1,3405698.95615198
2025-04-05,AQRU Maple Pool USDC1,14708824.5347477
2025-04-05,Syrup USDC,117672807.95338997
2025-04-05,Altcoin Lending,
2025-04-06,High Yield Corporate Loan Maple Pool WETH1,3115290.83316014
2025-04-06,Opportunistic High Yield Maple Pool USDC1,6778955.87227627
2025-04-06,Maple Lend + Long USDC2,501293.100126938
2025-04-06,Maple Lend+Long USDC1,3533060.56436077
2025-04-06,Altcoin Lending,
2025-04-06,Maple Direct USDC1,33081725.205339
2025-04-06,AQRU Maple Pool USDC1,14714903.6021356
2025-04-06,Syrup USDT,26551059.580485404
2025-04-06,Syrup USDC,112387044.55138698
2025-04-06,High Yield Secured Lending Maple Pool USDC1,79330817.99960002
2025-04-07,High Yield Secured Lending Maple Pool USDC1,79060555.550066
2025-04-07,Opportunistic High Yield Maple Pool USDC1,6780610.69807342
2025-04-07,Maple Lend + Long USDC2,501347.896520361
2025-04-07,High Yield Corporate Loan Maple Pool WETH1,2968121.1460968
2025-04-07,Altcoin Lending,
2025-04-07,Syrup USDC,127487023.80836302
2025-04-07,Maple Direct USDC1,33023694.475393698
2025-04-07,Syrup USDT,20500872.126947798
2025-04-07,Maple Lend+Long USDC1,3533444.96351363
2025-04-07,AQRU Maple Pool USDC1,14720982.6695235
2025-04-08,Altcoin Lending,
2025-04-08,Maple Lend+Long USDC1,3533829.3626665
2025-04-08,High Yield Secured Lending Maple Pool USDC1,79142225.439771
2025-04-08,Syrup USDT,20367478.408472106
2025-04-08,Maple Direct USDC1,33071372.7258047
2025-04-08,AQRU Maple Pool USDC1,14727061.7369114
2025-04-08,Maple Lend + Long USDC2,501402.692913783
2025-04-08,Syrup USDC,135564740.786191
2025-04-08,Opportunistic High Yield Maple Pool USDC1,6782265.52387056
2025-04-09,High Yield Secured Lending Maple Pool USDC1,79195593.006455
2025-04-09,High Yield Corporate Loan Maple Pool WETH1,3138172.46859059
2025-04-09,Opportunistic High Yield Maple Pool USDC1,6792950.32534702
2025-04-09,Syrup USDC,135866539.706729
2025-04-09,Maple Direct USDC1,33076766.566216007
2025-04-09,AQRU Maple Pool USDC1,14732742.4277913
2025-04-09,Maple Lend+Long USDC1,3534213.76181937
2025-04-09,Maple Lend + Long USDC2,501457.489307205
2025-04-09,Syrup USDT,20799629.013448402
2025-04-09,Altcoin Lending,
2025-04-10,Maple Lend + Long USDC2,501512.285700627
2025-04-10,Maple Lend+Long USDC1,3534598.16097223
2025-04-10,Syrup USDT,21337962.518926598
2025-04-10,Syrup USDC,148837443.41413897
2025-04-10,Altcoin Lending,
2025-04-10,High Yield Secured Lending Maple Pool USDC1,79214693.760367
2025-04-10,AQRU Maple Pool USDC1,14738821.4951792
2025-04-10,Opportunistic High Yield Maple Pool USDC1,6794939.36957714
2025-04-10,High Yield Corporate Loan Maple Pool WETH1,2897035.16021329
2025-04-10,Maple Direct USDC1,33082160.40662671
2025-04-11,AQRU Maple Pool USDC1,14744860.389393
2025-04-11,High Yield Corporate Loan Maple Pool WETH1,2996057.94683598
2025-04-11,Syrup USDC,161603964.01945403
2025-04-11,Maple Lend + Long USDC2,501567.08209405
2025-04-11,Maple Direct USDC1,33087554.247038007
2025-04-11,Altcoin Lending,
2025-04-11,Syrup USDT,21528393.302190907
2025-04-11,Opportunistic High Yield Maple Pool USDC1,6796928.41380726
2025-04-11,High Yield Secured Lending Maple Pool USDC1,79231763.06923601
2025-04-11,Maple Lend+Long USDC1,3534982.5601251
2025-04-12,Syrup USDT,21656013.228688106
2025-04-12,High Yield Secured Lending Maple Pool USDC1,79250262.312175
2025-04-12,Maple Lend+Long USDC1,3535366.90588919
2025-04-12,Maple Lend + Long USDC2,501621.870876862
2025-04-12,High Yield Corporate Loan Maple Pool WETH1,3145239.53152859
2025-04-12,Syrup USDC,166579959.15507698
2025-04-12,Altcoin Lending,
2025-04-12,Maple Direct USDC1,33117947.338303998
2025-04-12,AQRU Maple Pool USDC1,14750818.2100128
2025-04-12,Opportunistic High Yield Maple Pool USDC1,6798917.18178124
2025-04-13,Opportunistic High Yield Maple Pool USDC1,6800906.5022675
2025-04-13,High Yield Secured Lending Maple Pool USDC1,79269353.91929999
2025-04-13,Maple Lend + Long USDC2,501676.674880894
2025-04-13,Altcoin Lending,
2025-04-13,Maple Lend+Long USDC1,3535751.35843083
2025-04-13,Syrup USDT,21886985.186427392
2025-04-13,AQRU Maple Pool USDC1,14756777.6858126
2025-04-13,High Yield Corporate Loan Maple Pool WETH1,3045128.64508137
2025-04-13,Syrup USDC,166578930.143629
2025-04-13,Maple Direct USDC1,33123341.927860007
2025-04-14,High Yield Corporate Loan Maple Pool WETH1,3133084.72670406
2025-04-14,Altcoin Lending,
2025-04-14,High Yield Secured Lending Maple Pool USDC1,79286440.899207
2025-04-14,Syrup USDT,21891339.7754967
2025-04-14,Maple Lend+Long USDC1,3536135.7575837
2025-04-14,AQRU Maple Pool USDC1,14762736.3340224
2025-04-14,Syrup USDC,167707787.51653
2025-04-14,Maple Direct USDC1,33128735.768271
2025-04-14,Maple Lend + Long USDC2,501731.471274316
2025-04-14,Opportunistic High Yield Maple Pool USDC1,6802895.54649762
2025-04-15,AQRU Maple Pool USDC1,14768694.9822323
2025-04-15,High Yield Secured Lending Maple Pool USDC1,79288998.58182803
2025-04-15,Altcoin Lending,
2025-04-15,Syrup USDC,190655189.13068402
2025-04-15,Opportunistic High Yield Maple Pool USDC1,6804884.59072774
2025-04-15,Syrup USDT,20319084.676177002
2025-04-15,Maple Lend + Long USDC2,501786.267667738
2025-04-15,Maple Direct USDC1,33077553.339550987
2025-04-15,Maple Lend+Long USDC1,3536520.15673657
2025-04-15,High Yield Corporate Loan Maple Pool WETH1,3078713.60832676
2025-04-16,Maple Lend+Long USDC1,3536904.55588943
2025-04-16,Maple Lend + Long USDC2,501841.064061161
2025-04-16,High Yield Secured Lending Maple Pool USDC1,79393057.264393
2025-04-16,Maple Direct USDC1,33082947.17996201
2025-04-16,Opportunistic High Yield Maple Pool USDC1,6806873.63495786
2025-04-16,Syrup USDT,21319839.5341582
2025-04-16,AQRU Maple Pool USDC1,14748637.5109531
2025-04-16,Altcoin Lending,
2025-04-16,Syrup USDC,197469850.06564802
2025-04-16,High Yield Corporate Loan Maple Pool WETH1,3043061.19494945
2025-04-17,Syrup USDT,21328052.983385496
2025-04-17,Maple Lend + Long USDC2,501895.860454583
2025-04-17,Maple Direct USDC1,33088341.020373
2025-04-17,Opportunistic High Yield Maple Pool USDC1,6808862.67918797
2025-04-17,Maple Lend+Long USDC1,3537288.9550423
2025-04-17,Altcoin Lending,
2025-04-17,AQRU Maple Pool USDC1,14198818.9165922
2025-04-17,Syrup USDC,199368767.96705896
2025-04-17,High Yield Corporate Loan Maple Pool WETH1,3032660.38157214
2025-04-17,High Yield Secured Lending Maple Pool USDC1,79826181.175641
2025-04-18,Opportunistic High Yield Maple Pool USDC1,6821982.92985064
2025-04-18,High Yield Corporate Loan Maple Pool WETH1,3053843.19819484
2025-04-18,Maple Lend+Long USDC1,3537673.35419517
2025-04-18,Syrup USDC,209044389.78439802
2025-04-18,High Yield Secured Lending Maple Pool USDC1,79841374.60411099
2025-04-18,Altcoin Lending,
2025-04-18,Maple Lend + Long USDC2,501950.656848005
2025-04-18,AQRU Maple Pool USDC1,14083127.7233025
2025-04-18,Syrup USDT,21375506.672540806
2025-04-18,Maple Direct USDC1,33093734.860783994
2025-04-19,Syrup USDT,21380361.261609994
2025-04-19,Opportunistic High Yield Maple Pool USDC1,6823971.97408076
2025-04-19,Maple Direct USDC1,33099128.701194987
2025-04-19,AQRU Maple Pool USDC1,14089020.9263069
2025-04-19,Maple Lend+Long USDC1,3538057.75334803
2025-04-19,High Yield Secured Lending Maple Pool USDC1,81964207.066753
2025-04-19,Syrup USDC,209304062.08671904
2025-04-19,Altcoin Lending,
2025-04-19,High Yield Corporate Loan Maple Pool WETH1,3095877.71481753
2025-04-19,Maple Lend + Long USDC2,502005.453241427
2025-04-20,High Yield Corporate Loan Maple Pool WETH1,3041123.99644023
2025-04-20,Syrup USDC,209905368.69302803
2025-04-20,Maple Lend+Long USDC1,3538442.1525009
2025-04-20,AQRU Maple Pool USDC1,13844465.7982552
2025-04-20,Maple Lend + Long USDC2,502060.24963485
2025-04-20,Syrup USDT,21387932.306670308
2025-04-20,Maple Direct USDC1,33104522.541605994
2025-04-20,Altcoin Lending,
2025-04-20,High Yield Secured Lending Maple Pool USDC1,82010752.196527
2025-04-20,Opportunistic High Yield Maple Pool USDC1,6832761.01831088
2025-04-21,Maple Lend + Long USDC2,502115.038417662
2025-04-21,Altcoin Lending,
2025-04-21,Opportunistic High Yield Maple Pool USDC1,6834749.78628485
2025-04-21,Maple Lend+Long USDC1,3538826.49826499
2025-04-21,Syrup USDT,20979999.465148494
2025-04-21,High Yield Secured Lending Maple Pool USDC1,79711858.828592
2025-04-21,Maple Direct USDC1,33113902.148233995
2025-04-21,AQRU Maple Pool USDC1,13805160.2160151
2025-04-21,High Yield Corporate Loan Maple Pool WETH1,3020383.35613284
2025-04-21,Syrup USDC,223823061.03785402
2025-04-22,Maple Lend + Long USDC2,502169.842421694
2025-04-22,High Yield Corporate Loan Maple Pool WETH1,3261867.31468562
2025-04-22,Maple Direct USDC1,33119296.737790003
2025-04-22,Opportunistic High Yield Maple Pool USDC1,6836739.10677112
2025-04-22,High Yield Secured Lending Maple Pool USDC1,80233957.092973
2025-04-22,Syrup USDC,229750946.36458093
2025-04-22,Maple Lend+Long USDC1,3539210.95080663
2025-04-22,Syrup USDT,22821153.556626804
2025-04-22,Altcoin Lending,
2025-04-22,AQRU Maple Pool USDC1,13583393.7014349
2025-04-23,Syrup USDC,229578738.084741
2025-04-23,Maple Lend + Long USDC2,502224.638815116
2025-04-23,High Yield Corporate Loan Maple Pool WETH1,3426381.65630831
2025-04-23,Syrup USDT,22513784.452054106
2025-04-23,AQRU Maple Pool USDC1,13589286.9044392
2025-04-23,Opportunistic High Yield Maple Pool USDC1,6838728.15100124
2025-04-23,High Yield Secured Lending Maple Pool USDC1,82250250.655483
2025-04-23,Maple Direct USDC1,33374712.258201003
2025-04-23,Maple Lend+Long USDC1,3539595.3499595
2025-04-23,Altcoin Lending,
2025-04-24,High Yield Corporate Loan Maple Pool WETH1,3383440.712931
2025-04-24,Syrup USDC,236310880.97487104
2025-04-24,Opportunistic High Yield Maple Pool USDC1,6840717.19523135
2025-04-24,AQRU Maple Pool USDC1,13595180.1074435
2025-04-24,Maple Lend+Long USDC1,3539979.74911237
2025-04-24,Syrup USDT,24069685.9700443
2025-04-24,Maple Lend + Long USDC2,502279.435208538
2025-04-24,Altcoin Lending,
2025-04-24,Maple Direct USDC1,36060557.44408299
2025-04-24,High Yield Secured Lending Maple Pool USDC1,87582697.797607
2025-04-25,Opportunistic High Yield Maple Pool USDC1,6969210.64946147
2025-04-25,Syrup USDT,24154276.389255606
2025-04-25,Altcoin Lending,
2025-04-25,Maple Lend + Long USDC2,502334.231601961
2025-04-25,Maple Direct USDC1,36966197.083581
2025-04-25,High Yield Corporate Loan Maple Pool WETH1,3460664.8645537
2025-04-25,AQRU Maple Pool USDC1,13601073.3104479
2025-04-25,High Yield Secured Lending Maple Pool USDC1,84110060.406124
2025-04-25,Syrup USDC,240703528.50092506
2025-04-26,High Yield Corporate Loan Maple Pool WETH1,3479341.65117639
2025-04-26,AQRU Maple Pool USDC1,13606966.5134522
2025-04-26,High Yield Secured Lending Maple Pool USDC1,84132018.660411
2025-04-26,Maple Direct USDC1,37462455.75815199
2025-04-26,Syrup USDT,24160668.158187896
2025-04-26,Altcoin Lending,
2025-04-26,Maple Lend + Long USDC2,502389.027995383
2025-04-26,Syrup USDC,241928064.28468102
2025-04-26,Opportunistic High Yield Maple Pool USDC1,6971199.69369159
2025-04-27,Maple Lend + Long USDC2,502443.824388805
2025-04-27,High Yield Secured Lending Maple Pool USDC1,84145560.00253502
2025-04-27,Altcoin Lending,
2025-04-27,Syrup USDC,248470822.79296
2025-04-27,Syrup USDT,24180333.71766811
2025-04-27,High Yield Corporate Loan Maple Pool WETH1,3469935.59779909
2025-04-27,Maple Direct USDC1,37468731.322207004
2025-04-27,Opportunistic High Yield Maple Pool USDC1,6973188.73792171
2025-04-27,AQRU Maple Pool USDC1,13612859.7164565
2025-04-28,Opportunistic High Yield Maple Pool USDC1,6975177.78215183
2025-04-28,Altcoin Lending,
2025-04-28,AQRU Maple Pool USDC1,13618752.9194609
2025-04-28,Syrup USDC,249483487.51620203
2025-04-28,High Yield Corporate Loan Maple Pool WETH1,3450256.73442178
2025-04-28,Maple Lend + Long USDC2,502498.620782227
2025-04-28,Syrup USDT,26415594.7860504
2025-04-28,High Yield Secured Lending Maple Pool USDC1,84160713.098129
2025-04-28,Maple Direct USDC1,37475146.340005994
2025-04-29,Syrup USDT,26462525.55299531
2025-04-29,Syrup USDC,248581781.41667604
2025-04-29,AQRU Maple Pool USDC1,13624646.1224652
2025-04-29,Altcoin Lending,
2025-04-29,Maple Direct USDC1,37522029.17803301
2025-04-29,Opportunistic High Yield Maple Pool USDC1,6977166.82638195
2025-04-29,High Yield Secured Lending Maple Pool USDC1,84252231.045852
2025-04-29,High Yield Corporate Loan Maple Pool WETH1,3496270.29104447
2025-04-29,Maple Lend + Long USDC2,502553.41717565
2025-04-30,Maple Lend + Long USDC2,502608.213569072
2025-04-30,Syrup USDT,24026291.205574296
2025-04-30,Opportunistic High Yield Maple Pool USDC1,6979155.87061207
2025-04-30,High Yield Secured Lending Maple Pool USDC1,84266661.58899802
2025-04-30,Syrup USDC,246386430.969481
2025-04-30,AQRU Maple Pool USDC1,13630539.3254695
2025-04-30,Altcoin Lending,
2025-04-30,High Yield Corporate Loan Maple Pool WETH1,3428900.33766717
2025-04-30,Maple Direct USDC1,37527758.982839
2025-05-01,AQRU Maple Pool USDC1,13636432.5284739
2025-05-01,High Yield Secured Lending Maple Pool USDC1,84310881.719697
2025-05-01,Altcoin Lending,
2025-05-01,Maple Lend + Long USDC2,502663.009962494
2025-05-01,Syrup USDT,23775623.9216332
2025-05-01,Opportunistic High Yield Maple Pool USDC1,6981144.91484219
2025-05-01,Syrup USDC,251048919.92104095
2025-05-01,Maple Direct USDC1,37534641.820867
2025-05-01,High Yield Corporate Loan Maple Pool WETH1,3537363.77928986
2025-05-02,High Yield Secured Lending Maple Pool USDC1,84390671.105784
2025-05-02,Syrup USDC,256195862.19148898
2025-05-02,AQRU Maple Pool USDC1,13642325.7314782
2025-05-02,Syrup USDT,26382590.18590621
2025-05-02,Opportunistic High Yield Maple Pool USDC1,6983133.95907231
2025-05-02,Altcoin Lending,
2025-05-02,High Yield Corporate Loan Maple Pool WETH1,3531582.86091256
2025-05-02,Maple Direct USDC1,37541524.658894
2025-05-02,Maple Lend + Long USDC2,502717.806355916
2025-05-03,AQRU Maple Pool USDC1,13648218.9344826
2025-05-03,Syrup USDT,26384305.4878911
2025-05-03,Maple Direct USDC1,37548407.496921
2025-05-03,Maple Lend + Long USDC2,502772.602749338
2025-05-03,Opportunistic High Yield Maple Pool USDC1,6985123.00330243
2025-05-03,High Yield Secured Lending Maple Pool USDC1,84460178.16790801
2025-05-03,Syrup USDC,256263049.815148
2025-05-03,High Yield Corporate Loan Maple Pool WETH1,3531244.42753525
2025-05-03,Altcoin Lending,
2025-05-04,Maple Direct USDC1,37555290.334949
2025-05-04,Syrup USDT,26592633.340402097
2025-05-04,Opportunistic High Yield Maple Pool USDC1,6987112.04753255
2025-05-04,High Yield Secured Lending Maple Pool USDC1,84478404.01113498
2025-05-04,Syrup USDC,257639539.55454695
2025-05-04,AQRU Maple Pool USDC1,13654112.1374869
2025-05-04,Maple Lend + Long USDC2,502827.399142761
2025-05-04,Altcoin Lending,
2025-05-04,High Yield Corporate Loan Maple Pool WETH1,3511709.03915795
2025-05-05,High Yield Corporate Loan Maple Pool WETH1,3487315.05652421
2025-05-05,AQRU Maple Pool USDC1,13660005.3404912
2025-05-05,Maple Direct USDC1,37162159.24656999
2025-05-05,Maple Lend + Long USDC2,502882.195536183
2025-05-05,Syrup USDC,266440633.36556602
2025-05-05,High Yield Secured Lending Maple Pool USDC1,84500263.45791602
2025-05-05,Syrup USDT,26597719.531984992
2025-05-05,Altcoin Lending,
2025-05-05,Opportunistic High Yield Maple Pool USDC1,6989101.09176267
2025-05-06,Maple Lend + Long USDC2,502936.991929605
2025-05-06,Syrup USDT,28758645.557582
2025-05-06,Altcoin Lending,
2025-05-06,Opportunistic High Yield Maple Pool USDC1,6991090.13599279
2025-05-06,High Yield Corporate Loan Maple Pool WETH1,3477306.4081469
2025-05-06,Maple Direct USDC1,38659007.64249699
2025-05-06,AQRU Maple Pool USDC1,13665898.5434955
2025-05-06,High Yield Secured Lending Maple Pool USDC1,86057670.06529799
2025-05-06,Syrup USDC,260336323.40164006
2025-05-07,Maple Lend + Long USDC2,502991.788323027
2025-05-07,Syrup USDT,28719276.450615995
2025-05-07,High Yield Secured Lending Maple Pool USDC1,86279677.07592002
2025-05-07,Opportunistic High Yield Maple Pool USDC1,6993079.18022291
2025-05-07,Altcoin Lending,
2025-05-07,Syrup USDC,264736935.90342396
2025-05-07,Maple Direct USDC1,38665918.589625
2025-05-07,AQRU Maple Pool USDC1,13671791.7464999
2025-05-07,High Yield Corporate Loan Maple Pool WETH1,3489383.34476959
2025-05-08,Opportunistic High Yield Maple Pool USDC1,6995068.22445303
2025-05-08,Syrup USDT,27861969.044616096
2025-05-08,High Yield Corporate Loan Maple Pool WETH1,4168692.7353965
2025-05-08,Syrup USDC,296621819.396856
2025-05-08,AQRU Maple Pool USDC1,13677684.9495042
2025-05-08,High Yield Secured Lending Maple Pool USDC1,86097620.77328697
2025-05-08,Maple Lend + Long USDC2,503046.58471645
2025-05-08,Altcoin Lending,
2025-05-08,Maple Direct USDC1,38672917.13887699
2025-05-09,Syrup USDT,27905686.488011405
2025-05-09,Opportunistic High Yield Maple Pool USDC1,6997057.26868501
2025-05-09,Syrup USDC,302299066.24691594
2025-05-09,Maple Lend + Long USDC2,503101.381109872
2025-05-09,AQRU Maple Pool USDC1,13683466.9247457
2025-05-09,High Yield Secured Lending Maple Pool USDC1,86136169.71137303
2025-05-09,High Yield Corporate Loan Maple Pool WETH1,4468035.31701919
2025-05-09,Altcoin Lending,
2025-05-09,Maple Direct USDC1,38679915.68812899
2025-05-10,Altcoin Lending,
2025-05-10,Syrup USDC,304124839.99983096
2025-05-10,Opportunistic High Yield Maple Pool USDC1,7001046.31291513
2025-05-10,Syrup USDT,27939028.150959805
2025-05-10,High Yield Corporate Loan Maple Pool WETH1,4933588.90364189
2025-05-10,High Yield Secured Lending Maple Pool USDC1,86166798.76986396
2025-05-10,Maple Lend + Long USDC2,503156.177503294
2025-05-10,Maple Direct USDC1,38686914.237381
2025-05-10,AQRU Maple Pool USDC1,13689109.8652843
2025-05-11,Syrup USDT,28833156.3816251
2025-05-11,Maple Lend + Long USDC2,503210.973896716
2025-05-11,Maple Direct USDC1,38693912.786632985
2025-05-11,High Yield Secured Lending Maple Pool USDC1,86183592.8897
2025-05-11,High Yield Corporate Loan Maple Pool WETH1,4791296.30526458
2025-05-11,AQRU Maple Pool USDC1,13694752.8058229
2025-05-11,Opportunistic High Yield Maple Pool USDC1,7003035.35714525
2025-05-11,Syrup USDC,306121245.900366
2025-05-11,Altcoin Lending,
2025-05-12,Syrup USDC,310023035.799702
2025-05-12,High Yield Corporate Loan Maple Pool WETH1,4757805.58188727
2025-05-12,Opportunistic High Yield Maple Pool USDC1,7005024.40137537
2025-05-12,Altcoin Lending,
2025-05-12,High Yield Secured Lending Maple Pool USDC1,86201774.86948603
2025-05-12,Maple Lend + Long USDC2,503265.770290138
2025-05-12,AQRU Maple Pool USDC1,13700395.7463615
2025-05-12,Syrup USDT,29017068.609175503
2025-05-12,Maple Direct USDC1,38700911.335885
2025-05-13,Syrup USDC,307302983.45248705
2025-05-13,Maple Lend + Long USDC2,503320.566683561
2025-05-13,Opportunistic High Yield Maple Pool USDC1,7007013.44560549
2025-05-13,High Yield Corporate Loan Maple Pool WETH1,5130856.05350997
2025-05-13,Syrup USDT,27777277.647568002
2025-05-13,High Yield Secured Lending Maple Pool USDC1,85822359.561899
2025-05-13,Maple Direct USDC1,37947673.84440501
2025-05-13,Altcoin Lending,
2025-05-13,AQRU Maple Pool USDC1,13706038.6869
2025-05-14,Maple Lend + Long USDC2,503375.363076983
2025-05-14,Altcoin Lending,
2025-05-14,AQRU Maple Pool USDC1,13711681.6274386
2025-05-14,Syrup USDT,27761944.097624213
2025-05-14,High Yield Secured Lending Maple Pool USDC1,84187948.98617703
2025-05-14,Opportunistic High Yield Maple Pool USDC1,7009002.48983561
2025-05-14,Maple Direct USDC1,37454501.29292801
2025-05-14,Syrup USDC,326637316.660247
2025-05-14,High Yield Corporate Loan Maple Pool WETH1,4969988.22513266
2025-05-15,High Yield Secured Lending Maple Pool USDC1,83686225.32925498
2025-05-15,Opportunistic High Yield Maple Pool USDC1,7001898.02141473
2025-05-15,High Yield Corporate Loan Maple Pool WETH1,4866453.00675536
2025-05-15,Syrup USDC,333696347.614575
2025-05-15,Maple Lend + Long USDC2,503430.159470405
2025-05-15,Syrup USDT,28612549.331639603
2025-05-15,Maple Direct USDC1,37461379.11615202
2025-05-15,Altcoin Lending,
2025-05-15,AQRU Maple Pool USDC1,12748368.7125119
2025-05-16,Maple Direct USDC1,37468256.93937701
2025-05-16,High Yield Corporate Loan Maple Pool WETH1,4875832.61337805
2025-05-16,Opportunistic High Yield Maple Pool USDC1,7003887.06564485
2025-05-16,Altcoin Lending,
2025-05-16,Syrup USDT,29638624.04762
2025-05-16,Syrup USDC,335644947.252074
2025-05-16,High Yield Secured Lending Maple Pool USDC1,78686511.40376902
2025-05-16,AQRU Maple Pool USDC1,12484624.1697102
2025-05-16,Maple Lend + Long USDC2,503484.955863827
2025-05-17,Altcoin Lending,
2025-05-17,AQRU Maple Pool USDC1,12489674.6129885
2025-05-17,Maple Direct USDC1,37475134.76260202
2025-05-17,Syrup USDC,335641054.893325
2025-05-17,Syrup USDT,29665168.017879307
2025-05-17,High Yield Corporate Loan Maple Pool WETH1,4712965.70000074
2025-05-17,Opportunistic High Yield Maple Pool USDC1,7005876.10987497
2025-05-17,Maple Lend + Long USDC2,503539.75225725
2025-05-17,High Yield Secured Lending Maple Pool USDC1,78702158.87879795
2025-05-18,Syrup USDC,335036177.88189
2025-05-18,Maple Direct USDC1,37482012.585825995
2025-05-18,Syrup USDT,29714498.590712994
2025-05-18,High Yield Secured Lending Maple Pool USDC1,78727916.66246599
2025-05-18,AQRU Maple Pool USDC1,12486819.4295558
2025-05-18,Maple Lend + Long USDC2,503594.548650672
2025-05-18,Altcoin Lending,
2025-05-18,High Yield Corporate Loan Maple Pool WETH1,4703043.13662344
2025-05-18,Opportunistic High Yield Maple Pool USDC1,7007865.15410508
2025-05-19,Syrup USDC,341851498.65806305
2025-05-19,High Yield Secured Lending Maple Pool USDC1,78681807.03375804
2025-05-19,AQRU Maple Pool USDC1,12450667.5874291
2025-05-19,Maple Lend + Long USDC2,503649.345044094
2025-05-19,Syrup USDT,29711810.22811
2025-05-19,Opportunistic High Yield Maple Pool USDC1,8020430.64983665
2025-05-19,High Yield Corporate Loan Maple Pool WETH1,4797599.06824613
2025-05-19,Altcoin Lending,
2025-05-19,Maple Direct USDC1,37488890.409051
2025-05-20,High Yield Secured Lending Maple Pool USDC1,78698804.38030005
2025-05-20,Syrup USDC,375121729.15526104
2025-05-20,Maple Lend + Long USDC2,503704.141437516
2025-05-20,High Yield Corporate Loan Maple Pool WETH1,4820847.92486883
2025-05-20,AQRU Maple Pool USDC1,12455718.0307074
2025-05-20,Altcoin Lending,13812844.770000044
2025-05-20,Syrup USDT,54684702.69628501
2025-05-20,Opportunistic High Yield Maple Pool USDC1,8022419.69406677
2025-05-20,Maple Direct USDC1,37495768.23227501
2025-05-21,Opportunistic High Yield Maple Pool USDC1,8024563.85543883
2025-05-21,Maple Lend + Long USDC2,503758.937830938
2025-05-21,Altcoin Lending,14081736.745000025
2025-05-21,AQRU Maple Pool USDC1,11954210.9311457
2025-05-21,Syrup USDT,54735861.462651
2025-05-21,Syrup USDC,381361054.633738
2025-05-21,High Yield Secured Lending Maple Pool USDC1,78716694.97157496
2025-05-21,Maple Direct USDC1,37503646.0555
2025-05-21,High Yield Corporate Loan Maple Pool WETH1,4859687.73149152
2025-05-22,Maple Lend + Long USDC2,503813.734224361
2025-05-22,Opportunistic High Yield Maple Pool USDC1,8026893.29692923
2025-05-22,Syrup USDC,426674884.480062
2025-05-22,Altcoin Lending,15097046.315000046
2025-05-22,High Yield Secured Lending Maple Pool USDC1,78685229.148215
2025-05-22,Syrup USDT,54578102.91210599
2025-05-22,High Yield Corporate Loan Maple Pool WETH1,5049750.18811422
2025-05-22,Maple Direct USDC1,37539776.33872399
2025-05-22,AQRU Maple Pool USDC1,11689260.779232
2025-05-23,Syrup USDC,429441961.5099211
2025-05-23,AQRU Maple Pool USDC1,11694311.2225103
2025-05-23,High Yield Secured Lending Maple Pool USDC1,79800518.84612197
2025-05-23,Altcoin Lending,14584638.815
2025-05-23,Maple Direct USDC1,37546654.16194999
2025-05-23,High Yield Corporate Loan Maple Pool WETH1,4862167.31473691
2025-05-23,Opportunistic High Yield Maple Pool USDC1,8079222.73841964
2025-05-23,Syrup USDT,54157701.355624005
2025-05-23,Maple Lend + Long USDC2,503868.530617783
2025-05-24,Syrup USDC,430525488.0140741
2025-05-24,Maple Direct USDC1,37553531.985173985
2025-05-24,Opportunistic High Yield Maple Pool USDC1,8101542.17991004
2025-05-24,High Yield Secured Lending Maple Pool USDC1,79820181.69255096
2025-05-24,High Yield Corporate Loan Maple Pool WETH1,4838882.4463596
2025-05-24,Maple Lend + Long USDC2,503923.327011205
2025-05-24,AQRU Maple Pool USDC1,11699361.6657886
2025-05-24,Syrup USDT,53932549.42760301
2025-05-24,Altcoin Lending,14718896.290000025
2025-05-25,Altcoin Lending,14566378.375000015
2025-05-25,Maple Direct USDC1,37809435.92757398
2025-05-25,Maple Lend + Long USDC2,503978.123404627
2025-05-25,Opportunistic High Yield Maple Pool USDC1,8103871.62140044
2025-05-25,Syrup USDC,435357600.68207896
2025-05-25,AQRU Maple Pool USDC1,11704412.1090669
2025-05-25,Syrup USDT,51524747.74136199
2025-05-25,High Yield Corporate Loan Maple Pool WETH1,4886742.0479823
2025-05-25,High Yield Secured Lending Maple Pool USDC1,79839803.22959703
2025-05-26,High Yield Secured Lending Maple Pool USDC1,79854896.38618201
2025-05-26,High Yield Corporate Loan Maple Pool WETH1,4904328.42460499
2025-05-26,Maple Lend + Long USDC2,504032.91979805
2025-05-26,AQRU Maple Pool USDC1,11709462.5523452
2025-05-26,Syrup USDT,51162109.998454005
2025-05-26,Syrup USDC,454823283.96105003
2025-05-26,Maple Direct USDC1,37962517.382906005
2025-05-26,Opportunistic High Yield Maple Pool USDC1,8106201.06289084
2025-05-26,Altcoin Lending,14690652.195000045
2025-05-27,High Yield Secured Lending Maple Pool USDC1,79874727.64020503
2025-05-27,High Yield Corporate Loan Maple Pool WETH1,5098341.22622769
2025-05-27,Opportunistic High Yield Maple Pool USDC1,8108530.50438124
2025-05-27,Maple Lend + Long USDC2,504087.716191472
2025-05-27,Syrup USDC,480796130.678185
2025-05-27,Maple Direct USDC1,37969395.20613001
2025-05-27,Syrup USDT,50990842.44968799
2025-05-27,AQRU Maple Pool USDC1,11714512.9956235
2025-05-27,Altcoin Lending,15403168.780000014
2025-05-28,Maple Lend + Long USDC2,504142.512584894
2025-05-28,Maple Direct USDC1,37976273.02935499
2025-05-28,High Yield Secured Lending Maple Pool USDC1,81394426.52806395
2025-05-28,Syrup USDC,485955885.933215
2025-05-28,Opportunistic High Yield Maple Pool USDC1,8110859.94587164
2025-05-28,AQRU Maple Pool USDC1,11719314.724146
2025-05-28,High Yield Corporate Loan Maple Pool WETH1,5077237.17785038
2025-05-28,Syrup USDT,50156739.46131499
2025-05-28,Altcoin Lending,15098867.915000034
2025-05-29,Opportunistic High Yield Maple Pool USDC1,8154631.44217304
2025-05-29,Syrup USDC,509252959.77682996
2025-05-29,AQRU Maple Pool USDC1,11723767.8537983
2025-05-29,Altcoin Lending,14584049.820000006
2025-05-29,High Yield Secured Lending Maple Pool USDC1,83359637.21521604
2025-05-29,High Yield Corporate Loan Maple Pool WETH1,5069457.17447308
2025-05-29,Maple Lend + Long USDC2,504197.308978316
2025-05-29,Syrup USDT,49751503.072552994
2025-05-29,Maple Direct USDC1,37983655.852578
2025-05-30,Altcoin Lending,13364761.145000014
2025-05-30,High Yield Secured Lending Maple Pool USDC1,83193876.56031597
2025-05-30,Syrup USDC,513552437.80336297
2025-05-30,AQRU Maple Pool USDC1,11728220.9834506
2025-05-30,Maple Direct USDC1,37447849.428101
2025-05-30,Syrup USDT,52258770.745498
2025-05-30,Opportunistic High Yield Maple Pool USDC1,8172960.88366344
2025-05-30,High Yield Corporate Loan Maple Pool WETH1,4849152.43609577
2025-05-31,Opportunistic High Yield Maple Pool USDC1,8175290.32515384
2025-05-31,Syrup USDC,516942717.634506
2025-05-31,Maple Direct USDC1,37454727.251325995
2025-05-31,Altcoin Lending,13253373.385000015
2025-05-31,High Yield Secured Lending Maple Pool USDC1,83215101.804268
2025-05-31,High Yield Corporate Loan Maple Pool WETH1,4853577.37271846
2025-05-31,Syrup USDT,52279671.510069996
2025-05-31,AQRU Maple Pool USDC1,11732674.1131029
2025-06-01,Syrup USDT,52254826.80674
2025-06-01,High Yield Corporate Loan Maple Pool WETH1,4863062.19434116
2025-06-01,Maple Direct USDC1,37461605.07455
2025-06-01,Opportunistic High Yield Maple Pool USDC1,8177619.76664424
2025-06-01,Syrup USDC,544065089.7452121
2025-06-01,Altcoin Lending,13259396.159999985
2025-06-01,High Yield Secured Lending Maple Pool USDC1,83230793.32735902
2025-06-01,AQRU Maple Pool USDC1,11737127.2427552
2025-06-02,High Yield Secured Lending Maple Pool USDC1,83272656.99999201
2025-06-02,Altcoin Lending,13351765.689999955
2025-06-02,AQRU Maple Pool USDC1,11741580.3724075
2025-06-02,Opportunistic High Yield Maple Pool USDC1,8198857.60704464
2025-06-02,Maple Direct USDC1,37468499.34577799
2025-06-02,High Yield Corporate Loan Maple Pool WETH1,4956345.98096385
2025-06-02,Syrup USDT,55997618.39669299
2025-06-02,Syrup USDC,547533760.1648129
2025-06-03,High Yield Corporate Loan Maple Pool WETH1,4998170.06758654
2025-06-03,Syrup USDC,548338677.3604829
2025-06-03,AQRU Maple Pool USDC1,11746033.5020598
2025-06-03,Altcoin Lending,13406022.91499998
2025-06-03,Syrup USDT,55993411.353778005
2025-06-03,Maple Direct USDC1,37475534.81283799
2025-06-03,High Yield Secured Lending Maple Pool USDC1,83299084.06197298
2025-06-03,Opportunistic High Yield Maple Pool USDC1,8201687.04853504
2025-06-04,AQRU Maple Pool USDC1,11750486.6317121
2025-06-04,High Yield Corporate Loan Maple Pool WETH1,4999103.77920924
2025-06-04,Altcoin Lending,13089167.969999975
2025-06-04,Maple Direct USDC1,37482570.27989802
2025-06-04,Syrup USDC,588439110.514474
2025-06-04,Syrup USDT,55824235.711199984
2025-06-04,Opportunistic High Yield Maple Pool USDC1,8227016.49002544
2025-06-04,High Yield Secured Lending Maple Pool USDC1,83274573.70350999
2025-06-05,High Yield Corporate Loan Maple Pool WETH1,4664745.98083193
2025-06-05,Maple Direct USDC1,37489605.74695799
2025-06-05,Opportunistic High Yield Maple Pool USDC1,8230615.93151584
2025-06-05,AQRU Maple Pool USDC1,11754775.9612141
2025-06-05,Altcoin Lending,12294454.874999955
2025-06-05,High Yield Secured Lending Maple Pool USDC1,83496894.74950904
2025-06-05,Syrup USDT,57132349.16004801
2025-06-05,Syrup USDC,605235090.510179
2025-06-06,High Yield Secured Lending Maple Pool USDC1,84118540.50080502
2025-06-06,Syrup USDC,636888036.678437
2025-06-06,Altcoin Lending,12758745.020000016
2025-06-06,Syrup USDT,57639626.75274101
2025-06-06,Opportunistic High Yield Maple Pool USDC1,8232945.37300625
2025-06-06,AQRU Maple Pool USDC1,11758853.9171073
2025-06-06,High Yield Corporate Loan Maple Pool WETH1,4765901.76245463
2025-06-06,Maple Direct USDC1,37496641.214019015
2025-06-07,High Yield Secured Lending Maple Pool USDC1,84140882.85825896
2025-06-07,Syrup USDC,645163718.0948869
2025-06-07,Altcoin Lending,13393379.459999954
2025-06-07,AQRU Maple Pool USDC1,11762931.8730005
2025-06-07,Syrup USDT,57678128.974718004
2025-06-07,Opportunistic High Yield Maple Pool USDC1,8235274.81449665
2025-06-07,High Yield Corporate Loan Maple Pool WETH1,4865871.48407732
2025-06-07,Maple Direct USDC1,37503676.681079
2025-06-08,Syrup USDC,652471152.6074781
2025-06-08,Opportunistic High Yield Maple Pool USDC1,8237604.25598705
2025-06-08,Altcoin Lending,13550570.999999994
2025-06-08,High Yield Corporate Loan Maple Pool WETH1,4814322.04070002
2025-06-08,AQRU Maple Pool USDC1,11767009.8288937
2025-06-08,Syrup USDT,57427537.445805
2025-06-08,Maple Direct USDC1,37510712.148139015
2025-06-08,High Yield Secured Lending Maple Pool USDC1,84159806.15893596
2025-06-09,AQRU Maple Pool USDC1,11771087.7847869
2025-06-09,High Yield Corporate Loan Maple Pool WETH1,5116706.29232271
2025-06-09,Opportunistic High Yield Maple Pool USDC1,8239933.69747745
2025-06-09,High Yield Secured Lending Maple Pool USDC1,83348898.70464897
2025-06-09,Maple Direct USDC1,37101558.719979
2025-06-09,Syrup USDC,653893490.466058
2025-06-09,Altcoin Lending,14182581.83000003
2025-06-09,Syrup USDT,57718671.78955302
2025-06-10,AQRU Maple Pool USDC1,11775165.7406801
2025-06-10,High Yield Corporate Loan Maple Pool WETH1,5376755.8539454
2025-06-10,Maple Direct USDC1,37108558.72477302
2025-06-10,Syrup USDT,58166911.791353
2025-06-10,Altcoin Lending,14466415.820000004
2025-06-10,Syrup USDC,654196605.8674499
2025-06-10,Opportunistic High Yield Maple Pool USDC1,8065470.46728385
2025-06-10,High Yield Secured Lending Maple Pool USDC1,83480407.63742203
2025-06-11,High Yield Corporate Loan Maple Pool WETH1,5292092.3805681
2025-06-11,AQRU Maple Pool USDC1,11779243.6965733
2025-06-11,Syrup USDC,650337496.472883
2025-06-11,High Yield Secured Lending Maple Pool USDC1,83611227.72964603
2025-06-11,Opportunistic High Yield Maple Pool USDC1,8067799.90877425
2025-06-11,Syrup USDT,58232860.54923001
2025-06-11,Maple Direct USDC1,37115558.72956799
2025-06-11,Altcoin Lending,13846553.06000005
2025-06-12,Syrup USDC,645571548.293593
2025-06-12,Syrup USDT,58289323.92597501
2025-06-12,Altcoin Lending,13113307.910000034
2025-06-12,High Yield Secured Lending Maple Pool USDC1,83337040.907017
2025-06-12,Maple Direct USDC1,37527057.779172
2025-06-12,High Yield Corporate Loan Maple Pool WETH1,5068784.23219079
2025-06-12,Opportunistic High Yield Maple Pool USDC1,8070129.35026465
2025-06-12,AQRU Maple Pool USDC1,11735042.8550475
2025-06-13,Syrup USDT,53963078.2116157
2025-06-13,High Yield Corporate Loan Maple Pool WETH1,4939863.50381349
2025-06-13,Maple Direct USDC1,37534057.78396699
2025-06-13,AQRU Maple Pool USDC1,11739120.8109407
2025-06-13,Syrup USDC,611987144.431845
2025-06-13,Opportunistic High Yield Maple Pool USDC1,6034793.95571135
2025-06-13,Altcoin Lending,12579050.889999986
2025-06-13,High Yield Secured Lending Maple Pool USDC1,83365609.51912999
2025-06-14,AQRU Maple Pool USDC1,11513257.4865799
2025-06-14,High Yield Corporate Loan Maple Pool WETH1,4851594.02543618
2025-06-14,High Yield Secured Lending Maple Pool USDC1,83484466.82915902
2025-06-14,Syrup USDC,611783683.1195849
2025-06-14,Opportunistic High Yield Maple Pool USDC1,6036520.65747572
2025-06-14,Maple Direct USDC1,37541057.788761005
2025-06-14,Syrup USDT,53958156.76397689
2025-06-14,Altcoin Lending,12319111.595000004
2025-06-15,AQRU Maple Pool USDC1,11517335.4424731
2025-06-15,Syrup USDT,54255908.02808511
2025-06-15,Syrup USDC,613954277.936006
2025-06-15,Opportunistic High Yield Maple Pool USDC1,6038247.35924009
2025-06-15,High Yield Corporate Loan Maple Pool WETH1,4885957.41205887
2025-06-15,Maple Direct USDC1,37548057.793556005
2025-06-15,High Yield Secured Lending Maple Pool USDC1,83503024.547234
2025-06-15,Altcoin Lending,12668757.374999996
2025-06-16,Altcoin Lending,12942967.025000036
2025-06-16,High Yield Corporate Loan Maple Pool WETH1,4936667.38368157
2025-06-16,Opportunistic High Yield Maple Pool USDC1,6039974.06100446
2025-06-16,Syrup USDC,720383495.1964421
2025-06-16,AQRU Maple Pool USDC1,11281064.6664493
2025-06-16,High Yield Secured Lending Maple Pool USDC1,83551809.980703
2025-06-16,Syrup USDT,54815780.280553
2025-06-16,Maple Direct USDC1,37139770.84637399
2025-06-17,Opportunistic High Yield Maple Pool USDC1,6041700.76276883
2025-06-17,Altcoin Lending,12189755.499999953
2025-06-17,High Yield Corporate Loan Maple Pool WETH1,4792232.22530426
2025-06-17,Syrup USDT,55631854.24198981
2025-06-17,High Yield Secured Lending Maple Pool USDC1,83601807.424079
2025-06-17,Syrup USDC,725699898.894248
2025-06-17,Maple Direct USDC1,37146770.85116799
2025-06-17,AQRU Maple Pool USDC1,10259288.7148655
2025-06-18,Syrup USDC,727340924.0515981
2025-06-18,AQRU Maple Pool USDC1,10202749.1120507
2025-06-18,High Yield Secured Lending Maple Pool USDC1,83820360.39927399
2025-06-18,Syrup USDT,55641445.245946705
2025-06-18,Maple Direct USDC1,37153770.85596301
2025-06-18,Altcoin Lending,12421283.00500004
2025-06-18,High Yield Corporate Loan Maple Pool WETH1,4850842.88692696
2025-06-18,Opportunistic High Yield Maple Pool USDC1,6042427.1345022
2025-06-19,High Yield Corporate Loan Maple Pool WETH1,4847673.21354965
2025-06-19,AQRU Maple Pool USDC1,9741532.9842229
2025-06-19,High Yield Secured Lending Maple Pool USDC1,84291108.91786504
2025-06-19,Syrup USDT,52962969.911685914
2025-06-19,Syrup USDC,732703235.4627041
2025-06-19,Altcoin Lending,12393300.104999995
2025-06-19,Maple Direct USDC1,37160770.86075701
2025-06-19,Opportunistic High Yield Maple Pool USDC1,6044153.83626657
2025-06-20,Syrup USDT,52973994.865765005
2025-06-20,High Yield Secured Lending Maple Pool USDC1,84448418.42318594
2025-06-20,Altcoin Lending,11830827.700000014
2025-06-20,Maple Direct USDC1,37075224.82760501
2025-06-20,AQRU Maple Pool USDC1,9431027.4472241
2025-06-20,Opportunistic High Yield Maple Pool USDC1,6055880.53903153
2025-06-20,Syrup USDC,732043661.8868749
2025-06-20,High Yield Corporate Loan Maple Pool WETH1,4594531.83017235
2025-06-21,Maple Direct USDC1,37082224.832398996
2025-06-21,AQRU Maple Pool USDC1,9435105.4031173
2025-06-21,Syrup USDT,52975842.2522061
2025-06-21,Syrup USDC,729176873.9043429
2025-06-21,High Yield Corporate Loan Maple Pool WETH1,4396503.97679504
2025-06-21,Altcoin Lending,11161822.604999991
2025-06-21,Opportunistic High Yield Maple Pool USDC1,6057607.2407959
2025-06-21,High Yield Secured Lending Maple Pool USDC1,84567082.00635499
2025-06-22,High Yield Secured Lending Maple Pool USDC1,84688887.42684102
2025-06-22,Syrup USDC,718520507.5971081
2025-06-22,Opportunistic High Yield Maple Pool USDC1,6059333.94256027
2025-06-22,Syrup USDT,53091791.25180401
2025-06-22,AQRU Maple Pool USDC1,9439183.3590105
2025-06-22,Maple Direct USDC1,37089224.83719401
2025-06-22,High Yield Corporate Loan Maple Pool WETH1,4293953.95341774
2025-06-22,Altcoin Lending,10939468.604999956
2025-06-23,AQRU Maple Pool USDC1,9443261.3149037
2025-06-23,High Yield Secured Lending Maple Pool USDC1,85195261.92590702
2025-06-23,Syrup USDT,53247219.406963795
2025-06-23,Maple Direct USDC1,37096224.841988
2025-06-23,Syrup USDC,825689594.585387
2025-06-23,High Yield Corporate Loan Maple Pool WETH1,4637611.18004043
2025-06-23,Altcoin Lending,12141639.795000006
2025-06-23,Opportunistic High Yield Maple Pool USDC1,6061060.64432464
2025-06-24,Syrup USDC,825642303.3830979
2025-06-24,AQRU Maple Pool USDC1,9447339.2707969
2025-06-24,Maple Direct USDC1,37103224.84678301
2025-06-24,Altcoin Lending,7305701.435000004
2025-06-24,High Yield Secured Lending Maple Pool USDC1,85349614.37611699
2025-06-24,Syrup USDT,53367522.9362731
2025-06-24,High Yield Corporate Loan Maple Pool WETH1,4693601.03166312
2025-06-24,Opportunistic High Yield Maple Pool USDC1,6261859.03405001
2025-06-25,AQRU Maple Pool USDC1,9451417.2266901
2025-06-25,Maple Direct USDC1,37110224.85157901
2025-06-25,Opportunistic High Yield Maple Pool USDC1,6338585.73581438
2025-06-25,Altcoin Lending,7215580.304999995
2025-06-25,High Yield Secured Lending Maple Pool USDC1,85447726.26666701
2025-06-25,Syrup USDT,56251340.299131095
2025-06-25,High Yield Corporate Loan Maple Pool WETH1,4646547.13828582
2025-06-25,Syrup USDC,835911702.3940489
2025-06-26,Altcoin Lending,7003367.699999995
2025-06-26,AQRU Maple Pool USDC1,9455495.1825833
2025-06-26,Opportunistic High Yield Maple Pool USDC1,6330060.10763475
2025-06-26,Syrup USDT,56528332.18757859
2025-06-26,High Yield Secured Lending Maple Pool USDC1,86074398.889319
2025-06-26,Maple Direct USDC1,37117224.856373996
2025-06-26,High Yield Corporate Loan Maple Pool WETH1,4640335.79490851
2025-06-26,Syrup USDC,835136498.3632119
2025-06-27,Syrup USDT,59753219.59673469
2025-06-27,Opportunistic High Yield Maple Pool USDC1,6331786.80939912
2025-06-27,Maple Direct USDC1,38644428.73679002
2025-06-27,Altcoin Lending,7184365.165000005
2025-06-27,Syrup USDC,838691363.4398761
2025-06-27,AQRU Maple Pool USDC1,9459573.1384765
2025-06-27,High Yield Corporate Loan Maple Pool WETH1,4657778.69653121
2025-06-27,High Yield Secured Lending Maple Pool USDC1,84297783.93472505
2025-06-28,High Yield Corporate Loan Maple Pool WETH1,4694475.9431539
2025-06-28,AQRU Maple Pool USDC1,9463651.0943697
2025-06-28,Syrup USDT,60473246.5432311
2025-06-28,High Yield Secured Lending Maple Pool USDC1,84419570.13083196
2025-06-28,Maple Direct USDC1,38651428.741585
2025-06-28,Altcoin Lending,7599979.649999995
2025-06-28,Opportunistic High Yield Maple Pool USDC1,6333513.51116349
2025-06-28,Syrup USDC,840988922.5826899
2025-06-29,High Yield Secured Lending Maple Pool USDC1,84141695.61978102
2025-06-29,Syrup USDT,60555976.86855321
2025-06-29,Opportunistic High Yield Maple Pool USDC1,6335240.21292786
2025-06-29,High Yield Corporate Loan Maple Pool WETH1,4819592.04977659
2025-06-29,Syrup USDC,841623575.7152209
2025-06-29,Altcoin Lending,7716281.220000004
2025-06-29,Maple Direct USDC1,38662097.61718199
2025-06-29,AQRU Maple Pool USDC1,9467729.0502629
2025-06-30,High Yield Secured Lending Maple Pool USDC1,84231365.195759
2025-06-30,High Yield Corporate Loan Maple Pool WETH1,4789965.58639929
2025-06-30,Opportunistic High Yield Maple Pool USDC1,6320826.27832223
2025-06-30,Altcoin Lending,7816975.219999995
2025-06-30,Syrup USDC,844122210.8943161
2025-06-30,Syrup USDT,61774776.6860937
2025-06-30,Maple Direct USDC1,38719097.62197702
2025-06-30,AQRU Maple Pool USDC1,9471770.31018258
2025-07-01,Opportunistic High Yield Maple Pool USDC1,6322552.98008659
2025-07-01,High Yield Corporate Loan Maple Pool WETH1,4616950.20802198
2025-07-01,Altcoin Lending,7385501.429999995
2025-07-01,Syrup USDC,848237883.1852969
2025-07-01,High Yield Secured Lending Maple Pool USDC1,84256509.38637602
2025-07-01,AQRU Maple Pool USDC1,9475756.20648674
2025-07-01,Maple Direct USDC1,38726097.626771
2025-07-01,Syrup USDT,59106363.3768727
2025-07-02,High Yield Corporate Loan Maple Pool WETH1,4989551.12464468
2025-07-02,Syrup USDT,58549106.57979299
2025-07-02,Maple Direct USDC1,38733182.53453301
2025-07-02,High Yield Secured Lending Maple Pool USDC1,85042410.07676601
2025-07-02,AQRU Maple Pool USDC1,9479742.10279091
2025-07-02,Syrup USDC,859846981.8837489
2025-07-02,Opportunistic High Yield Maple Pool USDC1,6324279.68185096
2025-07-02,Altcoin Lending,7733902.6700000055
2025-07-03,Syrup USDC,859981249.371973
2025-07-03,Opportunistic High Yield Maple Pool USDC1,6344006.38361533
2025-07-03,AQRU Maple Pool USDC1,9483727.99909508
2025-07-03,Altcoin Lending,7701932.324999995
2025-07-03,High Yield Secured Lending Maple Pool USDC1,84528637.747976
2025-07-03,Syrup USDT,59075405.188795015
2025-07-03,High Yield Corporate Loan Maple Pool WETH1,4988485.75126737
2025-07-03,Maple Direct USDC1,38556856.085154
2025-07-04,Syrup USDC,870850104.3805541
2025-07-04,High Yield Secured Lending Maple Pool USDC1,84451133.55886203
2025-07-04,High Yield Corporate Loan Maple Pool WETH1,4848737.44289007
2025-07-04,AQRU Maple Pool USDC1,9487713.89539924
2025-07-04,Altcoin Lending,7466811.834999995
2025-07-04,Syrup USDT,59495289.0440484
2025-07-04,Opportunistic High Yield Maple Pool USDC1,6345733.0853797
2025-07-04,Maple Direct USDC1,38779872.291099995
2025-07-05,High Yield Corporate Loan Maple Pool WETH1,4846447.74951276
2025-07-05,Maple Direct USDC1,38787177.94657901
2025-07-05,Altcoin Lending,7445162.624999995
2025-07-05,High Yield Secured Lending Maple Pool USDC1,84478390.77012402
2025-07-05,Syrup USDT,59129546.88195339
2025-07-05,AQRU Maple Pool USDC1,9491699.79170341
2025-07-05,Opportunistic High Yield Maple Pool USDC1,6347459.78714407
2025-07-05,Syrup USDC,874383464.298295
2025-07-06,High Yield Secured Lending Maple Pool USDC1,84497313.91488397
2025-07-06,Syrup USDC,878040536.7919642
2025-07-06,High Yield Corporate Loan Maple Pool WETH1,4967125.69613545
2025-07-06,Altcoin Lending,7680786.585
2025-07-06,Maple Direct USDC1,38794483.60205899
2025-07-06,Opportunistic High Yield Maple Pool USDC1,6349186.48890844
2025-07-06,Syrup USDT,59211547.193352
2025-07-06,AQRU Maple Pool USDC1,9495685.68800758
2025-07-07,Opportunistic High Yield Maple Pool USDC1,6350913.19067281
2025-07-07,AQRU Maple Pool USDC1,9499671.58431174
2025-07-07,Syrup USDC,884598045.6007111
2025-07-07,Altcoin Lending,7475874.2950000055
2025-07-07,High Yield Secured Lending Maple Pool USDC1,83277311.30704403
2025-07-07,High Yield Corporate Loan Maple Pool WETH1,4880166.62275815
2025-07-07,Maple Direct USDC1,38801789.257538006
2025-07-07,Syrup USDT,59220513.59171082
2025-07-08,Syrup USDC,885064892.536098
2025-07-08,High Yield Secured Lending Maple Pool USDC1,83392476.48650199
2025-07-08,AQRU Maple Pool USDC1,9503657.48061591
2025-07-08,Syrup USDT,59381799.64969231
2025-07-08,High Yield Corporate Loan Maple Pool WETH1,5023303.18938084
2025-07-08,Opportunistic High Yield Maple Pool USDC1,6352639.89243718
2025-07-08,Altcoin Lending,7632453.464999995
2025-07-08,Maple Direct USDC1,38809094.91301799
2025-07-09,Maple Direct USDC1,38806166.665048
2025-07-09,AQRU Maple Pool USDC1,9507643.37692008
2025-07-09,Syrup USDT,59383530.46666202
2025-07-09,High Yield Secured Lending Maple Pool USDC1,84875017.51407397
2025-07-09,Syrup USDC,876331129.3410931
2025-07-09,Opportunistic High Yield Maple Pool USDC1,6354366.59420155
2025-07-09,Altcoin Lending,7941835.779999996
2025-07-09,High Yield Corporate Loan Maple Pool WETH1,5348624.31100354
2025-07-10,Maple Direct USDC1,38813472.320528015
2025-07-10,Altcoin Lending,8292502.635000004
2025-07-10,Syrup USDC,886534213.4775699
2025-07-10,Syrup USDT,59475210.145293
2025-07-10,AQRU Maple Pool USDC1,9511629.27322425
2025-07-10,High Yield Secured Lending Maple Pool USDC1,84890292.12702799
2025-07-10,Opportunistic High Yield Maple Pool USDC1,6356093.29596592
2025-07-10,High Yield Corporate Loan Maple Pool WETH1,5719063.53762623
2025-07-11,High Yield Secured Lending Maple Pool USDC1,84922691.45133603
2025-07-11,AQRU Maple Pool USDC1,9515615.16952841
2025-07-11,Syrup USDC,886145752.3140299
2025-07-11,Maple Direct USDC1,38820777.976007
2025-07-11,Altcoin Lending,8144734.190000005
2025-07-11,Opportunistic High Yield Maple Pool USDC1,6412819.99773029
2025-07-11,Syrup USDT,58233784.87093601
2025-07-11,High Yield Corporate Loan Maple Pool WETH1,4960546.16181808
2025-07-12,Syrup USDT,58723260.74592599
2025-07-12,AQRU Maple Pool USDC1,9519543.94281436
2025-07-12,Maple Direct USDC1,38828083.631487
2025-07-12,High Yield Secured Lending Maple Pool USDC1,84791661.43381
2025-07-12,Altcoin Lending,8080541.765000005
2025-07-12,Syrup USDC,878970381.9765599
2025-07-12,Opportunistic High Yield Maple Pool USDC1,6414546.69949466
2025-07-12,High Yield Corporate Loan Maple Pool WETH1,4943537.6760061
2025-07-13,Opportunistic High Yield Maple Pool USDC1,6416273.40125903
2025-07-13,High Yield Secured Lending Maple Pool USDC1,84924846.95299602
2025-07-13,Maple Direct USDC1,38855389.286965996
2025-07-13,High Yield Corporate Loan Maple Pool WETH1,4972296.08019413
2025-07-13,AQRU Maple Pool USDC1,9523322.85082894
2025-07-13,Syrup USDT,58434649.642975
2025-07-13,Syrup USDC,873214802.42447
2025-07-13,Altcoin Lending,8100428.8299999945
2025-07-14,Syrup USDT,57249532.43288101
2025-07-14,Syrup USDC,870282302.25092
2025-07-14,Maple Direct USDC1,38862694.94244601
2025-07-14,Opportunistic High Yield Maple Pool USDC1,6414904.66092546
2025-07-14,Altcoin Lending,8173935.4499999955
2025-07-14,AQRU Maple Pool USDC1,9527101.75884352
2025-07-14,High Yield Secured Lending Maple Pool USDC1,85032056.33806098
2025-07-14,High Yield Corporate Loan Maple Pool WETH1,4001427.12980636
2025-07-15,High Yield Corporate Loan Maple Pool WETH1,4107371.99399439
2025-07-15,Syrup USDT,59617930.88196321
2025-07-15,Syrup USDC,866783175.03037
2025-07-15,Maple Direct USDC1,38870000.59792499
2025-07-15,High Yield Secured Lending Maple Pool USDC1,84721363.34614003
2025-07-15,AQRU Maple Pool USDC1,9440327.96748775
2025-07-15,Opportunistic High Yield Maple Pool USDC1,6416631.36269082
2025-07-15,Altcoin Lending,8184760.054999995
2025-07-16,Maple Direct USDC1,38882010.07660298
2025-07-16,Syrup USDC,857849212.1129501
2025-07-16,Altcoin Lending,8754184.624999996
2025-07-16,AQRU Maple Pool USDC1,8977508.50162202
2025-07-16,Opportunistic High Yield Maple Pool USDC1,6418358.06445519
2025-07-16,High Yield Secured Lending Maple Pool USDC1,84702687.94827801
2025-07-16,High Yield Corporate Loan Maple Pool WETH1,4465588.35818241
2025-07-16,Syrup USDT,59596009.26588
2025-07-17,High Yield Secured Lending Maple Pool USDC1,84955909.046695
2025-07-17,Maple Direct USDC1,38889315.732081994
2025-07-17,Opportunistic High Yield Maple Pool USDC1,6420084.76621956
2025-07-17,AQRU Maple Pool USDC1,8798236.20890828
2025-07-17,Syrup USDT,59603359.71095799
2025-07-17,High Yield Corporate Loan Maple Pool WETH1,4604497.58237044
2025-07-17,Syrup USDC,836773569.7971599
2025-07-17,Altcoin Lending,8837005.44
2025-07-18,Syrup USDC,869098018.4052398
2025-07-18,AQRU Maple Pool USDC1,8730023.01123055
2025-07-18,High Yield Secured Lending Maple Pool USDC1,83442134.80268198
2025-07-18,Altcoin Lending,8869469.614999996
2025-07-18,Syrup USDT,56874611.31985168
2025-07-18,High Yield Corporate Loan Maple Pool WETH1,4701213.48655846
2025-07-18,Maple Direct USDC1,38626092.67613499
2025-07-18,Opportunistic High Yield Maple Pool USDC1,6421811.46798393
2025-07-19,High Yield Corporate Loan Maple Pool WETH1,4751545.91074649
2025-07-19,High Yield Secured Lending Maple Pool USDC1,83904314.356049
2025-07-19,Syrup USDC,868602483.8631201
2025-07-19,Syrup USDT,56856242.19352269
2025-07-19,Altcoin Lending,8881059.065000005
2025-07-19,Opportunistic High Yield Maple Pool USDC1,6423538.1697483
2025-07-19,AQRU Maple Pool USDC1,8613797.47438982
2025-07-19,Maple Direct USDC1,38633398.33161399
2025-07-20,AQRU Maple Pool USDC1,8617528.82555508
2025-07-20,High Yield Corporate Loan Maple Pool WETH1,4975073.82493451
2025-07-20,Maple Direct USDC1,38640703.987094
2025-07-20,Syrup USDC,861440822.53946
2025-07-20,Opportunistic High Yield Maple Pool USDC1,6425264.87151267
2025-07-20,Syrup USDT,56898631.9282355
2025-07-20,Altcoin Lending,9087481.765
2025-07-20,High Yield Secured Lending Maple Pool USDC1,83893922.13593
2025-07-21,Syrup USDC,861778948.4242499
2025-07-21,Maple Direct USDC1,38858009.642574
2025-07-21,Altcoin Lending,9942877.295
2025-07-21,High Yield Secured Lending Maple Pool USDC1,85022356.691616
2025-07-21,Syrup USDT,57074761.56557371
2025-07-21,High Yield Corporate Loan Maple Pool WETH1,4998183.46912254
2025-07-21,Opportunistic High Yield Maple Pool USDC1,6426991.57327704
2025-07-21,AQRU Maple Pool USDC1,8597463.42893335
2025-07-22,AQRU Maple Pool USDC1,8599505.42459462
2025-07-22,Syrup USDT,57131684.747545004
2025-07-22,Syrup USDC,849158131.1147602
2025-07-22,Maple Direct USDC1,38865315.29805298
2025-07-22,High Yield Secured Lending Maple Pool USDC1,83528163.71617705
2025-07-22,Opportunistic High Yield Maple Pool USDC1,6428718.27504169
2025-07-22,High Yield Corporate Loan Maple Pool WETH1,4941176.19331056
2025-07-22,Altcoin Lending,10171452.675000034
2025-07-23,High Yield Secured Lending Maple Pool USDC1,83553137.73593903
2025-07-23,Altcoin Lending,9523486.784999996
2025-07-23,AQRU Maple Pool USDC1,8603236.77575988
2025-07-23,Opportunistic High Yield Maple Pool USDC1,6430444.97680606
2025-07-23,Syrup USDC,846751648.4934902
2025-07-23,High Yield Corporate Loan Maple Pool WETH1,4794279.37749859
2025-07-23,Maple Direct USDC1,38872620.95353301
2025-07-23,Syrup USDT,56901862.344456
2025-07-24,Altcoin Lending,9258158.094999993
2025-07-24,Maple Direct USDC1,38719829.756377
2025-07-24,Syrup USDT,56904577.116124496
2025-07-24,Syrup USDC,847111040.9670901
2025-07-24,High Yield Secured Lending Maple Pool USDC1,83577814.258919
2025-07-24,High Yield Corporate Loan Maple Pool WETH1,4948477.38168661
2025-07-24,Opportunistic High Yield Maple Pool USDC1,6434171.67857043
2025-07-24,AQRU Maple Pool USDC1,8606968.12692515
2025-07-25,Syrup USDT,56794722.17502181
2025-07-25,Altcoin Lending,9369928.434999995
2025-07-25,Syrup USDC,847045249.0699899
2025-07-25,AQRU Maple Pool USDC1,8610699.47809042
2025-07-25,Maple Direct USDC1,38727326.34365001
2025-07-25,Opportunistic High Yield Maple Pool USDC1,6435898.3803348
2025-07-25,High Yield Corporate Loan Maple Pool WETH1,4941705.61587464
2025-07-25,High Yield Secured Lending Maple Pool USDC1,83576667.83379596
2025-07-26,Syrup USDC,847819780.5518899
2025-07-26,Altcoin Lending,9321091.844999995
2025-07-26,AQRU Maple Pool USDC1,8614430.82925568
2025-07-26,High Yield Secured Lending Maple Pool USDC1,83719546.016572
2025-07-26,High Yield Corporate Loan Maple Pool WETH1,4981986.96006267
2025-07-26,Syrup USDT,56927181.0961258
2025-07-26,Maple Direct USDC1,38869771.873815015
2025-07-26,Opportunistic High Yield Maple Pool USDC1,7666337.29143817
2025-07-27,Altcoin Lending,9515934.734999996
2025-07-27,High Yield Corporate Loan Maple Pool WETH1,5134852.33425069
2025-07-27,Syrup USDC,847637070.09956
2025-07-27,High Yield Secured Lending Maple Pool USDC1,83744274.64669997
2025-07-27,AQRU Maple Pool USDC1,8618162.18042095
2025-07-27,Syrup USDT,57162382.15465802
2025-07-27,Maple Direct USDC1,38877077.529295
2025-07-27,Opportunistic High Yield Maple Pool USDC1,7668063.99320254
2025-07-28,Opportunistic High Yield Maple Pool USDC1,7669790.69496691
2025-07-28,Altcoin Lending,9248340.429999996
2025-07-28,Maple Direct USDC1,34232530.32823099
2025-07-28,High Yield Corporate Loan Maple Pool WETH1,5029386.38843872
2025-07-28,Syrup USDC,851381251.7001698
2025-07-28,AQRU Maple Pool USDC1,8621893.53158622
2025-07-28,High Yield Secured Lending Maple Pool USDC1,83763162.293944
2025-07-28,Syrup USDT,57271454.60491219
2025-07-29,High Yield Secured Lending Maple Pool USDC1,83784230.238756
2025-07-29,Altcoin Lending,9147646.429999996
2025-07-29,AQRU Maple Pool USDC1,8625624.88275148
2025-07-29,Syrup USDT,58088183.96802539
2025-07-29,Opportunistic High Yield Maple Pool USDC1,7671517.39673128
2025-07-29,Syrup USDC,865284236.79019
2025-07-29,High Yield Corporate Loan Maple Pool WETH1,5036391.76262674
2025-07-29,Maple Direct USDC1,34238397.627546996
2025-07-30,Maple Direct USDC1,34244264.92686199
2025-07-30,AQRU Maple Pool USDC1,8629356.23391675
2025-07-30,High Yield Secured Lending Maple Pool USDC1,83803328.883492
2025-07-30,High Yield Corporate Loan Maple Pool WETH1,4999314.26681477
2025-07-30,Opportunistic High Yield Maple Pool USDC1,7673244.09849565
2025-07-30,Syrup USDC,815856129.3782802
2025-07-30,Syrup USDT,58161058.1587283
2025-07-30,Altcoin Lending,8878038.245000005
2025-07-31,High Yield Corporate Loan Maple Pool WETH1,4928158.57100279
2025-07-31,High Yield Secured Lending Maple Pool USDC1,83941572.65693498
2025-07-31,AQRU Maple Pool USDC1,8633087.58508202
2025-07-31,Maple Direct USDC1,34245366.35424499
2025-07-31,Syrup USDT,59108669.026514396
2025-07-31,Opportunistic High Yield Maple Pool USDC1,7675016.37868489
2025-07-31,Syrup USDC,811334608.5163598
2025-07-31,Altcoin Lending,8704844.565000003
2025-08-01,High Yield Secured Lending Maple Pool USDC1,84104639.54728699
2025-08-01,Maple Direct USDC1,34251300.63301201
2025-08-01,AQRU Maple Pool USDC1,8636818.93624728
2025-08-01,Altcoin Lending,8119308.955
2025-08-01,Syrup USDC,792924994.12324
2025-08-01,Opportunistic High Yield Maple Pool USDC1,7677186.54620269
2025-08-01,High Yield Corporate Loan Maple Pool WETH1,4610227.64519082
2025-08-01,Syrup USDT,58979439.2736966
2025-08-02,Syrup USDT,59104562.6746541
2025-08-02,Maple Direct USDC1,34257234.911779016
2025-08-02,Syrup USDC,786077403.9332099
2025-08-02,High Yield Corporate Loan Maple Pool WETH1,4530744.66937884
2025-08-02,Opportunistic High Yield Maple Pool USDC1,7679356.7137205
2025-08-02,Altcoin Lending,8005524.734999995
2025-08-02,High Yield Secured Lending Maple Pool USDC1,84204590.93505198
2025-08-02,AQRU Maple Pool USDC1,8640550.28741255
2025-08-03,Maple Direct USDC1,34263169.19054602
2025-08-03,AQRU Maple Pool USDC1,8644281.63857782
2025-08-03,High Yield Secured Lending Maple Pool USDC1,84223483.43325597
2025-08-03,High Yield Corporate Loan Maple Pool WETH1,4655333.09356687
2025-08-03,Altcoin Lending,8151782.769999995
2025-08-03,Opportunistic High Yield Maple Pool USDC1,7681526.88123831
2025-08-03,Syrup USDT,59175834.4533041
2025-08-03,Syrup USDC,786348499.23419
2025-08-04,High Yield Secured Lending Maple Pool USDC1,83338594.885791
2025-08-04,Maple Direct USDC1,34269103.46931298
2025-08-04,AQRU Maple Pool USDC1,8647968.07240825
2025-08-04,Syrup USDT,61007308.670433685
2025-08-04,Syrup USDC,800492331.3829501
2025-08-04,Opportunistic High Yield Maple Pool USDC1,7683697.04875611
2025-08-04,Altcoin Lending,8519567.604999999
2025-08-04,High Yield Corporate Loan Maple Pool WETH1,4958062.98775489
2025-08-05,AQRU Maple Pool USDC1,8651458.25667805
2025-08-05,Maple Direct USDC1,34275037.74808
2025-08-05,Altcoin Lending,8249204.215
2025-08-05,Syrup USDT,61094754.31904881
2025-08-05,Opportunistic High Yield Maple Pool USDC1,7685867.21627392
2025-08-05,High Yield Secured Lending Maple Pool USDC1,84971345.41752803
2025-08-05,High Yield Corporate Loan Maple Pool WETH1,4779614.00194292
2025-08-05,Syrup USDC,899858551.2425399
2025-08-06,High Yield Secured Lending Maple Pool USDC1,84592797.25244105
2025-08-06,Altcoin Lending,8479793.475000005
2025-08-06,High Yield Corporate Loan Maple Pool WETH1,4895046.39613094
2025-08-06,AQRU Maple Pool USDC1,8654948.44094785
2025-08-06,Maple Direct USDC1,34380972.05783801
2025-08-06,Syrup USDC,880320084.8811901
2025-08-06,Opportunistic High Yield Maple Pool USDC1,7788037.38379173
2025-08-06,Syrup USDT,61069246.7689123
2025-08-07,High Yield Corporate Loan Maple Pool WETH1,5206972.10031897
2025-08-07,Maple Direct USDC1,34401848.93387902
2025-08-07,High Yield Secured Lending Maple Pool USDC1,85606407.77836198
2025-08-07,Syrup USDT,60991295.674589604
2025-08-07,Opportunistic High Yield Maple Pool USDC1,7790207.55130953
2025-08-07,Altcoin Lending,8784141.090000004
2025-08-07,Syrup USDC,876000315.77897
2025-08-07,AQRU Maple Pool USDC1,8658438.62521765
2025-08-08,Syrup USDT,61361994.64431769
2025-08-08,High Yield Corporate Loan Maple Pool WETH1,5348917.864507
2025-08-08,Opportunistic High Yield Maple Pool USDC1,7792377.71882734
2025-08-08,AQRU Maple Pool USDC1,8661928.80948745
2025-08-08,Maple Direct USDC1,34407783.21264599
2025-08-08,Syrup USDC,871359565.2564101
2025-08-08,Altcoin Lending,8943489.344999995
2025-08-08,High Yield Secured Lending Maple Pool USDC1,85634863.72341692
2025-08-09,High Yield Corporate Loan Maple Pool WETH1,5667665.83869502
2025-08-09,High Yield Secured Lending Maple Pool USDC1,85760848.42355496
2025-08-09,AQRU Maple Pool USDC1,8665418.99375725
2025-08-09,Syrup USDT,62022066.62087351
2025-08-09,Opportunistic High Yield Maple Pool USDC1,7794547.88634515
2025-08-09,Altcoin Lending,9071370.725000005
2025-08-09,Maple Direct USDC1,34413717.491413
2025-08-09,Syrup USDC,873703344.7685299
2025-08-10,AQRU Maple Pool USDC1,8668909.17802705
2025-08-10,Syrup USDC,875092325.2734599
2025-08-10,High Yield Corporate Loan Maple Pool WETH1,5647236.27288305
2025-08-10,Maple Direct USDC1,34419651.77017999
2025-08-10,High Yield Secured Lending Maple Pool USDC1,85855982.54001701
2025-08-10,Opportunistic High Yield Maple Pool USDC1,7796718.05386296
2025-08-10,Altcoin Lending,9221404.785000004
2025-08-10,Syrup USDT,62297626.583985
2025-08-11,Syrup USDC,873552819.74525
2025-08-11,Opportunistic High Yield Maple Pool USDC1,7798888.22138076
2025-08-11,High Yield Secured Lending Maple Pool USDC1,86081171.43944895
2025-08-11,AQRU Maple Pool USDC1,8672399.36229685
2025-08-11,Altcoin Lending,8797483.045000004
2025-08-11,Maple Direct USDC1,34425586.04894701
2025-08-11,Syrup USDT,62613558.692652
2025-08-11,High Yield Corporate Loan Maple Pool WETH1,5610364.30707107
2025-08-12,High Yield Secured Lending Maple Pool USDC1,86086127.29701203
2025-08-12,Altcoin Lending,9639536.620000007
2025-08-12,AQRU Maple Pool USDC1,8675872.65218714
2025-08-12,Syrup USDC,868050775.83513
2025-08-12,Opportunistic High Yield Maple Pool USDC1,7801058.38889857
2025-08-12,Maple Direct USDC1,34431520.32771401
2025-08-12,High Yield Corporate Loan Maple Pool WETH1,6086435.5512591
2025-08-12,Syrup USDT,58325678.61961
2025-08-13,Syrup USDT,58350966.97863901
2025-08-13,High Yield Corporate Loan Maple Pool WETH1,6296411.74544712
2025-08-13,Maple Direct USDC1,34437454.606480986
2025-08-13,AQRU Maple Pool USDC1,8679295.66940119
2025-08-13,Opportunistic High Yield Maple Pool USDC1,7803228.55641638
2025-08-13,High Yield Secured Lending Maple Pool USDC1,85811320.83964998
2025-08-13,Syrup USDC,916425676.0765798
2025-08-13,Altcoin Lending,10117581.384999985
2025-08-14,Syrup USDT,58132042.20723331
2025-08-14,High Yield Secured Lending Maple Pool USDC1,86040684.46228498
2025-08-14,AQRU Maple Pool USDC1,8682718.68661525
2025-08-14,Opportunistic High Yield Maple Pool USDC1,7805398.72393418
2025-08-14,Syrup USDC,917721496.3030698
2025-08-14,Maple Direct USDC1,34443388.885249004
2025-08-14,High Yield Corporate Loan Maple Pool WETH1,6025699.67963515
2025-08-14,Altcoin Lending,9664558.385
2025-08-15,High Yield Corporate Loan Maple Pool WETH1,5960736.40382317
2025-08-15,Altcoin Lending,9467701.614999996
2025-08-15,AQRU Maple Pool USDC1,8437127.25913329
2025-08-15,Maple Direct USDC1,33623252.765084
2025-08-15,Syrup USDC,918373067.98277
2025-08-15,Syrup USDT,58349102.05703539
2025-08-15,High Yield Secured Lending Maple Pool USDC1,86166666.431467
2025-08-15,Opportunistic High Yield Maple Pool USDC1,7807568.89145214
2025-08-16,Altcoin Lending,9525097.194999997
2025-08-16,High Yield Secured Lending Maple Pool USDC1,86286757.82190096
2025-08-16,AQRU Maple Pool USDC1,8400147.98541234
2025-08-16,Opportunistic High Yield Maple Pool USDC1,7809739.05896994
2025-08-16,Maple Direct USDC1,33629120.06439899
2025-08-16,Syrup USDT,58371278.941034704
2025-08-16,Syrup USDC,921818859.6843798
2025-08-16,High Yield Corporate Loan Maple Pool WETH1,5887140.8680112
2025-08-17,High Yield Secured Lending Maple Pool USDC1,85706041.284657
2025-08-17,Opportunistic High Yield Maple Pool USDC1,7811909.22648775
2025-08-17,Syrup USDT,58393321.10551411
2025-08-17,Maple Direct USDC1,33634987.36371401
2025-08-17,Altcoin Lending,9727995.605000004
2025-08-17,High Yield Corporate Loan Maple Pool WETH1,6014281.84219922
2025-08-17,AQRU Maple Pool USDC1,8333375.1268374
2025-08-17,Syrup USDC,922963060.5057702
2025-08-18,AQRU Maple Pool USDC1,8044497.81596544
2025-08-18,Maple Direct USDC1,33640854.663029
2025-08-18,Syrup USDC,930307747.5550001
2025-08-18,High Yield Secured Lending Maple Pool USDC1,85786794.52961099
2025-08-18,High Yield Corporate Loan Maple Pool WETH1,5774823.59638725
2025-08-18,Altcoin Lending,9283935.065000005
2025-08-18,Syrup USDT,57685572.54712111
2025-08-18,Opportunistic High Yield Maple Pool USDC1,7814079.39400556
2025-08-19,Altcoin Lending,9017599.434999995
2025-08-19,Maple Direct USDC1,33583215.179703996
2025-08-19,AQRU Maple Pool USDC1,8047562.15762249
2025-08-19,Opportunistic High Yield Maple Pool USDC1,7747548.48716336
2025-08-19,Syrup USDC,935032087.8307502
2025-08-19,Syrup USDT,58242651.962825686
2025-08-19,High Yield Secured Lending Maple Pool USDC1,86332429.78646898
2025-08-19,High Yield Corporate Loan Maple Pool WETH1,5491972.00057527
2025-08-20,Syrup USDT,59279897.282947004
2025-08-20,Syrup USDC,942924533.1413798
2025-08-20,Maple Direct USDC1,33589082.47902
2025-08-20,High Yield Corporate Loan Maple Pool WETH1,5798898.6847633
2025-08-20,Opportunistic High Yield Maple Pool USDC1,7749718.65468117
2025-08-20,High Yield Secured Lending Maple Pool USDC1,86356201.007061
2025-08-20,Altcoin Lending,9425913.605000004
2025-08-20,AQRU Maple Pool USDC1,8050985.17483655
2025-08-21,High Yield Secured Lending Maple Pool USDC1,86386412.16273302
2025-08-21,AQRU Maple Pool USDC1,8054408.19205059
2025-08-21,Syrup USDC,942268725.2548599
2025-08-21,Maple Direct USDC1,33594949.77833499
2025-08-21,High Yield Corporate Loan Maple Pool WETH1,5652857.13895132
2025-08-21,Syrup USDT,58376531.28367829
2025-08-21,Opportunistic High Yield Maple Pool USDC1,7751888.82219898
2025-08-21,Altcoin Lending,9144977.344999995
2025-08-22,High Yield Secured Lending Maple Pool USDC1,87198332.50073403
2025-08-22,High Yield Corporate Loan Maple Pool WETH1,6395036.69313935
2025-08-22,AQRU Maple Pool USDC1,8057831.20926465
2025-08-22,Syrup USDT,58387097.93903439
2025-08-22,Syrup USDC,938089314.7943602
2025-08-22,Opportunistic High Yield Maple Pool USDC1,7754058.98971679
2025-08-22,Altcoin Lending,10033601.895000026
2025-08-22,Maple Direct USDC1,33600817.07765201
2025-08-23,Maple Direct USDC1,33606684.37696698
2025-08-23,High Yield Corporate Loan Maple Pool WETH1,6353470.68732738
2025-08-23,Altcoin Lending,10244052.354999976
2025-08-23,High Yield Secured Lending Maple Pool USDC1,87329116.70335096
2025-08-23,Opportunistic High Yield Maple Pool USDC1,7756229.15723459
2025-08-23,AQRU Maple Pool USDC1,8061254.22647869
2025-08-23,Syrup USDC,939574236.47417
2025-08-23,Syrup USDT,59419735.48966651
2025-08-24,AQRU Maple Pool USDC1,8064677.24369275
2025-08-24,High Yield Secured Lending Maple Pool USDC1,87355679.31712401
2025-08-24,High Yield Corporate Loan Maple Pool WETH1,6354111.2615154
2025-08-24,Maple Direct USDC1,33612551.67628302
2025-08-24,Syrup USDT,59755666.50250751
2025-08-24,Opportunistic High Yield Maple Pool USDC1,7758399.3247524
2025-08-24,Syrup USDC,932022534.8720202
2025-08-24,Altcoin Lending,10322341.940000026
2025-08-25,High Yield Corporate Loan Maple Pool WETH1,5834721.15570343
2025-08-25,Maple Direct USDC1,33618418.97559801
2025-08-25,High Yield Secured Lending Maple Pool USDC1,88023440.525195
2025-08-25,Altcoin Lending,9415340.734999996
2025-08-25,AQRU Maple Pool USDC1,8068100.2609068
2025-08-25,Syrup USDT,58009247.559641615
2025-08-25,Syrup USDC,921707492.62694
2025-08-25,Opportunistic High Yield Maple Pool USDC1,7760569.49227021
2025-08-26,Syrup USDC,936985140.1502199
2025-08-26,High Yield Secured Lending Maple Pool USDC1,88141919.36944997
2025-08-26,Opportunistic High Yield Maple Pool USDC1,7762739.65978801
2025-08-26,Syrup USDT,57914977.316365615
2025-08-26,Altcoin Lending,9907734.394999994
2025-08-26,Maple Direct USDC1,33624286.274913
2025-08-26,AQRU Maple Pool USDC1,8071523.27812084
2025-08-26,High Yield Corporate Loan Maple Pool WETH1,6120219.67989145
2025-08-27,Opportunistic High Yield Maple Pool USDC1,7764909.82730582
2025-08-27,High Yield Secured Lending Maple Pool USDC1,88312277.14568198
2025-08-27,Maple Direct USDC1,33596064.06414001
2025-08-27,AQRU Maple Pool USDC1,8074946.2953349
2025-08-27,Altcoin Lending,10286595.57
2025-08-27,Syrup USDT,57955326.461291894
2025-08-27,Syrup USDC,958638364.9700298
2025-08-27,High Yield Corporate Loan Maple Pool WETH1,6013898.46407948
2025-08-28,AQRU Maple Pool USDC1,8078369.31254894
2025-08-28,Maple Direct USDC1,33601931.363455
2025-08-28,High Yield Corporate Loan Maple Pool WETH1,5991108.6182675
2025-08-28,Altcoin Lending,10792331.185000027
2025-08-28,High Yield Secured Lending Maple Pool USDC1,87958136.96899599
2025-08-28,Syrup USDC,965925856.1169999
2025-08-28,Opportunistic High Yield Maple Pool USDC1,7767079.99482363
2025-08-28,Syrup USDT,58148687.1135004
2025-08-29,AQRU Maple Pool USDC1,8081792.329763
2025-08-29,Opportunistic High Yield Maple Pool USDC1,7769250.16234061
2025-08-29,Syrup USDT,58367607.842189595
2025-08-29,High Yield Secured Lending Maple Pool USDC1,88506832.81541097
2025-08-29,High Yield Corporate Loan Maple Pool WETH1,5811353.52245553
2025-08-29,Maple Direct USDC1,33607798.66276999
2025-08-29,Altcoin Lending,10243045.415000025
2025-08-29,Syrup USDC,962289707.36901
2025-08-30,Altcoin Lending,10139078.859999975
2025-08-30,AQRU Maple Pool USDC1,8085215.34697704
2025-08-30,High Yield Secured Lending Maple Pool USDC1,88490702.32323104
2025-08-30,Syrup USDC,964209634.3540998
2025-08-30,Maple Direct USDC1,33635393.960816994
2025-08-30,High Yield Corporate Loan Maple Pool WETH1,5796877.69664355
2025-08-30,Opportunistic High Yield Maple Pool USDC1,7771420.32985841
2025-08-30,Syrup USDT,61330725.823384404
2025-08-31,Maple Direct USDC1,33612773.65932301
2025-08-31,High Yield Secured Lending Maple Pool USDC1,88511873.28914398
2025-08-31,High Yield Corporate Loan Maple Pool WETH1,5913118.95083158
2025-08-31,Syrup USDC,970150912.7433302
2025-08-31,Opportunistic High Yield Maple Pool USDC1,7773590.49737622
2025-08-31,Syrup USDT,61274221.5529764
2025-08-31,Altcoin Lending,10257646.045000026
2025-08-31,AQRU Maple Pool USDC1,8088638.3641911
2025-09-01,Syrup USDT,61381792.3372857
2025-09-01,Opportunistic High Yield Maple Pool USDC1,8775760.66489403
2025-09-01,High Yield Secured Lending Maple Pool USDC1,84581485.59580702
2025-09-01,Syrup USDC,970418129.1577699
2025-09-01,AQRU Maple Pool USDC1,8092061.38140514
2025-09-01,High Yield Corporate Loan Maple Pool WETH1,5699690.0850196
2025-09-01,Maple Direct USDC1,34397093.734209
2025-09-01,Altcoin Lending,9857890.865000006
2025-09-02,Syrup USDT,61299221.344493195
2025-09-02,Opportunistic High Yield Maple Pool USDC1,8777930.83241183
2025-09-02,High Yield Corporate Loan Maple Pool WETH1,5762400.71920763
2025-09-02,High Yield Secured Lending Maple Pool USDC1,84598855.39994001
2025-09-02,Altcoin Lending,10513408.805000026
2025-09-02,Maple Direct USDC1,34402961.03352399
2025-09-02,Syrup USDC,971264872.4625199
2025-09-02,AQRU Maple Pool USDC1,8095484.3986192
2025-09-03,Syrup USDT,61341863.332831085
2025-09-03,High Yield Secured Lending Maple Pool USDC1,84590669.03852701
2025-09-03,High Yield Corporate Loan Maple Pool WETH1,5947938.73339565
2025-09-03,Syrup USDC,1004980663.8996902
2025-09-03,AQRU Maple Pool USDC1,8098907.41583325
2025-09-03,Maple Direct USDC1,37563096.16008401
2025-09-03,Altcoin Lending,10573321.735000025
2025-09-03,Opportunistic High Yield Maple Pool USDC1,8780100.99992964
2025-09-04,Altcoin Lending,10294399.355000027
2025-09-04,Syrup USDT,60838259.67219719
2025-09-04,High Yield Corporate Loan Maple Pool WETH1,5778042.44758368
2025-09-04,Opportunistic High Yield Maple Pool USDC1,8782323.17258482
2025-09-04,Syrup USDC,1056151630.5265403
2025-09-04,Maple Direct USDC1,37569922.363508984
2025-09-04,AQRU Maple Pool USDC1,8102330.43304729
2025-09-04,High Yield Secured Lending Maple Pool USDC1,84838546.936589
2025-09-05,High Yield Secured Lending Maple Pool USDC1,84558681.00281501
2025-09-05,AQRU Maple Pool USDC1,8105753.45026135
2025-09-05,Altcoin Lending,10274512.289999975
2025-09-05,Maple Direct USDC1,37576748.56693299
2025-09-05,Syrup USDT,60848560.2193446
2025-09-05,Opportunistic High Yield Maple Pool USDC1,8784791.69626701
2025-09-05,Syrup USDC,1066224085.24282
2025-09-05,High Yield Corporate Loan Maple Pool WETH1,5737749.40177171
2025-09-06,Syrup USDT,61017844.6230486
2025-09-06,Syrup USDC,1071248119.57675
2025-09-06,Maple Direct USDC1,37583574.77035801
2025-09-06,High Yield Corporate Loan Maple Pool WETH1,5693259.56595973
2025-09-06,High Yield Secured Lending Maple Pool USDC1,85727198.64875197
2025-09-06,AQRU Maple Pool USDC1,8103443.7145104
2025-09-06,Opportunistic High Yield Maple Pool USDC1,8787260.21994919
2025-09-06,Altcoin Lending,10090494.005000025
2025-09-07,High Yield Secured Lending Maple Pool USDC1,85564190.10579896
2025-09-07,Syrup USDC,1072171594.9762099
2025-09-07,High Yield Corporate Loan Maple Pool WETH1,5734230.43014776
2025-09-07,Maple Direct USDC1,37590400.97378202
2025-09-07,AQRU Maple Pool USDC1,8106866.73172444
2025-09-07,Syrup USDT,61587920.906308204
2025-09-07,Opportunistic High Yield Maple Pool USDC1,8789728.74363137
2025-09-07,Altcoin Lending,10428574.109999975
2025-09-08,Opportunistic High Yield Maple Pool USDC1,8792197.26731355
2025-09-08,Syrup USDT,57079748.69860381
2025-09-08,AQRU Maple Pool USDC1,8110289.7489385
2025-09-08,Syrup USDC,1072554767.2536597
2025-09-08,Maple Direct USDC1,37597227.17720699
2025-09-08,High Yield Secured Lending Maple Pool USDC1,85581559.90993202
2025-09-08,High Yield Corporate Loan Maple Pool WETH1,5736435.68433578
2025-09-08,Altcoin Lending,10813476.92500005
2025-09-09,Syrup USDT,57675977.51461741
2025-09-09,Syrup USDC,1071966601.2826798
2025-09-09,Maple Direct USDC1,37604053.380632
2025-09-09,Altcoin Lending,10931288.905000025
2025-09-09,High Yield Corporate Loan Maple Pool WETH1,5746291.95852381
2025-09-09,Opportunistic High Yield Maple Pool USDC1,8809665.79099573
2025-09-09,High Yield Secured Lending Maple Pool USDC1,85253929.50472099
2025-09-09,AQRU Maple Pool USDC1,8113663.88218789
2025-09-10,Altcoin Lending,11303353.235000025
2025-09-10,High Yield Secured Lending Maple Pool USDC1,84235766.293975
2025-09-10,Syrup USDC,1076015213.9862602
2025-09-10,Syrup USDT,57820860.77563679
2025-09-10,Maple Direct USDC1,37610879.58405599
2025-09-10,Opportunistic High Yield Maple Pool USDC1,8812134.31467792
2025-09-10,AQRU Maple Pool USDC1,8116930.67900886
2025-09-10,High Yield Corporate Loan Maple Pool WETH1,5784922.43271183
2025-09-11,High Yield Corporate Loan Maple Pool WETH1,5930077.11689986
2025-09-11,Syrup USDT,58586011.0733076
2025-09-11,Maple Direct USDC1,37617705.78748101
2025-09-11,High Yield Secured Lending Maple Pool USDC1,85305180.872105
2025-09-11,Opportunistic High Yield Maple Pool USDC1,8814602.8383601
2025-09-11,AQRU Maple Pool USDC1,8120197.47582983
2025-09-11,Altcoin Lending,11489385.400000025
2025-09-11,Syrup USDC,1096752078.24377
2025-09-12,Syrup USDT,58769946.03903639
2025-09-12,Syrup USDC,1096627547.985
2025-09-12,High Yield Secured Lending Maple Pool USDC1,84984195.03559709
2025-09-12,Opportunistic High Yield Maple Pool USDC1,8817071.36204228
2025-09-12,High Yield Corporate Loan Maple Pool WETH1,6251636.21108788
2025-09-12,Maple Direct USDC1,37725471.005806
2025-09-12,AQRU Maple Pool USDC1,8123464.27265079
2025-09-12,Altcoin Lending,12148679.365000026
2025-09-13,High Yield Corporate Loan Maple Pool WETH1,6203473.35527591
2025-09-13,Syrup USDT,58837657.5558296
2025-09-13,Syrup USDC,1104285956.20264
2025-09-13,Opportunistic High Yield Maple Pool USDC1,8819539.88572446
2025-09-13,AQRU Maple Pool USDC1,8126731.06947176
2025-09-13,Maple Direct USDC1,37732297.20922999
2025-09-13,Altcoin Lending,12185432.675000025
2025-09-13,High Yield Secured Lending Maple Pool USDC1,85031504.774459
2025-09-14,Syrup USDT,58725172.25753151
2025-09-14,High Yield Corporate Loan Maple Pool WETH1,6163041.07946393
2025-09-14,Altcoin Lending,12237793.554999975
2025-09-14,Opportunistic High Yield Maple Pool USDC1,8822008.40940664
2025-09-14,High Yield Secured Lending Maple Pool USDC1,86359440.44372404
2025-09-14,AQRU Maple Pool USDC1,8129997.86629273
2025-09-14,Syrup USDC,1116506763.4211402
2025-09-14,Maple Direct USDC1,37739123.41265501
2025-09-15,AQRU Maple Pool USDC1,7774159.93463669
2025-09-15,High Yield Corporate Loan Maple Pool WETH1,6013412.70365196
2025-09-15,Syrup USDC,1122230718.97126
2025-09-15,Syrup USDT,77131350.246111
2025-09-15,High Yield Secured Lending Maple Pool USDC1,86371810.24785697
2025-09-15,Opportunistic High Yield Maple Pool USDC1,8824476.93308975
2025-09-15,Maple Direct USDC1,37745949.616079
2025-09-15,Altcoin Lending,11778628.915000025
2025-09-16,Syrup USDT,154935562.935639
2025-09-16,Maple Direct USDC1,37752775.819505006
2025-09-16,High Yield Secured Lending Maple Pool USDC1,86142828.44040203
2025-09-16,Altcoin Lending,11981023.854999974
2025-09-16,AQRU Maple Pool USDC1,7639510.39955866
2025-09-16,Opportunistic High Yield Maple Pool USDC1,8826945.45677193
2025-09-16,Syrup USDC,1121456262.4661202
2025-09-16,High Yield Corporate Loan Maple Pool WETH1,6019211.41783998
2025-09-17,Syrup USDC,1123728066.5832202
2025-09-17,High Yield Secured Lending Maple Pool USDC1,86567282.67416304
2025-09-17,High Yield Corporate Loan Maple Pool WETH1,6108548.13202801
2025-09-17,AQRU Maple Pool USDC1,7607625.65133263
2025-09-17,Syrup USDT,182336181.616742
2025-09-17,Altcoin Lending,12336977.145000026
2025-09-17,Maple Direct USDC1,37759602.022929996
2025-09-17,Opportunistic High Yield Maple Pool USDC1,8814378.54761411
2025-09-18,High Yield Secured Lending Maple Pool USDC1,86730542.45215905
2025-09-18,Altcoin Lending,12444216.255000025
2025-09-18,AQRU Maple Pool USDC1,7572267.10918059
2025-09-18,Opportunistic High Yield Maple Pool USDC1,8816847.07129629
2025-09-18,Maple Direct USDC1,41266453.082947016
2025-09-18,Syrup USDC,1127504690.6294398
2025-09-18,High Yield Corporate Loan Maple Pool WETH1,6114744.64621603
2025-09-18,Syrup USDT,214777057.95530802
2025-09-19,High Yield Corporate Loan Maple Pool WETH1,5952605.46040406
2025-09-19,Maple Direct USDC1,40392689.11688399
2025-09-19,AQRU Maple Pool USDC1,7564391.66079156
2025-09-19,Altcoin Lending,12015259.815000024
2025-09-19,High Yield Secured Lending Maple Pool USDC1,86199793.94953793
2025-09-19,Syrup USDC,1126675604.11858
2025-09-19,Syrup USDT,250830976.269575
2025-09-19,Opportunistic High Yield Maple Pool USDC1,8819315.59497847
2025-09-20,High Yield Corporate Loan Maple Pool WETH1,5986409.29459208
2025-09-20,Syrup USDT,256713278.583818
2025-09-20,AQRU Maple Pool USDC1,7567658.45761253
2025-09-20,Syrup USDC,1134827326.5649602
2025-09-20,Maple Direct USDC1,40149334.546544015
2025-09-20,Opportunistic High Yield Maple Pool USDC1,8821784.11866066
2025-09-20,Altcoin Lending,12098835.835000025
2025-09-20,High Yield Secured Lending Maple Pool USDC1,86214712.89052296
2025-09-21,Syrup USDC,1140379840.77846
2025-09-21,Maple Direct USDC1,40144538.31397599
2025-09-21,High Yield Corporate Loan Maple Pool WETH1,5949265.49878011
2025-09-21,High Yield Secured Lending Maple Pool USDC1,86248600.9734
2025-09-21,Altcoin Lending,11985555.085000025
2025-09-21,AQRU Maple Pool USDC1,7570925.25443349
2025-09-21,Syrup USDT,262061884.72116297
2025-09-21,Opportunistic High Yield Maple Pool USDC1,8824252.64234284
2025-09-22,High Yield Corporate Loan Maple Pool WETH1,5587729.06296814
2025-09-22,High Yield Secured Lending Maple Pool USDC1,86498325.14523304
2025-09-22,Opportunistic High Yield Maple Pool USDC1,8826721.16602502
2025-09-22,Syrup USDT,262611960.980337
2025-09-22,Maple Direct USDC1,40151742.085894
2025-09-22,Syrup USDC,1135915172.35582
2025-09-22,Altcoin Lending,11080316.024999974
2025-09-22,AQRU Maple Pool USDC1,7574192.05125446
2025-09-23,Syrup USDC,1132910215.89709
2025-09-23,Maple Direct USDC1,40158945.85781202
2025-09-23,AQRU Maple Pool USDC1,7577458.84807543
2025-09-23,Syrup USDT,261492366.685919
2025-09-23,High Yield Corporate Loan Maple Pool WETH1,5572033.31715616
2025-09-23,Altcoin Lending,10841167.775000025
2025-09-23,Opportunistic High Yield Maple Pool USDC1,8829189.6897072
2025-09-23,High Yield Secured Lending Maple Pool USDC1,86656940.88163692
2025-09-24,High Yield Corporate Loan Maple Pool WETH1,5536752.55134419
2025-09-24,AQRU Maple Pool USDC1,7580725.64489639
2025-09-24,High Yield Secured Lending Maple Pool USDC1,86643745.91815698
2025-09-24,Syrup USDT,260610069.641203
2025-09-24,Opportunistic High Yield Maple Pool USDC1,8831658.21338938
2025-09-24,Syrup USDC,1140271555.23407
2025-09-24,Altcoin Lending,10664953.275000025
2025-09-24,Maple Direct USDC1,40187149.629730016
2025-09-25,Altcoin Lending,9804019.574999996
2025-09-25,Opportunistic High Yield Maple Pool USDC1,8834126.73707157
2025-09-25,Syrup USDC,1144478335.2954998
2025-09-25,Syrup USDT,274153365.33321
2025-09-25,Maple Direct USDC1,40194353.401648
2025-09-25,High Yield Corporate Loan Maple Pool WETH1,5190299.36553221
2025-09-25,High Yield Secured Lending Maple Pool USDC1,85138872.57060897
2025-09-25,AQRU Maple Pool USDC1,7583992.44171736
2025-09-26,High Yield Corporate Loan Maple Pool WETH1,5367801.81972024
2025-09-26,High Yield Secured Lending Maple Pool USDC1,85110665.72003597
2025-09-26,Opportunistic High Yield Maple Pool USDC1,8836595.26075375
2025-09-26,AQRU Maple Pool USDC1,7587259.23853833
2025-09-26,Syrup USDT,275964192.210143
2025-09-26,Maple Direct USDC1,40201557.17356601
2025-09-26,Syrup USDC,1139923402.55847
2025-09-26,Altcoin Lending,10252359.610000024
2025-09-27,Maple Direct USDC1,40208760.94548401
2025-09-27,Syrup USDC,1133321272.9346402
2025-09-27,Opportunistic High Yield Maple Pool USDC1,8839063.78443593
2025-09-27,High Yield Corporate Loan Maple Pool WETH1,5363058.83390826
2025-09-27,Syrup USDT,279070405.312365
2025-09-27,High Yield Secured Lending Maple Pool USDC1,85123035.52416801
2025-09-27,AQRU Maple Pool USDC1,7590526.03535929
2025-09-27,Altcoin Lending,10269981.059999974
2025-09-28,Maple Direct USDC1,40215963.716878
2025-09-28,Opportunistic High Yield Maple Pool USDC1,8841531.9652676
2025-09-28,AQRU Maple Pool USDC1,7593792.37845848
2025-09-28,Altcoin Lending,10553182.935000025
2025-09-28,High Yield Secured Lending Maple Pool USDC1,85140186.78892303
2025-09-28,Syrup USDC,1134171443.12904
2025-09-28,High Yield Corporate Loan Maple Pool WETH1,5506973.66516932
2025-09-28,Syrup USDT,279247741.676821
2025-09-29,Maple Direct USDC1,40223168.48932001
2025-09-29,AQRU Maple Pool USDC1,7597059.62900123
2025-09-29,High Yield Secured Lending Maple Pool USDC1,85251370.09466004
2025-09-29,Syrup USDT,281826706.993123
2025-09-29,Opportunistic High Yield Maple Pool USDC1,8844000.83180029
2025-09-29,Syrup USDC,1136451991.4352899
2025-09-29,Altcoin Lending,10760612.575000025
2025-09-29,High Yield Corporate Loan Maple Pool WETH1,5634843.98228431
2025-09-30,Maple Direct USDC1,40230209.801145
2025-09-30,AQRU Maple Pool USDC1,7600326.42582219
2025-09-30,High Yield Secured Lending Maple Pool USDC1,85586641.279639
2025-09-30,Syrup USDT,282607104.00788903
2025-09-30,High Yield Corporate Loan Maple Pool WETH1,5518982.19647234
2025-09-30,Altcoin Lending,10475648.554999975
2025-09-30,Syrup USDC,1132944871.8054001
2025-09-30,Opportunistic High Yield Maple Pool USDC1,8846469.35548248
2025-10-01,AQRU Maple Pool USDC1,7603593.22264316
2025-10-01,High Yield Corporate Loan Maple Pool WETH1,5750883.80066036
2025-10-01,Syrup USDC,1134021795.6225898
2025-10-01,Maple Direct USDC1,39734610.705874994
2025-10-01,Syrup USDT,284822143.88339996
2025-10-01,High Yield Secured Lending Maple Pool USDC1,77457279.14572799
2025-10-01,Opportunistic High Yield Maple Pool USDC1,8848937.87916466
2025-10-01,Altcoin Lending,11061687.635000026
2025-10-02,High Yield Corporate Loan Maple Pool WETH1,5952393.48484839
2025-10-02,Opportunistic High Yield Maple Pool USDC1,8851406.40284684
2025-10-02,Syrup USDC,1128131950.9943497
2025-10-02,Altcoin Lending,11746155.099999975
2025-10-02,High Yield Secured Lending Maple Pool USDC1,77515694.32416105
2025-10-02,Syrup USDT,294868059.02645105
2025-10-02,AQRU Maple Pool USDC1,7606860.01946413
2025-10-02,Maple Direct USDC1,39741814.47779402
2025-10-03,Opportunistic High Yield Maple Pool USDC1,8853874.92652902
2025-10-03,Syrup USDT,351803682.62103593
2025-10-03,Altcoin Lending,11745399.895000024
2025-10-03,High Yield Secured Lending Maple Pool USDC1,77906374.28780597
2025-10-03,AQRU Maple Pool USDC1,7610126.81628509
2025-10-03,Maple Direct USDC1,39749022.89440301
2025-10-03,High Yield Corporate Loan Maple Pool WETH1,6036724.54903641
2025-10-03,Syrup USDC,1143995257.6088598
2025-10-04,Maple Direct USDC1,39756262.62522602
2025-10-04,High Yield Secured Lending Maple Pool USDC1,77907203.90207899
2025-10-04,AQRU Maple Pool USDC1,7613393.61310606
2025-10-04,High Yield Corporate Loan Maple Pool WETH1,5985724.05322444
2025-10-04,Opportunistic High Yield Maple Pool USDC1,8856343.4502112
2025-10-04,Syrup USDT,413900262.060592
2025-10-04,Altcoin Lending,11472519.154999975
2025-10-04,Syrup USDC,1136342658.2553
2025-10-05,High Yield Secured Lending Maple Pool USDC1,77930422.35049194
2025-10-05,Altcoin Lending,11497440.919999976
2025-10-05,AQRU Maple Pool USDC1,7616660.40992703
2025-10-05,Opportunistic High Yield Maple Pool USDC1,8858811.97389339
2025-10-05,Syrup USDC,1140323451.50839
2025-10-05,Syrup USDT,418615359.60283893
2025-10-05,High Yield Corporate Loan Maple Pool WETH1,6015032.74741246
2025-10-05,Maple Direct USDC1,39763502.35604799
2025-10-06,Altcoin Lending,11813368.345000025
2025-10-06,AQRU Maple Pool USDC1,7619927.20674799
2025-10-06,Syrup USDC,1141820238.3137398
2025-10-06,Syrup USDT,424743101.49636
2025-10-06,High Yield Corporate Loan Maple Pool WETH1,6261321.45160049
2025-10-06,Maple Direct USDC1,39512564.34263399
2025-10-06,High Yield Secured Lending Maple Pool USDC1,77851034.626611
2025-10-06,Opportunistic High Yield Maple Pool USDC1,8861280.49757571
2025-10-07,High Yield Corporate Loan Maple Pool WETH1,5997033.85578852
2025-10-07,High Yield Secured Lending Maple Pool USDC1,78069639.42823505
2025-10-07,Opportunistic High Yield Maple Pool USDC1,8863749.0212579
2025-10-07,AQRU Maple Pool USDC1,7623194.00356896
2025-10-07,Altcoin Lending,11206183.524999976
2025-10-07,Syrup USDT,437379053.408852
2025-10-07,Maple Direct USDC1,39519804.073454976
2025-10-07,Syrup USDC,1137244698.78424
2025-10-08,AQRU Maple Pool USDC1,7626460.80038993
2025-10-08,Maple Direct USDC1,39527043.80427799
2025-10-08,High Yield Corporate Loan Maple Pool WETH1,6028112.75997654
2025-10-08,Altcoin Lending,11513551.960000025
2025-10-08,Syrup USDC,1145743428.3253698
2025-10-08,Syrup USDT,438762833.663236
2025-10-08,High Yield Secured Lending Maple Pool USDC1,78208693.65289408
2025-10-08,Opportunistic High Yield Maple Pool USDC1,8866217.54494008
2025-10-09,Syrup USDT,453533531.45807505
2025-10-09,High Yield Secured Lending Maple Pool USDC1,78229446.93752992
2025-10-09,Maple Direct USDC1,39534283.535099
2025-10-09,High Yield Corporate Loan Maple Pool WETH1,5839413.79416457
2025-10-09,Opportunistic High Yield Maple Pool USDC1,8868686.06862226
2025-10-09,AQRU Maple Pool USDC1,7629727.5972109
2025-10-09,Altcoin Lending,11146270.595000027
2025-10-09,Syrup USDC,1155987944.76531
2025-10-10,Syrup USDC,1140694201.60414
2025-10-10,Opportunistic High Yield Maple Pool USDC1,8871154.59230444
2025-10-10,Syrup USDT,462073417.848729
2025-10-10,Maple Direct USDC1,39541523.26592101
2025-10-10,High Yield Secured Lending Maple Pool USDC1,78241816.74166298
2025-10-10,AQRU Maple Pool USDC1,7632994.39403187
2025-10-10,High Yield Corporate Loan Maple Pool WETH1,5157701.39835259
2025-10-10,Altcoin Lending,9624784.255
2025-10-11,High Yield Secured Lending Maple Pool USDC1,78263972.22978902
2025-10-11,High Yield Corporate Loan Maple Pool WETH1,5001224.23254062
2025-10-11,Opportunistic High Yield Maple Pool USDC1,8873623.11598662
2025-10-11,Altcoin Lending,8948120.574999996
2025-10-11,AQRU Maple Pool USDC1,7636261.19085283
2025-10-11,Syrup USDT,436789177.272603
2025-10-11,Maple Direct USDC1,39548762.99674301
2025-10-11,Syrup USDC,1110757620.01658
2025-10-12,Altcoin Lending,9941215.149999995
2025-10-12,High Yield Secured Lending Maple Pool USDC1,78289776.05380899
2025-10-12,AQRU Maple Pool USDC1,7639527.9876738
2025-10-12,Syrup USDT,433271286.47043
2025-10-12,High Yield Corporate Loan Maple Pool WETH1,5518805.90672864
2025-10-12,Opportunistic High Yield Maple Pool USDC1,8876091.63966881
2025-10-12,Syrup USDC,1118507007.24159
2025-10-12,Maple Direct USDC1,39556002.72756499
2025-10-13,Altcoin Lending,10502835.934999999
2025-10-13,High Yield Secured Lending Maple Pool USDC1,75088269.78922898
2025-10-13,Syrup USDT,430152092.475223
2025-10-13,Opportunistic High Yield Maple Pool USDC1,8878560.16335099
2025-10-13,AQRU Maple Pool USDC1,7642794.78449477
2025-10-13,High Yield Corporate Loan Maple Pool WETH1,5700856.54091667
2025-10-13,Maple Direct USDC1,29141061.928602993
2025-10-13,Syrup USDC,1146564735.90664
2025-10-14,Maple Direct USDC1,29146323.919697985
2025-10-14,High Yield Secured Lending Maple Pool USDC1,75193748.22310102
2025-10-14,Syrup USDT,424687735.78990394
2025-10-14,High Yield Corporate Loan Maple Pool WETH1,5496192.53510469
2025-10-14,AQRU Maple Pool USDC1,7646055.13108554
2025-10-14,Altcoin Lending,10146379.175000025
2025-10-14,Syrup USDC,1161736408.8271
2025-10-14,Opportunistic High Yield Maple Pool USDC1,8881028.68539707
2025-10-15,Maple Direct USDC1,29151585.91079399
2025-10-15,High Yield Corporate Loan Maple Pool WETH1,5287603.56929272
2025-10-15,Opportunistic High Yield Maple Pool USDC1,8883497.20594557
2025-10-15,High Yield Secured Lending Maple Pool USDC1,75219800.29393297
2025-10-15,AQRU Maple Pool USDC1,7628916.01186547
2025-10-15,Syrup USDC,1185489435.7173703
2025-10-15,Syrup USDT,422354284.975179
2025-10-15,Altcoin Lending,9736806.329999994
2025-10-16,Syrup USDT,419399807.69921106
2025-10-16,AQRU Maple Pool USDC1,7493170.5492204
2025-10-16,Maple Direct USDC1,29156847.901892006
2025-10-16,Altcoin Lending,9216218.350000005
2025-10-16,High Yield Secured Lending Maple Pool USDC1,67725445.80900705
2025-10-16,Opportunistic High Yield Maple Pool USDC1,8885965.7264935
2025-10-16,Syrup USDC,1228033501.53425
2025-10-16,High Yield Corporate Loan Maple Pool WETH1,5158866.32348074
2025-10-17,Altcoin Lending,9265306.675000004
2025-10-17,Opportunistic High Yield Maple Pool USDC1,8888434.24704144
2025-10-17,Syrup USDT,398562849.864721
2025-10-17,Maple Direct USDC1,30162109.892987996
2025-10-17,Syrup USDC,1228008068.8439898
2025-10-17,AQRU Maple Pool USDC1,7490555.42966234
2025-10-17,High Yield Corporate Loan Maple Pool WETH1,5145981.69766877
2025-10-17,High Yield Secured Lending Maple Pool USDC1,68931614.32766604
2025-10-18,Maple Direct USDC1,30167371.884083986
2025-10-18,AQRU Maple Pool USDC1,7475185.04118627
2025-10-18,High Yield Corporate Loan Maple Pool WETH1,5188258.67185679
2025-10-18,Altcoin Lending,9433717.389999995
2025-10-18,High Yield Secured Lending Maple Pool USDC1,69506573.67649299
2025-10-18,Opportunistic High Yield Maple Pool USDC1,8890902.76758938
2025-10-18,Syrup USDT,403268183.27743506
2025-10-18,Syrup USDC,1236124290.8480499
2025-10-19,Syrup USDT,406734791.97296697
2025-10-19,Syrup USDC,1250052185.034
2025-10-19,High Yield Corporate Loan Maple Pool WETH1,5366066.10604482
2025-10-19,Opportunistic High Yield Maple Pool USDC1,8893371.28813732
2025-10-19,Maple Direct USDC1,30172633.87517999
2025-10-19,High Yield Secured Lending Maple Pool USDC1,69684805.14458
2025-10-19,AQRU Maple Pool USDC1,7478431.7681442
2025-10-19,Altcoin Lending,9558326.214999996
2025-10-20,High Yield Secured Lending Maple Pool USDC1,69700105.98552704
2025-10-20,Altcoin Lending,9607918.01
2025-10-20,AQRU Maple Pool USDC1,7481678.49510214
2025-10-20,Maple Direct USDC1,30177895.866275012
2025-10-20,Syrup USDC,1260982476.0549102
2025-10-20,High Yield Corporate Loan Maple Pool WETH1,5326210.64023285
2025-10-20,Opportunistic High Yield Maple Pool USDC1,8895839.80868525
2025-10-20,Syrup USDT,427846676.669975
2025-10-21,AQRU Maple Pool USDC1,7484925.22206007
2025-10-21,High Yield Secured Lending Maple Pool USDC1,68963572.897847
2025-10-21,High Yield Corporate Loan Maple Pool WETH1,5209937.79442087
2025-10-21,Maple Direct USDC1,30183157.857372
2025-10-21,Opportunistic High Yield Maple Pool USDC1,8898308.32923319
2025-10-21,Syrup USDC,1285256097.9001102
2025-10-21,Syrup USDT,444974396.50325894
2025-10-21,Altcoin Lending,9493882.054999994
2025-10-22,Opportunistic High Yield Maple Pool USDC1,8900776.84978113
2025-10-22,Altcoin Lending,9008536.975000005
2025-10-22,Maple Direct USDC1,29087999.199935004
2025-10-22,AQRU Maple Pool USDC1,7488171.949018
2025-10-22,Syrup USDC,1311252893.85854
2025-10-22,High Yield Secured Lending Maple Pool USDC1,68861240.77060097
2025-10-22,High Yield Corporate Loan Maple Pool WETH1,5010683.8686089
2025-10-22,Syrup USDT,501050989.48079103
2025-10-23,AQRU Maple Pool USDC1,7491418.67597594
2025-10-23,Syrup USDT,561105710.3558629
2025-10-23,Syrup USDC,1310641648.62578
2025-10-23,Opportunistic High Yield Maple Pool USDC1,8903245.37032907
2025-10-23,Maple Direct USDC1,29093261.186235994
2025-10-23,High Yield Secured Lending Maple Pool USDC1,69705695.62875402
2025-10-23,Altcoin Lending,9591051.765000004
2025-10-23,High Yield Corporate Loan Maple Pool WETH1,5144004.00279692
2025-10-24,Altcoin Lending,9760469.420000004
2025-10-24,Syrup USDT,560466851.2027159
2025-10-24,AQRU Maple Pool USDC1,7494665.40293387
2025-10-24,Opportunistic High Yield Maple Pool USDC1,8905713.890877
2025-10-24,Syrup USDC,1317939152.5566301
2025-10-24,Maple Direct USDC1,29098523.172537
2025-10-24,High Yield Corporate Loan Maple Pool WETH1,5254874.95698495
2025-10-24,High Yield Secured Lending Maple Pool USDC1,69728219.88973802
2025-10-25,Syrup USDT,560446903.5839691
2025-10-25,Syrup USDC,1316107830.08659
2025-10-25,AQRU Maple Pool USDC1,7497912.1298918
2025-10-25,Altcoin Lending,9794957.115
2025-10-25,Maple Direct USDC1,29103785.158839002
2025-10-25,High Yield Corporate Loan Maple Pool WETH1,5289295.38117297
2025-10-25,High Yield Secured Lending Maple Pool USDC1,69742791.82329404
2025-10-25,Opportunistic High Yield Maple Pool USDC1,8908182.41142494
2025-10-26,Opportunistic High Yield Maple Pool USDC1,8910650.93197288
2025-10-26,Syrup USDC,1319021441.0192
2025-10-26,Maple Direct USDC1,29109047.145138994
2025-10-26,High Yield Secured Lending Maple Pool USDC1,69745525.03346997
2025-10-26,Altcoin Lending,10081683.280000025
2025-10-26,High Yield Corporate Loan Maple Pool WETH1,5552828.715361
2025-10-26,Syrup USDT,557929644.023703
2025-10-26,AQRU Maple Pool USDC1,7501158.85684974
2025-10-27,Opportunistic High Yield Maple Pool USDC1,8913119.45252082
2025-10-27,Syrup USDT,566777264.7295539
2025-10-27,Maple Direct USDC1,29114309.131440997
2025-10-27,High Yield Secured Lending Maple Pool USDC1,69768127.54148
2025-10-27,Syrup USDC,1321123579.3014898
2025-10-27,High Yield Corporate Loan Maple Pool WETH1,5503571.90954902
2025-10-27,Altcoin Lending,9983254.894999996
2025-10-27,AQRU Maple Pool USDC1,7504405.58380767
2025-10-28,Altcoin Lending,9816606.325
2025-10-28,Maple Direct USDC1,29119596.880041987
2025-10-28,Syrup USDT,668570424.7120218
2025-10-28,High Yield Corporate Loan Maple Pool WETH1,5335326.49373705
2025-10-28,Syrup USDC,1342206836.6653
2025-10-28,AQRU Maple Pool USDC1,7507652.3107656
2025-10-28,High Yield Secured Lending Maple Pool USDC1,69996644.25272
2025-10-29,High Yield Secured Lending Maple Pool USDC1,74203345.31472903
2025-10-29,Altcoin Lending,9839262.475000003
2025-10-29,Syrup USDC,1337287840.3042498
2025-10-29,AQRU Maple Pool USDC1,7510899.03772354
2025-10-29,Syrup USDT,731147141.0671799
2025-10-29,High Yield Corporate Loan Maple Pool WETH1,5262241.46792507
2025-10-29,Maple Direct USDC1,29124858.866344005
2025-10-30,Maple Direct USDC1,29130068.294742003
2025-10-30,Syrup USDT,723786319.0917141
2025-10-30,Altcoin Lending,9247685.225000005
2025-10-30,AQRU Maple Pool USDC1,7514145.76468147
2025-10-30,High Yield Corporate Loan Maple Pool WETH1,5050907.6821131
2025-10-30,High Yield Secured Lending Maple Pool USDC1,74391419.96020895
2025-10-30,Syrup USDC,1340830578.2940202
2025-10-31,Altcoin Lending,9424654.930000003
2025-10-31,High Yield Corporate Loan Maple Pool WETH1,5147179.37630112
2025-10-31,High Yield Secured Lending Maple Pool USDC1,74877371.15871203
2025-10-31,Syrup USDC,1332042946.15527
2025-10-31,Maple Direct USDC1,29134984.871133998
2025-10-31,AQRU Maple Pool USDC1,7517392.4916394
2025-10-31,Syrup USDT,725773575.8806231
2025-11-01,Altcoin Lending,9368014.554999996
2025-11-01,AQRU Maple Pool USDC1,7520639.21859734
2025-11-01,Maple Direct USDC1,29209905.247846007
2025-11-01,High Yield Corporate Loan Maple Pool WETH1,5173451.53048915
2025-11-01,High Yield Secured Lending Maple Pool USDC1,75599895.36776602
2025-11-01,Syrup USDT,724388513.473951
2025-11-01,Syrup USDC,1323004636.4796999
2025-11-02,High Yield Corporate Loan Maple Pool WETH1,5146749.98467717
2025-11-02,Syrup USDT,726783254.4362681
2025-11-02,Altcoin Lending,9306591.214999994
2025-11-02,Syrup USDC,1315107552.51069
2025-11-02,Maple Direct USDC1,29214825.624557987
2025-11-02,AQRU Maple Pool USDC1,7523885.94555527
2025-11-02,High Yield Secured Lending Maple Pool USDC1,75866780.05842501
2025-11-03,Syrup USDT,725637258.8892411
2025-11-03,Altcoin Lending,8343453.105
2025-11-03,AQRU Maple Pool USDC1,7527132.6725132
2025-11-03,High Yield Corporate Loan Maple Pool WETH1,4797021.5788652
2025-11-03,High Yield Secured Lending Maple Pool USDC1,79290646.36442202
2025-11-03,Maple Direct USDC1,27536745.45017101
2025-11-03,Syrup USDC,1321752338.3859198
2025-11-04,AQRU Maple Pool USDC1,7530379.39947114
2025-11-04,Altcoin Lending,7806502.350000005
2025-11-04,Maple Direct USDC1,27541665.82688339
2025-11-04,Syrup USDC,1232490587.8098302
2025-11-04,Syrup USDT,706410373.7137101
2025-11-04,High Yield Corporate Loan Maple Pool WETH1,4327800.68305323
2025-11-04,High Yield Secured Lending Maple Pool USDC1,81305287.74865496
2025-11-05,Syrup USDT,682608879.039442
2025-11-05,High Yield Corporate Loan Maple Pool WETH1,4580009.97724125
2025-11-05,Altcoin Lending,8196943.334999995
2025-11-05,Syrup USDC,1201799885.7429101
2025-11-05,Maple Direct USDC1,27546586.2035964
2025-11-05,High Yield Secured Lending Maple Pool USDC1,81544769.50941896
2025-11-05,AQRU Maple Pool USDC1,7533626.12642907
2025-11-06,Maple Direct USDC1,27551506.580308408
2025-11-06,High Yield Corporate Loan Maple Pool WETH1,4439013.86142928
2025-11-06,Syrup USDC,1197905710.4354303
2025-11-06,High Yield Secured Lending Maple Pool USDC1,82432570.33277196
2025-11-06,AQRU Maple Pool USDC1,7536872.853387
2025-11-06,Altcoin Lending,7832934.524999996
2025-11-06,Syrup USDT,671320452.1412868
2025-11-07,High Yield Secured Lending Maple Pool USDC1,84432622.95277101
2025-11-07,Syrup USDC,1187328681.0965002
2025-11-07,Maple Direct USDC1,27556426.95702061
2025-11-07,Altcoin Lending,8214816.519999996
2025-11-07,High Yield Corporate Loan Maple Pool WETH1,4606796.7356173
2025-11-07,AQRU Maple Pool USDC1,7540119.58034494
2025-11-07,Syrup USDT,665753362.018316
2025-11-08,High Yield Secured Lending Maple Pool USDC1,84452260.42255598
2025-11-08,Maple Direct USDC1,27561347.333732396
2025-11-08,Syrup USDT,663894674.8043039
2025-11-08,High Yield Corporate Loan Maple Pool WETH1,4559767.60980533
2025-11-08,Syrup USDC,1184048362.1264298
2025-11-08,AQRU Maple Pool USDC1,7543366.30730287
2025-11-08,Altcoin Lending,7954774.265000005
2025-11-09,Syrup USDC,1180032906.3528101
2025-11-09,High Yield Corporate Loan Maple Pool WETH1,4796170.98399335
2025-11-09,AQRU Maple Pool USDC1,7546613.0342608
2025-11-09,High Yield Secured Lending Maple Pool USDC1,85233381.45753902
2025-11-09,Altcoin Lending,8328097.27
2025-11-09,Syrup USDT,659780947.4288049
2025-11-09,Maple Direct USDC1,27566267.710445
2025-11-10,Maple Direct USDC1,28021452.657169
2025-11-10,AQRU Maple Pool USDC1,7549859.76121874
2025-11-10,Syrup USDT,659431610.5810759
2025-11-10,High Yield Secured Lending Maple Pool USDC1,87008992.41382599
2025-11-10,Altcoin Lending,8442133.225000005
2025-11-10,High Yield Corporate Loan Maple Pool WETH1,4779566.92818138
2025-11-10,Syrup USDC,1209670889.9095898
2025-11-11,Maple Direct USDC1,27592447.435478806
2025-11-11,Syrup USDC,1218242196.85575
2025-11-11,High Yield Corporate Loan Maple Pool WETH1,4587082.2323694
2025-11-11,AQRU Maple Pool USDC1,7553106.48817667
2025-11-11,Altcoin Lending,7891337.045
2025-11-11,Syrup USDT,665907693.4467219
2025-11-11,High Yield Secured Lending Maple Pool USDC1,87914167.049348
2025-11-12,Syrup USDT,715961188.075215
2025-11-12,Syrup USDC,1223031810.67608
2025-11-12,Altcoin Lending,7745834.214999995
2025-11-12,High Yield Corporate Loan Maple Pool WETH1,4577234.14655743
2025-11-12,AQRU Maple Pool USDC1,7556353.2151346
2025-11-12,High Yield Secured Lending Maple Pool USDC1,88419564.09345597
2025-11-12,Maple Direct USDC1,27588068.4229313
2025-11-13,Altcoin Lending,7274334.560000004
2025-11-13,High Yield Corporate Loan Maple Pool WETH1,4319424.06074545
2025-11-13,AQRU Maple Pool USDC1,7559599.94209254
2025-11-13,Syrup USDT,714362315.741363
2025-11-13,Syrup USDC,1222123830.21498
2025-11-13,Maple Direct USDC1,27592988.799643308
2025-11-13,High Yield Secured Lending Maple Pool USDC1,91087691.890989
2025-11-14,Maple Direct USDC1,27597909.176356703
2025-11-14,Syrup USDT,718792786.790509
2025-11-14,Syrup USDC,1208045557.8715398
2025-11-14,Altcoin Lending,7054066.434999995
2025-11-14,High Yield Secured Lending Maple Pool USDC1,91965707.44927901
2025-11-14,High Yield Corporate Loan Maple Pool WETH1,4226628.04493348
2025-11-14,AQRU Maple Pool USDC1,7498434.74309877
2025-11-15,High Yield Secured Lending Maple Pool USDC1,91998259.37961298
2025-11-15,Maple Direct USDC1,27602829.553068697
2025-11-15,AQRU Maple Pool USDC1,7460461.35072043
2025-11-15,Altcoin Lending,7038458.864999995
2025-11-15,Syrup USDT,720639905.107463
2025-11-15,Syrup USDC,1205367641.70146
2025-11-15,High Yield Corporate Loan Maple Pool WETH1,4244420.4291215
2025-11-16,High Yield Corporate Loan Maple Pool WETH1,4137025.15330953
2025-11-16,Syrup USDT,718656075.9044409
2025-11-16,AQRU Maple Pool USDC1,7455986.6820291
2025-11-16,Syrup USDC,1207068499.71505
2025-11-16,High Yield Secured Lending Maple Pool USDC1,92018409.79786104
2025-11-16,Altcoin Lending,6907104.929999995
2025-11-16,Maple Direct USDC1,27607749.929781705
2025-11-17,High Yield Secured Lending Maple Pool USDC1,92490195.09419203
2025-11-17,Altcoin Lending,
2025-11-17,Syrup USDC,1201816043.0023098
2025-11-17,High Yield Corporate Loan Maple Pool WETH1,4046456.81749755
2025-11-17,Maple Direct USDC1,27742029.069104195
2025-11-17,AQRU Maple Pool USDC1,7438799.77963177
2025-11-17,Syrup USDT,592068599.4901671
2025-11-18,Syrup USDT,603133785.166636
2025-11-18,Altcoin Lending,
2025-11-18,Maple Direct USDC1,27746949.445816904
2025-11-18,High Yield Secured Lending Maple Pool USDC1,92508188.651142
2025-11-18,High Yield Corporate Loan Maple Pool WETH1,4185969.37168558
2025-11-18,Syrup USDC,1268208927.24712
2025-11-18,AQRU Maple Pool USDC1,7434360.80111543
2025-11-19,High Yield Secured Lending Maple Pool USDC1,91737262.21250504
2025-11-19,Syrup USDC,1296830284.5564802
2025-11-19,Maple Direct USDC1,27751869.822529495
2025-11-19,AQRU Maple Pool USDC1,7437588.3308131
2025-11-19,Altcoin Lending,
2025-11-19,High Yield Corporate Loan Maple Pool WETH1,3997475.93587361
2025-11-19,Syrup USDT,647082205.865356
2025-11-20,High Yield Secured Lending Maple Pool USDC1,87392481.53325897
2025-11-20,Syrup USDT,641053446.925072
2025-11-20,Altcoin Lending,
2025-11-20,High Yield Corporate Loan Maple Pool WETH1,3868022.65006163
2025-11-20,Maple Direct USDC1,27605439.243698493
2025-11-20,AQRU Maple Pool USDC1,7440815.86051077
2025-11-20,Syrup USDC,1301998394.92759
2025-11-21,Altcoin Lending,
2025-11-21,Maple Direct USDC1,27610359.620410696
2025-11-21,AQRU Maple Pool USDC1,7444043.39020843
2025-11-21,High Yield Corporate Loan Maple Pool WETH1,3651510.83424966
2025-11-21,Syrup USDC,1293932061.08822
2025-11-21,High Yield Secured Lending Maple Pool USDC1,99647925.77336001
2025-11-21,Syrup USDT,470073502.442681
2025-11-22,Syrup USDT,416030107.84626305
2025-11-22,Altcoin Lending,
2025-11-22,High Yield Corporate Loan Maple Pool WETH1,3741232.08843768
2025-11-22,Syrup USDC,1292501657.47607
2025-11-22,High Yield Secured Lending Maple Pool USDC1,99654822.92939997
2025-11-22,AQRU Maple Pool USDC1,7447270.9199061
2025-11-22,Maple Direct USDC1,27615279.9971226
2025-11-23,Altcoin Lending,
2025-11-23,High Yield Secured Lending Maple Pool USDC1,99652190.55533004
2025-11-23,Maple Direct USDC1,27620200.373835206
2025-11-23,AQRU Maple Pool USDC1,7450498.44960377
2025-11-23,Syrup USDT,416966502.69955
2025-11-23,High Yield Corporate Loan Maple Pool WETH1,3805441.10262571
2025-11-23,Syrup USDC,1292627367.0938098
2025-11-24,AQRU Maple Pool USDC1,7453725.97930143
2025-11-24,Syrup USDT,438427268.616147
2025-11-24,Maple Direct USDC1,27625120.750547603
2025-11-24,Altcoin Lending,
2025-11-24,High Yield Secured Lending Maple Pool USDC1,99820547.708264
2025-11-24,Syrup USDC,1322127760.05599
2025-11-25,High Yield Secured Lending Maple Pool USDC1,88403473.29707599
2025-11-25,Syrup USDT,468777510.619403
2025-11-25,Syrup USDC,1357807789.35988
2025-11-25,AQRU Maple Pool USDC1,7456953.5089991
2025-11-26,Syrup USDC,1355019775.5021
2025-11-26,High Yield Secured Lending Maple Pool USDC1,84526739.26335001
2025-11-26,Syrup USDT,468077829.01786095
2025-11-26,AQRU Maple Pool USDC1,7460181.03869676
2025-11-27,Syrup USDC,1345149247.16453
2025-11-27,Syrup USDT,509022919.72595304
2025-11-27,AQRU Maple Pool USDC1,7463408.56839443
2025-11-27,High Yield Secured Lending Maple Pool USDC1,84540069.870264
2025-11-28,Syrup USDC,1368929090.20808
2025-11-28,AQRU Maple Pool USDC1,7466636.0980921
2025-11-28,High Yield Secured Lending Maple Pool USDC1,85666207.961106
2025-11-28,Syrup USDT,515380499.676713
2025-11-29,Syrup USDT,516213421.52512604
2025-11-29,Syrup USDC,1372201776.33221
2025-11-29,High Yield Secured Lending Maple Pool USDC1,85697521.084409
2025-11-29,AQRU Maple Pool USDC1,7469863.62778977
2025-11-30,AQRU Maple Pool USDC1,7473091.15748743
2025-11-30,Syrup USDC,1366408181.5844302
2025-11-30,High Yield Secured Lending Maple Pool USDC1,85739051.030684
2025-11-30,Syrup USDT,519315522.90890604
2025-12-01,Syrup USDT,563460670.23935
2025-12-01,High Yield Secured Lending Maple Pool USDC1,84789829.76345998
2025-12-01,Syrup USDC,1392306534.9929297
2025-12-01,AQRU Maple Pool USDC1,7476318.6871851
2025-12-02,Syrup USDC,1393667009.9196398
2025-12-02,AQRU Maple Pool USDC1,7479546.21688277
2025-12-02,Syrup USDT,573672655.346738
2025-12-02,High Yield Secured Lending Maple Pool USDC1,85204121.91028297
2025-12-03,AQRU Maple Pool USDC1,7482773.74658105
2025-12-03,High Yield Secured Lending Maple Pool USDC1,86775283.26254499
2025-12-03,Syrup USDT,649153291.2953179
2025-12-03,Syrup USDC,1435566257.78177
2025-12-04,High Yield Secured Lending Maple Pool USDC1,87274957.27880102
2025-12-04,AQRU Maple Pool USDC1,7486001.27627872
2025-12-04,Syrup USDT,662574683.7016671
2025-12-04,Syrup USDC,1458020249.85998
2025-12-05,Syrup USDC,1482032061.0801003
2025-12-05,High Yield Secured Lending Maple Pool USDC1,87169320.974868
2025-12-05,AQRU Maple Pool USDC1,7489228.80597639
2025-12-05,Syrup USDT,726502366.157775
2025-12-06,High Yield Secured Lending Maple Pool USDC1,87228919.90252799
2025-12-06,AQRU Maple Pool USDC1,7492456.33567405
2025-12-06,Syrup USDC,1484196343.7841203
2025-12-06,Syrup USDT,727623074.8419611
2025-12-07,Syrup USDT,727248717.847459
2025-12-07,AQRU Maple Pool USDC1,7495683.86537172
2025-12-07,Syrup USDC,1483464324.54822
2025-12-07,High Yield Secured Lending Maple Pool USDC1,87274848.229123
2025-12-08,AQRU Maple Pool USDC1,7498911.39506939
2025-12-08,Syrup USDT,731962805.055941
2025-12-08,High Yield Secured Lending Maple Pool USDC1,87722209.03587502
2025-12-08,Syrup USDC,1502851756.9156601
2025-12-09,High Yield Secured Lending Maple Pool USDC1,90083335.92002803
2025-12-09,AQRU Maple Pool USDC1,7502138.92476705
2025-12-09,Syrup USDC,1535690435.48043
2025-12-09,Syrup USDT,786500301.093769
2025-12-10,Syrup USDC,1549282900.8706703
2025-12-10,High Yield Secured Lending Maple Pool USDC1,84521670.56040597
2025-12-10,AQRU Maple Pool USDC1,7505366.45446472
2025-12-10,Syrup USDT,778743231.0458939
2025-12-11,High Yield Secured Lending Maple Pool USDC1,85032198.00803
2025-12-11,AQRU Maple Pool USDC1,7508593.53589437
2025-12-11,Syrup USDT,770376639.697705
2025-12-11,Syrup USDC,1539192676.80575
2025-12-12,Syrup USDC,1580264537.85825
2025-12-12,Syrup USDT,772056448.4823239
2025-12-12,High Yield Secured Lending Maple Pool USDC1,85098381.34335196
2025-12-12,AQRU Maple Pool USDC1,7511821.51386005
2025-12-13,High Yield Secured Lending Maple Pool USDC1,85469329.16772902
2025-12-13,Syrup USDT,772020017.5438049
2025-12-13,Syrup USDC,1594070346.4012902
2025-12-13,AQRU Maple Pool USDC1,7515049.04355772
2025-12-14,Syrup USDC,1597751695.4912298
2025-12-14,Syrup USDT,773902811.704422
2025-12-14,High Yield Secured Lending Maple Pool USDC1,85574314.63963598
2025-12-14,AQRU Maple Pool USDC1,7518276.57325539
2025-12-15,Syrup USDT,773866838.725337
2025-12-15,AQRU Maple Pool USDC1,7503613.61772623
2025-12-15,High Yield Secured Lending Maple Pool USDC1,84848726.09052104
2025-12-15,Syrup USDC,1603600006.31416
2025-12-16,Syrup USDC,1649383859.3175402
2025-12-16,Syrup USDT,774525789.7177709
2025-12-16,AQRU Maple Pool USDC1,7468294.8108769
2025-12-16,High Yield Secured Lending Maple Pool USDC1,84956183.080104
2025-12-17,Syrup USDT,774808585.380039
2025-12-17,High Yield Secured Lending Maple Pool USDC1,84900556.74208301
2025-12-17,Syrup USDC,1653556494.73022
2025-12-17,AQRU Maple Pool USDC1,7412693.64025957
2025-12-18,AQRU Maple Pool USDC1,7415921.16995723
2025-12-18,Syrup USDC,1634284550.3761702
2025-12-18,High Yield Secured Lending Maple Pool USDC1,85849397.03888804
2025-12-18,Syrup USDT,757097795.786238
2025-12-19,High Yield Secured Lending Maple Pool USDC1,86711487.68773103
2025-12-19,Syrup USDC,1636959455.66121
2025-12-19,AQRU Maple Pool USDC1,7419148.6996549
2025-12-19,Syrup USDT,757498936.787663
2025-12-20,Syrup USDC,1638406144.8250299
2025-12-20,High Yield Secured Lending Maple Pool USDC1,86767309.18801898
2025-12-20,Syrup USDT,749692186.397788
2025-12-20,AQRU Maple Pool USDC1,7422376.22935257
2025-12-21,Syrup USDT,748732462.9513429
2025-12-21,Syrup USDC,1628248099.3765402
2025-12-21,High Yield Secured Lending Maple Pool USDC1,86800499.39232296
2025-12-21,AQRU Maple Pool USDC1,7425603.75905023
2025-12-22,Syrup USDT,743844179.855826
2025-12-22,High Yield Secured Lending Maple Pool USDC1,85797665.94219398
2025-12-22,Syrup USDC,1613505124.0403337
2025-12-22,AQRU Maple Pool USDC1,7428831.2887479
2025-12-23,AQRU Maple Pool USDC1,7432058.81844557
2025-12-23,Syrup USDT,659734726.473599
2025-12-23,High Yield Secured Lending Maple Pool USDC1,86776202.43070799
2025-12-23,Syrup USDC,1584647139.3801098
2025-12-24,Syrup USDT,555040160.762743
2025-12-24,High Yield Secured Lending Maple Pool USDC1,87253667.47390199
2025-12-24,AQRU Maple Pool USDC1,7435286.34814323
2025-12-24,Syrup USDC,1596943162.25574
2025-12-25,Syrup USDT,551141321.202837
2025-12-25,AQRU Maple Pool USDC1,7438513.8778409
2025-12-25,High Yield Secured Lending Maple Pool USDC1,87261151.95123297
2025-12-25,Syrup USDC,1592596666.2089899
2025-12-26,High Yield Secured Lending Maple Pool USDC1,87787384.52344501
2025-12-26,Syrup USDC,1465559111.1206698
2025-12-26,Syrup USDT,551408191.62596
2025-12-26,AQRU Maple Pool USDC1,7441741.40753857
2025-12-27,High Yield Secured Lending Maple Pool USDC1,87815603.24896097
2025-12-27,Syrup USDC,1462542130.2966502
2025-12-27,Syrup USDT,551838617.895606
2025-12-27,AQRU Maple Pool USDC1,7444968.93723623
2025-12-28,High Yield Secured Lending Maple Pool USDC1,87898129.38832396
2025-12-28,Syrup USDC,1460498974.6334097
2025-12-28,AQRU Maple Pool USDC1,7448196.4669339
2025-12-28,Syrup USDT,570315402.076163
2025-12-29,High Yield Secured Lending Maple Pool USDC1,87901283.11351097
2025-12-29,Syrup USDT,647824946.98489
2025-12-29,Syrup USDC,1358547971.0087798
2025-12-29,AQRU Maple Pool USDC1,7451423.99663157
2025-12-30,Syrup USDC,1289261550.2321901
2025-12-30,High Yield Secured Lending Maple Pool USDC1,87925688.38193202
2025-12-30,AQRU Maple Pool USDC1,7454651.52632923
2025-12-30,Syrup USDT,679526364.0911281
2025-12-31,Syrup USDC,1312155052.57229
2025-12-31,Syrup USDT,694533281.0209451
2025-12-31,High Yield Secured Lending Maple Pool USDC1,88276196.94663298
2025-12-31,AQRU Maple Pool USDC1,7457879.0560269
2026-01-01,AQRU Maple Pool USDC1,7461106.58572457
2026-01-01,High Yield Secured Lending Maple Pool USDC1,88653244.61879802
2026-01-01,Syrup USDT,696977041.859612
2026-01-01,Syrup USDC,1345645331.93609
2026-01-02,High Yield Secured Lending Maple Pool USDC1,88900935.00610602
2026-01-02,AQRU Maple Pool USDC1,7464334.11542223
2026-01-02,Syrup USDT,714808710.9535639
2026-01-02,Syrup USDC,1370331205.3507202
2026-01-03,AQRU Maple Pool USDC1,7467561.6451199
2026-01-03,High Yield Secured Lending Maple Pool USDC1,88914858.92674398
2026-01-03,Syrup USDT,697364780.428646
2026-01-03,Syrup USDC,1396903835.2272801
2026-01-04,AQRU Maple Pool USDC1,7470789.17481757
2026-01-04,Syrup USDT,696906376.4769452
2026-01-04,Syrup USDC,1416371912.52751
2026-01-04,High Yield Secured Lending Maple Pool USDC1,88931144.522928
2026-01-05,Syrup USDC,1444261905.48067
2026-01-05,High Yield Secured Lending Maple Pool USDC1,91132547.64464802
2026-01-05,AQRU Maple Pool USDC1,7474016.70451523
2026-01-05,Syrup USDT,716015564.707047
2026-01-06,AQRU Maple Pool USDC1,7477244.2342129
2026-01-06,High Yield Secured Lending Maple Pool USDC1,91358105.89363003
2026-01-06,Syrup USDT,690201612.934297
2026-01-06,Syrup USDC,1485341791.1696298
2026-01-07,High Yield Secured Lending Maple Pool USDC1,92281637.16284305
2026-01-07,Syrup USDT,652471487.9719129
2026-01-07,AQRU Maple Pool USDC1,7480471.76391057
2026-01-07,Syrup USDC,1502485964.39784
2026-01-08,Syrup USDC,1497373880.6527002
2026-01-08,High Yield Secured Lending Maple Pool USDC1,92249362.377635
2026-01-08,AQRU Maple Pool USDC1,7483699.29360823
2026-01-08,Syrup USDT,685768939.157064
2026-01-09,Syrup USDT,652780520.135582
2026-01-09,High Yield Secured Lending Maple Pool USDC1,92243373.47189796
2026-01-09,AQRU Maple Pool USDC1,7486926.8233059
2026-01-09,Syrup USDC,1405930457.3574498
2026-01-10,High Yield Secured Lending Maple Pool USDC1,92260108.18248099
2026-01-10,Syrup USDC,1397146498.0206802
2026-01-10,Syrup USDT,651634329.3079871
2026-01-10,AQRU Maple Pool USDC1,7490154.35300357
2026-01-11,AQRU Maple Pool USDC1,7493381.88270123
2026-01-11,High Yield Secured Lending Maple Pool USDC1,92283337.30221301
2026-01-11,Syrup USDC,1389960115.12454
2026-01-11,Syrup USDT,656823825.044464
2026-01-12,AQRU Maple Pool USDC1,7496609.4123989
2026-01-12,Syrup USDC,1394033065.91094
2026-01-12,High Yield Secured Lending Maple Pool USDC1,90837985.391289
2026-01-12,Syrup USDT,658641962.6494609
2026-01-13,High Yield Secured Lending Maple Pool USDC1,92021901.342044
2026-01-13,Syrup USDC,1402115304.4115798
2026-01-13,AQRU Maple Pool USDC1,7499836.94209657
2026-01-13,Syrup USDT,672558500.566198
2026-01-14,High Yield Secured Lending Maple Pool USDC1,92112221.526914
2026-01-14,Syrup USDC,1372583537.24019
2026-01-14,Syrup USDT,664206166.2729219
2026-01-14,AQRU Maple Pool USDC1,7503064.47123923
2026-01-15,High Yield Secured Lending Maple Pool USDC1,91509990.04271299
2026-01-15,Syrup USDC,1374237921.6642997
2026-01-15,Syrup USDT,655404044.875304
2026-01-15,AQRU Maple Pool USDC1,7506292.0003839
2026-01-16,AQRU Maple Pool USDC1,7509519.52998057
2026-01-16,Syrup USDC,1373565722.73682
2026-01-16,High Yield Secured Lending Maple Pool USDC1,91825024.14034301
2026-01-16,Syrup USDT,658305051.3638389
2026-01-17,AQRU Maple Pool USDC1,7512747.05967823
2026-01-17,Syrup USDT,663564222.236457
2026-01-17,Syrup USDC,1376394598.83776
2026-01-17,High Yield Secured Lending Maple Pool USDC1,93128059.693959
2026-01-18,Syrup USDC,1371247040.27198
2026-01-18,High Yield Secured Lending Maple Pool USDC1,92533048.812765
2026-01-18,Syrup USDT,680179150.186739
2026-01-18,AQRU Maple Pool USDC1,7515974.5893759
2026-01-19,AQRU Maple Pool USDC1,7519202.11907357
2026-01-19,High Yield Secured Lending Maple Pool USDC1,92575626.83714795
2026-01-19,Syrup USDT,737257266.638019
2026-01-19,Syrup USDC,1386035262.90898
2026-01-20,AQRU Maple Pool USDC1,7522429.64877123
2026-01-20,Syrup USDC,1386116152.2052102
2026-01-20,High Yield Secured Lending Maple Pool USDC1,94166013.30761397
2026-01-20,Syrup USDT,737988309.7136259
2026-01-21,Syrup USDC,1284823249.7977898
2026-01-21,AQRU Maple Pool USDC1,7525657.1784689
2026-01-21,High Yield Secured Lending Maple Pool USDC1,94207132.08604401
2026-01-21,Syrup USDT,759093111.384463
2026-01-22,High Yield Secured Lending Maple Pool USDC1,96109958.78540003
2026-01-22,AQRU Maple Pool USDC1,7528884.70816657
2026-01-22,Syrup USDT,776920667.193497
2026-01-22,Syrup USDC,1264783457.28164
2026-01-23,AQRU Maple Pool USDC1,7532112.23786423
2026-01-23,High Yield Secured Lending Maple Pool USDC1,99092271.17517495
2026-01-23,Syrup USDC,1271133911.65354
2026-01-23,Syrup USDT,780140870.290016
2026-01-24,Syrup USDT,785663236.736235
2026-01-24,High Yield Secured Lending Maple Pool USDC1,99149600.363585
2026-01-24,Syrup USDC,1274193078.5750802
2026-01-24,AQRU Maple Pool USDC1,7535339.7675619
2026-01-25,High Yield Secured Lending Maple Pool USDC1,99180514.664594
2026-01-25,AQRU Maple Pool USDC1,7538567.29725957
2026-01-25,Syrup USDT,815595146.8642269
2026-01-25,Syrup USDC,1300987982.63013
2026-01-26,Syrup USDC,1299777372.0570202
2026-01-26,Syrup USDT,821837913.5252279
2026-01-26,AQRU Maple Pool USDC1,7541794.82695723
2026-01-26,High Yield Secured Lending Maple Pool USDC1,98874506.970447
2026-01-27,Syrup USDT,820946347.4185419
2026-01-27,High Yield Secured Lending Maple Pool USDC1,99454649.93390399
2026-01-27,AQRU Maple Pool USDC1,7545022.3566549
2026-01-27,Syrup USDC,1356331498.81926
2026-01-28,AQRU Maple Pool USDC1,7548249.88635257
2026-01-28,Syrup USDC,1346927092.82749
2026-01-28,Syrup USDT,824054896.2960151
2026-01-28,High Yield Secured Lending Maple Pool USDC1,99329784.923208
2026-01-29,Syrup USDT,793357774.5290811
2026-01-29,AQRU Maple Pool USDC1,7551477.41605101
2026-01-29,High Yield Secured Lending Maple Pool USDC1,100840955.22628295
2026-01-29,Syrup USDC,1440083233.9553702
2026-01-30,High Yield Secured Lending Maple Pool USDC1,103526254.06987697
2026-01-30,Syrup USDT,788422926.7510569
2026-01-30,Syrup USDC,1457228773.25165
2026-01-30,AQRU Maple Pool USDC1,7554704.94574868
2026-01-31,High Yield Secured Lending Maple Pool USDC1,103549043.32202399
2026-01-31,Syrup USDT,820424741.832782
2026-01-31,AQRU Maple Pool USDC1,7557932.47544635
2026-01-31,Syrup USDC,1480292908.1699798
2026-02-01,Syrup USDT,824775615.329633
2026-02-01,AQRU Maple Pool USDC1,7561160.00514401
2026-02-01,High Yield Secured Lending Maple Pool USDC1,103566131.65943402
2026-02-01,Syrup USDC,1481943000.57707
2026-02-02,AQRU Maple Pool USDC1,7564387.53484168
2026-02-02,Syrup USDC,1472382385.6303298
2026-02-02,Syrup USDT,810141752.964904
2026-02-02,High Yield Secured Lending Maple Pool USDC1,103579771.94771397
2026-02-03,Syrup USDC,1577987622.1295002
2026-02-03,Syrup USDT,803809256.8167222
2026-02-03,AQRU Maple Pool USDC1,7567615.06453935
2026-02-03,High Yield Secured Lending Maple Pool USDC1,102039088.64066097
2026-02-04,High Yield Secured Lending Maple Pool USDC1,101546033.28393197
2026-02-04,AQRU Maple Pool USDC1,7570842.59423701
2026-02-04,Syrup USDT,815055428.8395588
2026-02-04,Syrup USDC,1578039427.145651
2026-02-05,AQRU Maple Pool USDC1,7574070.12393468
2026-02-05,Syrup USDT,825903417.885173
2026-02-05,High Yield Secured Lending Maple Pool USDC1,106200658.53010899
2026-02-05,Syrup USDC,1506000007.5476446
2026-02-06,AQRU Maple Pool USDC1,7577297.65363235
2026-02-06,Syrup USDT,708967950.360353
2026-02-06,Syrup USDC,1458104971.8964508
2026-02-06,High Yield Secured Lending Maple Pool USDC1,106235252.11466
2026-02-07,AQRU Maple Pool USDC1,7580525.18333001
2026-02-07,Syrup USDT,687400320.054072
2026-02-07,Syrup USDC,1509588136.225062
2026-02-07,High Yield Secured Lending Maple Pool USDC1,106247254.07673699
2026-02-08,AQRU Maple Pool USDC1,7583752.71302768
2026-02-08,High Yield Secured Lending Maple Pool USDC1,106316327.360616
2026-02-08,Syrup USDT,679933687.229929
2026-02-08,Syrup USDC,1531250287.6884222
2026-02-09,High Yield Secured Lending Maple Pool USDC1,105740307.16772696
2026-02-09,AQRU Maple Pool USDC1,7586980.24272535
2026-02-09,Syrup USDT,676986671.1466299
2026-02-09,Syrup USDC,1631376552.2147782
2026-02-10,High Yield Secured Lending Maple Pool USDC1,105261315.308983
2026-02-10,Syrup USDT,634722690.436187
2026-02-10,Syrup USDC,1654520965.2480998
2026-02-10,AQRU Maple Pool USDC1,7590207.77242301
2026-02-11,Syrup USDC,1662204522.41748
2026-02-11,Syrup USDT,596196852.676022
2026-02-11,AQRU Maple Pool USDC1,7593435.30212068
2026-02-11,High Yield Secured Lending Maple Pool USDC1,105045907.111426
2026-02-12,AQRU Maple Pool USDC1,7596662.83181835
2026-02-12,Syrup USDT,591122517.8425341
2026-02-12,Syrup USDC,1659543671.4138288
2026-02-12,High Yield Secured Lending Maple Pool USDC1,104853677.92131981
2026-02-13,High Yield Secured Lending Maple Pool USDC1,104948529.1204747
2026-02-13,AQRU Maple Pool USDC1,7591660.07338741
2026-02-13,Syrup USDT,596377040.455485
2026-02-13,Syrup USDC,1649899958.31635
2026-02-14,AQRU Maple Pool USDC1,7445274.97202207
2026-02-14,Syrup USDT,603976060.600743
2026-02-14,High Yield Secured Lending Maple Pool USDC1,105955747.63886008
2026-02-14,Syrup USDC,1655469996.1686897
2026-02-15,Syrup USDC,1659738755.7402
2026-02-15,AQRU Maple Pool USDC1,7433041.54577574
2026-02-15,Syrup USDT,610015341.3709891
2026-02-15,High Yield Secured Lending Maple Pool USDC1,98614105.2188193
2026-02-16,Syrup USDT,600580210.772947
2026-02-16,AQRU Maple Pool USDC1,7426641.32453541
2026-02-16,High Yield Secured Lending Maple Pool USDC1,99405746.36500008
2026-02-16,Syrup USDC,1673766496.2536
2026-02-17,Syrup USDT,611097066.359726
2026-02-17,Syrup USDC,1685687021.25773
2026-02-17,High Yield Secured Lending Maple Pool USDC1,100701430.7748892
2026-02-17,AQRU Maple Pool USDC1,7429868.85423307
2026-02-18,Syrup USDC,1686197475.21349
2026-02-18,Syrup USDT,616144155.60352
2026-02-18,High Yield Secured Lending Maple Pool USDC1,101673069.9321699
2026-02-18,AQRU Maple Pool USDC1,7433096.38393074
2026-02-19,High Yield Secured Lending Maple Pool USDC1,101782118.9631816
2026-02-19,Syrup USDC,1707641144.8740501
2026-02-19,Syrup USDT,612065248.783046
2026-02-19,AQRU Maple Pool USDC1,7436323.91362841
2026-02-20,Syrup USDC,1711945788.41561
2026-02-20,High Yield Secured Lending Maple Pool USDC1,101853427.2480197
2026-02-20,Syrup USDT,612187693.684065
2026-02-20,AQRU Maple Pool USDC1,7439551.44332607
2026-02-21,AQRU Maple Pool USDC1,7442778.97302374
2026-02-21,Syrup USDT,611306319.918325
2026-02-21,High Yield Secured Lending Maple Pool USDC1,101852678.8579615
2026-02-21,Syrup USDC,1711871222.91251
2026-02-22,Syrup USDC,1709262467.93927
2026-02-22,High Yield Secured Lending Maple Pool USDC1,100838231.8096384
2026-02-22,AQRU Maple Pool USDC1,7446006.50272141
2026-02-22,Syrup USDT,608210366.610026
2026-02-23,Syrup USDC,1697135173.2919948
2026-02-23,High Yield Secured Lending Maple Pool USDC1,99248306.1842147
2026-02-23,Syrup USDT,609810641.826865
2026-02-23,AQRU Maple Pool USDC1,7449234.03241907
2026-02-24,AQRU Maple Pool USDC1,7452461.56211674
2026-02-24,Syrup USDC,1688273043.821217
2026-02-24,Syrup USDT,607953909.936055
2026-02-24,High Yield Secured Lending Maple Pool USDC1,95181298.931677
2026-02-25,High Yield Secured Lending Maple Pool USDC1,95775821.70748231
2026-02-25,Syrup USDT,641987327.288172
2026-02-25,Syrup USDC,1691565133.6020901
2026-02-25,AQRU Maple Pool USDC1,7455689.09181441
2026-02-26,High Yield Secured Lending Maple Pool USDC1,95791872.0741812
2026-02-26,Syrup USDT,646998653.9435401
2026-02-26,AQRU Maple Pool USDC1,7458916.62151207
2026-02-26,Syrup USDC,1681541083.93597
2026-02-27,AQRU Maple Pool USDC1,7462144.15120974
2026-02-27,Syrup USDT,645092198.835472
2026-02-27,High Yield Secured Lending Maple Pool USDC1,93089774.6682015
2026-02-27,Syrup USDC,1682318616.8072329
2026-02-28,AQRU Maple Pool USDC1,7465371.68090741
2026-02-28,Syrup USDT,657698456.215729
2026-02-28,Syrup USDC,1677591582.7584698
2026-02-28,High Yield Secured Lending Maple Pool USDC1,92803994.68995629
2026-03-01,AQRU Maple Pool USDC1,7468599.21060507
2026-03-01,Syrup USDC,1679135930.463499
2026-03-01,Syrup USDT,663781037.304419
2026-03-01,High Yield Secured Lending Maple Pool USDC1,92811354.4164121
2026-03-02,Syrup USDT,677936757.253859
2026-03-02,High Yield Secured Lending Maple Pool USDC1,92938220.2522117
2026-03-02,Syrup USDC,1662786989.7193398
2026-03-02,AQRU Maple Pool USDC1,7471826.74030274
2026-03-03,Syrup USDT,679946722.713473
2026-03-03,Syrup USDC,1605093273.68261
2026-03-03,High Yield Secured Lending Maple Pool USDC1,92200275.8020738
2026-03-03,AQRU Maple Pool USDC1,7475054.27000041
2026-03-04,High Yield Secured Lending Maple Pool USDC1,92205993.6951175
2026-03-04,Syrup USDC,1499941062.04108
2026-03-04,Syrup USDT,701819315.5138121
2026-03-04,AQRU Maple Pool USDC1,7478281.79969807
2026-03-05,AQRU Maple Pool USDC1,7481509.32939574
2026-03-05,Syrup USDC,1542541036.1301498
2026-03-05,Syrup USDT,629606266.7531009
2026-03-05,High Yield Secured Lending Maple Pool USDC1,92364408.2027141
2026-03-06,Syrup USDT,622791596.641281
2026-03-06,Syrup USDC,1556633793.55787
2026-03-06,High Yield Secured Lending Maple Pool USDC1,92370126.09575729
2026-03-06,AQRU Maple Pool USDC1,7484736.85909341
2026-03-07,High Yield Secured Lending Maple Pool USDC1,92403109.4664565
2026-03-07,Syrup USDC,1575714792.73109
2026-03-07,Syrup USDT,622914750.686704
2026-03-07,AQRU Maple Pool USDC1,7487964.38879107
2026-03-08,AQRU Maple Pool USDC1,7491191.91848874
2026-03-08,High Yield Secured Lending Maple Pool USDC1,92411096.91923699
2026-03-08,Syrup USDT,641656368.1594169
2026-03-08,Syrup USDC,1575264652.781551
2026-03-09,High Yield Secured Lending Maple Pool USDC1,92306355.9704752
2026-03-09,Syrup USDT,687975838.330471
2026-03-09,Syrup USDC,1578064328.62357
2026-03-09,AQRU Maple Pool USDC1,7494419.44818641
2026-03-10,Syrup USDT,775308773.2952058
2026-03-10,High Yield Secured Lending Maple Pool USDC1,92312025.2658619
2026-03-10,Syrup USDC,1611568460.50899
2026-03-10,AQRU Maple Pool USDC1,7497646.97788407
2026-03-11,Syrup USDT,854465192.506781
2026-03-11,High Yield Secured Lending Maple Pool USDC1,84097608.39466749
2026-03-11,Syrup USDC,1654614427.19061
2026-03-11,AQRU Maple Pool USDC1,7500874.50758174
2026-03-12,High Yield Secured Lending Maple Pool USDC1,84094024.90497059
2026-03-12,Syrup USDT,869288166.988056
2026-03-12,AQRU Maple Pool USDC1,7504102.03728068
2026-03-12,Syrup USDC,1711032298.3845499
2026-03-13,AQRU Maple Pool USDC1,7482972.02496135
2026-03-13,Syrup USDC,1716339315.9977798
2026-03-13,High Yield Secured Lending Maple Pool USDC1,83114202.792997
2026-03-13,Syrup USDT,933961290.475929
2026-03-14,AQRU Maple Pool USDC1,7483075.43920601
2026-03-14,Syrup USDC,1727992511.4048
2026-03-14,Syrup USDT,951119710.008395
2026-03-14,High Yield Secured Lending Maple Pool USDC1,83135880.86202851
2026-03-15,AQRU Maple Pool USDC1,7435122.87616568
2026-03-15,Syrup USDC,1752448194.79818
2026-03-15,Syrup USDT,950399359.7564759
2026-03-15,High Yield Secured Lending Maple Pool USDC1,83128690.85646582
2026-03-16,AQRU Maple Pool USDC1,7411601.47346535
2026-03-16,Syrup USDC,1770843964.815
2026-03-16,Syrup USDT,959117370.162291
2026-03-16,High Yield Secured Lending Maple Pool USDC1,83176625.4346752
2026-03-17,AQRU Maple Pool USDC1,7414829.00316301
2026-03-17,Syrup USDT,980808087.092603
2026-03-17,High Yield Secured Lending Maple Pool USDC1,81070083.07630311
2026-03-17,Syrup USDC,1830877380.5438497
2026-03-18,AQRU Maple Pool USDC1,7418056.53286068
2026-03-18,High Yield Secured Lending Maple Pool USDC1,78913699.61800662
2026-03-18,Syrup USDC,1850701341.613253
2026-03-18,Syrup USDT,959325521.4169581
2026-03-19,Syrup USDC,1850588424.62889
2026-03-19,Syrup USDT,977329026.895366
2026-03-19,High Yield Secured Lending Maple Pool USDC1,78929915.3566429
2026-03-19,AQRU Maple Pool USDC1,7421284.06255835
2026-03-20,Syrup USDC,1897411392.45162
2026-03-20,Syrup USDT,977624278.111156
2026-03-20,AQRU Maple Pool USDC1,7424511.59225601
2026-03-20,High Yield Secured Lending Maple Pool USDC1,77453443.9922854
2026-03-21,High Yield Secured Lending Maple Pool USDC1,77443832.0614743
2026-03-21,Syrup USDC,1907434369.895221
2026-03-21,AQRU Maple Pool USDC1,7427739.12195368
2026-03-21,Syrup USDT,978502389.876394
2026-03-22,Syrup USDC,1830827125.9819121
2026-03-22,Syrup USDT,923873145.9165959
2026-03-22,AQRU Maple Pool USDC1,7430966.65165135
2026-03-22,High Yield Secured Lending Maple Pool USDC1,71798577.0591357
2026-03-23,AQRU Maple Pool USDC1,7434194.18134901
2026-03-23,High Yield Secured Lending Maple Pool USDC1,56670692.1904487
2026-03-23,Syrup USDC,1803714997.3783898
2026-03-23,Syrup USDT,918259027.6326879
2026-03-24,High Yield Secured Lending Maple Pool USDC1,56688815.02788541
2026-03-24,Syrup USDC,1777154665.9423523
2026-03-24,AQRU Maple Pool USDC1,7437421.71104668
2026-03-24,Syrup USDT,938298158.016511
2026-03-25,High Yield Secured Lending Maple Pool USDC1,56676418.2616881
2026-03-25,Syrup USDT,941484636.4179649
2026-03-25,Syrup USDC,1782554956.1646652
2026-03-25,AQRU Maple Pool USDC1,7440649.24074435
2026-03-26,High Yield Secured Lending Maple Pool USDC1,55928362.3437429
2026-03-26,AQRU Maple Pool USDC1,7443876.77044201
2026-03-26,Syrup USDT,999876915.9330459
2026-03-26,Syrup USDC,1770723643.9081502
2026-03-27,High Yield Secured Lending Maple Pool USDC1,56934474.6067127
2026-03-27,Syrup USDC,1769616010.94725
2026-03-27,AQRU Maple Pool USDC1,7447104.30013968
2026-03-27,Syrup USDT,1007072088.128458
2026-03-28,High Yield Secured Lending Maple Pool USDC1,56939891.11893441
2026-03-28,AQRU Maple Pool USDC1,7450331.82983735
2026-03-28,Syrup USDT,1006282056.64838
2026-03-28,Syrup USDC,1787660312.42121
2026-03-29,Syrup USDT,1003374354.300935
2026-03-29,AQRU Maple Pool USDC1,7453559.35953501
2026-03-29,High Yield Secured Lending Maple Pool USDC1,56945307.631156206
2026-03-29,Syrup USDC,1779303484.5661798
2026-03-30,Syrup USDC,1785308246.2545598
2026-03-30,Syrup USDT,1003294623.8152318
2026-03-30,AQRU Maple Pool USDC1,7456786.88923268
2026-03-30,High Yield Secured Lending Maple Pool USDC1,54088232.146309
2026-03-31,Syrup USDC,1805952176.2289798
2026-03-31,Syrup USDT,1004044548.703697
2026-03-31,High Yield Secured Lending Maple Pool USDC1,54303486.226825505
2026-03-31,AQRU Maple Pool USDC1,7460014.41893035
2026-04-01,Syrup USDT,983088793.8527579
2026-04-01,Syrup USDC,1742434867.62196
2026-04-01,High Yield Secured Lending Maple Pool USDC1,54308450.667815596
2026-04-01,AQRU Maple Pool USDC1,7463241.94862801
2026-04-02,Syrup USDT,975156076.1687632
2026-04-02,High Yield Secured Lending Maple Pool USDC1,54416404.9767364
2026-04-02,AQRU Maple Pool USDC1,7466469.47832568
2026-04-02,Syrup USDC,1736433108.060498
2026-04-03,Syrup USDC,1739921727.7621288
2026-04-03,High Yield Secured Lending Maple Pool USDC1,54421369.41772541
2026-04-03,Syrup USDT,973338266.3919001
2026-04-03,AQRU Maple Pool USDC1,7469697.00802335
2026-04-04,Syrup USDC,1740454104.4744382
2026-04-04,AQRU Maple Pool USDC1,7472924.53772101
2026-04-04,Syrup USDT,975009650.2580581
2026-04-04,High Yield Secured Lending Maple Pool USDC1,54450669.80632219
2026-04-05,High Yield Secured Lending Maple Pool USDC1,54458040.014987096
2026-04-05,AQRU Maple Pool USDC1,7476152.06741868
2026-04-05,Syrup USDT,974604808.3076271
2026-04-05,Syrup USDC,1735829731.7920609
2026-04-06,Syrup USDT,998028180.3927159
2026-04-06,High Yield Secured Lending Maple Pool USDC1,54463989.59564701
2026-04-06,AQRU Maple Pool USDC1,7479379.59711635
2026-04-06,Syrup USDC,1782945921.836886
2026-04-07,High Yield Secured Lending Maple Pool USDC1,53808173.8978178
2026-04-07,AQRU Maple Pool USDC1,7482607.12681401
2026-04-07,Syrup USDT,951649199.875462
2026-04-07,Syrup USDC,1820531868.3411298
2026-04-08,Syrup USDC,1803184290.0046718
2026-04-08,Syrup USDT,950408622.1135521
2026-04-08,High Yield Secured Lending Maple Pool USDC1,53378873.4006676
2026-04-08,AQRU Maple Pool USDC1,7485834.65651168
2026-04-09,AQRU Maple Pool USDC1,7489062.18620935
2026-04-09,Syrup USDT,949446882.485214
2026-04-09,Syrup USDC,1810968953.5806472
2026-04-09,High Yield Secured Lending Maple Pool USDC1,52423358.02587651
2026-04-10,AQRU Maple Pool USDC1,7492289.71590701
2026-04-10,Syrup USDC,1791054529.9602392
2026-04-10,Syrup USDT,947494872.7162789
2026-04-10,High Yield Secured Lending Maple Pool USDC1,54252438.6166133
2026-04-11,High Yield Secured Lending Maple Pool USDC1,54260667.3134193
2026-04-11,Syrup USDC,1791561532.596601
2026-04-11,Syrup USDT,947987929.703377
2026-04-11,AQRU Maple Pool USDC1,7495517.24560468
2026-04-12,Syrup USDT,949540548.5959251
2026-04-12,High Yield Secured Lending Maple Pool USDC1,54267803.5431591
2026-04-12,AQRU Maple Pool USDC1,7498744.77530235
2026-04-12,Syrup USDC,1791125684.988482
2026-04-13,High Yield Secured Lending Maple Pool USDC1,54274151.4858159
2026-04-13,AQRU Maple Pool USDC1,7501972.30500001
2026-04-13,Syrup USDT,1067934942.584808
2026-04-13,Syrup USDC,1661964075.028019
2026-04-14,High Yield Secured Lending Maple Pool USDC1,55292397.3384548
2026-04-14,Syrup USDT,1061720267.412257
2026-04-14,AQRU Maple Pool USDC1,7465112.64799571
2026-04-14,Syrup USDC,1663752856.272009
2026-04-15,Syrup USDC,1621400395.813305
2026-04-15,Syrup USDT,1173451283.9879901
2026-04-15,AQRU Maple Pool USDC1,7404756.94713938
2026-04-15,High Yield Secured Lending Maple Pool USDC1,55299589.390619606
2026-04-16,AQRU Maple Pool USDC1,7407688.94825804
2026-04-16,Syrup USDC,1620164133.1917698
2026-04-16,Syrup USDT,1223353510.916545
2026-04-16,High Yield Secured Lending Maple Pool USDC1,55506544.085065395
2026-04-17,Syrup USDC,1625366006.6174502
2026-04-17,Syrup USDT,1037236769.284579
2026-04-17,High Yield Secured Lending Maple Pool USDC1,55524104.5003843
2026-04-17,AQRU Maple Pool USDC1,7410829.28708771
2026-04-18,AQRU Maple Pool USDC1,7414056.81678538
2026-04-18,High Yield Secured Lending Maple Pool USDC1,55532492.6053531
2026-04-18,Syrup USDC,1540382173.6259398
2026-04-18,Syrup USDT,813642676.5352321
2026-04-19,Syrup USDT,813720160.0239171
2026-04-19,High Yield Secured Lending Maple Pool USDC1,56552078.551341005
2026-04-19,Syrup USDC,1328975295.288153
2026-04-19,AQRU Maple Pool USDC1,7417284.34648304
2026-04-20,Syrup USDC,1252743798.4453998
2026-04-20,High Yield Secured Lending Maple Pool USDC1,56881994.9759992
2026-04-20,Syrup USDT,545371478.0944419
2026-04-20,AQRU Maple Pool USDC1,7420511.87618071
2026-04-21,Syrup USDC,1119493380.0211
2026-04-21,AQRU Maple Pool USDC1,7423739.40587838
2026-04-21,High Yield Secured Lending Maple Pool USDC1,57030466.7644648
2026-04-21,Syrup USDT,545199896.451395
2026-04-22,Syrup USDC,1049536038.5377698
2026-04-22,High Yield Secured Lending Maple Pool USDC1,57051429.5209103
2026-04-22,Syrup USDT,511632778.58631593
2026-04-22,AQRU Maple Pool USDC1,7426966.93557604
2026-04-23,AQRU Maple Pool USDC1,7430194.46527371
2026-04-23,High Yield Secured Lending Maple Pool USDC1,57250501.833260804
2026-04-23,Syrup USDC,1054374036.97403
2026-04-23,Syrup USDT,490317958.340942
2026-04-24,High Yield Secured Lending Maple Pool USDC1,57257375.01970631
2026-04-24,AQRU Maple Pool USDC1,7433421.99497138
2026-04-24,Syrup USDT,372912233.34673405
2026-04-24,Syrup USDC,1066438393.6583498
2026-04-25,High Yield Secured Lending Maple Pool USDC1,57265800.9387948
2026-04-25,Syrup USDT,367731252.440514
2026-04-25,AQRU Maple Pool USDC1,7436649.52466904
2026-04-25,Syrup USDC,1073028696.1395099
2026-04-26,Syrup USDT,368327333.465943
2026-04-26,Syrup USDC,1073329588.4556301
2026-04-26,High Yield Secured Lending Maple Pool USDC1,57274698.90585931
2026-04-26,AQRU Maple Pool USDC1,7439877.05436671
2026-04-27,High Yield Secured Lending Maple Pool USDC1,57281572.0923049
2026-04-27,AQRU Maple Pool USDC1,7443104.58406438
2026-04-27,Syrup USDT,357167881.32685
2026-04-27,Syrup USDC,1078095779.3341799
2026-04-28,Syrup USDC,1188039633.85718
2026-04-28,Syrup USDT,440142365.312833
2026-04-28,High Yield Secured Lending Maple Pool USDC1,57290016.04420341
2026-04-28,AQRU Maple Pool USDC1,7446332.11376204
2026-04-29,High Yield Secured Lending Maple Pool USDC1,53064834.17705151
2026-04-29,Syrup USDT,439506533.1993389
2026-04-29,AQRU Maple Pool USDC1,7449559.64345971
2026-04-29,Syrup USDC,1198591413.2054102
2026-04-30,Syrup USDT,443320893.458513
2026-04-30,Syrup USDC,1199760054.1283503
2026-04-30,AQRU Maple Pool USDC1,7452787.17315738
2026-04-30,High Yield Secured Lending Maple Pool USDC1,53078057.995473295
2026-05-01,High Yield Secured Lending Maple Pool USDC1,52958625.72195501
2026-05-01,AQRU Maple Pool USDC1,7456014.70285504
2026-05-01,Syrup USDC,1202695738.2743397
2026-05-01,Syrup USDT,439272705.21522105
2026-05-02,Syrup USDT,437953692.05951905
2026-05-02,AQRU Maple Pool USDC1,7459242.23255271
2026-05-02,Syrup USDC,1215740368.1539001
2026-05-02,High Yield Secured Lending Maple Pool USDC1,52966898.4858876
2026-05-03,High Yield Secured Lending Maple Pool USDC1,53029969.830049306
2026-05-03,Syrup USDC,1219406173.6623697
2026-05-03,AQRU Maple Pool USDC1,7462469.76225038
2026-05-03,Syrup USDT,435376722.36805105
2026-05-04,Syrup USDC,1222067369.9302802
2026-05-04,High Yield Secured Lending Maple Pool USDC1,53030678.272914805
2026-05-04,AQRU Maple Pool USDC1,7465697.29194804
2026-05-04,Syrup USDT,449632856.5826571
2026-05-05,High Yield Secured Lending Maple Pool USDC1,52924457.0304185
2026-05-05,Syrup USDT,441894539.52413
2026-05-05,Syrup USDC,1224810979.72976
2026-05-05,AQRU Maple Pool USDC1,7468924.82164571
2026-05-06,Syrup USDT,437648773.728212
2026-05-06,AQRU Maple Pool USDC1,7472152.35134338
2026-05-06,High Yield Secured Lending Maple Pool USDC1,52925071.722884096
2026-05-06,Syrup USDC,1225012558.36212
2026-05-07,Syrup USDT,437173151.38187003
2026-05-07,High Yield Secured Lending Maple Pool USDC1,52952956.3582336
2026-05-07,Syrup USDC,1233156691.8767598
2026-05-07,AQRU Maple Pool USDC1,7475379.88104104
2026-05-08,Syrup USDC,1284241408.4018903
2026-05-08,Syrup USDT,411116106.194324
2026-05-08,AQRU Maple Pool USDC1,7478607.41073871
2026-05-08,High Yield Secured Lending Maple Pool USDC1,52962393.5520764
2026-05-09,Syrup USDT,410337745.53353596
2026-05-09,High Yield Secured Lending Maple Pool USDC1,52968864.89742601
2026-05-09,Syrup USDC,1292755392.2845898
2026-05-09,AQRU Maple Pool USDC1,7481834.94043638
2026-05-10,High Yield Secured Lending Maple Pool USDC1,52986442.349003606
2026-05-10,Syrup USDT,420664554.227342
2026-05-10,AQRU Maple Pool USDC1,7485062.47013404
2026-05-10,Syrup USDC,1295734986.54057
2026-05-11,Syrup USDC,1348739410.8450902
2026-05-11,Syrup USDT,421269857.840431
2026-05-11,High Yield Secured Lending Maple Pool USDC1,52996078.5763895
2026-05-11,AQRU Maple Pool USDC1,7488289.99983171
2026-05-12,High Yield Secured Lending Maple Pool USDC1,53004007.860038504
2026-05-12,AQRU Maple Pool USDC1,7491517.52952938
2026-05-12,Syrup USDC,1383114760.71649
2026-05-12,Syrup USDT,419932858.82611096
2026-05-13,Syrup USDT,354025274.183236
2026-05-13,AQRU Maple Pool USDC1,7494427.59750204
2026-05-13,Syrup USDC,1396417862.9915998
2026-05-13,High Yield Secured Lending Maple Pool USDC1,51315497.3541926
2026-05-14,High Yield Secured Lending Maple Pool USDC1,51406945.0300072
2026-05-14,Syrup USDC,1383288626.8444202
2026-05-14,Syrup USDT,382227674.30094
2026-05-14,AQRU Maple Pool USDC1,7496923.31196271
2026-05-15,AQRU Maple Pool USDC1,7499136.48953938
2026-05-15,Syrup USDT,388952694.591809
2026-05-15,High Yield Secured Lending Maple Pool USDC1,51481792.40391441
2026-05-15,Syrup USDC,1393580586.05167
2026-05-16,High Yield Secured Lending Maple Pool USDC1,51488082.92060751
2026-05-16,AQRU Maple Pool USDC1,7502364.01923704
2026-05-16,Syrup USDT,389956877.81671697
2026-05-16,Syrup USDC,1383963478.28668
2026-05-17,Syrup USDT,390691372.270138
2026-05-17,Syrup USDC,1386492515.90717
2026-05-17,High Yield Secured Lending Maple Pool USDC1,51340520.30847179
2026-05-17,AQRU Maple Pool USDC1,7505550.16870471
2026-05-18,High Yield Secured Lending Maple Pool USDC1,51348095.141049
2026-05-18,Syrup USDC,1403381966.9715202
2026-05-18,AQRU Maple Pool USDC1,7508777.69840238
2026-05-18,Syrup USDT,373453796.799207
2026-05-19,AQRU Maple Pool USDC1,7512005.22810004
2026-05-19,Syrup USDT,381146647.82998705
2026-05-19,Syrup USDC,1397841888.5050802
2026-05-19,High Yield Secured Lending Maple Pool USDC1,51370231.8334722
2026-05-20,AQRU Maple Pool USDC1,7515232.75779771
2026-05-20,High Yield Secured Lending Maple Pool USDC1,51377643.688950405
2026-05-20,Syrup USDC,1395633553.941
2026-05-20,Syrup USDT,389748554.947864
2026-05-21,Syrup USDT,385953877.29627204
2026-05-21,Syrup USDC,1399494453.62208
2026-05-21,AQRU Maple Pool USDC1,7518460.28749538
2026-05-21,High Yield Secured Lending Maple Pool USDC1,51385329.044499606
2026-05-22,AQRU Maple Pool USDC1,7521687.81719304
2026-05-22,Syrup USDC,1400909213.7394197
2026-05-22,High Yield Secured Lending Maple Pool USDC1,51391619.5611929
2026-05-22,Syrup USDT,382338830.118506
2026-05-23,Syrup USDC,1397805623.1298902
2026-05-23,High Yield Secured Lending Maple Pool USDC1,51397910.077886105
2026-05-23,AQRU Maple Pool USDC1,7524915.34689071
2026-05-23,Syrup USDT,386692075.46998596
2026-05-24,AQRU Maple Pool USDC1,7528142.87658838
2026-05-24,High Yield Secured Lending Maple Pool USDC1,51405320.04287019
2026-05-24,Syrup USDC,1398707734.8165197
2026-05-24,Syrup USDT,388463131.09591794
2026-05-25,Syrup USDT,387183670.55138296
2026-05-25,High Yield Secured Lending Maple Pool USDC1,50884757.1017984
2026-05-25,Syrup USDC,1396936517.0712001
2026-05-25,AQRU Maple Pool USDC1,7531370.40628604
2026-05-26,AQRU Maple Pool USDC1,7534597.93598371
2026-05-26,High Yield Secured Lending Maple Pool USDC1,50998408.1880161
2026-05-26,Syrup USDC,1389744354.3928802
2026-05-26,Syrup USDT,387942644.824212
2026-05-27,Syrup USDT,400211584.75603503
2026-05-27,AQRU Maple Pool USDC1,7537825.46568138
2026-05-27,High Yield Secured Lending Maple Pool USDC1,49255642.0536716
2026-05-27,Syrup USDC,1385290417.69886
2026-05-28,Syrup USDC,1393683230.9871302
2026-05-28,High Yield Secured Lending Maple Pool USDC1,49262672.0048842
2026-05-28,AQRU Maple Pool USDC1,7541052.99537904
2026-05-28,Syrup USDT,401900378.3397471
2026-05-29,High Yield Secured Lending Maple Pool USDC1,49268750.9664467
2026-05-29,Syrup USDT,426168272.075878
2026-05-29,Syrup USDC,1394287397.29864
2026-05-29,AQRU Maple Pool USDC1,7544280.52507671
2026-05-30,High Yield Secured Lending Maple Pool USDC1,49274812.375995
2026-05-30,Syrup USDC,1397089748.7707202
2026-05-30,Syrup USDT,417755244.7713999
2026-05-30,AQRU Maple Pool USDC1,7547508.05477438
2026-05-31,Syrup USDT,418016484.631952
2026-05-31,High Yield Secured Lending Maple Pool USDC1,49283162.7125654
2026-05-31,Syrup USDC,1386294978.75354
2026-05-31,AQRU Maple Pool USDC1,7550735.58447204
2026-06-01,Syrup USDT,416619477.22201204
2026-06-01,High Yield Secured Lending Maple Pool USDC1,49271641.7349577
2026-06-01,Syrup USDC,1379471558.81522
2026-06-01,AQRU Maple Pool USDC1,7553963.11416971
2026-06-02,Syrup USDT,411539480.8514
2026-06-02,High Yield Secured Lending Maple Pool USDC1,49277954.382697
2026-06-02,AQRU Maple Pool USDC1,7557190.64386738
2026-06-02,Syrup USDC,1376760627.1509101
2026-06-03,Syrup USDC,1365654546.77993
2026-06-03,High Yield Secured Lending Maple Pool USDC1,49286304.7598764
2026-06-03,Syrup USDT,389994579.915915
2026-06-03,AQRU Maple Pool USDC1,7560418.17356504
2026-06-04,High Yield Secured Lending Maple Pool USDC1,49291808.5323707
2026-06-04,AQRU Maple Pool USDC1,7563645.70326271
2026-06-04,Syrup USDT,377922544.660349
2026-06-04,Syrup USDC,1361249353.4986901
2026-06-05,High Yield Secured Lending Maple Pool USDC1,43669765.66055745
2026-06-05,AQRU Maple Pool USDC1,7566873.23296038
2026-06-05,Syrup USDT,369476214.36888504
2026-06-05,Syrup USDC,1348303659.21344
2026-06-06,AQRU Maple Pool USDC1,7570100.76265804
2026-06-06,Syrup USDC,1340487143.9445598
2026-06-06,Syrup USDT,364082213.48865694
2026-06-06,High Yield Secured Lending Maple Pool USDC1,43376403.24970775
2026-06-07,High Yield Secured Lending Maple Pool USDC1,43381921.01719505
2026-06-07,Syrup USDT,364170369.106202
2026-06-07,AQRU Maple Pool USDC1,7573328.29235571
2026-06-07,Syrup USDC,1326413922.36942
2026-06-08,High Yield Secured Lending Maple Pool USDC1,43387540.5238747
2026-06-08,Syrup USDC,1331121067.81195
2026-06-08,Syrup USDT,362866260.035265
2026-06-08,AQRU Maple Pool USDC1,7576555.82205338
2026-06-09,AQRU Maple Pool USDC1,7579783.35175104
2026-06-09,Syrup USDC,1335119151.1285
2026-06-09,Syrup USDT,357463783.119368
2026-06-09,High Yield Secured Lending Maple Pool USDC1,43404688.832671955
2026-06-10,High Yield Secured Lending Maple Pool USDC1,43188086.5761296
2026-06-10,Syrup USDT,366068438.0899091
2026-06-10,Syrup USDC,1323658588.9763
2026-06-10,AQRU Maple Pool USDC1,7583010.88144871
2026-06-11,High Yield Secured Lending Maple Pool USDC1,43194866.4105566
2026-06-11,Syrup USDT,360966923.05418307
2026-06-11,AQRU Maple Pool USDC1,7586221.37795538
2026-06-11,Syrup USDC,1320293585.7936301
2026-06-12,Syrup USDT,373730347.120797
2026-06-12,AQRU Maple Pool USDC1,7589448.90765304
2026-06-12,High Yield Secured Lending Maple Pool USDC1,93203260.85207601
2026-06-12,Syrup USDC,1375200099.9185503
2026-06-13,Syrup USDC,1375480656.9296598
2026-06-13,High Yield Secured Lending Maple Pool USDC1,93516961.0631772
2026-06-13,AQRU Maple Pool USDC1,7592676.43735071
2026-06-13,Syrup USDT,378150184.265976
2026-06-14,High Yield Secured Lending Maple Pool USDC1,93531699.24783202
2026-06-14,Syrup USDT,377232859.611688
2026-06-14,AQRU Maple Pool USDC1,7595869.22047938
2026-06-14,Syrup USDC,1366771177.7873697
2026-06-15,AQRU Maple Pool USDC1,7598715.56786404
2026-06-15,High Yield Secured Lending Maple Pool USDC1,93542472.08542101
2026-06-15,Syrup USDC,1366046956.20757
2026-06-15,Syrup USDT,408134634.058218
2026-06-16,Syrup USDC,1361725924.1703103
2026-06-16,High Yield Secured Lending Maple Pool USDC1,93556085.46045698
2026-06-16,Syrup USDT,409788915.58745706
2026-06-16,AQRU Maple Pool USDC1,7576876.62516521
2026-06-17,Syrup USDC,1350383966.69159
2026-06-17,AQRU Maple Pool USDC1,7580104.15486288
2026-06-17,Syrup USDT,413621168.170635
2026-06-17,High Yield Secured Lending Maple Pool USDC1,93567962.860771
2026-06-18,Syrup USDT,444208094.677905
2026-06-18,High Yield Secured Lending Maple Pool USDC1,93582135.230663
2026-06-18,AQRU Maple Pool USDC1,7583331.68456055
2026-06-18,Syrup USDC,1353907115.39606
2026-06-19,Syrup USDT,457691528.840707
2026-06-19,Syrup USDC,1348749941.2890203
2026-06-19,High Yield Secured Lending Maple Pool USDC1,93595348.24822001
2026-06-19,AQRU Maple Pool USDC1,7586559.21425822
2026-06-20,High Yield Secured Lending Maple Pool USDC1,93517590.141097
2026-06-20,Syrup USDC,1350367548.9466097
2026-06-20,Syrup USDT,483180486.04871297
2026-06-20,AQRU Maple Pool USDC1,7589786.74395588
2026-06-21,AQRU Maple Pool USDC1,7593014.27365355
2026-06-21,Syrup USDT,476748824.972049
2026-06-21,High Yield Secured Lending Maple Pool USDC1,93532020.88974899
2026-06-21,Syrup USDC,1349063546.7672002
2026-06-22,Syrup USDC,1342064596.7896578
2026-06-22,Syrup USDT,471364928.2626224
2026-06-22,High Yield Secured Lending Maple Pool USDC1,93545215.00537525
2026-06-22,AQRU Maple Pool USDC1,7596241.803351215
